condition,parameter,param_value,fold_change,mean_area,mean_eccentricity,mean_delta_area,mean_delta_eccentricity,base_param_value
LL,p5,0.053738,0.10152654449272625,1171152.0833333333,0.6197064441735197,10298.333333333334,0.000387192166401031,0.5293
LL,p5,0.059111,0.11167768751180804,1171152.0833333333,0.6204521768140537,10298.333333333334,0.0011329248069351188,0.5293
LL,p5,0.065022,0.122845267334215,1171152.0833333333,0.6201848899154422,10298.333333333334,0.000865637908323493,0.5293
LL,p5,0.071525,0.13513130549782734,1171152.0833333333,0.6197433839357206,10298.333333333334,0.0004241319286019211,0.5293
LL,p5,0.078677,0.14864349140374078,1171152.0833333333,0.6182120332741092,10298.333333333334,-0.0011072187330094425,0.5293
LL,p5,0.086545,0.16350840733043642,1171152.0833333333,0.6194746918686024,10298.333333333334,0.0001554398614837064,0.5293
LL,p5,0.095199,0.17985830341961082,1171152.0833333333,0.6201250111644528,10298.333333333334,0.0008057591573342274,0.5293
LL,p5,0.104719,0.19784432269034574,1171152.0833333333,0.6190391033957773,10298.333333333334,-0.00028014861134137425,0.5293
LL,p5,0.115191,0.21762894388815418,1171152.0833333333,0.6211535975229324,10298.333333333334,0.0018343455158138233,0.5293
LL,p5,0.12671,0.2393916493481957,1166887.25,0.6179139233828556,6033.5,-0.0014053286242631153,0.5293
LL,p5,0.139381,0.2633308142830153,1171152.0833333333,0.6208010261751947,10298.333333333334,0.001481774168076072,0.5293
LL,p5,0.153319,0.289663706782543,1171152.0833333333,0.6210068662370475,10298.333333333334,0.0016876142299288484,0.5293
LL,p5,0.168651,0.31863026638957115,1171152.0833333333,0.6203888286964675,10298.333333333334,0.0010695766893488445,0.5293
LL,p5,0.185516,0.35049310409975437,1171152.0833333333,0.6208115869427498,10298.333333333334,0.0014923349356312139,0.5293
LL,p5,0.204068,0.38554317022482526,1171152.0833333333,0.6194759533522047,10298.333333333334,0.0001567013450860799,0.5293
LL,p5,0.224475,0.4240978651048555,1171152.0833333333,0.6193948687337151,10298.333333333334,7.561672659638548e-05,0.5293
LL,p5,0.246922,0.4665067069714718,1171152.0833333333,0.620014316389539,10298.333333333334,0.0006950643824203314,0.5293
LL,p5,0.271615,0.5131588890988098,1171152.0833333333,0.620172851345531,10298.333333333334,0.0008535993384123641,0.5293
LL,p5,0.298776,0.5644738333648215,1171152.0833333333,0.6195327075402587,10298.333333333334,0.00021345553313995938,0.5293
LL,p5,0.328654,0.620921972416399,1171152.0833333333,0.6204453806479849,10298.333333333334,0.0011261286408662436,0.5293
LL,p5,0.361519,0.6830134139429435,1171152.0833333333,0.620670283988745,10298.333333333334,0.0013510319816264216,0.5293
LL,p5,0.397671,0.7513149442660118,1171152.0833333333,0.619041304549172,10298.333333333334,-0.0002779474579466164,0.5293
LL,p5,0.437438,0.8264462497638391,1171152.0833333333,0.6179302155010926,10298.333333333334,-0.0013890365060260368,0.5293
LL,p5,0.481182,0.9090912525977707,1171152.0833333333,0.6197423193667453,10298.333333333334,0.0004230673596266517,0.5293
LL,p5,0.5293,1.0,1160853.75,0.6193192520071187,0.0,0.0,0.5293
LL,p5,0.58223,1.1,1166887.25,0.6185445541120506,6033.5,-0.0007746978950680569,0.5293
LL,p5,0.640453,1.2100000000000002,1171152.0833333333,0.6183603104728415,10298.333333333334,-0.0009589415342771967,0.5293
LL,p5,0.704498,1.3309994332136783,1171152.0833333333,0.6174089834038333,10298.333333333334,-0.001910268603285405,0.5293
LL,p5,0.774948,1.464099754392594,1171152.0833333333,0.6168296286390392,10298.333333333334,-0.0024896233680793876,0.5293
LL,p5,0.852443,1.610510107689401,1171152.0833333333,0.6197061701708754,10298.333333333334,0.0003869181637566425,0.5293
LL,p5,0.937687,1.7715605516720199,1171152.0833333333,0.6190878122933584,10298.333333333334,-0.0002314397137602083,0.5293
LL,p5,1.031456,1.948717173625543,1166884.75,0.6178670710663761,6031.0,-0.0014521809407425923,0.5293
LL,p5,1.134602,2.143589646703193,1160848.8333333333,0.6190693767549799,-4.916666666666667,-0.00024987525213874634,0.5293
LL,p5,1.248062,2.3579482335159647,1166884.75,0.6177657867481972,6031.0,-0.0015534652589215547,0.5293
LL,p5,1.372868,2.5937426790100133,1166884.75,0.6176995103196644,6031.0,-0.0016197416874542032,0.5293
LL,p5,1.510155,2.853117324768562,1166884.75,0.6187654206782048,6031.0,-0.000553831328913762,0.5293
LL,p5,1.66117,3.138428112601549,1166884.75,0.6180286474091717,6031.0,-0.0012906045979468965,0.5293
LL,p5,1.827287,3.4522709238617044,1166884.75,0.6183613890242675,6031.0,-0.0009578629828511931,0.5293
LL,p5,2.010016,3.7974985830341956,1167032.25,0.6184995921455466,6178.5,-0.0008196598615721103,0.5293
LL,p5,2.211017,4.177247307764973,1167032.25,0.6195434622884836,6178.5,0.00022421028136479504,0.5293
LL,p5,2.432119,4.594972605327792,1167032.25,0.6184287601357302,6178.5,-0.0008904918713884454,0.5293
LL,p5,2.675331,5.054470054789344,1167032.25,0.6178510335786332,6178.5,-0.0014682184284853887,0.5293
LL,p5,2.942864,5.559916871339506,1167032.25,0.6178687088931926,6178.5,-0.0014505431139260339,0.5293
LL,p5,3.237151,6.115909692046099,1167006.5833333333,0.618328855006184,6152.833333333333,-0.0009903970009347192,0.5293
LL,p5,3.560866,6.7275004723219345,1167006.5833333333,0.6175916140359364,6152.833333333333,-0.001727637971182296,0.5293
LL,p5,3.916952,7.4002493859814855,1167006.5833333333,0.6181953693894017,6152.833333333333,-0.001123882617716963,0.5293
LL,p5,4.308648,8.140275836009824,1166201.0833333333,0.6166704212687013,5347.333333333333,-0.0026488307384173646,0.5293
LL,p5,4.739512,8.954301908180616,1166201.0833333333,0.6160599491610327,5347.333333333333,-0.003259302846086045,0.5293
LL,p5,5.213464,9.849733610428869,1167006.5833333333,0.6183952923289018,6152.833333333333,-0.000923959678216929,0.5293
LL,v1,0.490551,0.1015255184403328,946804.3333333334,0.8352776381072813,-213204.08333333334,0.21733051050729676,4.8318
LL,v1,0.539607,0.11167825655035389,1044961.4166666666,0.8309221059953847,-115047.0,0.21297497839540028,4.8318
LL,v1,0.593567,0.1228459373318432,1045039.4166666666,0.8311703865113448,-114969.0,0.21322325891136018,4.8318
LL,v1,0.652924,0.1351305931536901,1045005.5833333334,0.8314792186014367,-115002.83333333333,0.2135320910014522,4.8318
LL,v1,0.718216,0.14864356968417566,1044957.6666666666,0.8322486189702758,-115050.75,0.21430149137029142,4.8318
LL,v1,0.790038,0.1635080094374767,1045069.5,0.8310572495847017,-114938.91666666667,0.21311012198471727,4.8318
LL,v1,0.869042,0.17985885177366612,1045095.8333333334,0.8276619109265768,-114912.58333333333,0.2097147833265924,4.8318
LL,v1,0.955946,0.197844695558591,1045483.4166666666,0.8146840118194628,-114525.0,0.19673688421947824,4.8318
LL,v1,1.05154,0.21762904093712485,1045915.3333333334,0.7691784001917196,-114093.08333333333,0.15123127259173502,4.8318
LL,v1,1.156694,0.23939194503083738,1057945.5833333333,0.7170661770824941,-102062.83333333333,0.09911904948250971,4.8318
LL,v1,1.272364,0.2633312637112463,1114013.0833333333,0.7606318220881447,-45995.333333333336,0.1426846944881601,4.8318
LL,v1,1.3996,0.28966430729748743,1121510.5,0.6966556129554705,-38497.916666666664,0.07870848535548589,4.8318
LL,v1,1.53956,0.31863073802723624,1132744.0833333333,0.6192513641262284,-27264.333333333332,0.0013042365262438311,4.8318
LL,v1,1.693516,0.3504938118299598,1141074.75,0.5833321031485511,-18933.666666666668,-0.034615024451433433,4.8318
LL,v1,1.862868,0.38554327579783926,1147552.5,0.5783688270376995,-12455.916666666666,-0.039578300562284896,4.8318
LL,v1,2.049155,0.42409764477006495,1152169.25,0.5791006944948164,-7839.166666666667,-0.038846433105168166,4.8318
LL,v1,2.25407,0.4665073057659671,1155573.0833333333,0.5849297634243154,-4435.333333333333,-0.03301736417566911,4.8318
LL,v1,2.479477,0.5131580363425639,1158265.3333333333,0.5798914309154913,-1743.0833333333333,-0.03805569668449316,4.8318
LL,v1,2.727425,0.5644739020654829,1160275.9166666667,0.5836439840354898,267.5,-0.034303143564494626,4.8318
LL,v1,3.000168,0.6209213957531354,1161941.8333333333,0.5821015754534974,1933.4166666666667,-0.03584555214648722,4.8318
LL,v1,3.300184,0.683013369758682,1163065.6666666667,0.5670968021459538,3057.25,-0.0508503254540306,4.8318
LL,v1,3.630203,0.7513148309118755,1158590.0833333333,0.5882901654674686,-1418.3333333333333,-0.029656962132515934,4.8318
LL,v1,3.993223,0.8264462519144004,1165443.0,0.6024741016661096,5434.583333333333,-0.015473025933874987,4.8318
LL,v1,4.392545,0.9090908150171778,1165456.9166666667,0.6121032672710287,5448.5,-0.005843860328955823,4.8318
LL,v1,4.8318,1.0,1160008.4166666667,0.6179471275999845,0.0,0.0,4.8318
LL,v1,5.31498,1.1,1167818.9166666667,0.6280667494297637,7810.5,0.010119621829779185,4.8318
LL,v1,5.846478,1.21,1168260.9166666667,0.6361763495640071,8252.5,0.018229221964022612,4.8318
LL,v1,6.431126,1.3310000413924417,1168722.8333333333,0.6435640374697965,8714.416666666666,0.02561690986981205,4.8318
LL,v1,7.074238,1.4640999213543606,1169032.4166666667,0.6461512150959817,9024.0,0.028204087495997093,4.8318
LL,v1,7.781662,1.6105099548822384,1169686.1666666667,0.6524868654039437,9677.75,0.03453973780395917,4.8318
LL,v1,8.559828,1.7715609089780204,1170400.6666666667,0.6594960927764754,10392.25,0.04154896517649087,4.8318
LL,v1,9.415811,1.9487170412682642,1170544.3333333333,0.6580768906498462,10535.916666666666,0.04012976304986161,4.8318
LL,v1,10.357392,2.14358872469887,1171114.25,0.6670470348740976,11105.833333333334,0.049099907274113015,4.8318
LL,v1,11.393132,2.3579477627385237,1171334.25,0.6720604803060651,11325.833333333334,0.05411335270608058,4.8318
LL,v1,12.532445,2.5937424976199344,1171209.0833333333,0.6738326236588361,11200.666666666666,0.05588549605885163,4.8318
LL,v1,13.785689,2.8531166439008233,1170757.0,0.6701270733589774,10748.583333333334,0.05217994575899277,4.8318
LL,v1,15.164258,3.1384283289871266,1170846.0833333333,0.6748226592368626,10837.666666666666,0.05687553163687811,4.8318
LL,v1,16.680684,3.452271203278281,1170672.6666666667,0.674553548750619,10664.25,0.056606421150634495,4.8318
LL,v1,18.348752,3.797498240821226,1170509.75,0.6734017874595829,10501.333333333334,0.055454659859598306,4.8318
LL,v1,20.183628,4.177248230473115,1170474.5833333333,0.6751062901174129,10466.166666666666,0.05715916251742847,4.8318
LL,v1,22.20199,4.59497288795066,1163570.0,0.6775389625324951,3561.5833333333335,0.05959183493251072,4.8318
LL,v1,24.42219,5.054470383707935,1168565.5833333333,0.6770117541036186,8557.166666666666,0.059064626503634005,4.8318
LL,v1,26.864408,5.55991721511652,1168375.6666666667,0.6755863092572726,8367.25,0.057639181657288034,4.8318
LL,v1,29.550849,6.115908978020613,1168298.75,0.6807179827600711,8290.333333333334,0.0627708551600867,4.8318
LL,v1,32.505934,6.727499896518896,1168174.9166666667,0.6816971483426988,8166.5,0.06375002074271428,4.8318
LL,v1,35.756528,7.400250010348111,1167881.0,0.6810509850647013,7872.583333333333,0.06310385746471674,4.8318
LL,v1,39.33218,8.140274845813154,1167496.75,0.6820227254164378,7488.333333333333,0.06407559781645324,4.8318
LL,v1,43.265398,8.95430233039447,1166171.0,0.6807815686153065,6162.583333333333,0.0628344410153219,4.8318
LL,v1,47.591938,9.849732604826357,1165704.8333333333,0.678933554321573,5696.416666666667,0.06098642672158849,4.8318
LL,Ck9,0.032864,0.10152610441767068,1168522.1666666667,0.5923382634906204,3203.0,-0.02685373635535852,0.3237
LL,Ck9,0.03615,0.11167747914735868,1164313.0,0.5887009327291416,-1006.1666666666666,-0.0304910671168374,0.3237
LL,Ck9,0.039765,0.12284522706209454,1168577.0,0.5924809451246652,3257.8333333333335,-0.026711054721313843,0.3237
LL,Ck9,0.043742,0.13513129440840285,1168683.4166666667,0.590723175886733,3364.25,-0.028468823959245965,0.3237
LL,Ck9,0.048116,0.1486438059932036,1168855.6666666667,0.5903370704554218,3536.5,-0.028854929390557154,0.3237
LL,Ck9,0.052928,0.16350942230460305,1168972.3333333333,0.5897261334084655,3653.1666666666665,-0.029465866437513494,0.3237
LL,Ck9,0.05822,0.17985789311090516,1164562.8333333333,0.5820261886396,-756.3333333333334,-0.03716581120637893,0.3237
LL,Ck9,0.064042,0.19784368242199568,1168899.0,0.5763693191255412,3579.8333333333335,-0.04282268072043774,0.3237
LL,Ck9,0.070447,0.2176305220883534,1169559.9166666667,0.5831627082491714,4240.75,-0.036029291596807594,0.3237
LL,Ck9,0.077491,0.2393914118010504,1169389.25,0.5914328578329989,4070.0833333333335,-0.027759142012980093,0.3237
LL,Ck9,0.08524,0.2633302440531356,1165378.75,0.5921597437934045,59.583333333333336,-0.027032256052574394,0.3237
LL,Ck9,0.093764,0.2896632684584492,1169698.75,0.5958892733407256,4379.583333333333,-0.02330272650525324,0.3237
LL,Ck9,0.103141,0.31863144887241274,1169983.1666666667,0.597476039905309,4664.0,-0.02171595994067003,0.3237
LL,Ck9,0.113455,0.35049428483163425,1170238.5833333333,0.5976927254290048,4919.416666666667,-0.021499274416974228,0.3237
LL,Ck9,0.1248,0.3855421686746988,1161733.6666666667,0.5863588910267271,-3585.5,-0.03283310881925177,0.3237
LL,Ck9,0.13728,0.4240963855421687,1166430.3333333333,0.5963059034749764,1111.1666666666667,-0.022886096371002484,0.3237
LL,Ck9,0.151008,0.4665060240963856,1171010.6666666667,0.6017740431150128,5691.5,-0.017417956730966123,0.3237
LL,Ck9,0.166109,0.5131572443620637,1171232.6666666667,0.6036658205569858,5913.5,-0.015526179288993228,0.3237
LL,Ck9,0.18272,0.5644732777262897,1167324.8333333333,0.5988615467921637,2005.6666666666667,-0.020330453053815267,0.3237
LL,Ck9,0.200992,0.6209206054989188,1171941.5833333333,0.6072965562351871,6622.416666666667,-0.011895443610791775,0.3237
LL,Ck9,0.221091,0.6830120481927712,1172342.25,0.6089858937244907,7023.083333333333,-0.010206106121488248,0.3237
LL,Ck9,0.243201,0.7513160333642261,1172758.8333333333,0.6103995978507981,7439.666666666667,-0.008792401995180851,0.3237
LL,Ck9,0.267521,0.8264473277726291,1173262.75,0.6150193307895345,7943.583333333333,-0.0041726690564444875,0.3237
LL,Ck9,0.294273,0.9090917516218722,1173606.3333333333,0.6160480192592627,8287.166666666666,-0.0031439805867162127,0.3237
LL,Ck9,0.3237,1.0,1165319.1666666667,0.6191919998459788,0.0,0.0,0.3237
LL,Ck9,0.35607,1.1,1170504.4166666667,0.6239260393730295,5185.25,0.004734039527050519,0.3237
LL,Ck9,0.391677,1.21,1175443.6666666667,0.6318684723117963,10124.5,0.012676472465817434,0.3237
LL,Ck9,0.430845,1.3310009267840592,1176260.25,0.6316129125607993,10941.083333333334,0.012420912714820384,0.3237
LL,Ck9,0.473929,1.4640994748223664,1176881.4166666667,0.6477703004882978,11562.25,0.028578300642318838,0.3237
LL,Ck9,0.521322,1.6105097312326226,1177531.5,0.6604010930261605,12212.333333333334,0.041209093180181434,0.3237
LL,Ck9,0.573454,1.7715600864998458,1177529.8333333333,0.6644143496906819,12210.666666666666,0.04522234984470299,0.3237
LL,Ck9,0.6308,1.948717948717949,1166630.75,0.669792980628329,1311.5833333333333,0.05060098078235,0.3237
LL,Ck9,0.69388,2.143589743589744,1170811.75,0.6745214255474958,5492.583333333333,0.05532942570151683,0.3237
LL,Ck9,0.763268,2.3579487179487177,1171721.0833333333,0.6797370769220256,6401.916666666667,0.060545077076046595,0.3237
LL,Ck9,0.839594,2.5937411183194317,1169645.3333333333,0.6797880501992047,4326.166666666667,0.060596050353225774,0.3237
LL,Ck9,0.923554,2.8531170837194932,1170698.3333333333,0.674533400715204,5379.166666666667,0.05534140086922501,0.3237
LL,Ck9,1.015909,3.1384275563793635,1170593.5833333333,0.6554195380539677,5274.416666666667,0.036227538207988734,0.3237
LL,Ck9,1.1175,3.4522706209453196,1168364.9166666667,0.6594309211436319,3045.75,0.040238921297652906,0.3237
LL,Ck9,1.22925,3.7974976830398517,1168584.1666666667,0.698311164184969,3265.0,0.07911916433898998,0.3237
LL,Ck9,1.352175,4.1772474513438365,1155160.4166666667,0.6839009797863379,-10158.75,0.06470897994035903,0.3237
LL,Ck9,1.487393,4.594973741118319,1130267.25,0.7285458289030157,-35051.916666666664,0.10935382905703683,0.3237
LL,Ck9,1.636132,5.054470188446092,1102923.8333333333,0.7345245553355438,-62395.333333333336,0.11533255548956496,0.3237
LL,Ck9,1.799745,5.559916589434661,1063700.9166666667,0.7489212035173239,-101618.25,0.12972920367134502,0.3237
LL,Ck9,1.97972,6.1159097930182265,1051330.5,0.749656423404339,-113988.66666666667,0.13046442355836002,0.3237
LL,Ck9,2.177692,6.72750077232005,1049401.5,0.7819254736939346,-115917.66666666667,0.16273347384795583,0.3237
LL,Ck9,2.395461,7.400250231696015,1047088.5833333334,0.8119935327233178,-118230.58333333333,0.1928015328773388,0.3237
LL,Ck9,2.635007,8.140274945937596,1046265.6666666666,0.8256111345455485,-119053.5,0.20641913469956966,0.3237
LL,Ck9,2.898508,8.954303367315417,1046101.9166666666,0.8280300161256697,-119217.25,0.20883801627969079,0.3237
LL,Ck9,3.188358,9.8497312326228,1045757.0,0.8305887430968291,-119562.16666666667,0.21139674325085012,0.3237
LL,K11,0.033727,0.10152618904274534,1174556.0833333333,0.6222211188293364,9851.833333333334,0.002737575230509437,0.3322
LL,K11,0.037099,0.11167670078266105,1174556.0833333333,0.6217741749932664,9851.833333333334,0.002290631394439339,0.3322
LL,K11,0.040809,0.12284467188440698,1174556.0833333333,0.6213336800172234,9851.833333333334,0.0018501364183964308,0.3322
LL,K11,0.04489,0.13512944009632752,1169916.5833333333,0.6181070925650407,5212.333333333333,-0.0013764510337862708,0.3322
LL,K11,0.049379,0.14864238410596026,1174556.0833333333,0.6212854279001545,9851.833333333334,0.0018018843013275314,0.3322
LL,K11,0.054317,0.16350692354003613,1174556.0833333333,0.6219323770088336,9851.833333333334,0.0024488334100066602,0.3322
LL,K11,0.059749,0.1798585189644792,1174556.0833333333,0.6216446200594485,9851.833333333334,0.002161076460621488,0.3322
LL,K11,0.065724,0.197844671884407,1174556.0833333333,0.6218822610055352,9851.833333333334,0.0023987174067081805,0.3322
LL,K11,0.072296,0.21762793497892835,1174556.0833333333,0.622206396378791,9851.833333333334,0.002722852779964128,0.3322
LL,K11,0.079526,0.2393919325707405,1174556.0833333333,0.6217991134178077,9851.833333333334,0.002315569818980734,0.3322
LL,K11,0.087479,0.2633323299217339,1174556.0833333333,0.6208957857011996,9851.833333333334,0.0014122421023726368,0.3322
LL,K11,0.096227,0.2896658639373871,1174556.0833333333,0.6225139878980183,9851.833333333334,0.0030304442991912484,0.3322
LL,K11,0.105849,0.318630343166767,1174556.0833333333,0.6225205466624025,9851.833333333334,0.0030370030635754977,0.3322
LL,K11,0.116434,0.35049367850692353,1174556.0833333333,0.6224423522244144,9851.833333333334,0.0029588086255873947,0.3322
LL,K11,0.128077,0.3855418422636966,1174556.0833333333,0.6227985810816804,9851.833333333334,0.0033150374828534446,0.3322
LL,K11,0.140885,0.42409692956050576,1174556.0833333333,0.6220050801210175,9851.833333333334,0.002521536522190467,0.3322
LL,K11,0.154974,0.46650812763395544,1174556.0833333333,0.6218927850324544,9851.833333333334,0.0024092414336273813,0.3322
LL,K11,0.170471,0.5131577363034318,1174556.0833333333,0.6211696788766995,9851.833333333334,0.0016861352778724248,0.3322
LL,K11,0.187518,0.564473208910295,1174556.0833333333,0.6224851488493413,9851.833333333334,0.00300160525051422,0.3322
LL,K11,0.20627,0.6209211318482842,1169916.5833333333,0.6200217727845256,5212.333333333333,0.0005382291856986613,0.3322
LL,K11,0.226897,0.6830132450331126,1174556.0833333333,0.6232550148570694,9851.833333333334,0.0037714712582423426,0.3322
LL,K11,0.249587,0.7513154726068634,1174556.0833333333,0.6221622029408093,9851.833333333334,0.002678659341982285,0.3322
LL,K11,0.274545,0.8264449127031908,1174556.0833333333,0.621417866829623,9851.833333333334,0.0019343232307959906,0.3322
LL,K11,0.302,0.9090909090909091,1159148.0,0.6175560413318874,-5556.25,-0.0019275022669396162,0.3322
LL,K11,0.3322,1.0,1164704.25,0.619483543598827,0.0,0.0,0.3322
LL,K11,0.36542,1.1,1169916.5833333333,0.6196510014594846,5212.333333333333,0.0001674578606575642,0.3322
LL,K11,0.401962,1.21,1174556.0833333333,0.6216716963947205,9851.833333333334,0.0021881527958934797,0.3322
LL,K11,0.442158,1.3309993979530403,1174556.0833333333,0.6214036839637748,9851.833333333334,0.0019201403649477533,0.3322
LL,K11,0.486374,1.464099939795304,1174556.0833333333,0.6211041015108433,9851.833333333334,0.0016205579120162998,0.3322
LL,K11,0.535011,1.610508729680915,1174556.0833333333,0.6230912430942387,9851.833333333334,0.003607699495411639,0.3322
LL,K11,0.588513,1.771562311860325,1174556.0833333333,0.6230048823326183,9851.833333333334,0.0035213387337912536,0.3322
LL,K11,0.647364,1.9487176399759183,1174556.0833333333,0.6208083027061527,9851.833333333334,0.0013247591073257496,0.3322
LL,K11,0.7121,2.1435881998795905,1164704.25,0.6184686294287384,0.0,-0.0010149141700885693,0.3322
LL,K11,0.78331,2.3579470198675496,1169916.5833333333,0.6192629278652496,5212.333333333333,-0.0002206157335773636,0.3322
LL,K11,0.861641,2.593741721854305,1174556.0833333333,0.6222781236146866,9851.833333333334,0.0027945800158596565,0.3322
LL,K11,0.947805,2.8531155930162555,1174556.0833333333,0.6210037426872221,9851.833333333334,0.0015201990883951244,0.3322
LL,K11,1.042586,3.13842865743528,1169941.5,0.6198837664783116,5237.25,0.0004002228794845464,0.3322
LL,K11,1.146845,3.452272727272727,1169941.5,0.6195717987840265,5237.25,8.825518519946692e-05,0.3322
LL,K11,1.261529,3.7974984948826007,1169941.5,0.6211912196984218,5237.25,0.0017076760995949163,0.3322
LL,K11,1.387682,4.177248645394341,1169941.5,0.6199596193896667,5237.25,0.0004760757908397843,0.3322
LL,K11,1.52645,4.594972907886816,1169941.5,0.6205148446632243,5237.25,0.0010313010643973053,0.3322
LL,K11,1.679095,5.054470198675497,1164726.75,0.6184938651403951,22.5,-0.0009896784584319158,0.3322
LL,K11,1.847005,5.559918723660446,1169941.5,0.6190345242725773,5237.25,-0.0004490193262497259,0.3322
LL,K11,2.031705,6.115909090909091,1170065.75,0.6204942643921285,5361.5,0.0010107207933016116,0.3322
LL,K11,2.234875,6.727498494882601,1170065.75,0.6207282178275074,5361.5,0.001244674228680372,0.3322
LL,K11,2.458363,7.40024984948826,1170065.75,0.6199282974078999,5361.5,0.0004447538090729027,0.3322
LL,K11,2.704199,8.140273931366647,1164853.4166666667,0.6180917628049264,149.16666666666666,-0.0013917807939006395,0.3322
LL,K11,2.974619,8.954301625526792,1170065.75,0.6192889985242016,5361.5,-0.00019454507462531487,0.3322
LL,K11,3.272081,9.84973208910295,1170065.75,0.6203007575630116,5361.5,0.0008172139641846784,0.3322
LL,k1L,0.029097,0.10152477320307048,1048817.8333333333,0.8277713582579582,-115475.75,0.20868708027488295,0.2866
LL,k1L,0.032007,0.11167829727843684,1048962.0,0.8241407633546162,-115331.58333333333,0.20505648537154098,0.2866
LL,k1L,0.035208,0.12284717376133984,1050252.6666666667,0.8093120859482837,-114040.91666666667,0.19022780796520855,0.2866
LL,k1L,0.038728,0.13512909979064897,1051743.75,0.7797920224417986,-112549.83333333333,0.16070774445872338,0.2866
LL,k1L,0.042601,0.1486427076064201,1064851.4166666667,0.7196474912376875,-99442.16666666667,0.10056321325461215,0.2866
LL,k1L,0.046861,0.163506629448709,1079028.75,0.7375787425967374,-85264.83333333333,0.11849446461366209,0.2866
LL,k1L,0.051548,0.1798604326587578,1130669.0,0.724639207214814,-33624.583333333336,0.10555492923173866,0.2866
LL,k1L,0.056702,0.1978436845778088,1138069.5833333333,0.6375720481121835,-26224.0,0.01848777012910809,0.2866
LL,k1L,0.062373,0.21763084438241448,1146892.0833333333,0.5802456121038353,-17401.5,-0.038838665879239974,0.2866
LL,k1L,0.06861,0.23939288206559664,1151533.0,0.5613841563910228,-12760.583333333334,-0.05770012159205245,0.2866
LL,k1L,0.075471,0.2633321702721563,1162663.9166666667,0.564526673196395,-1629.6666666666667,-0.05455760478668032,0.2866
LL,k1L,0.083018,0.2896650383810188,1167036.5,0.579263921613606,2742.9166666666665,-0.03982035636946934,0.2866
LL,k1L,0.09132,0.3186322400558269,1165231.25,0.590336294946598,937.6666666666666,-0.028747983036477243,0.2866
LL,k1L,0.100452,0.3504954640614096,1172351.1666666667,0.6009480729174405,8057.583333333333,-0.018136205065634875,0.2866
LL,k1L,0.110497,0.3855443126308443,1173901.6666666667,0.6074698354708069,9608.083333333334,-0.01161444251226835,0.2866
LL,k1L,0.121546,0.42409630146545707,1175000.0,0.6144538933094744,10706.416666666666,-0.004630384673600829,0.2866
LL,k1L,0.133701,0.4665073272854151,1175712.0,0.6171760705040475,11418.416666666666,-0.0019082074790276922,0.2866
LL,k1L,0.147071,0.5131577110956036,1176086.75,0.6234848611549387,11793.166666666666,0.004400583171863472,0.2866
LL,k1L,0.161778,0.5644731332868108,1176208.75,0.6268029167546009,11915.166666666666,0.007718638771525556,0.2866
LL,k1L,0.177956,0.6209211444521981,1176273.6666666667,0.6287815034329335,11980.083333333334,0.009697225449858182,0.2866
LL,k1L,0.195752,0.6830146545708304,1176004.25,0.6314069146411401,11710.666666666666,0.01232263665806485,0.2866
LL,k1L,0.215327,0.7513154221912072,1175589.4166666667,0.6293489148814423,11295.833333333334,0.010264636898366994,0.2866
LL,k1L,0.23686,0.8264480111653872,1170096.0833333333,0.6271480298072346,5802.5,0.008063751824159415,0.2866
LL,k1L,0.260545,0.909089323098395,1174585.5833333333,0.6231301058385048,10292.0,0.004045827855429572,0.2866
LL,k1L,0.2866,1.0,1164293.5833333333,0.6190842779830752,0.0,0.0,0.2866
LL,k1L,0.31526,1.0999999999999999,1168726.3333333333,0.6094786998219188,4432.75,-0.009605578161156453,0.2866
LL,k1L,0.346786,1.2099999999999997,1173353.5833333333,0.6095152151603762,9060.0,-0.009569062822699093,0.2866
LL,k1L,0.381465,1.3310013956734124,1172702.5833333333,0.6045075071046869,8409.0,-0.014576770878388462,0.2866
LL,k1L,0.419611,1.464099790648988,1171932.25,0.5816029345286436,7638.666666666667,-0.03748134345443165,0.2866
LL,k1L,0.461572,1.6105094207955337,1170866.25,0.5790020950892636,6572.666666666667,-0.04008218289381169,0.2866
LL,k1L,0.507729,1.771559665038381,1169259.75,0.5783690171174292,4966.166666666667,-0.04071526086564617,0.2866
LL,k1L,0.558502,1.9487159804605723,1167128.3333333333,0.5835878597726925,2834.75,-0.035496418210382824,0.2866
LL,k1L,0.614353,2.143590369853454,1164242.1666666667,0.5863500729488554,-51.416666666666664,-0.03273420503421982,0.2866
LL,k1L,0.675788,2.3579483600837405,1160434.3333333333,0.5845905527748656,-3859.25,-0.03449372520820972,0.2866
LL,k1L,0.743367,2.5937438939288207,1155257.6666666667,0.5823438739255725,-9035.916666666666,-0.03674040405750275,0.2866
LL,k1L,0.817703,2.8531158408932304,1147744.0,0.5899041541369818,-16549.583333333332,-0.029180123846093475,0.2866
LL,k1L,0.899474,3.1384298674110256,1138016.3333333333,0.6259670746841087,-26277.25,0.006882796701033533,0.2866
LL,k1L,0.989421,3.4522714584787155,1127351.5833333333,0.7009775693769753,-36942.0,0.08189329139389995,0.2866
LL,k1L,1.088363,3.797498255408234,1106064.0833333333,0.7541513994969753,-58229.5,0.13506712151389996,0.2866
LL,k1L,1.197199,4.177247034193998,1044483.8333333334,0.7494117230765144,-119809.75,0.130327445093439,0.2866
LL,k1L,1.316919,4.594972086531751,1045728.0833333334,0.8133281615767741,-118565.5,0.1942438835936989,0.2866
LL,k1L,1.448611,5.05446964410328,1045289.75,0.8293202178977951,-119003.83333333333,0.21023593991471978,0.2866
LL,k1L,1.593472,5.559916259595254,1045118.5833333334,0.8305326777316374,-119175.0,0.21144839974856233,0.2866
LL,k1L,1.75282,6.1159106769016045,1045118.5833333334,0.8325364565507577,-119175.0,0.21345217856768248,0.2866
LL,k1L,1.928101,6.727498255408234,1042003.75,0.8326806529673499,-122289.83333333333,0.21359637498427483,0.2866
LL,k1L,2.120912,7.400251221214236,1045247.5833333334,0.8322541934718609,-119046.0,0.2131699154887856,0.2866
LL,k1L,2.333003,8.140275645498953,936146.0833333334,0.8353156947071071,-228147.5,0.21623141672403187,0.2866
LL,k1L,2.566303,8.95430216329379,941524.0833333334,0.8353954647687725,-222769.5,0.2163111867856972,0.2866
LL,k1L,2.822933,9.849731332868108,946707.3333333334,0.8356447103880789,-217586.25,0.21656043240500358,0.2866
LL,K1,0.019726,0.10152341739577972,949229.1666666666,0.8348769400086055,-211649.16666666666,0.21632916689901074,0.1943
LL,K1,0.021699,0.11167781780751415,949229.1666666666,0.8349912950526237,-211649.16666666666,0.21644352194302896,0.1943
LL,K1,0.023869,0.12284611425630469,949229.1666666666,0.8349802576166686,-211649.16666666666,0.21643248450707397,0.1943
LL,K1,0.026256,0.13513124034997429,949229.1666666666,0.8352305072887062,-211649.16666666666,0.2166827341791114,0.1943
LL,K1,0.028881,0.14864127637673702,949229.1666666666,0.8353174509113601,-211649.16666666666,0.21676967780176537,0.1943
LL,K1,0.03177,0.16351003602676273,943543.9166666666,0.8343189241428894,-217334.41666666666,0.2157711510332947,0.1943
LL,K1,0.034947,0.179861039629439,949229.1666666666,0.8337042781616959,-211649.16666666666,0.2151565050521013,0.1943
LL,K1,0.038441,0.19784354091610912,949229.1666666666,0.8344414005172016,-211649.16666666666,0.21589362740760695,0.1943
LL,K1,0.042285,0.21762738033968093,949229.1666666666,0.8354229080449603,-211649.16666666666,0.2168751349353657,0.1943
LL,K1,0.046514,0.23939269171384456,949229.1666666666,0.8346514632957178,-211649.16666666666,0.21610369018612316,0.1943
LL,K1,0.051165,0.26332990221307256,1047147.4166666666,0.8325571488035965,-113730.91666666667,0.21400937569400177,0.1943
LL,K1,0.056282,0.2896654657745754,1047210.0,0.8322078769176681,-113668.33333333333,0.2136601038080732,0.1943
LL,K1,0.06191,0.3186309830159547,1043668.3333333334,0.8317943483860127,-117210.0,0.21324657527641788,0.1943
LL,K1,0.068101,0.35049408131755017,1047378.75,0.8271843271251632,-113499.58333333333,0.20863655401556858,0.1943
LL,K1,0.074911,0.3855429747812661,1048192.3333333334,0.7935542568794846,-112686.0,0.17500648376988967,0.1943
LL,K1,0.082402,0.42409675759135357,1093827.3333333333,0.7423331534911846,-67051.0,0.12378538038158976,0.1943
LL,K1,0.090642,0.4665054040144107,1127516.4166666667,0.7062036261000674,-33361.916666666664,0.08765585299047272,0.1943
LL,K1,0.099707,0.5131600617601647,1140636.0833333333,0.5977108324661197,-20242.25,-0.020836940643475087,0.1943
LL,K1,0.109677,0.5644724652599074,1152540.25,0.5778911414733751,-8338.083333333334,-0.04065663163621971,0.1943
LL,K1,0.120645,0.6209212557900154,1159441.25,0.583142399616574,-1437.0833333333333,-0.03540537349302079,0.1943
LL,K1,0.13271,0.6830159547092125,1158929.0833333333,0.583110799709365,-1949.25,-0.035436973400229756,0.1943
LL,K1,0.14598,0.7513124034997427,1161776.6666666667,0.5828039453762951,898.3333333333334,-0.035743827733299594,0.1943
LL,K1,0.160579,0.8264487905301081,1168784.8333333333,0.592600294619844,7906.5,-0.025947478489750698,0.1943
LL,K1,0.176636,0.9090890375707668,1170466.3333333333,0.6076474526772712,9588.0,-0.010900320432323557,0.1943
LL,K1,0.1943,1.0,1160878.3333333333,0.6185477731095946,0.0,0.0,0.1943
LL,K1,0.21373,1.1,1167383.9166666667,0.6305475566772759,6505.583333333333,0.011999783567681221,0.1943
LL,K1,0.235103,1.21,1173780.0,0.6433360575649044,12901.666666666666,0.0247882844553097,0.1943
LL,K1,0.258613,1.3309984559958825,1174711.9166666667,0.652062573630921,13833.583333333334,0.03351480052132628,0.1943
LL,K1,0.284475,1.4641019042717447,1175396.1666666667,0.6555879207047167,14517.833333333334,0.03704014759512198,0.1943
LL,K1,0.312922,1.6105095213587235,1175970.0833333333,0.6643445921961781,15091.75,0.045796819086583444,0.1943
LL,K1,0.344214,1.7715594441585178,1176253.5833333333,0.6669447561804059,15375.25,0.048396983070811306,0.1943
LL,K1,0.378636,1.948718476582604,1176203.3333333333,0.6659394178168891,15325.0,0.047391644707294435,0.1943
LL,K1,0.416499,2.14358723623263,1175881.3333333333,0.6685455573154653,15003.0,0.04999778420587057,0.1943
LL,K1,0.458149,2.357946474523932,1175603.6666666667,0.6687624502060071,14725.333333333334,0.050214677096412384,0.1943
LL,K1,0.503964,2.5937416366443644,1175414.0,0.6690121633315432,14535.666666666666,0.050464390221948374,0.1943
LL,K1,0.554361,2.8531188883170353,1175106.4166666667,0.6670684357930509,14228.083333333334,0.048520662683456006,0.1943
LL,K1,0.609797,3.1384302624807,1174743.0,0.6641715480416382,13864.666666666666,0.04562377493204354,0.1943
LL,K1,0.670776,3.4522696860524964,1174240.4166666667,0.6587374253089789,13362.083333333334,0.0401896521993843,0.1943
LL,K1,0.737854,3.7974987133299023,1173659.9166666667,0.6508606689363815,12781.583333333334,0.03231289582678679,0.1943
LL,K1,0.811639,4.177246525990736,1172840.25,0.6386912096238374,11961.916666666666,0.020143436514242663,0.1943
LL,K1,0.892803,4.594971693257849,949229.1666666666,0.8351361624695893,-211649.16666666666,0.2165883893599946,0.1943
LL,K1,0.982084,5.054472465259908,949229.1666666666,0.8345098435428254,-211649.16666666666,0.21596207043323065,0.1943
LL,K1,1.080292,5.559917653113742,943571.1666666666,0.8350900199282392,-217307.16666666666,0.21654224681864456,0.1943
LL,K1,1.188321,6.1159083890890376,943571.1666666666,0.8353489688369323,-217307.16666666666,0.2168011957273377,0.1943
LL,K1,1.307153,6.7274987133299025,943571.1666666666,0.8348319005452559,-217307.16666666666,0.21628412743566114,0.1943
LL,K1,1.437869,7.4002521873391665,943571.1666666666,0.8341546988638936,-217307.16666666666,0.21560692575429888,0.1943
LL,K1,1.581655,8.140272774060731,943571.1666666666,0.8349136567436344,-217307.16666666666,0.21636588363403964,0.1943
LL,K1,1.739821,8.954302624807,943571.1666666666,0.8352628510349591,-217307.16666666666,0.21671507792536437,0.1943
LL,K1,1.913803,9.849732372619659,937709.6666666666,0.835114292622073,-223168.66666666666,0.2165665195124784,0.1943
LL,k1D,0.021625,0.10152582159624413,1174708.4166666667,0.6232298669508741,15552.916666666666,0.004809056064068275,0.213
LL,k1D,0.023787,0.11167605633802817,1174708.4166666667,0.6224052350160978,15552.916666666666,0.0039844241292920175,0.213
LL,k1D,0.026166,0.1228450704225352,1174708.4166666667,0.6228184371546988,15552.916666666666,0.004397626267892908,0.213
LL,k1D,0.028783,0.13513145539906105,1174708.4166666667,0.6224440724707992,15552.916666666666,0.004023261583993308,0.213
LL,k1D,0.031661,0.1486431924882629,1174708.4166666667,0.6227108300520731,15552.916666666666,0.004290019165267195,0.213
LL,k1D,0.034827,0.1635070422535211,1174708.4166666667,0.6219572807838256,15552.916666666666,0.003536469897019806,0.213
LL,k1D,0.03831,0.17985915492957746,1169629.0833333333,0.6201521443292397,10473.583333333334,0.0017313334424338596,0.213
LL,k1D,0.042141,0.1978450704225352,1174708.4166666667,0.6218671187694474,15552.916666666666,0.003446307882641525,0.213
LL,k1D,0.046355,0.21762910798122068,1174708.4166666667,0.6217225001562987,15552.916666666666,0.0033016892694928044,0.213
LL,k1D,0.050991,0.2393943661971831,1174708.4166666667,0.6224198890763629,15552.916666666666,0.0039990781895570164,0.213
LL,k1D,0.05609,0.26333333333333336,1169629.0833333333,0.6196882627764427,10473.583333333334,0.0012674518896368485,0.213
LL,k1D,0.061699,0.2896666666666667,1174708.4166666667,0.622412832133122,15552.916666666666,0.0039920212463161004,0.213
LL,k1D,0.067868,0.3186291079812206,1174708.4166666667,0.6216008369827383,15552.916666666666,0.003180026095932533,0.213
LL,k1D,0.074655,0.3504929577464789,1174708.4166666667,0.6209723692785293,15552.916666666666,0.002551558391723524,0.213
LL,k1D,0.082121,0.38554460093896714,1174708.4166666667,0.6232166647282744,15552.916666666666,0.0047958538414685685,0.213
LL,k1D,0.090333,0.42409859154929574,1174708.4166666667,0.6224469101130273,15552.916666666666,0.004026099226221501,0.213
LL,k1D,0.099366,0.46650704225352113,1174708.4166666667,0.6223401477697128,15552.916666666666,0.00391933688290703,0.213
LL,k1D,0.109303,0.5131596244131456,1174708.4166666667,0.6228170601547118,15552.916666666666,0.004396249267906059,0.213
LL,k1D,0.120233,0.5644741784037559,1174708.4166666667,0.6236327201183326,15552.916666666666,0.005211909231526729,0.213
LL,k1D,0.132256,0.6209201877934273,1174708.4166666667,0.6237618326183355,15552.916666666666,0.00534102173152957,0.213
LL,k1D,0.145482,0.6830140845070423,1174708.4166666667,0.6218471373472455,15552.916666666666,0.003426326460439749,0.213
LL,k1D,0.16003,0.7513145539906104,1169629.0833333333,0.6200169024137393,10473.583333333334,0.0015960915269334908,0.213
LL,k1D,0.176033,0.8264460093896714,1174708.4166666667,0.6220833046302291,15552.916666666666,0.0036624937434233396,0.213
LL,k1D,0.193636,0.9090892018779343,1174708.4166666667,0.6229985986436154,15552.916666666666,0.004577787756809587,0.213
LL,k1D,0.213,1.0,1159155.5,0.6184208108868058,0.0,0.0,0.213
LL,k1D,0.2343,1.1,1164858.4166666667,0.6185158342228098,5702.916666666667,9.502333600388176e-05,0.213
LL,k1D,0.25773,1.2100000000000002,1169629.0833333333,0.6196403489185899,10473.583333333334,0.001219538031783975,0.213
LL,k1D,0.283503,1.331,1174708.4166666667,0.6233308493419467,15552.916666666666,0.004910038455140884,0.213
LL,k1D,0.311853,1.4640985915492957,1174708.4166666667,0.6234462988495199,15552.916666666666,0.00502548796271408,0.213
LL,k1D,0.343039,1.610511737089202,1174708.4166666667,0.6221516704111711,15552.916666666666,0.0037308595243653133,0.213
LL,k1D,0.377342,1.7715586854460095,1174708.4166666667,0.6212486434047775,15552.916666666666,0.0028278325179716493,0.213
LL,k1D,0.415077,1.948718309859155,1174708.4166666667,0.621537150152064,15552.916666666666,0.0031163392652581077,0.213
LL,k1D,0.456584,2.143586854460094,1174708.4166666667,0.62162265797674,15552.916666666666,0.003201847089934179,0.213
LL,k1D,0.502243,2.357948356807512,1174708.4166666667,0.6229470859286647,15552.916666666666,0.004526275041858846,0.213
LL,k1D,0.552467,2.593741784037559,1174708.4166666667,0.622594759165783,15552.916666666666,0.004173948278977112,0.213
LL,k1D,0.607714,2.8531173708920186,1174708.4166666667,0.6211571014910011,15552.916666666666,0.0027362906041952704,0.213
LL,k1D,0.668485,3.1384272300469482,1174708.4166666667,0.6218811207167394,15552.916666666666,0.00346030982993357,0.213
LL,k1D,0.735334,3.4522723004694837,1174708.4166666667,0.6219944792564432,15552.916666666666,0.0035736683696373415,0.213
LL,k1D,0.808867,3.7974976525821598,1174708.4166666667,0.6222979647309478,15552.916666666666,0.0038771538441419173,0.213
LL,k1D,0.889754,4.1772488262910805,1174708.4166666667,0.6220641796333083,15552.916666666666,0.003643368746502442,0.213
LL,k1D,0.978729,4.594971830985916,1174708.4166666667,0.6215041645360229,15552.916666666666,0.0030833536492170708,0.213
LL,k1D,1.076602,5.0544694835680755,1164873.25,0.6179056984286034,5717.75,-0.0005151124582023306,0.213
LL,k1D,1.184262,5.559915492957746,1169648.5833333333,0.6204926179490228,10493.083333333334,0.002071807062217018,0.213
LL,k1D,1.302689,6.115910798122066,1169648.5833333333,0.6208844393486549,10493.083333333334,0.0024636284618490454,0.213
LL,k1D,1.432957,6.72749765258216,1169648.5833333333,0.6200867436879479,10493.083333333334,0.0016659328011421985,0.213
LL,k1D,1.576253,7.4002488262910795,1169648.5833333333,0.6202247206951613,10493.083333333334,0.0018039098083555323,0.213
LL,k1D,1.733879,8.140276995305165,1169648.5833333333,0.6200236545563972,10493.083333333334,0.0016028436695913935,0.213
LL,k1D,1.907266,8.954300469483568,1169648.5833333333,0.6197549591739868,10493.083333333334,0.00133414828718099,0.213
LL,k1D,2.097993,9.849732394366198,1169778.25,0.6199348582474453,10622.75,0.0015140473606394718,0.213
LL,Bk8,0.017584,0.10152424942263279,1173690.0,0.6172863568312235,8468.083333333334,-0.00039791286588398517,0.1732
LL,Bk8,0.019343,0.11168013856812933,1173655.3333333333,0.6179435789231662,8433.416666666666,0.00025930922605873114,0.1732
LL,Bk8,0.021277,0.12284642032332564,1173729.5,0.6186930832953333,8507.583333333334,0.0010088135982259476,0.1732
LL,Bk8,0.023405,0.13513279445727483,1173780.0833333333,0.6184661993635342,8558.166666666666,0.0007819296664266876,0.1732
LL,Bk8,0.025745,0.1486431870669746,1173826.25,0.6189316404778887,8604.333333333334,0.001247370780781289,0.1732
LL,Bk8,0.02832,0.1635103926096998,1169528.0,0.6161987973590667,4306.083333333333,-0.0014854723380407036,0.1732
LL,Bk8,0.031152,0.17986143187066975,1173894.3333333333,0.6206386061971187,8672.416666666666,0.0029543365000112287,0.1732
LL,Bk8,0.034267,0.19784642032332564,1173826.9166666667,0.6196344787807063,8605.0,0.0019502090835988677,0.1732
LL,Bk8,0.037693,0.2176270207852194,1173850.75,0.6192739302826077,8628.833333333334,0.001589660585500206,0.1732
LL,Bk8,0.041463,0.23939376443418015,1173869.9166666667,0.6189048041067985,8648.0,0.0012205344096909339,0.1732
LL,Bk8,0.045609,0.2633314087759815,1173908.9166666667,0.619287253004194,8687.0,0.0016029833070863864,0.1732
LL,Bk8,0.05017,0.28966512702078523,1169544.1666666667,0.6163060246816753,4322.25,-0.001378245015432239,0.1732
LL,Bk8,0.055187,0.31863163972286374,1173921.0,0.6205886382470568,8699.083333333334,0.0029043685499493357,0.1732
LL,Bk8,0.060706,0.35049653579676676,1173916.5833333333,0.6197292956212679,8694.666666666666,0.0020450259241604576,0.1732
LL,Bk8,0.066776,0.3855427251732102,1173911.75,0.6191733981045497,8689.833333333334,0.0014891284074422806,0.1732
LL,Bk8,0.073454,0.4240993071593534,1173974.0833333333,0.6190877763386015,8752.166666666666,0.0014035066414940327,0.1732
LL,Bk8,0.080799,0.4665069284064665,1173993.0,0.6198978400665147,8771.083333333334,0.0022135703694072897,0.1732
LL,Bk8,0.088879,0.5131581986143188,1174029.3333333333,0.6207590902005492,8807.416666666666,0.00307482050344172,0.1732
LL,Bk8,0.097767,0.5644745958429562,1174071.6666666667,0.6194566702312173,8849.75,0.00177240053410981,0.1732
LL,Bk8,0.107544,0.6209237875288683,1174127.0,0.6193954890033901,8905.083333333334,0.0017112193062826242,0.1732
LL,Bk8,0.118298,0.683013856812933,1174163.9166666667,0.6210770728131761,8942.0,0.0033928031160686176,0.1732
LL,Bk8,0.130128,0.7513163972286374,1174112.9166666667,0.6228505183271139,8891.0,0.0051662486300063926,0.1732
LL,Bk8,0.143141,0.8264491916859122,1174213.6666666667,0.622242490803207,8991.75,0.004558221106099676,0.1732
LL,Bk8,0.157455,0.909093533487298,1174256.0,0.6226351036176954,9034.083333333334,0.004950833920587945,0.1732
LL,Bk8,0.1732,1.0,1165221.9166666667,0.6176842696971074,0.0,0.0,0.1732
LL,Bk8,0.19052,1.1,1169988.6666666667,0.619744821488038,4766.75,0.0020605517909306112,0.1732
LL,Bk8,0.209572,1.2100000000000002,1174357.5833333333,0.6242099571335503,9135.666666666666,0.006525687436442866,0.1732
LL,Bk8,0.230529,1.330998845265589,1174417.0,0.6252004320109644,9195.083333333334,0.007516162313857007,0.1732
LL,Bk8,0.253582,1.4640993071593533,1174487.1666666667,0.6264095266286352,9265.25,0.008725256931527842,0.1732
LL,Bk8,0.27894,1.6105080831408778,1170223.5833333333,0.620966222859303,5001.666666666667,0.003281953162195622,0.1732
LL,Bk8,0.306834,1.7715588914549654,1174655.6666666667,0.6218293558041067,9433.75,0.0041450861069992255,0.1732
LL,Bk8,0.337518,1.948718244803695,1174459.75,0.6178761388828969,9237.833333333334,0.00019186918578954307,0.1732
LL,Bk8,0.37127,2.1435912240184756,1170500.8333333333,0.6211734257175049,5278.916666666667,0.00348915602039739,0.1732
LL,Bk8,0.408397,2.3579503464203233,1174875.9166666667,0.6275598051156929,9654.0,0.009875535418585407,0.1732
LL,Bk8,0.449236,2.5937413394919173,1174943.5,0.6274770226373191,9721.583333333334,0.0097927529402116,0.1732
LL,Bk8,0.49416,2.853117782909931,1170662.6666666667,0.6240284088087527,5440.75,0.006344139111645164,0.1732
LL,Bk8,0.543576,3.1384295612009234,1174923.9166666667,0.6282287509957714,9702.0,0.010544481298663885,0.1732
LL,Bk8,0.597933,3.4522690531177833,1174745.75,0.6266437256291623,9523.833333333334,0.008959455932054772,0.1732
LL,Bk8,0.657727,3.7975,1174325.0833333333,0.6171294275619846,9103.166666666666,-0.0005548421351228942,0.1732
LL,Bk8,0.723499,4.177245958429562,1173898.5833333333,0.6182961537742281,8676.666666666666,0.0006118840771206965,0.1732
LL,Bk8,0.795849,4.594971131639723,1173304.75,0.6121486980988848,8082.833333333333,-0.005535571598222673,0.1732
LL,Bk8,0.875434,5.054468822170901,1172487.0833333333,0.6048295027478502,7265.166666666667,-0.012854766949257246,0.1732
LL,Bk8,0.962978,5.559919168591224,1171547.5,0.6016676524451163,6325.583333333333,-0.016016617251991144,0.1732
LL,Bk8,1.059275,6.115906466512702,1166050.5,0.5927009858229181,828.5833333333334,-0.024983283874189317,0.1732
LL,Bk8,1.165203,6.7275,1160228.0833333333,0.5858707860678032,-4993.833333333333,-0.031813483629304244,0.1732
LL,Bk8,1.281723,7.400248267898383,1162783.9166666667,0.5894842635578549,-2438.0,-0.028200006139252626,0.1732
LL,Bk8,1.409896,8.14027713625866,1156166.0833333333,0.5771087239840121,-9055.833333333334,-0.04057554571309533,0.1732
LL,Bk8,1.550885,8.954301385681294,1157155.6666666667,0.5806959028816397,-8066.25,-0.03698836681546772,0.1732
LL,Bk8,1.705974,9.849734411085452,1152552.1666666667,0.5748049525231286,-12669.75,-0.04287931717397892,0.1732
LL,K5,0.037564,0.10152432432432433,1136966.3333333333,0.7291534005344529,-16207.416666666666,0.11153017369731837,0.37
LL,K5,0.041321,0.11167837837837837,1136863.3333333333,0.7297837237772454,-16310.416666666666,0.11216049694011082,0.37
LL,K5,0.045453,0.12284594594594594,1137393.1666666667,0.730058100254662,-15780.583333333334,0.11243487341752754,0.37
LL,K5,0.049998,0.13512972972972973,1138157.6666666667,0.7299208750232214,-15016.083333333334,0.11229764818608694,0.37
LL,K5,0.054998,0.14864324324324324,1139353.0,0.7291137513166229,-13820.75,0.11149052447948836,0.37
LL,K5,0.060498,0.16350810810810812,1140998.75,0.7194813788013632,-12175.0,0.1018581519642287,0.37
LL,K5,0.066548,0.17985945945945944,1142908.25,0.7233005354138223,-10265.5,0.10567730857668783,0.37
LL,K5,0.073203,0.19784594594594596,1145406.3333333333,0.7209348501369116,-7767.416666666667,0.103311623299777,0.37
LL,K5,0.080523,0.21762972972972972,1148186.0833333333,0.7175410981283351,-4987.666666666667,0.09991787129120056,0.37
LL,K5,0.088575,0.2393918918918919,1150797.4166666667,0.7121903466736947,-2376.3333333333335,0.09456711983656028,0.37
LL,K5,0.097433,0.26333243243243243,1153781.4166666667,0.7074168302239862,607.6666666666666,0.0897936033868515,0.37
LL,K5,0.107176,0.28966486486486487,1157148.6666666667,0.701754825441221,3974.9166666666665,0.08413159860408669,0.37
LL,K5,0.117893,0.31862972972972975,1160277.8333333333,0.7008138927894866,7104.083333333333,0.08319066595235218,0.37
LL,K5,0.129683,0.3504945945945946,1163601.0,0.6978330611394767,10427.25,0.08020983430234228,0.37
LL,K5,0.142651,0.38554324324324324,1167200.75,0.6881786518499148,14027.0,0.07055542501278024,0.37
LL,K5,0.156916,0.4240972972972973,1169965.1666666667,0.6922462938525813,16791.416666666668,0.0746230670154467,0.37
LL,K5,0.172608,0.46650810810810817,1172627.4166666667,0.6872700305653409,19453.666666666668,0.06964680372820635,0.37
LL,K5,0.189868,0.5131567567567568,1174372.1666666667,0.6884910687154706,21198.416666666668,0.07086784187833613,0.37
LL,K5,0.208855,0.564472972972973,1176531.1666666667,0.6864546413387127,23357.416666666668,0.06883141450157816,0.37
LL,K5,0.229741,0.6209216216216217,1176737.8333333333,0.6817710627634064,23564.083333333332,0.06414783592627184,0.37
LL,K5,0.252715,0.6830135135135136,1176792.25,0.6774928859927316,23618.5,0.059869659155596965,0.37
LL,K5,0.277986,0.7513135135135135,1176827.6666666667,0.6717394034464848,23653.916666666668,0.05411617660935022,0.37
LL,K5,0.305785,0.8264459459459459,1175363.5,0.6579723868674067,22189.75,0.04034916003027211,0.37
LL,K5,0.336364,0.9090918918918919,1173663.75,0.6419438130734686,20490.0,0.024320586236333975,0.37
LL,K5,0.37,1.0,1153173.75,0.6176232268371344,0.0,0.0,0.37
LL,K5,0.407,1.0999999999999999,1156409.9166666667,0.5845193743775766,3236.1666666666665,-0.033103852459557874,0.37
LL,K5,0.4477,1.21,1156970.4166666667,0.5772511784939849,3796.6666666666665,-0.040372048343149634,0.37
LL,K5,0.49247,1.331,1158669.4166666667,0.582767409899791,5495.666666666667,-0.034855816937343416,0.37
LL,K5,0.541717,1.4641,1158374.5833333333,0.5793199035506592,5200.833333333333,-0.03830332328647537,0.37
LL,K5,0.595889,1.6105108108108108,1150886.4166666667,0.5722052748666496,-2287.3333333333335,-0.04541795197048475,0.37
LL,K5,0.655478,1.7715621621621622,1139874.5833333333,0.6035238908332462,-13299.166666666666,-0.014099336003888305,0.37
LL,K5,0.721025,1.9487162162162164,1131030.25,0.6653061793993839,-22143.5,0.04768295256224938,0.37
LL,K5,0.793128,2.143589189189189,1121268.4166666667,0.7476705316411997,-31905.333333333332,0.13004730480406507,0.37
LL,K5,0.872441,2.357948648648649,1111503.5833333333,0.7404705939253953,-41670.166666666664,0.12284736708826076,0.37
LL,K5,0.959685,2.5937432432432432,1060175.5833333333,0.719927193199295,-92998.16666666667,0.10230396636216038,0.37
LL,K5,1.055653,2.853116216216216,1055106.0833333333,0.7204303784344385,-98067.66666666667,0.1028071515973041,0.37
LL,K5,1.161218,3.1384270270270274,1045119.1666666666,0.7616212693718735,-108054.58333333333,0.14399804253473894,0.37
LL,K5,1.27734,3.45227027027027,1044569.75,0.7799686034266992,-108604.0,0.1623453765895647,0.37
LL,K5,1.405074,3.7974972972972973,1044347.0833333334,0.7932722855078653,-108826.66666666667,0.17564905867073075,0.37
LL,K5,1.545582,4.177248648648649,1044164.25,0.8022620114118167,-109009.5,0.18463878457468227,0.37
LL,K5,1.70014,4.594972972972973,1044018.5833333334,0.807604829230235,-109155.16666666667,0.18998160239310055,0.37
LL,K5,1.870154,5.05447027027027,1043918.75,0.8120329251604317,-109255.0,0.1944096983232971,0.37
LL,K5,2.057169,5.559916216216217,1043984.8333333334,0.8141668230393552,-109188.91666666667,0.1965435962022207,0.37
LL,K5,2.262886,6.115908108108108,1043956.9166666666,0.8170590529435122,-109216.83333333333,0.19943582610637786,0.37
LL,K5,2.489175,6.7275,1043929.0,0.8179653008890956,-109244.75,0.20034207405196103,0.37
LL,K5,2.738092,7.400248648648649,1043901.0833333334,0.8194071784969527,-109272.66666666667,0.20178395165981802,0.37
LL,K5,3.011902,8.140275675675676,1040138.3333333334,0.8202882674862385,-113035.41666666667,0.20266504064910407,0.37
LL,K5,3.313092,8.954302702702703,1043873.1666666666,0.8210723164652075,-109300.58333333333,0.20344908962807307,0.37
LL,K5,3.644401,9.849732432432432,1040079.5,0.82023688389893,-113094.25,0.20261365706179557,0.37
LL,k5,0.016153,0.10152734129478316,1171240.25,0.6214321774169872,10502.833333333334,0.0023940308494017717,0.1591
LL,k5,0.017768,0.1116781898177247,1171240.25,0.6197950380272915,10502.833333333334,0.000756891459706116,0.1591
LL,k5,0.019545,0.1228472658705217,1171240.25,0.6208489129045008,10502.833333333334,0.0018107663369154499,0.1591
LL,k5,0.021499,0.13512884978001258,1171240.25,0.6209844025716583,10502.833333333334,0.0019462560040729715,0.1591
LL,k5,0.023649,0.1486423632935261,1171240.25,0.6209352684300696,10502.833333333334,0.001897121862484243,0.1591
LL,k5,0.026014,0.16350722815839094,1171240.25,0.6209583944533869,10502.833333333334,0.0019202478858013905,0.1591
LL,k5,0.028616,0.1798617221873036,1171240.25,0.6213824646496205,10502.833333333334,0.002344318082035085,0.1591
LL,k5,0.031477,0.1978441231929604,1171240.25,0.620020990294381,10502.833333333334,0.0009828437267954775,0.1591
LL,k5,0.034625,0.21763042111879324,1171240.25,0.620498284648144,10502.833333333334,0.0014601380805586244,0.1591
LL,k5,0.038087,0.23939032055311127,1171240.25,0.6206806202919912,10502.833333333334,0.001642473724405726,0.1591
LL,k5,0.041896,0.2633312382149592,1171240.25,0.6201543757766915,10502.833333333334,0.0011162292091061177,0.1591
LL,k5,0.046086,0.2896668761785041,1171240.25,0.6196552023209968,10502.833333333334,0.000617055753411283,0.1591
LL,k5,0.050694,0.318629792583281,1171240.25,0.6204329390336777,10502.833333333334,0.0013947924660922633,0.1591
LL,k5,0.055764,0.35049654305468264,1171240.25,0.620214263597168,10502.833333333334,0.0011761170295825814,0.1591
LL,k5,0.06134,0.38554368321810184,1166105.6666666667,0.6199469506983326,5368.25,0.0009088041307471947,0.1591
LL,k5,0.067474,0.4240980515399121,1171240.25,0.6186454890849405,10502.833333333334,-0.0003926574826449332,0.1591
LL,k5,0.074221,0.46650534255185416,1171240.25,0.6199565096322479,10502.833333333334,0.000918363064662466,0.1591
LL,k5,0.081643,0.5131552482715274,1171240.25,0.6206427394527982,10502.833333333334,0.001604592885212817,0.1591
LL,k5,0.089808,0.5644751728472659,1171240.25,0.62075867595263,10502.833333333334,0.0017205293850445318,0.1591
LL,k5,0.098789,0.620923947203017,1171240.25,0.6202458851187187,10502.833333333334,0.0012077385511332361,0.1591
LL,k5,0.108667,0.6830106851037084,1171240.25,0.6208183722248442,10502.833333333334,0.0017802256572586699,0.1591
LL,k5,0.119534,0.751313639220616,1171240.25,0.6216018996973453,10502.833333333334,0.002563753129759825,0.1591
LL,k5,0.131488,0.8264487743557511,1171240.25,0.621294593944397,10502.833333333334,0.002256447376811586,0.1591
LL,k5,0.144636,0.9090886235072281,1171240.25,0.6196844670609146,10502.833333333334,0.0006463204933291981,0.1591
LL,k5,0.1591,1.0,1160737.4166666667,0.6190381465675854,0.0,0.0,0.1591
LL,k5,0.17501,1.1,1166105.6666666667,0.6199962974597039,5368.25,0.0009581508921184256,0.1591
LL,k5,0.192511,1.21,1171240.25,0.6221636522479472,10502.833333333334,0.0031255056803617862,0.1591
LL,k5,0.211762,1.3309993714644879,1171240.25,0.6217084985128492,10502.833333333334,0.0026703519452637068,0.1591
LL,k5,0.232938,1.464098051539912,1171240.25,0.6222742558812355,10502.833333333334,0.003236109313650065,0.1591
LL,k5,0.256232,1.610509113764928,1171240.25,0.6222540988122289,10502.833333333334,0.003215952244643503,0.1591
LL,k5,0.281855,1.7715587680703961,1171240.25,0.6220414423081414,10502.833333333334,0.0030032957405559946,0.1591
LL,k5,0.310041,1.948717787554997,1171240.25,0.6209305637633694,10502.833333333334,0.0018924171957838964,0.1591
LL,k5,0.341045,2.143588937774984,1171240.25,0.6200825139145626,10502.833333333334,0.001044367346977132,0.1591
LL,k5,0.375149,2.357944688874922,1171240.25,0.6202940506935977,10502.833333333334,0.0012559041260122028,0.1591
LL,k5,0.412664,2.5937397862979257,1171240.25,0.6203027201033965,10502.833333333334,0.001264573535811007,0.1591
LL,k5,0.453931,2.853117536140792,1171240.25,0.6205374238935668,10502.833333333334,0.001499277325981328,0.1591
LL,k5,0.499324,3.138428661219359,1171240.25,0.619996212361127,10502.833333333334,0.000958065793541546,0.1591
LL,k5,0.549256,3.452269013199246,1171240.25,0.6206461720497233,10502.833333333334,0.0016080254821378888,0.1591
LL,k5,0.604182,3.7974984286612194,1171240.25,0.6203611752420369,10502.833333333334,0.0013230286744514892,0.1591
LL,k5,0.6646,4.1772470144563165,1160737.4166666667,0.6174366288564611,0.0,-0.0016015177111242858,0.1591
LL,k5,0.73106,4.594971715901949,1166105.6666666667,0.6195878896267788,5368.25,0.0005497430591933083,0.1591
LL,k5,0.804166,5.054468887492144,1171240.25,0.620245873613981,10502.833333333334,0.001207727046395592,0.1591
LL,k5,0.884583,5.559918290383407,1171240.25,0.620584019054269,10502.833333333334,0.0015458724866836138,0.1591
LL,k5,0.973041,6.115908233815211,1171240.25,0.6197703709115734,10502.833333333334,0.000732224343987925,0.1591
LL,k5,1.070345,6.72749842866122,1166103.4166666667,0.619994897383755,5366.0,0.0009567508161695271,0.1591
LL,k5,1.17738,7.400251414204903,1166103.4166666667,0.6199631260636019,5366.0,0.0009249794960165351,0.1591
LL,k5,1.295118,8.140276555625393,1166103.4166666667,0.621888304363066,5366.0,0.0028501577954804977,0.1591
LL,k5,1.42463,8.954305468258957,1166103.4166666667,0.6197011536472108,5366.0,0.0006630070796253551,0.1591
LL,k5,1.567092,9.849729729729729,1166103.4166666667,0.6201541060617528,5366.0,0.0011159594941673734,0.1591
LL,g1,0.000102,0.102,1171224.4166666667,0.6205233282973698,13182.5,0.006482508323945461,0.001
LL,g1,0.000112,0.112,1171224.4166666667,0.6207826551230168,13182.5,0.006741835149592461,0.001
LL,g1,0.000123,0.12300000000000001,1171224.4166666667,0.6207795692972776,13182.5,0.006738749323853359,0.001
LL,g1,0.000135,0.135,1171224.4166666667,0.6206103904467467,13182.5,0.006569570473322424,0.001
LL,g1,0.000149,0.149,1171224.4166666667,0.6199563726881103,13182.5,0.005915552714686023,0.001
LL,g1,0.000164,0.164,1171224.4166666667,0.6200592589398112,13182.5,0.0060184389663868005,0.001
LL,g1,0.00018,0.18000000000000002,1166954.25,0.6176599404339432,8912.333333333334,0.0036191204605188765,0.001
LL,g1,0.000198,0.19799999999999998,1171224.4166666667,0.6204171744873208,13182.5,0.006376354513896491,0.001
LL,g1,0.000218,0.218,1171224.4166666667,0.6207468998530662,13182.5,0.006706079879641835,0.001
LL,g1,0.000239,0.239,1171224.4166666667,0.620668517471775,13182.5,0.006627697498350682,0.001
LL,g1,0.000263,0.263,1171224.4166666667,0.6205758004516713,13182.5,0.006534980478247003,0.001
LL,g1,0.00029,0.29,1166954.25,0.6177504632788748,8912.333333333334,0.00370964330545052,0.001
LL,g1,0.000319,0.319,1171224.4166666667,0.6205241399026575,13182.5,0.006483319929233233,0.001
LL,g1,0.00035,0.35,1166954.25,0.6176668217875405,8912.333333333334,0.0036260018141162273,0.001
LL,g1,0.000386,0.386,1171224.4166666667,0.6203291417070075,13182.5,0.006288321733583273,0.001
LL,g1,0.000424,0.424,1171224.4166666667,0.6195386057216697,13182.5,0.005497785748245517,0.001
LL,g1,0.000467,0.467,1171224.4166666667,0.6192419271464509,13182.5,0.005201107173026649,0.001
LL,g1,0.000513,0.513,1171224.4166666667,0.6205619246785979,13182.5,0.006521104705173586,0.001
LL,g1,0.000564,0.5640000000000001,1171224.4166666667,0.6199438159006238,13182.5,0.0059029959271994685,0.001
LL,g1,0.000621,0.621,1171224.4166666667,0.620483503482875,13182.5,0.006442683509450597,0.001
LL,g1,0.000683,0.683,1171224.4166666667,0.6202002659487776,13182.5,0.006159445975353339,0.001
LL,g1,0.000751,0.751,1171224.4166666667,0.6198197951555328,13182.5,0.005778975182108552,0.001
LL,g1,0.000826,0.826,1171224.4166666667,0.6204509809206832,13182.5,0.0064101609472588805,0.001
LL,g1,0.000909,0.9089999999999999,1171224.4166666667,0.620099164427844,13182.5,0.006058344454419662,0.001
LL,g1,0.001,1.0,1158041.9166666667,0.6140408199734243,0.0,0.0,0.001
LL,g1,0.0011,1.1,1160713.9166666667,0.618822217981215,2672.0,0.004781398007790705,0.001
LL,g1,0.00121,1.21,1166954.25,0.6183245318977622,8912.333333333334,0.004283711924337834,0.001
LL,g1,0.001331,1.331,1171224.4166666667,0.6210210610813597,13182.5,0.006980241107935363,0.001
LL,g1,0.001464,1.464,1171224.4166666667,0.6196665104093158,13182.5,0.005625690435891413,0.001
LL,g1,0.001611,1.611,1171224.4166666667,0.6208344743940256,13182.5,0.006793654420601296,0.001
LL,g1,0.001772,1.7719999999999998,1171224.4166666667,0.6198087072818619,13182.5,0.005767887308437636,0.001
LL,g1,0.001949,1.9489999999999998,1171224.4166666667,0.620167180263206,13182.5,0.006126360289781807,0.001
LL,g1,0.002144,2.144,1171224.4166666667,0.6202561526430483,13182.5,0.006215332669623985,0.001
LL,g1,0.002358,2.3579999999999997,1171224.4166666667,0.6210490168106736,13182.5,0.0070081968372493475,0.001
LL,g1,0.002594,2.594,1171224.4166666667,0.6205749569002963,13182.5,0.0065341369268719736,0.001
LL,g1,0.002853,2.853,1171224.4166666667,0.6209914629650334,13182.5,0.006950642991609006,0.001
LL,g1,0.003138,3.138,1171224.4166666667,0.6208619171742705,13182.5,0.0068210972008462085,0.001
LL,g1,0.003452,3.452,1171224.4166666667,0.6201651739615248,13182.5,0.00612435398810048,0.001
LL,g1,0.003798,3.798,1171224.4166666667,0.6199248434291756,13182.5,0.005884023455751379,0.001
LL,g1,0.004177,4.1770000000000005,1171224.4166666667,0.6191388312316315,13182.5,0.005098011258207173,0.001
LL,g1,0.004595,4.595,1171224.4166666667,0.6197660804333672,13182.5,0.005725260459942945,0.001
LL,g1,0.005054,5.054,1171224.4166666667,0.6201725870867568,13182.5,0.006131767113332576,0.001
LL,g1,0.00556,5.56,1166954.25,0.6177579772607146,8912.333333333334,0.003717157287290218,0.001
LL,g1,0.006116,6.116,1171224.4166666667,0.6205842954815367,13182.5,0.006543475508112444,0.001
LL,g1,0.006727,6.727,1171224.4166666667,0.619646186060583,13182.5,0.005605366087158614,0.001
LL,g1,0.0074,7.4,1160713.9166666667,0.6173203480822679,2672.0,0.0032795281088436137,0.001
LL,g1,0.00814,8.139999999999999,1166954.25,0.6174037618932796,8912.333333333334,0.0033629419198552926,0.001
LL,g1,0.008954,8.954,1171224.4166666667,0.620148203602186,13182.5,0.006107383628761749,0.001
LL,g1,0.00985,9.85,1166954.25,0.6176503265381422,8912.333333333334,0.0036095065647178495,0.001
LL,dg2,0.129973,0.10152538427529405,1174494.5833333333,0.6223696364821745,9315.583333333334,0.003121002982944062,1.280202
LL,dg2,0.142971,0.11167846949153336,1174494.5833333333,0.6215036676662495,9315.583333333334,0.002255034167019221,1.280202
LL,dg2,0.157268,0.12284623832801385,1174494.5833333333,0.6220094650214453,9315.583333333334,0.002760831522214948,1.280202
LL,dg2,0.172994,0.1351302372594325,1174494.5833333333,0.6216251575355499,9315.583333333334,0.0023765240363196327,1.280202
LL,dg2,0.190294,0.1486437296614128,1174494.5833333333,0.6221437765340888,9315.583333333334,0.0028951430348585308,1.280202
LL,dg2,0.209323,0.1635077901768627,1174494.5833333333,0.6226080448921868,9315.583333333334,0.003359411392956498,1.280202
LL,dg2,0.230256,0.17985911598325888,1174494.5833333333,0.6227838750949916,9315.583333333334,0.0035352415957613146,1.280202
LL,dg2,0.253281,0.1978445589055477,1174494.5833333333,0.6230792995280977,9315.583333333334,0.0038306660288674466,1.280202
LL,dg2,0.278609,0.21762893668342964,1174494.5833333333,0.621526247118083,9315.583333333334,0.002277613618852592,1.280202
LL,dg2,0.30647,0.23939190846444547,1169494.0833333333,0.6176063990274133,4315.083333333333,-0.0016422344718169484,1.280202
LL,dg2,0.337117,0.26333109931089,1174494.5833333333,0.6217822883601208,9315.583333333334,0.002533654860890485,1.280202
LL,dg2,0.370829,0.28966444357999754,1174494.5833333333,0.6214297474117118,9315.583333333334,0.002181113912481473,1.280202
LL,dg2,0.407912,0.3186309660506701,1174494.5833333333,0.6203333389636664,9315.583333333334,0.0010847054644360459,1.280202
LL,dg2,0.448703,0.35049390643039147,1174494.5833333333,0.6195670815025118,9315.583333333334,0.0003184480032814944,1.280202
LL,dg2,0.493573,0.38554306273541206,1174494.5833333333,0.6208570397074967,9315.583333333334,0.0016084062082665034,1.280202
LL,dg2,0.542931,0.4240979157976632,1174494.5833333333,0.6217665691524313,9315.583333333334,0.0025179356532009276,1.280202
LL,dg2,0.597224,0.46650762926475664,1174494.5833333333,0.6216968581299965,9315.583333333334,0.002448224630766336,1.280202
LL,dg2,0.656946,0.513158079740541,1174494.5833333333,0.6213915633654145,9315.583333333334,0.002142929866184242,1.280202
LL,dg2,0.722641,0.5644742001652864,1174494.5833333333,0.6214695549718084,9315.583333333334,0.002220921472578139,1.280202
LL,dg2,0.794905,0.6209215420691422,1174494.5833333333,0.6202152824556274,9315.583333333334,0.0009666489563970778,1.280202
LL,dg2,0.874395,0.6830133057126923,1174494.5833333333,0.620634896985471,9315.583333333334,0.0013862634862406482,1.280202
LL,dg2,0.961835,0.7513150268473257,1174494.5833333333,0.6221192232484654,9315.583333333334,0.0028705897492350882,1.280202
LL,dg2,1.058018,0.8264461389686939,1169519.0833333333,0.6191974748763759,4340.083333333333,-5.115862285437478e-05,1.280202
LL,dg2,1.16382,0.9090909090909091,1169519.0833333333,0.619701717812618,4340.083333333333,0.00045308431338766014,1.280202
LL,dg2,1.280202,1.0,1165179.0,0.6192486334992302,0.0,0.0,1.280202
LL,dg2,1.408222,1.0999998437746543,1169519.0833333333,0.6185192707960304,4340.083333333333,-0.0007293627031998336,1.280202
LL,dg2,1.549044,1.209999671926774,1169519.0833333333,0.6180608258777751,4340.083333333333,-0.001187807621455252,1.280202
LL,dg2,1.703949,1.3310001077954885,1169519.0833333333,0.6182618668519922,4340.083333333333,-0.000986766647238152,1.280202
LL,dg2,1.874344,1.46410019668771,1169519.0833333333,0.6175515306467226,4340.083333333333,-0.001697102852507663,1.280202
LL,dg2,2.061778,1.6105099039057897,1169643.25,0.6187988978256399,4464.25,-0.00044973567359040306,1.280202
LL,dg2,2.267956,1.7715610505217143,1169643.25,0.6190588806995206,4464.25,-0.00018975279970971184,1.280202
LL,dg2,2.494752,1.9487174680245773,1169643.25,0.6173135212096982,4464.25,-0.001935112289532211,1.280202
LL,dg2,2.744227,2.1435890586016892,1169643.25,0.6173436602257367,4464.25,-0.0019049732734935747,1.280202
LL,dg2,3.018649,2.3579474176731483,1169643.25,0.6190675874052488,4464.25,-0.00018104609398148877,1.280202
LL,dg2,3.320514,2.593742237553136,1169643.25,0.6196590827997819,4464.25,0.00041044930055156303,1.280202
LL,dg2,3.652566,2.8531169299844867,1169643.25,0.6191416711774739,4464.25,-0.00010696232175650781,1.280202
LL,dg2,4.017822,3.138428154306898,1168837.75,0.6172321092706207,3658.75,-0.0020165242286097154,1.280202
LL,dg2,4.419605,3.4522715946389706,1164500.0833333333,0.6163514535363165,-678.9166666666666,-0.0028971799629137853,1.280202
LL,dg2,4.861565,3.7974983635395034,1168838.0833333333,0.617714635565234,3659.0833333333335,-0.001533997933996445,1.280202
LL,dg2,5.347721,4.1772478093300895,1169643.5833333333,0.617400005511365,4464.583333333333,-0.0018486279878654477,1.280202
LL,dg2,5.882494,4.594973293277155,1169643.25,0.6188408207397135,4464.25,-0.0004078127595168457,1.280202
LL,dg2,6.470743,5.054470310154178,1169494.0833333333,0.6158187937810619,4315.083333333333,-0.0034298397181683946,1.280202
LL,dg2,7.117817,5.559917106831578,1169312.1666666667,0.6178504368367084,4133.166666666667,-0.001398196662522,1.280202
LL,dg2,7.829599,6.115909051852754,1164960.0,0.6175563114186334,-219.0,-0.0016923220805969603,1.280202
LL,dg2,8.612559,6.727500035150702,1169583.5833333333,0.6193100729075499,4404.583333333333,6.143940831954131e-05,1.280202
LL,dg2,9.473815,7.400250116778445,1169553.75,0.6172659881397277,4374.75,-0.001982645359502664,1.280202
LL,dg2,10.421196,8.140274737892925,1169519.0833333333,0.6189193558958218,4340.083333333333,-0.0003292776034085713,1.280202
LL,dg2,11.463316,8.95430252413291,1169519.0833333333,0.6188399221633986,4340.083333333333,-0.00040871133583168334,1.280202
LL,dg2,12.609647,9.849732307870164,1169519.0833333333,0.6193949020041377,4340.083333333333,0.00014626850490736162,1.280202
LL,p3,0.062357,0.10152556170628461,1167430.0833333333,0.6027264138577443,6576.333333333333,-0.015722011381452683,0.6142
LL,p3,0.068593,0.11167860631716055,1167414.1666666667,0.6027836872837982,6560.416666666667,-0.015664737955398772,0.6142
LL,p3,0.075452,0.12284597850862912,1167495.0,0.6018057845411208,6641.25,-0.016642640698076222,0.6142
LL,p3,0.082997,0.13513025073266038,1167535.0,0.6038044933273798,6681.25,-0.014643931911817084,0.6142
LL,p3,0.091297,0.1486437642461739,1167519.9166666667,0.6041499593295944,6666.166666666667,-0.014298465909602561,0.6142
LL,p3,0.100427,0.16350862911103875,1167495.5,0.6036085766807924,6641.75,-0.014839848558404664,0.6142
LL,p3,0.110469,0.17985835232823186,1167553.8333333333,0.6045148675043744,6700.083333333333,-0.013933557734822521,0.6142
LL,p3,0.121516,0.19784435037447087,1167560.3333333333,0.6062228144404467,6706.583333333333,-0.012225610798750258,0.6142
LL,p3,0.133668,0.21762943666558127,1167616.9166666667,0.6054885565547097,6763.166666666667,-0.012959868684487258,0.6142
LL,p3,0.147035,0.23939270595897102,1167711.9166666667,0.6032900136032912,6858.166666666667,-0.015158411635905755,0.6142
LL,p3,0.161738,0.263331162487789,1167759.4166666667,0.605020042151785,6905.666666666667,-0.013428383087412019,0.6142
LL,p3,0.177912,0.2896646043633995,1167841.9166666667,0.6040483956850556,6988.166666666667,-0.014400029554141344,0.6142
LL,p3,0.195703,0.31863073917290785,1167964.5,0.605010009324562,7110.75,-0.013438415914635135,0.6142
LL,p3,0.215273,0.35049332464995114,1168156.5,0.6060923577702216,7302.75,-0.012356067468975404,0.6142
LL,p3,0.236801,0.3855437968088571,1168226.3333333333,0.6071305862351405,7372.583333333333,-0.01131783900405651,0.6142
LL,p3,0.260481,0.424098013676327,1168356.75,0.6051038562630033,7503.0,-0.013344568976193544,0.6142
LL,p3,0.286529,0.4665076522305438,1168579.25,0.607870090244082,7725.5,-0.010578334995114977,0.6142
LL,p3,0.315182,0.5131585802670141,1168903.1666666667,0.6071298165339033,8049.416666666667,-0.011318608705293618,0.6142
LL,p3,0.3467,0.5644741126668837,1158908.1666666667,0.5963561923963935,-1945.5833333333333,-0.022092232842803563,0.6142
LL,p3,0.38137,0.6209215239335721,1165112.0,0.606070228495998,4258.25,-0.012378196743198991,0.6142
LL,p3,0.419507,0.6830136763269294,1169716.75,0.6092320433873057,8863.0,-0.009216381851891211,0.6142
LL,p3,0.461458,0.7513155323998697,1170043.6666666667,0.6121040193656876,9189.916666666666,-0.006344405873509466,0.6142
LL,p3,0.507603,0.8264457831325303,1170411.9166666667,0.6146486497033803,9558.166666666666,-0.0037997755358166276,0.6142
LL,p3,0.558364,0.909091501139694,1170869.5,0.6171783027417835,10015.75,-0.001270122497413484,0.6142
LL,p3,0.6142,1.0,1160853.75,0.618448425239197,0.0,0.0,0.6142
LL,p3,0.67562,1.1,1167431.5833333333,0.6206969752579186,6577.833333333333,0.0022485500187216234,0.6142
LL,p3,0.743182,1.2100000000000002,1172020.8333333333,0.6243274972491514,11167.083333333334,0.005879072009954476,0.6142
LL,p3,0.8175,1.3309996743731685,1161965.1666666667,0.6221928859650827,1111.4166666666667,0.003744460725885773,0.6142
LL,p3,0.89925,1.4640996418104852,1168785.3333333333,0.6310885061493109,7931.583333333333,0.012640080910113982,0.6142
LL,p3,0.989175,1.6105096059915338,1173754.5,0.6342282233174587,12900.75,0.01577979807826173,0.6142
LL,p3,1.088093,1.7715613806577664,1170039.5833333333,0.6361304443318914,9185.833333333334,0.017682019092694328,0.6142
LL,p3,1.196902,1.9487170302832952,1164305.6666666667,0.6422762087481835,3451.9166666666665,0.0238277835089865,0.6142
LL,p3,1.316592,2.1435884076847933,1171029.5833333333,0.6413262769798743,10175.833333333334,0.02287785174067747,0.6142
LL,p3,1.448251,2.357946922826441,1171431.5833333333,0.6419758874873293,10577.833333333334,0.023527462248132253,0.6142
LL,p3,1.593077,2.5937430804298276,1171887.6666666667,0.6456210838458292,11033.916666666666,0.02717265860663225,0.6142
LL,p3,1.752384,2.8531162487788992,1172362.0833333333,0.646741984599985,11508.333333333334,0.028293559360788128,0.6142
LL,p3,1.927623,3.1384288505372844,1172646.6666666667,0.6485566378316837,11792.916666666666,0.030108212592486777,0.6142
LL,p3,2.120385,3.4522712471507657,1172991.5,0.6506451278199518,12137.75,0.03219670258075474,0.6142
LL,p3,2.332423,3.7974975577987626,1173219.25,0.6461722913386537,12365.5,0.027723866099456623,0.6142
LL,p3,2.565666,4.17724845327255,1173640.0833333333,0.6522232205040259,12786.333333333334,0.03377479526482894,0.6142
LL,p3,2.822232,4.59497232171931,1173811.1666666667,0.6541336956909704,12957.416666666666,0.035685270451773325,0.6142
LL,p3,3.104456,5.054470856398567,1174011.0833333333,0.6528488208056203,13157.333333333334,0.03440039556642332,0.6142
LL,p3,3.414901,5.559916965157929,1167835.75,0.654859765543336,6982.0,0.03641134030413911,0.6142
LL,p3,3.756391,6.115908498860306,1174254.3333333333,0.654016672098172,13400.583333333334,0.03556824685897495,0.6142
LL,p3,4.13203,6.727499185932921,1173539.0833333333,0.6544614068626029,12685.333333333334,0.036012981623405854,0.6142
LL,p3,4.545234,7.400250732660371,1173357.0,0.6508437403412127,12503.25,0.0323953151020157,0.6142
LL,p3,4.999757,8.140275154672745,1173544.6666666667,0.6526727468111003,12690.916666666666,0.034224321571903436,0.6142
LL,p3,5.499733,8.954303158580267,1174292.0,0.6530836645659682,13438.25,0.034635239326771206,0.6142
LL,p3,6.049706,9.849732985998045,1174133.5,0.6528008827517519,13279.75,0.03435245751255492,0.6142
LL,d1,0.079627,0.1015262017085299,1165203.6666666667,0.5665744559772061,4489.75,-0.050786067742021566,0.7843
LL,d1,0.087589,0.11167792936376386,1169210.9166666667,0.6012902406714888,8497.0,-0.016070283047738915,0.7843
LL,d1,0.096348,0.12284584980237155,1172153.8333333333,0.6258528196774575,11439.916666666666,0.008492295958229831,0.7843
LL,d1,0.105983,0.13513068978707127,1174345.4166666667,0.6463386067508551,13631.5,0.028978083031627373,0.7843
LL,d1,0.116581,0.14864337625908455,1176068.8333333333,0.6607065497197211,15354.916666666666,0.04334602600049342,0.7843
LL,d1,0.128239,0.1635075863827617,1177224.25,0.6716342809165048,16510.333333333332,0.05427375719727708,0.7843
LL,d1,0.141063,0.17985847252326914,1177488.4166666667,0.6743045464665834,16774.5,0.05694402274735585,0.7843
LL,d1,0.15517,0.1978452122912151,1173195.4166666667,0.6780412577146446,12481.5,0.06068073399541692,0.7843
LL,d1,0.170687,0.21762973352033663,1177448.9166666667,0.6740796374858983,16735.0,0.056719113766670694,0.7843
LL,d1,0.187755,0.23939181435675125,1177301.1666666667,0.6744580885768404,16587.25,0.05709756485761266,0.7843
LL,d1,0.206531,0.2633316333035828,1177057.3333333333,0.6749372442466899,16343.416666666666,0.05757672052746208,0.7843
LL,d1,0.227184,0.2896646691317098,1177120.75,0.6757361061778351,16406.833333333332,0.05837558245860749,0.7843
LL,d1,0.249902,0.31863062603595566,1176979.0,0.676155201070065,16265.083333333334,0.058794677350837155,0.7843
LL,d1,0.274892,0.35049343363508867,1176941.4166666667,0.6762723444648854,16227.5,0.05891182074565752,0.7843
LL,d1,0.302382,0.38554379701644775,1176801.25,0.6772127779588378,16087.333333333334,0.059852254239610124,0.7843
LL,d1,0.33262,0.42409792171363003,1172439.1666666667,0.6802383180269914,11725.25,0.0628777943077637,0.7843
LL,d1,0.365882,0.46650771388499296,1176742.75,0.6765429458789339,16028.833333333334,0.05918242215970628,0.7843
LL,d1,0.40247,0.5131582302690297,1172294.75,0.6701125380160313,11580.833333333334,0.052752014296803575,0.7843
LL,d1,0.442717,0.5644740532959327,1175961.4166666667,0.6651672721198582,15247.5,0.04780674840063039,0.7843
LL,d1,0.486989,0.6209218411322198,1175434.8333333333,0.6607420199569037,14720.916666666666,0.043381496237675975,0.7843
LL,d1,0.535687,0.6830128777253602,1174523.75,0.6515038520715559,13809.833333333334,0.03414332835232812,0.7843
LL,d1,0.589256,0.7513145480045901,1173865.0833333333,0.6493216473485979,13151.166666666666,0.0319611236293702,0.7843
LL,d1,0.648182,0.8264465128139743,1173000.1666666667,0.6400082537919871,12286.25,0.022647730072759414,0.7843
LL,d1,0.713,0.9090909090909091,1158856.0,0.6268998872135229,-1857.9166666666667,0.009539363494295147,0.7843
LL,d1,0.7843,1.0,1160713.9166666667,0.6173605237192277,0.0,0.0,0.7843
LL,d1,0.86273,1.1,1166132.9166666667,0.6071553553130387,5419.0,-0.010205168406189078,0.7843
LL,d1,0.949003,1.21,1169376.8333333333,0.6009887073435135,8662.916666666666,-0.016371816375714204,0.7843
LL,d1,1.043903,1.330999617493306,1157971.5,0.5905610450602427,-2742.4166666666665,-0.026799478658985104,0.7843
LL,d1,1.148294,1.4641004717582558,1162338.5,0.5962903361329627,1624.5833333333333,-0.02107018758626498,0.7843
LL,d1,1.263123,1.6105100089251563,1160402.1666666667,0.600006959952061,-311.75,-0.017353563767166735,0.7843
LL,d1,1.389435,1.7715606273109779,1157800.3333333333,0.5950493988559766,-2913.5833333333335,-0.02231112486325107,0.7843
LL,d1,1.528379,1.9487173275532321,1154582.5833333333,0.592784375678013,-6131.333333333333,-0.024576148041214736,0.7843
LL,d1,1.681217,2.1435891878107864,1150224.9166666667,0.5866762827187633,-10489.0,-0.030684241000464418,0.7843
LL,d1,1.849338,2.3579472140762463,1144229.0,0.5918274605632018,-16484.916666666668,-0.025533063156025826,0.7843
LL,d1,2.034272,2.5937421904883338,1135350.8333333333,0.6129618308768284,-25363.083333333332,-0.004398692842399281,0.7843
LL,d1,2.237699,2.8531161545327044,1124090.4166666667,0.6734382371149517,-36623.5,0.05607771339572396,0.7843
LL,d1,2.461469,3.138427897488206,1117634.75,0.7517691496645602,-43079.166666666664,0.1344086259453325,0.7843
LL,d1,2.707616,3.452270814739258,1058986.0,0.7328864803997197,-101727.91666666667,0.11552595668049193,0.7843
LL,d1,2.978378,3.7974984062221093,1046833.4166666666,0.7622563789498366,-113880.5,0.14489585523060874,0.7843
LL,d1,3.276216,4.177248501848782,1045319.75,0.8115204117924154,-115394.16666666667,0.19415988807318765,0.7843
LL,d1,3.603837,4.594972587020273,1044783.75,0.8262258016868996,-115930.16666666667,0.208865277967672,0.7843
LL,d1,3.964221,5.054470228228994,1044700.25,0.8308735690096632,-116013.66666666667,0.21351304529043555,0.7843
LL,d1,4.360643,5.559917123549662,1043822.75,0.8312436046073556,-116891.16666666667,0.21388308088812794,0.7843
LL,d1,4.796707,6.115908453397934,1043688.5833333334,0.8323879622178433,-117025.33333333333,0.2150274384986156,0.7843
LL,d1,5.276378,6.727499681244422,1044544.25,0.8315132324229522,-116169.66666666667,0.21415270870372446,0.7843
LL,d1,5.804016,7.400249904373326,1044628.25,0.8317002513066072,-116085.66666666667,0.21433972758737954,0.7843
LL,d1,6.384418,8.140275404819585,944309.8333333334,0.834698056654592,-216404.08333333334,0.21733753293536426,0.7843
LL,d1,7.022859,8.954301925283692,944141.9166666666,0.8356226534191572,-216572.0,0.2182621296999295,0.7843
LL,d1,7.725145,9.849732245314293,944141.9166666666,0.8358300860593624,-216572.0,0.21846956234013462,0.7843
LL,K6,0.050194,0.10152508090614887,1168371.5833333333,0.6047452488057466,7493.25,-0.011936203947198179,0.4944
LL,K6,0.055214,0.11167880258899676,1168384.9166666667,0.6058412074834688,7506.583333333333,-0.010840245269476098,0.4944
LL,K6,0.060735,0.12284587378640777,1168398.3333333333,0.6045256433949241,7520.0,-0.01215580935802083,0.4944
LL,K6,0.066809,0.13513147249190938,1168429.75,0.605141107488757,7551.416666666667,-0.011540345264187735,0.4944
LL,K6,0.073489,0.1486427993527508,1168458.5833333333,0.6042852910268731,7580.25,-0.01239616172607177,0.4944
LL,K6,0.080838,0.16350728155339805,1168452.9166666667,0.6063360721001131,7574.583333333333,-0.010345380652831776,0.4944
LL,K6,0.088922,0.1798584142394822,1168488.5,0.6073493542562097,7610.166666666667,-0.009332098496735186,0.4944
LL,K6,0.097814,0.19784385113268607,1168499.8333333333,0.6064504559023491,7621.5,-0.010230996850595767,0.4944
LL,K6,0.107596,0.2176294498381877,1168555.5833333333,0.6081044950529275,7677.25,-0.00857695770001741,0.4944
LL,K6,0.118355,0.23939118122977346,1168708.3333333333,0.6106995932868098,7830.0,-0.005981859466135169,0.4944
LL,K6,0.130191,0.26333131067961163,1168812.3333333333,0.6111953289555984,7934.0,-0.0054861237973464665,0.4944
LL,K6,0.14321,0.28966423948220066,1163804.9166666667,0.6074192725586084,2926.5833333333335,-0.009262180194336542,0.4944
LL,K6,0.157531,0.31863066343042074,1169034.75,0.6122115889392971,8156.416666666667,-0.0044698638136477465,0.4944
LL,K6,0.173284,0.3504935275080906,1169207.5,0.6128004260368628,8329.166666666666,-0.003881026716082092,0.4944
LL,K6,0.190613,0.3855440938511327,1169396.0833333333,0.6151246661051915,8517.75,-0.0015567866477534387,0.4944
LL,K6,0.209674,0.42409789644012946,1169597.9166666667,0.6165369330861536,8719.583333333334,-0.00014451966679126146,0.4944
LL,K6,0.230641,0.46650687702265375,1169863.4166666667,0.6198846191837435,8985.083333333334,0.0032031664307985894,0.4944
LL,K6,0.253705,0.5131573624595469,1170173.5,0.6217629786490508,9295.166666666666,0.005081525896105961,0.4944
LL,K6,0.279076,0.5644741100323625,1170336.5833333333,0.6229395381369154,9458.25,0.006258085383970528,0.4944
LL,K6,0.306984,0.6209223300970873,1170557.75,0.6242972376026454,9679.416666666666,0.00761578484970063,0.4944
LL,K6,0.337682,0.6830137540453074,1170760.25,0.625360362214958,9881.916666666666,0.008678909462013265,0.4944
LL,K6,0.37145,0.7513147249190939,1165900.6666666667,0.6235698278525047,5022.333333333333,0.0068883750995598165,0.4944
LL,K6,0.408595,0.8264461974110032,1171434.6666666667,0.6238904030840786,10556.333333333334,0.007208950331133723,0.4944
LL,K6,0.449455,0.9090918284789644,1171634.9166666667,0.6213416854600061,10756.583333333334,0.004660232707061239,0.4944
LL,K6,0.4944,1.0,1160878.3333333333,0.6166814527529448,0.0,0.0,0.4944
LL,K6,0.54384,1.0999999999999999,1166450.5,0.616003958927672,5572.166666666667,-0.0006774938252728328,0.4944
LL,K6,0.598224,1.21,1171308.8333333333,0.6132776364084741,10430.5,-0.003403816344470697,0.4944
LL,K6,0.658046,1.3309991909385113,1170709.8333333333,0.6045757325168304,9831.5,-0.01210572023611444,0.4944
LL,K6,0.723851,1.464099919093851,1169909.75,0.5950696308649771,9031.416666666666,-0.021611821887967713,0.4944
LL,K6,0.796236,1.6105097087378641,1168749.0833333333,0.5817330050257886,7870.75,-0.03494844772715622,0.4944
LL,K6,0.87586,1.771561488673139,1161988.0,0.564040431429837,1109.6666666666667,-0.05264102132310789,0.4944
LL,K6,0.963446,1.9487176375404531,1164975.5,0.5515521600223142,4097.166666666667,-0.06512929273063062,0.4944
LL,K6,1.05979,2.1435881877022656,1157040.1666666667,0.5384201384698997,-3838.1666666666665,-0.07826131428304517,0.4944
LL,K6,1.165769,2.357947006472492,1153057.0833333333,0.5296100180747191,-7821.25,-0.08707143467822569,0.4944
LL,K6,1.282346,2.593741909385113,1148044.6666666667,0.5448680741906428,-12833.666666666666,-0.0718133785623021,0.4944
LL,K6,1.410581,2.8531169093851134,1144561.6666666667,0.5835404298692118,-16316.666666666666,-0.03314102288373303,0.4944
LL,K6,1.551639,3.1384283980582524,1137232.1666666667,0.6373724251269317,-23646.166666666668,0.02069097237398689,0.4944
LL,K6,1.706803,3.45227144012945,1115608.4166666667,0.7113584607001445,-45269.916666666664,0.09467700794719976,0.4944
LL,K6,1.877483,3.7974979773462785,1049557.25,0.7710403149488974,-111321.08333333333,0.15435886219595246,0.4944
LL,K6,2.065231,4.177247168284789,1045434.0833333334,0.8113238050988355,-115444.25,0.19464235234589067,0.4944
LL,K6,2.271755,4.594973705501618,1044045.5833333334,0.8284913317331911,-116832.75,0.21180987898024636,0.4944
LL,K6,2.49893,5.054470064724919,1043806.0,0.8311426761268802,-117072.33333333333,0.2144612233739355,0.4944
LL,K6,2.748823,5.55991707119741,1043856.0833333334,0.831651555559599,-117022.25,0.2149701028066541,0.4944
LL,K6,3.023705,6.115908171521036,1043705.6666666666,0.8315548887125787,-117172.66666666667,0.2148734359596339,0.4944
LL,K6,3.326076,6.7275,1043733.5833333334,0.8319735167733184,-117144.75,0.21529206402037357,0.4944
LL,K6,3.658684,7.400250809061489,1018749.6666666666,0.8330288366602784,-142128.66666666666,0.21634738390733355,0.4944
LL,K6,4.024552,8.140275080906148,1017994.25,0.833071593089794,-142884.08333333334,0.2163901403368491,0.4944
LL,K6,4.427007,8.95430218446602,942887.5833333334,0.8354727774414051,-217990.75,0.2187913246884603,0.4944
LL,K6,4.869708,9.849733009708737,942887.5833333334,0.8352235990471689,-217990.75,0.21854214629422408,0.4944
LL,dg1,0.001015,0.1015,1174494.5833333333,0.6218773288270782,18153.166666666668,0.009242245504389327,0.01
LL,dg1,0.001117,0.1117,1174494.5833333333,0.6219356648638651,18153.166666666668,0.009300581541176097,0.01
LL,dg1,0.001228,0.12279999999999999,1174494.5833333333,0.6223086920284396,18153.166666666668,0.009673608705750736,0.01
LL,dg1,0.001351,0.1351,1174494.5833333333,0.6220496071173334,18153.166666666668,0.00941452379464447,0.01
LL,dg1,0.001486,0.14859999999999998,1174494.5833333333,0.6212379170369082,18153.166666666668,0.008602833714219271,0.01
LL,dg1,0.001635,0.16349999999999998,1174494.5833333333,0.6218518773646179,18153.166666666668,0.009216794041928914,0.01
LL,dg1,0.001799,0.1799,1174494.5833333333,0.6212856103251849,18153.166666666668,0.008650527002495948,0.01
LL,dg1,0.001978,0.1978,1174494.5833333333,0.6214323570675556,18153.166666666668,0.008797273744866663,0.01
LL,dg1,0.002176,0.2176,1174494.5833333333,0.6217645522087349,18153.166666666668,0.009129468886045952,0.01
LL,dg1,0.002394,0.23939999999999997,1174494.5833333333,0.6218509507755691,18153.166666666668,0.009215867452880186,0.01
LL,dg1,0.002633,0.2633,1174494.5833333333,0.6219996555323265,18153.166666666668,0.00936457220963762,0.01
LL,dg1,0.002897,0.28969999999999996,1174494.5833333333,0.6217931316430697,18153.166666666668,0.009158048320380826,0.01
LL,dg1,0.003186,0.3186,1174494.5833333333,0.6218626887984622,18153.166666666668,0.009227605475773282,0.01
LL,dg1,0.003505,0.3505,1174494.5833333333,0.6217723712782751,18153.166666666668,0.009137287955586252,0.01
LL,dg1,0.003855,0.3855,1174494.5833333333,0.6218649148465599,18153.166666666668,0.00922983152387106,0.01
LL,dg1,0.004241,0.4241,1174494.5833333333,0.6208786848297349,18153.166666666668,0.00824360150704597,0.01
LL,dg1,0.004665,0.46649999999999997,1174494.5833333333,0.6208168693540291,18153.166666666668,0.008181786031340288,0.01
LL,dg1,0.005132,0.5132,1174494.5833333333,0.6220943903606676,18153.166666666668,0.00945930703797874,0.01
LL,dg1,0.005645,0.5645,1174494.5833333333,0.621310804464359,18153.166666666668,0.008675721141670192,0.01
LL,dg1,0.006209,0.6209,1174494.5833333333,0.6216884188433417,18153.166666666668,0.00905333552065273,0.01
LL,dg1,0.00683,0.683,1169494.0833333333,0.618127663989868,13152.666666666666,0.005492580667178976,0.01
LL,dg1,0.007513,0.7513,1174494.5833333333,0.6211988687546838,18153.166666666668,0.008563785431994922,0.01
LL,dg1,0.008264,0.8264,1174494.5833333333,0.621627466506358,18153.166666666668,0.008992383183669156,0.01
LL,dg1,0.009091,0.9091,1174494.5833333333,0.6214824715673198,18153.166666666668,0.008847388244630947,0.01
LL,dg1,0.01,1.0,1156341.4166666667,0.6126350833226889,0.0,0.0,0.01
LL,dg1,0.011,1.0999999999999999,1159123.4166666667,0.617360358402779,2782.0,0.004725275080090158,0.01
LL,dg1,0.0121,1.21,1165156.4166666667,0.6185759640828279,8815.0,0.005940880760139017,0.01
LL,dg1,0.01331,1.331,1169494.0833333333,0.618958688554936,13152.666666666666,0.006323605232246991,0.01
LL,dg1,0.014641,1.4641,1174494.5833333333,0.6209698389438992,18153.166666666668,0.008334755621210352,0.01
LL,dg1,0.016105,1.6105,1174494.5833333333,0.6220755519103378,18153.166666666668,0.00944046858764891,0.01
LL,dg1,0.017716,1.7715999999999998,1174494.5833333333,0.6209743301095644,18153.166666666668,0.008339246786875512,0.01
LL,dg1,0.019487,1.9487,1174494.5833333333,0.6213318711342241,18153.166666666668,0.008696787811535184,0.01
LL,dg1,0.021436,2.1436,1174494.5833333333,0.621946318270539,18153.166666666668,0.009311234947850078,0.01
LL,dg1,0.023579,2.3579,1174494.5833333333,0.6220975903314913,18153.166666666668,0.009462507008802376,0.01
LL,dg1,0.025937,2.5937,1174494.5833333333,0.6222002435351116,18153.166666666668,0.009565160212422819,0.01
LL,dg1,0.028531,2.8531,1174494.5833333333,0.6224452073650907,18153.166666666668,0.00981012404240166,0.01
LL,dg1,0.031384,3.1384000000000003,1174494.5833333333,0.622075102378292,18153.166666666668,0.009440019055603063,0.01
LL,dg1,0.034523,3.4522999999999997,1174494.5833333333,0.6216032544657918,18153.166666666668,0.008968171143102869,0.01
LL,dg1,0.037975,3.7975000000000003,1174494.5833333333,0.620961347234785,18153.166666666668,0.008326263912096121,0.01
LL,dg1,0.041772,4.177199999999999,1174494.5833333333,0.6204101396777405,18153.166666666668,0.007775056355051491,0.01
LL,dg1,0.04595,4.595,1169494.0833333333,0.6176275879805275,13152.666666666666,0.004992504657838653,0.01
LL,dg1,0.050545,5.0545,1174494.5833333333,0.6215256184011837,18153.166666666668,0.008890535078494763,0.01
LL,dg1,0.055599,5.5599,1174494.5833333333,0.6221028146511337,18153.166666666668,0.009467731328444806,0.01
LL,dg1,0.061159,6.1159,1174494.5833333333,0.6220980674846688,18153.166666666668,0.009462984161979918,0.01
LL,dg1,0.067275,6.7275,1174494.9166666667,0.6209794687724016,18153.5,0.008344385449712666,0.01
LL,dg1,0.074002,7.4002,1174494.5833333333,0.6201914906394269,18153.166666666668,0.00755640731673804,0.01
LL,dg1,0.081403,8.1403,1174494.5833333333,0.621419839727628,18153.166666666668,0.008784756404939115,0.01
LL,dg1,0.089543,8.9543,1174494.5833333333,0.6214990520220927,18153.166666666668,0.008863968699403693,0.01
LL,dg1,0.098497,9.8497,1174494.5833333333,0.6210050941815551,18153.166666666668,0.008370010858866248,0.01
LL,Cp5,0.046367,0.10152616597328662,1168489.1666666667,0.5953134533718701,2888.5833333333335,-0.02189868944520375,0.4567
LL,Cp5,0.051003,0.11167724983577841,1168556.4166666667,0.5967214980492971,2955.8333333333335,-0.020490644767776862,0.4567
LL,Cp5,0.056104,0.12284650755419313,1168548.5833333333,0.5962452241766375,2948.0,-0.020966918640436427,0.4567
LL,Cp5,0.061714,0.13513028246113423,1168667.1666666667,0.5964232122641021,3066.5833333333335,-0.020788930552971697,0.4567
LL,Cp5,0.067886,0.14864462447996496,1168703.5,0.5961380048208932,3102.9166666666665,-0.02107413799618067,0.4567
LL,Cp5,0.074674,0.16350777315524415,1168794.0833333333,0.5945806210985297,3193.5,-0.022631521718544212,0.4567
LL,Cp5,0.082142,0.1798598642434859,1168774.4166666667,0.5984080514853513,3173.8333333333335,-0.018804091331722495,0.4567
LL,Cp5,0.090356,0.19784541274359538,1168893.3333333333,0.597916540156518,3292.75,-0.019295602660555928,0.4567
LL,Cp5,0.099391,0.21762864024523756,1168957.75,0.5983514008595964,3357.1666666666665,-0.018860741957477473,0.4567
LL,Cp5,0.10933,0.23939128530764178,1164566.5,0.5898783115324466,-1034.0833333333333,-0.02733383128462724,0.4567
LL,Cp5,0.120263,0.26333041383840594,1169148.4166666667,0.599320002398023,3547.8333333333335,-0.01789214041905085,0.4567
LL,Cp5,0.13229,0.2896649879570834,1164832.5,0.5861372136339228,-768.0833333333334,-0.031074929183150996,0.4567
LL,Cp5,0.145519,0.3186314867527918,1169551.5,0.5907978220470583,3950.9166666666665,-0.026414320770015497,0.4567
LL,Cp5,0.160071,0.35049485439019046,1169267.4166666667,0.588298664723217,3666.8333333333335,-0.028913478093856842,0.4567
LL,Cp5,0.176078,0.38554412086709,1169884.9166666667,0.5953959772856189,4284.333333333333,-0.021816165531455007,0.4567
LL,Cp5,0.193685,0.4240967812568426,1169877.75,0.6024410109218489,4277.166666666667,-0.014771131895224979,0.4567
LL,Cp5,0.213054,0.46650755419312456,1170153.4166666667,0.6036023579916829,4552.833333333333,-0.013609784825390983,0.4567
LL,Cp5,0.234359,0.5131574337639588,1170461.0833333333,0.6039169113229846,4860.5,-0.013295231494089168,0.4567
LL,Cp5,0.257795,0.5644733961024743,1170799.9166666667,0.604103011827802,5199.333333333333,-0.013109130989271892,0.4567
LL,Cp5,0.283575,0.6209218305233195,1171244.5833333333,0.6065466591658928,5644.0,-0.010665483651181112,0.4567
LL,Cp5,0.311932,0.6830129187650537,1171637.75,0.6086075700301633,6037.166666666667,-0.008604572786910606,0.4567
LL,Cp5,0.343125,0.7513137727173199,1172157.25,0.6098323954303947,6556.666666666667,-0.007379747386679125,0.4567
LL,Cp5,0.377438,0.8264462447996497,1172657.3333333333,0.6072015886606162,7056.75,-0.010010554156457657,0.4567
LL,Cp5,0.415182,0.9090913072038538,1173647.5,0.6164014151434843,8046.916666666667,-0.0008107276735894823,0.4567
LL,Cp5,0.4567,1.0,1165600.5833333333,0.6172121428170739,0.0,0.0,0.4567
LL,Cp5,0.50237,1.0999999999999999,1171441.3333333333,0.6337483415213837,5840.75,0.016536198704309734,0.4567
LL,Cp5,0.552607,1.21,1177875.9166666667,0.6536309504780042,12275.333333333334,0.03641880766093036,0.4567
LL,Cp5,0.607868,1.3310006568863586,1176229.25,0.6675535949772686,10628.666666666666,0.050341452160194734,0.4567
LL,Cp5,0.668654,1.464098970878038,1170987.0,0.6769972090587707,5386.416666666667,0.05978506624169688,0.4567
LL,Cp5,0.73552,1.6105101817385592,1166404.8333333333,0.6702192545722182,804.25,0.05300711175514422,0.4567
LL,Cp5,0.809072,1.7715611999124152,1177361.0,0.6362544531537425,11760.416666666666,0.01904231033666869,0.4567
LL,Cp5,0.889979,1.9487168819794176,1175814.8333333333,0.6831425395515712,10214.25,0.06593039673449734,0.4567
LL,Cp5,0.978977,2.143588789139479,1156207.9166666667,0.6874759182899032,-9392.666666666666,0.07026377547282925,0.4567
LL,Cp5,1.076875,2.3579483249397857,1104486.4166666667,0.7466577549210838,-61114.166666666664,0.12944561210400982,0.4567
LL,Cp5,1.184562,2.593742062623166,1051072.25,0.7507473687793026,-114528.33333333333,0.1335352259622286,0.4567
LL,Cp5,1.303018,2.8531158309612437,1045938.9166666666,0.826728573821743,-119661.66666666667,0.20951643100466918,0.4567
LL,Cp5,1.43332,3.138427851981607,1045384.6666666666,0.83221199079491,-120215.91666666667,0.2149998479778362,0.4567
LL,Cp5,1.576652,3.452270637179768,1070373.5,0.7776512236796459,-95227.08333333333,0.16043908086257203,0.4567
LL,Cp5,1.734317,3.797497262973506,1063254.9166666667,0.7476433557007174,-102345.66666666667,0.1304312128836435,0.4567
LL,Cp5,1.907749,4.177247646157214,1060844.5,0.7220000275887887,-104756.08333333333,0.10478788477171491,0.4567
LL,Cp5,2.098524,4.5949726297350555,1060079.5,0.7085394935435393,-105521.08333333333,0.09132735072646543,0.4567
LL,Cp5,2.308377,5.054471206481279,1086931.5833333333,0.6960918055684165,-78669.0,0.07887966275134266,0.4567
LL,Cp5,2.539214,5.559916794394569,1089398.8333333333,0.6885539384629977,-76201.75,0.07134179564592386,0.4567
LL,Cp5,2.793136,6.1159097876067445,1091171.6666666667,0.685727445862862,-74428.91666666667,0.06851530304578812,0.4567
LL,Cp5,3.072449,6.727499452594702,1092655.0833333333,0.6842879882171825,-72945.5,0.06707584540010858,0.4567
LL,Cp5,3.379694,7.400249616816291,1093913.1666666667,0.6835065899187506,-71687.41666666667,0.06629444710167669,0.4567
LL,Cp5,3.717664,8.140275892270637,1094919.0,0.6847325733761874,-70681.58333333333,0.0675204305591137,0.4567
LL,Cp5,4.08943,8.954302605649223,1094938.3333333333,0.6879325966756847,-70662.25,0.07072045385861074,0.4567
LL,Cp5,4.498373,9.849732866214145,1095718.0833333333,0.6909142277407171,-69882.5,0.07370208492364329,0.4567
LL,k3,0.059078,0.1015260354012717,1149449.4166666667,0.5124750378606575,-11288.0,-0.10633438300415242,0.5819
LL,k3,0.064986,0.11167898264306583,1150098.1666666667,0.49599178281786876,-10639.25,-0.12281763804694117,0.5819
LL,k3,0.071484,0.12284584980237155,1149980.0,0.48510872081253015,-10757.416666666666,-0.13370070005227983,0.5819
LL,k3,0.078632,0.13512974737927477,1151537.0,0.5351892019593166,-9200.416666666666,-0.0836202189054932,0.5819
LL,k3,0.086496,0.1486440969238701,1153093.6666666667,0.5519141234169757,-7643.75,-0.0668952974478343,0.5819
LL,k3,0.095145,0.16350747551125622,1154614.5,0.5703001342749848,-6122.916666666667,-0.04850928658982509,0.5819
LL,k3,0.10466,0.17985908231654926,1150537.0,0.5832185827115609,-10200.416666666666,-0.03559083815324896,0.5819
LL,k3,0.115126,0.19784499054820417,1157152.0,0.5969392174936204,-3585.4166666666665,-0.021870203371189462,0.5819
LL,k3,0.126638,0.21762845849802373,1158447.9166666667,0.5996948634781679,-2289.5,-0.019114557386642066,0.5819
LL,k3,0.139302,0.23939164804949306,1159781.1666666667,0.6153742717314311,-956.25,-0.003435149133378871,0.5819
LL,k3,0.153232,0.2633304691527754,1161048.8333333333,0.62403124228822,311.4166666666667,0.005221821423410118,0.5819
LL,k3,0.168556,0.28966489087472075,1162387.4166666667,0.6262300253400331,1650.0,0.007420604475223118,0.5819
LL,k3,0.185411,0.31863034885719194,1163730.6666666667,0.6285990945455039,2993.25,0.009789673680694019,0.5819
LL,k3,0.203952,0.35049321189207766,1165071.5833333333,0.6231717350150661,4334.166666666667,0.004362314150256119,0.5819
LL,k3,0.224348,0.3855439078879533,1166139.0833333333,0.633953626016561,5401.666666666667,0.015144205151751078,0.5819
LL,k3,0.246782,0.4240969238700808,1167075.8333333333,0.6338507717546099,6338.416666666667,0.015041350889800057,0.5819
LL,k3,0.271461,0.4665079910637567,1167912.75,0.6344058560011455,7175.333333333333,0.015596435136335527,0.5819
LL,k3,0.298607,0.5131586183192989,1168683.9166666667,0.6347075096706801,7946.5,0.015898088805870125,0.5819
LL,k3,0.328467,0.5644732771953944,1169314.5,0.6333409023144994,8577.083333333334,0.014531481449689373,0.5819
LL,k3,0.361314,0.6209211204674343,1169918.5,0.6288225394832491,9181.083333333334,0.010013118618439102,0.5819
LL,k3,0.397446,0.6830142636191786,1170290.8333333333,0.6287218176495935,9553.416666666666,0.009912396784783561,0.5819
LL,k3,0.43719,0.7513146588760956,1165462.9166666667,0.6271452495027119,4725.5,0.008335828637901999,0.5819
LL,k3,0.480909,0.826446124763705,1170965.0,0.6251211614856053,10227.583333333334,0.006311740620795314,0.5819
LL,k3,0.529,0.9090909090909092,1158085.9166666667,0.6156996689784519,-2651.5,-0.003109751886358166,0.5819
LL,k3,0.5819,1.0,1160737.4166666667,0.6188094208648098,0.0,0.0,0.5819
LL,k3,0.64009,1.1,1166325.25,0.6162525232340875,5587.833333333333,-0.0025568976307223934,0.5819
LL,k3,0.704099,1.2100000000000002,1171449.0,0.6133108269353118,10711.583333333334,-0.005498593929498141,0.5819
LL,k3,0.774509,1.3310001718508335,1171547.3333333333,0.6125996174107499,10809.916666666666,-0.006209803454060146,0.5819
LL,k3,0.85196,1.4641003608867504,1166514.8333333333,0.6110459342113971,5777.416666666667,-0.007763486653412856,0.5819
LL,k3,0.937156,1.6105103969754253,1171582.25,0.6105642760898556,10844.833333333334,-0.008245144774954305,0.5819
LL,k3,1.030871,1.7715604055679672,1166500.75,0.6063536986641098,5763.333333333333,-0.012455722200700186,0.5819
LL,k3,1.133958,1.9487162742739303,1166544.1666666667,0.6058755646866887,5806.75,-0.01293385617812127,0.5819
LL,k3,1.247354,2.1435882454029906,1166543.0833333333,0.6042409550331209,5805.666666666667,-0.014568465831689048,0.5819
LL,k3,1.37209,2.35794810104829,1166561.1666666667,0.6043836108405366,5823.75,-0.014425810024273266,0.5819
LL,k3,1.509299,2.593742911153119,1161394.25,0.5987066312618795,656.8333333333334,-0.020102789602930406,0.5819
LL,k3,1.660229,2.8531173741192646,1166517.1666666667,0.6022384161124075,5779.75,-0.01657100475240238,0.5819
LL,k3,1.826251,3.13842756487369,1166462.25,0.6014577882564959,5724.833333333333,-0.017351632608314006,0.5819
LL,k3,2.008877,3.4522718680185602,1166641.3333333333,0.5999237483186769,5903.916666666667,-0.018885672546133044,0.5819
LL,k3,2.209764,3.7974978518645814,1166637.0833333333,0.5993872097887987,5899.666666666667,-0.019422211076011206,0.5819
LL,k3,2.430741,4.17724866815604,1166646.0833333333,0.5982457191619763,5908.666666666667,-0.02056370170283355,0.5819
LL,k3,2.673815,4.594973363120811,1166660.5833333333,0.599012838188879,5923.166666666667,-0.019796582675930957,0.5819
LL,k3,2.941196,5.054469840178725,1161575.4166666667,0.5946385155685378,838.0,-0.024170905296272065,0.5819
LL,k3,3.235316,5.559917511599932,1166822.75,0.6009651114896307,6085.333333333333,-0.017844309375179182,0.5819
LL,k3,3.558847,6.115908231654924,1166838.8333333333,0.6004778967035912,6101.416666666667,-0.01833152416121876,0.5819
LL,k3,3.914732,6.727499570372917,1166942.0833333333,0.6002573129489265,6204.666666666667,-0.018552107915883426,0.5819
LL,k3,4.306205,7.400249183708542,1166149.9166666667,0.6005825743136972,5412.5,-0.018226846551112716,0.5819
LL,k3,4.736826,8.140274961333562,1166228.0,0.5996398183828341,5490.583333333333,-0.019169602481975852,0.5819
LL,k3,5.210509,8.954303144870254,1167045.5,0.6019868626989914,6308.083333333333,-0.0168225581658185,0.5819
LL,k3,5.731559,9.849731912699777,1167104.9166666667,0.6007986484913886,6367.5,-0.018010772373421302,0.5819
LL,v3,0.112998,0.1015256064690027,1166204.25,0.5890449916226123,8117.416666666667,-0.02632813436428949,1.113
LL,v3,0.124298,0.11167834681042228,1166235.6666666667,0.5886636355566245,8148.833333333333,-0.02670949043027707,1.113
LL,v3,0.136728,0.12284636118598381,1166242.6666666667,0.5885593917925124,8155.833333333333,-0.026813734194389163,1.113
LL,v3,0.1504,0.13513027852650494,1157142.25,0.5814937870154581,-944.5833333333334,-0.03387933897144357,1.113
LL,v3,0.16544,0.14864330637915543,1163085.1666666667,0.5838316601733471,4998.333333333333,-0.03154146581355455,1.113
LL,v3,0.181984,0.163507637017071,1166459.0,0.5906597136464241,8372.166666666666,-0.024713412340477487,1.113
LL,v3,0.200183,0.17985893980233603,1166465.0833333333,0.5914688103939808,8378.25,-0.02390431559292075,1.113
LL,v3,0.220201,0.19784456424079067,1166521.5,0.5927905500559243,8434.666666666666,-0.022582575930977303,1.113
LL,v3,0.242221,0.21762893081761006,1166558.3333333333,0.5924572012206083,8471.5,-0.02291592476629341,1.113
LL,v3,0.266443,0.2393917340521114,1166653.9166666667,0.5911009278207097,8567.083333333334,-0.024272198166191958,1.113
LL,v3,0.293088,0.26333153638814016,1166737.25,0.592681085266975,8650.416666666666,-0.022692040719926573,1.113
LL,v3,0.322396,0.28966397124887694,1166808.4166666667,0.5942666861472103,8721.583333333334,-0.02110643983969128,1.113
LL,v3,0.354636,0.31863072776280327,1166913.25,0.5935099226970898,8826.416666666666,-0.02186320328981173,1.113
LL,v3,0.3901,0.3504941599281222,1157887.8333333333,0.5860681112540961,-199.0,-0.029305014732805557,1.113
LL,v3,0.42911,0.3855435759209344,1163885.5,0.591668433148621,5798.666666666667,-0.023704692838280552,1.113
LL,v3,0.472021,0.4240979335130279,1167354.1666666667,0.5953242596235758,9267.333333333334,-0.020048866363325757,1.113
LL,v3,0.519223,0.466507637017071,1167582.75,0.6008599069547512,9495.916666666666,-0.014513219032150396,1.113
LL,v3,0.571145,0.5131581311769992,1167852.3333333333,0.5998257765614645,9765.5,-0.015547349425437146,1.113
LL,v3,0.628259,0.5644734950584007,1167958.1666666667,0.6047641819115291,9871.333333333334,-0.010608944075372476,1.113
LL,v3,0.691085,0.6209209344115004,1168296.6666666667,0.6071114421558098,10209.833333333334,-0.008261683831091798,1.113
LL,v3,0.760194,0.6830134770889488,1168546.5833333333,0.6064048079277463,10459.75,-0.008968318059155387,1.113
LL,v3,0.836213,0.751314465408805,1168991.8333333333,0.6131559371852509,10905.0,-0.0022171888016507546,1.113
LL,v3,0.919835,0.8264465408805031,1169303.9166666667,0.6160098834012604,11217.083333333334,0.0006367574143587851,1.113
LL,v3,1.011818,0.9090907457322552,1166530.8333333333,0.6187203453589963,8444.0,0.0033472193720947194,1.113
LL,v3,1.113,1.0,1158086.8333333333,0.6153731259869016,0.0,0.0,1.113
LL,v3,1.2243,1.0999999999999999,1161193.3333333333,0.6235371863650642,3106.5,0.008164060378162566,1.113
LL,v3,1.34673,1.21,1167765.75,0.627008322797071,9678.916666666666,0.011635196810169316,1.113
LL,v3,1.481403,1.331,1161985.75,0.6203713245034638,3898.9166666666665,0.004998198516562182,1.113
LL,v3,1.629543,1.464099730458221,1168749.5,0.6354086778817261,10662.666666666666,0.02003555189482444,1.113
LL,v3,1.792498,1.6105103324348606,1163045.75,0.636136975115923,4958.916666666667,0.020763849129021444,1.113
LL,v3,1.971747,1.7715606469002694,1169911.0,0.6398377526330289,11824.166666666666,0.024464626646127214,1.113
LL,v3,2.168922,1.9487169811320753,1170563.4166666667,0.6441685413309176,12476.583333333334,0.028795415344015945,1.113
LL,v3,2.385814,2.1435884995507637,1171049.5833333333,0.6461897518053057,12962.75,0.030816625818404098,1.113
LL,v3,2.624396,2.357947888589398,1165163.0,0.6455712517196223,7076.166666666667,0.030198125732720616,1.113
LL,v3,2.886835,2.59374213836478,1171978.5833333333,0.6498967814994212,13891.75,0.03452365551251952,1.113
LL,v3,3.175519,2.8531168014375563,1172317.6666666667,0.6515746520385601,14230.833333333334,0.03620152605165853,1.113
LL,v3,3.493071,3.1384285714285713,1172667.25,0.6519746983449948,14580.416666666666,0.036601572358093165,1.113
LL,v3,3.842378,3.452271338724169,1173038.4166666667,0.6539672042913572,14951.583333333334,0.03859407830445561,1.113
LL,v3,4.226616,3.797498652291105,1172055.3333333333,0.6485567981094408,13968.5,0.03318367212253907,1.113
LL,v3,4.649277,4.177247978436657,1172717.0,0.6547396669388059,14630.166666666666,0.039366540951904255,1.113
LL,v3,5.114205,4.594973045822103,1173689.9166666667,0.6574911755929339,15603.083333333334,0.04211804960603227,1.113
LL,v3,5.625625,5.054469901168015,1173935.3333333333,0.6586829442158769,15848.5,0.04330981822897533,1.113
LL,v3,6.188188,5.559917340521114,1173845.3333333333,0.6577758802794046,15758.5,0.042402754292503,1.113
LL,v3,6.807007,6.115909254267745,1173978.9166666667,0.6581756228764709,15892.083333333334,0.042802496889569296,1.113
LL,v3,7.487707,6.727499550763702,1173894.0,0.6564884869095577,15807.166666666666,0.04111536092265614,1.113
LL,v3,8.236478,7.400249775381851,1174033.3333333333,0.6579805220056723,15946.5,0.04260739601877055,1.113
LL,v3,9.060126,8.140274932614556,1174141.1666666667,0.6581427199999724,16054.333333333334,0.04276959401307076,1.113
LL,v3,9.966139,8.95430278526505,1174122.6666666667,0.6580001448424029,16035.833333333334,0.04262701885550129,1.113
LL,v3,10.962752,9.849732255166218,1174086.0,0.6586932057946507,15999.166666666666,0.043320079807749205,1.113
LL,de3,0.038224,0.10152456839309429,1174475.1666666667,0.6226437152515202,9282.333333333334,0.005241786412893791,0.3765
LL,de3,0.042047,0.11167861885790173,1174494.9166666667,0.6211036750930926,9302.083333333334,0.0037017462544662685,0.3765
LL,de3,0.046252,0.12284727755644091,1174498.5,0.6216771899172024,9305.666666666666,0.0042752610785760925,0.3765
LL,de3,0.050877,0.13513147410358564,1174500.4166666667,0.6217375910654148,9307.583333333334,0.004335662226788495,0.3765
LL,de3,0.055964,0.14864276228419654,1174501.4166666667,0.6222187978386483,9308.583333333334,0.004816869000022002,0.3765
LL,de3,0.061561,0.1635086321381142,1174525.6666666667,0.6225212357932574,9332.833333333334,0.005119306954630957,0.3765
LL,de3,0.067717,0.17985922974767596,1174532.75,0.6210082060810282,9339.916666666666,0.0036062772424019416,0.3765
LL,de3,0.074489,0.19784594953519255,1174592.5833333333,0.6202698207977361,9399.75,0.0028678919591097196,0.3765
LL,de3,0.081937,0.2176281540504648,1174597.4166666667,0.6225321126125823,9404.583333333334,0.005130183773956021,0.3765
LL,de3,0.090131,0.2393917662682603,1174598.75,0.6225192904339967,9405.916666666666,0.005117361595370314,0.3765
LL,de3,0.099144,0.26333067729083665,1174594.3333333333,0.6219095573850749,9401.5,0.004507628546448622,0.3765
LL,de3,0.109059,0.2896653386454183,1174591.25,0.6227019969844343,9398.416666666666,0.005300068145807894,0.3765
LL,de3,0.119965,0.3186321381142098,1174589.25,0.6230724936597848,9396.416666666666,0.005670564821158482,0.3765
LL,de3,0.131961,0.35049402390438245,1174575.3333333333,0.6232687918424217,9382.5,0.005866863003795279,0.3765
LL,de3,0.145157,0.3855431606905711,1174540.25,0.6223645885697777,9347.416666666666,0.004962659731151435,0.3765
LL,de3,0.159673,0.42409827357237717,1174525.3333333333,0.6224867125904638,9332.5,0.005084783751837463,0.3765
LL,de3,0.17564,0.46650730411686586,1169558.5833333333,0.6178153050928498,4365.75,0.0004133762542234594,0.3765
LL,de3,0.193204,0.5131580345285525,1174432.6666666667,0.6227442934764674,9239.833333333334,0.005342364637841194,0.3765
LL,de3,0.212524,0.564472775564409,1174478.0833333333,0.6235646191202832,9285.25,0.006162690281656909,0.3765
LL,de3,0.233777,0.620921646746348,1174501.8333333333,0.6223583495551791,9309.0,0.0049564207165527325,0.3765
LL,de3,0.257155,0.6830146082337318,1174589.8333333333,0.6228388961451945,9397.0,0.005436967306568119,0.3765
LL,de3,0.28287,0.7513147410358566,1169669.75,0.6191738289933247,4476.916666666667,0.0017719001546984599,0.3765
LL,de3,0.311157,0.8264462151394423,1174575.9166666667,0.6234058626363557,9383.083333333334,0.006003933797729316,0.3765
LL,de3,0.342273,0.9090916334661354,1174528.75,0.6222336018205232,9335.916666666666,0.004831672981896805,0.3765
LL,de3,0.3765,1.0,1165192.8333333333,0.6174019288386262,0.0,0.0,0.3765
LL,de3,0.41415,1.1,1169594.3333333333,0.617402839030131,4401.5,9.101915046475876e-07,0.3765
LL,de3,0.455565,1.21,1174594.4166666667,0.6219350776892324,9401.583333333334,0.004533148850606017,0.3765
LL,de3,0.501121,1.3309986719787517,1174575.8333333333,0.6232147289086646,9383.0,0.0058128000700381115,0.3765
LL,de3,0.551234,1.464100929614874,1174448.5833333333,0.6231392983514114,9255.75,0.005737369512784908,0.3765
LL,de3,0.606357,1.6105099601593627,1174499.5,0.6219132925965343,9306.666666666666,0.0045113637579079395,0.3765
LL,de3,0.666993,1.7715617529880476,1174597.75,0.6222230075613496,9404.916666666666,0.004821078722723369,0.3765
LL,de3,0.733692,1.9487171314741036,1174484.9166666667,0.6218780929502175,9292.083333333334,0.004476164111591037,0.3765
LL,de3,0.807061,2.1435883134130145,1174533.3333333333,0.6215301968767916,9340.5,0.004128268038165202,0.3765
LL,de3,0.887767,2.357946879150066,1174560.6666666667,0.6213515750623756,9367.833333333334,0.003949646223749326,0.3765
LL,de3,0.976544,2.593742363877822,1174506.5,0.6210220030006042,9313.666666666666,0.003620074161977904,0.3765
LL,de3,1.074198,2.8531155378486055,1165364.0833333333,0.6174988619308118,171.25,9.693309218545647e-05,0.3765
LL,de3,1.181618,3.1384276228419656,1169609.5,0.6199256951367249,4416.666666666667,0.002523766298098492,0.3765
LL,de3,1.29978,3.452270916334661,1169582.25,0.6193342455829643,4389.416666666667,0.0019323167443379974,0.3765
LL,de3,1.429758,3.7974980079681275,1169700.8333333333,0.6183601327921591,4508.0,0.0009582039535327066,0.3765
LL,de3,1.572734,4.17724833997344,1169594.4166666667,0.618499615233738,4401.583333333333,0.001097686395111643,0.3765
LL,de3,1.730007,4.594972111553785,1169574.0833333333,0.6182973881193781,4381.25,0.000895459280751687,0.3765
LL,de3,1.903008,5.054470119521913,1169684.8333333333,0.6193287447739918,4492.0,0.001926815935365515,0.3765
LL,de3,2.093309,5.5599176626826035,1169813.5833333333,0.6196285406419224,4620.75,0.002226611803296095,0.3765
LL,de3,2.30264,6.115909694555112,1169826.0,0.6195828691573798,4633.166666666667,0.0021809403187534604,0.3765
LL,de3,2.532904,6.727500664010623,1165507.5,0.6194872439140413,314.6666666666667,0.0020853150754149563,0.3765
LL,de3,2.786194,7.400249667994688,1169818.25,0.6186831802817573,4625.416666666667,0.0012812514431310058,0.3765
LL,de3,3.064814,8.140276228419655,1169806.5,0.6182767087076195,4613.666666666667,0.0008747798689932215,0.3765
LL,de3,3.371295,8.954302788844622,1169790.75,0.6190639135067081,4597.916666666667,0.0016619846680817711,0.3765
LL,de3,3.708424,9.849731739707835,1169751.0,0.6176315144675639,4558.166666666667,0.00022958562893757306,0.3765
LL,de5,3e-05,0.1,1159271.3333333333,0.6172863710123097,-5921.5,-0.00028158180652969783,0.0003
LL,de5,3.4e-05,0.11333333333333334,1167464.25,0.617774323406194,2271.4166666666665,0.0002063705873545929,0.0003
LL,de5,3.7e-05,0.12333333333333334,1167464.1666666667,0.6178268053662939,2271.3333333333335,0.00025885254745446523,0.0003
LL,de5,4.1e-05,0.1366666666666667,1166658.6666666667,0.6176808800926455,1465.8333333333333,0.00011292727380612932,0.0003
LL,de5,4.5e-05,0.15000000000000002,1166658.4166666667,0.6175529310488289,1465.5833333333333,-1.5021770010550014e-05,0.0003
LL,de5,4.9e-05,0.16333333333333333,1166658.4166666667,0.6172930240317567,1465.5833333333333,-0.0002749287870828047,0.0003
LL,de5,5.4e-05,0.18000000000000002,1167415.0,0.6177375161144972,2222.1666666666665,0.000169563295657806,0.0003
LL,de5,5.9e-05,0.19666666666666668,1167415.0,0.6186163488945741,2222.1666666666665,0.0010483960757345738,0.0003
LL,de5,6.5e-05,0.21666666666666667,1167271.3333333333,0.6184794952586511,2078.5,0.0009115424398116375,0.0003
LL,de5,7.2e-05,0.24000000000000002,1167076.3333333333,0.6179283348838488,1883.5,0.00036038206500942543,0.0003
LL,de5,7.9e-05,0.26333333333333336,1167070.5,0.6173302530094581,1877.6666666666667,-0.00023769980938146787,0.0003
LL,de5,8.7e-05,0.29000000000000004,1167355.0833333333,0.6176452862119634,2162.25,7.73333931239258e-05,0.0003
LL,de5,9.6e-05,0.32000000000000006,1167324.75,0.6182759455254232,2131.9166666666665,0.0007079927065838468,0.0003
LL,de5,0.000105,0.35000000000000003,1174443.9166666667,0.622089145125193,9251.083333333334,0.004521192306353551,0.0003
LL,de5,0.000116,0.3866666666666667,1174443.9166666667,0.6222185799470211,9251.083333333334,0.0046506271281816685,0.0003
LL,de5,0.000127,0.42333333333333334,1174440.25,0.6221772726755656,9247.416666666666,0.004609319856726153,0.0003
LL,de5,0.00014,0.4666666666666667,1169512.25,0.6179738814389663,4319.416666666667,0.0004059286201267646,0.0003
LL,de5,0.000154,0.5133333333333334,1174440.25,0.622013242138922,9247.416666666666,0.004445289320082563,0.0003
LL,de5,0.000169,0.5633333333333334,1174440.25,0.6220414054104486,9247.416666666666,0.004473452591609185,0.0003
LL,de5,0.000186,0.62,1174440.4166666667,0.6220643630980494,9247.583333333334,0.004496410279209911,0.0003
LL,de5,0.000205,0.6833333333333333,1174436.3333333333,0.6222063326247973,9243.5,0.0046383798059579096,0.0003
LL,de5,0.000225,0.75,1174436.0833333333,0.6224925913785154,9243.25,0.004924638559675916,0.0003
LL,de5,0.000248,0.8266666666666668,1174434.75,0.6218691489555307,9241.916666666666,0.0043011961366912115,0.0003
LL,de5,0.000273,0.9100000000000001,1174433.5,0.6219447681227362,9240.666666666666,0.004376815303896868,0.0003
LL,de5,0.0003,1.0,1165192.8333333333,0.6175679528188395,0.0,0.0,0.0003
LL,de5,0.00033,1.1,1169506.6666666667,0.6182053220370093,4313.833333333333,0.0006373692181697773,0.0003
LL,de5,0.000363,1.21,1174434.8333333333,0.6219504695426249,9242.0,0.004382516723785442,0.0003
LL,de5,0.000399,1.33,1174429.75,0.6219720291685918,9236.916666666666,0.004404076349752363,0.0003
LL,de5,0.000439,1.4633333333333334,1174425.5833333333,0.6213961379792702,9232.75,0.0038281851604308656,0.0003
LL,de5,0.000483,1.61,1174468.4166666667,0.6214448058245022,9275.583333333334,0.00387685300566278,0.0003
LL,de5,0.000531,1.7700000000000002,1174472.6666666667,0.6221624286167315,9279.833333333334,0.004594475797892165,0.0003
LL,de5,0.000585,1.9500000000000002,1174471.6666666667,0.622078505508015,9278.833333333334,0.004510552689175533,0.0003
LL,de5,0.000643,2.1433333333333335,1174471.6666666667,0.6215732404563078,9278.833333333334,0.004005287637468297,0.0003
LL,de5,0.000707,2.356666666666667,1174475.25,0.6212616014704059,9282.416666666666,0.003693648651566526,0.0003
LL,de5,0.000778,2.5933333333333337,1174473.5,0.6209810670270822,9280.666666666666,0.0034131142082428068,0.0003
LL,de5,0.000856,2.8533333333333335,1174514.8333333333,0.6218155775578346,9322.0,0.004247624738995213,0.0003
LL,de5,0.000942,3.14,1174516.25,0.6216186540220218,9323.416666666666,0.004050701203182396,0.0003
LL,de5,0.001036,3.4533333333333336,1174533.5,0.6221311895784112,9340.666666666666,0.004563236759571691,0.0003
LL,de5,0.001139,3.7966666666666673,1174529.4166666667,0.6225416456837455,9336.583333333334,0.004973692864906093,0.0003
LL,de5,0.001253,4.176666666666667,1174570.75,0.622790722777919,9377.916666666666,0.005222769959079517,0.0003
LL,de5,0.001378,4.593333333333334,1174559.8333333333,0.6221895362597574,9367.0,0.004621583440917888,0.0003
LL,de5,0.001516,5.053333333333334,1174572.5,0.6221489643267492,9379.666666666666,0.004581011507909756,0.0003
LL,de5,0.001668,5.5600000000000005,1174586.0,0.6220116004504431,9393.166666666666,0.004443647631603699,0.0003
LL,de5,0.001835,6.116666666666667,1174580.1666666667,0.6222914593462286,9387.333333333334,0.004723506527389214,0.0003
LL,de5,0.002018,6.726666666666667,1174612.0833333333,0.6224169923044947,9419.25,0.004849039485655284,0.0003
LL,de5,0.00222,7.400000000000001,1169631.0,0.6190710623812103,4438.166666666667,0.0015031095623709023,0.0003
LL,de5,0.002442,8.14,1174539.5,0.6215667133286611,9346.666666666666,0.003998760509821638,0.0003
LL,de5,0.002686,8.953333333333335,1174530.8333333333,0.6221416834755426,9338.0,0.004573730656703107,0.0003
LL,de5,0.002955,9.850000000000001,1174504.4166666667,0.6226466308402715,9311.583333333334,0.005078678021432063,0.0003
LL,K14,0.152288,0.10152533333333334,1174556.0833333333,0.6237005182935048,18100.666666666668,0.005798115849099256,1.5
LL,K14,0.167517,0.111678,1174556.0833333333,0.6221844979431578,18100.666666666668,0.004282095498752257,1.5
LL,K14,0.184269,0.122846,1174556.0833333333,0.6224869473993585,18100.666666666668,0.004584544954952928,1.5
LL,K14,0.202696,0.13513066666666665,1174556.0833333333,0.6231459005563672,18100.666666666668,0.005243498111961574,1.5
LL,K14,0.222965,0.14864333333333332,1174556.0833333333,0.6238292117540191,18100.666666666668,0.005926809309613507,1.5
LL,K14,0.245262,0.16350800000000001,1174556.0833333333,0.6227284987252674,18100.666666666668,0.004826096280861845,1.5
LL,K14,0.269788,0.17985866666666664,1174556.0833333333,0.6224317273112622,18100.666666666668,0.004529324866856653,1.5
LL,K14,0.296767,0.19784466666666667,1174556.0833333333,0.6222268463682056,18100.666666666668,0.004324443923800038,1.5
LL,K14,0.326444,0.21762933333333334,1174556.0833333333,0.6220670192913026,18100.666666666668,0.004164616846896924,1.5
LL,K14,0.359088,0.23939200000000002,1174556.0833333333,0.6227666831923954,18100.666666666668,0.004864280747989752,1.5
LL,K14,0.394997,0.2633313333333333,1174556.0833333333,0.6218382393317247,18100.666666666668,0.003935836887319087,1.5
LL,K14,0.434497,0.2896646666666667,1174556.0833333333,0.6203997049847272,18100.666666666668,0.002497302540321609,1.5
LL,K14,0.477946,0.3186306666666667,1174556.0833333333,0.6196727879005012,18100.666666666668,0.0017703854560955263,1.5
LL,K14,0.525741,0.350494,1174556.0833333333,0.6225113131564053,18100.666666666668,0.004608910711999675,1.5
LL,K14,0.578315,0.38554333333333335,1174556.0833333333,0.6222396298098899,18100.666666666668,0.0043372273654842435,1.5
LL,K14,0.636146,0.4240973333333333,1174556.0833333333,0.6222525562302551,18100.666666666668,0.004350153785849529,1.5
LL,K14,0.699761,0.46650733333333333,1174556.0833333333,0.6218319483335502,18100.666666666668,0.003929545889144653,1.5
LL,K14,0.769737,0.513158,1174556.0833333333,0.620913746186076,18100.666666666668,0.003011343741670438,1.5
LL,K14,0.846711,0.564474,1174556.0833333333,0.6213053372406497,18100.666666666668,0.0034029347962441225,1.5
LL,K14,0.931382,0.6209213333333333,1174556.0833333333,0.6231130795077174,18100.666666666668,0.005210677063311825,1.5
LL,K14,1.02452,0.6830133333333334,1169941.5,0.6203311757020044,13486.083333333334,0.002428773257598743,1.5
LL,K14,1.126972,0.7513146666666667,1169941.5,0.6207926671363013,13486.083333333334,0.0028902646918957664,1.5
LL,K14,1.239669,0.8264459999999999,1169941.5,0.6207248994691983,13486.083333333334,0.0028224970247927306,1.5
LL,K14,1.363636,0.9090906666666667,1169941.5,0.6202397226901316,13486.083333333334,0.002337320245726073,1.5
LL,K14,1.5,1.0,1156455.4166666667,0.6179024024444056,0.0,0.0,1.5
LL,K14,1.65,1.0999999999999999,1156347.8333333333,0.613313042567367,-107.58333333333333,-0.004589359877038605,1.5
LL,K14,1.815,1.21,1159168.0833333333,0.6181878255750173,2712.6666666666665,0.0002854231306117505,1.5
LL,K14,1.9965,1.331,1164726.75,0.6190777321894265,8271.333333333334,0.0011753297450209272,1.5
LL,K14,2.19615,1.4641,1170065.75,0.621051792960704,13610.333333333334,0.0031493905162984503,1.5
LL,K14,2.415765,1.6105099999999999,1170065.75,0.6196013366164613,13610.333333333334,0.001698934172055716,1.5
LL,K14,2.657341,1.7715606666666668,1170065.75,0.619849252523557,13610.333333333334,0.0019468500791514538,1.5
LL,K14,2.923076,1.9487173333333334,1170065.75,0.621073408620526,13610.333333333334,0.003171006176120363,1.5
LL,K14,3.215383,2.1435886666666666,1170065.75,0.6212798548132139,13610.333333333334,0.0033774523688082925,1.5
LL,K14,3.536922,2.357948,1170065.75,0.620634852955278,13610.333333333334,0.0027324505108724992,1.5
LL,K14,3.890614,2.5937426666666665,1170065.75,0.6201182763043219,13610.333333333334,0.002215873859916423,1.5
LL,K14,4.279675,2.8531166666666667,1169260.25,0.6185034741262553,12804.833333333334,0.0006010716818497611,1.5
LL,K14,4.707643,3.1384286666666665,1169260.25,0.6166501889479411,12804.833333333334,-0.0012522134964644733,1.5
LL,K14,5.178407,3.4522713333333335,1170065.75,0.6194315497904433,13610.333333333334,0.0015291473460377718,1.5
LL,K14,5.696248,3.7974986666666664,1170065.75,0.620280069580868,13610.333333333334,0.0023776671364624338,1.5
LL,K14,6.265872,4.177248,1169916.5833333333,0.6201116862479873,13461.166666666666,0.0022092838035817908,1.5
LL,K14,6.892459,4.594972666666666,1169916.5833333333,0.6196368831957179,13461.166666666666,0.0017344807513123932,1.5
LL,K14,7.581705,5.05447,1169734.1666666667,0.618974969587135,13278.75,0.0010725671427295285,1.5
LL,K14,8.339876,5.559917333333334,1170006.0833333333,0.6204155350563813,13550.666666666666,0.0025131326119755826,1.5
LL,K14,9.173864,6.115909333333334,1169976.25,0.6196489668901962,13520.833333333334,0.0017465644457906049,1.5
LL,K14,10.09125,6.7275,1169941.5,0.6203254781132667,13486.083333333334,0.002423075668861102,1.5
LL,K14,11.100375,7.40025,1169941.5,0.6205850110332825,13486.083333333334,0.0026826085888769133,1.5
LL,K14,12.210412,8.140274666666667,1169941.5,0.6212663034237512,13486.083333333334,0.003363900979345589,1.5
LL,K14,13.431454,8.954302666666667,1169941.5,0.6202514037483634,13486.083333333334,0.002349001303957793,1.5
LL,K14,14.774599,9.849732666666666,1169941.5,0.6175132508592283,13486.083333333334,-0.00038915158517729975,1.5
LL,p1,0.088043,0.1015255996309963,1130480.5833333333,0.6819090941445621,-30373.166666666668,0.06363223106717873,0.8672
LL,p1,0.096847,0.11167781365313653,1132649.9166666667,0.6600762389179603,-28203.833333333332,0.04179937584057683,0.8672
LL,p1,0.106532,0.1228459409594096,1134740.0,0.6332408463754408,-26113.75,0.014963983298057287,0.8672
LL,p1,0.117185,0.13513030442804427,1136685.6666666667,0.6172950732445032,-24168.083333333332,-0.0009817898328801922,0.8672
LL,p1,0.128904,0.14864391143911437,1139704.5833333333,0.6039946619875791,-21149.166666666668,-0.014282201089804361,0.8672
LL,p1,0.141794,0.16350784132841328,1143055.0,0.5986448317205337,-17798.75,-0.019632031356849683,0.8672
LL,p1,0.155974,0.17985931734317345,1146076.0,0.5871491375738259,-14777.75,-0.031127725503557625,0.8672
LL,p1,0.171571,0.19784478782287823,1148921.75,0.5795708934688312,-11932.0,-0.0387059696085524,0.8672
LL,p1,0.188728,0.21762915129151292,1151373.75,0.5786497534775557,-9480.0,-0.03962710959982777,0.8672
LL,p1,0.207601,0.2393922970479705,1153728.75,0.5786454196388511,-7125.0,-0.039631443438532275,0.8672
LL,p1,0.228361,0.2633314114391144,1155855.0,0.5840177091956743,-4998.75,-0.034259153881709116,0.8672
LL,p1,0.251197,0.2896644372693727,1157815.75,0.5783464440635738,-3038.0,-0.039930419013809615,0.8672
LL,p1,0.276317,0.31863122693726936,1159474.75,0.588474170899518,-1379.0,-0.02980269217786539,0.8672
LL,p1,0.303948,0.35049354243542435,1161039.25,0.5904112492274312,185.5,-0.027865613849952304,0.8672
LL,p1,0.334343,0.3855431273062731,1162373.9166666667,0.5915597688475326,1520.1666666666667,-0.026717094229850885,0.8672
LL,p1,0.367777,0.424097094095941,1163781.3333333333,0.5897579681944006,2927.5833333333335,-0.02851889488298275,0.8672
LL,p1,0.404555,0.46650714944649446,1164857.75,0.5941102865208855,4004.0,-0.02416657655649791,0.8672
LL,p1,0.445011,0.5131584409594095,1165994.0,0.5949786416078833,5140.25,-0.02329822146950018,0.8672
LL,p1,0.489512,0.5644741697416974,1166893.25,0.5988068694800598,6039.5,-0.0194699935973237,0.8672
LL,p1,0.538463,0.6209213560885609,1168021.5833333333,0.5936285880651759,7167.833333333333,-0.024648275012207576,0.8672
LL,p1,0.592309,0.6830131457564576,1168670.0833333333,0.6047693038036988,7816.333333333333,-0.013507559273684716,0.8672
LL,p1,0.65154,0.7513145756457565,1165136.1666666667,0.6009718147875808,4282.416666666667,-0.017305048289802744,0.8672
LL,p1,0.716694,0.8264460332103322,1170000.25,0.6093207782911265,9146.5,-0.008956084786256915,0.8672
LL,p1,0.788364,0.9090913284132841,1170676.75,0.6148100210537505,9823.0,-0.0034668420236329545,0.8672
LL,p1,0.8672,1.0,1160853.75,0.6182768630773835,0.0,0.0,0.8672
LL,p1,0.95392,1.1,1167534.5833333333,0.624696805922528,6680.833333333333,0.006419942845144522,0.8672
LL,p1,1.049312,1.21,1167783.0,0.625341603960348,6929.25,0.007064740882964465,0.8672
LL,p1,1.154243,1.3309997693726936,1168465.75,0.6348857005809257,7612.0,0.016608837503542372,0.8672
LL,p1,1.269668,1.4641005535055351,1169009.75,0.6392364380905904,8156.0,0.020959575013206878,0.8672
LL,p1,1.396634,1.6105096863468635,1169375.5833333333,0.6429657261462572,8521.833333333334,0.02468886306887383,0.8672
LL,p1,1.536298,1.7715613468634686,1163686.5,0.6536180138695964,2832.75,0.03534115079221296,0.8672
LL,p1,1.689927,1.9487165590405904,1170326.5833333333,0.6533720659825135,9472.833333333334,0.03509520290513001,0.8672
LL,p1,1.85892,2.143588560885609,1170462.1666666667,0.651624656212851,9608.416666666666,0.033347793135467624,0.8672
LL,p1,2.044812,2.3579474169741697,1171207.5,0.6602947187176261,10353.75,0.042017855640242546,0.8672
LL,p1,2.249293,2.5937419280442806,1171537.25,0.6638224888083585,10683.5,0.0455456257309751,0.8672
LL,p1,2.474223,2.8531169280442805,1171463.4166666667,0.6656572754830984,10609.666666666666,0.04738041240571492,0.8672
LL,p1,2.721645,3.1384282749077492,1171331.9166666667,0.6684651870352337,10478.166666666666,0.05018832395785014,0.8672
LL,p1,2.99381,3.4522716789667895,1170960.8333333333,0.6632331727589499,10107.083333333334,0.04495630968156645,0.8672
LL,p1,3.293191,3.797498846863469,1171007.75,0.6702700425667526,10154.0,0.05199317948936911,0.8672
LL,p1,3.62251,4.177248616236163,1170901.0833333333,0.6703485109204642,10047.333333333334,0.05207164784308074,0.8672
LL,p1,3.984761,4.594973477859779,1170806.4166666667,0.6637560614472805,9952.666666666666,0.04547919836989712,0.8672
LL,p1,4.383237,5.054470710332104,1169788.4166666667,0.6679767744825008,8934.666666666666,0.04969991140511751,0.8672
LL,p1,4.82156,5.559916974169742,1169578.5,0.6714354662059551,8724.75,0.053158603128571597,0.8672
LL,p1,5.303716,6.115908671586715,1168664.25,0.6725500227560685,7810.5,0.05427315967868515,0.8672
LL,p1,5.834088,6.727500000000001,1168550.8333333333,0.6729495529668873,7697.083333333333,0.05467268988950377,0.8672
LL,p1,6.417497,7.400250230627306,1161628.9166666667,0.6755053495259867,775.1666666666666,0.057228486448603295,0.8672
LL,p1,7.059246,8.140274446494464,1167977.0833333333,0.6750006579159836,7123.333333333333,0.05672379483860012,0.8672
LL,p1,7.765171,8.954302352398523,1167772.0833333333,0.6734584162641303,6918.333333333333,0.05518155318674677,0.8672
LL,p1,8.541688,9.849732472324725,1167676.75,0.6755381701454787,6823.0,0.057261307068095284,0.8672
LL,d3D,0.051027,0.10152606446478313,1175486.5833333333,0.6229841400846098,8922.75,0.005190441217826867,0.5026
LL,d3D,0.056129,0.11167727815360126,1175486.5833333333,0.6230760966368506,8922.75,0.00528239777006768,0.5026
LL,d3D,0.061742,0.12284520493434141,1175486.5833333333,0.6220481534614191,8922.75,0.0042544545946361645,0.5026
LL,d3D,0.067917,0.13513131715081575,1175486.5833333333,0.6218663169100406,8922.75,0.0040726180432576935,0.5026
LL,d3D,0.074708,0.14864305610823714,1175486.5833333333,0.6206930096853515,8922.75,0.0028993108185686365,0.5026
LL,d3D,0.082179,0.16350775964982092,1175486.5833333333,0.6229038661483278,8922.75,0.005110167281545018,0.5026
LL,d3D,0.090397,0.17985873458018303,1175486.5833333333,0.6224587290607967,8922.75,0.0046650301940138845,0.5026
LL,d3D,0.099437,0.1978452049343414,1175486.5833333333,0.6220341583991701,8922.75,0.004240459532387266,0.5026
LL,d3D,0.10938,0.2176283326701154,1169427.0833333333,0.6195839922263889,2863.25,0.0017902933596059452,0.5026
LL,d3D,0.120318,0.2393911659371269,1175486.5833333333,0.6236918785599427,8922.75,0.005898179693159801,0.5026
LL,d3D,0.13235,0.26333068046159963,1169427.0833333333,0.6203712755111351,2863.25,0.0025775766443522363,0.5026
LL,d3D,0.145585,0.2896637485077596,1175486.5833333333,0.6226525358993894,8922.75,0.004858837032606506,0.5026
LL,d3D,0.160144,0.3186311181854357,1175486.5833333333,0.6226191674978372,8922.75,0.004825468631054273,0.5026
LL,d3D,0.176158,0.3504934341424592,1175486.5833333333,0.6225675280097902,8922.75,0.004773829143007308,0.5026
LL,d3D,0.193774,0.38554317548746514,1175486.5833333333,0.6224084733419923,8922.75,0.004614774475209499,0.5026
LL,d3D,0.213151,0.42409669717469156,1175486.5833333333,0.6240420021312602,8922.75,0.006248303264477201,0.5026
LL,d3D,0.234467,0.46650815758058095,1175486.5833333333,0.6222358428872918,8922.75,0.004442144020508974,0.5026
LL,d3D,0.257913,0.5131575805809788,1175486.5833333333,0.6230268048887343,8922.75,0.005233106021951456,0.5026
LL,d3D,0.283705,0.5644747313967369,1175486.5833333333,0.6230331961515465,8922.75,0.005239497284763685,0.5026
LL,d3D,0.312075,0.6209212097095105,1175486.5833333333,0.6232970512133376,8922.75,0.005503352346554663,0.5026
LL,d3D,0.343283,0.6830143255073616,1175486.5833333333,0.6227315074561739,8922.75,0.0049378085893910335,0.5026
LL,d3D,0.377611,0.7513151611619577,1175486.5833333333,0.621729186534433,8922.75,0.003935487667650071,0.5026
LL,d3D,0.415372,0.8264464783127735,1175486.5833333333,0.6221767487447036,8922.75,0.004383049877920792,0.5026
LL,d3D,0.456909,0.9090907282132908,1175486.5833333333,0.6218643722020047,8922.75,0.004070673335221865,0.5026
LL,d3D,0.5026,1.0,1166563.8333333333,0.6177936988667829,0.0,0.0,0.5026
LL,d3D,0.55286,1.0999999999999999,1169427.0833333333,0.6199961147477816,2863.25,0.002202415880998685,0.5026
LL,d3D,0.608146,1.2099999999999997,1175486.5833333333,0.6223678834269037,8922.75,0.0045741845601208475,0.5026
LL,d3D,0.668961,1.33100079586152,1175486.5833333333,0.6225621005173233,8922.75,0.004768401650540423,0.5026
LL,d3D,0.735857,1.464100676482292,1175486.5833333333,0.6221797383507633,8922.75,0.00438603948398054,0.5026
LL,d3D,0.809442,1.610509351372861,1175486.5833333333,0.6219012828212579,8922.75,0.00410758395447509,0.5026
LL,d3D,0.890387,1.7715618782331874,1175486.5833333333,0.6226826086621665,8922.75,0.004888909795383654,0.5026
LL,d3D,0.979425,1.948716673298846,1175486.5833333333,0.6216959542277967,8922.75,0.0039022553610137123,0.5026
LL,d3D,1.077368,2.143589335455631,1169446.25,0.61834878462615,2882.4166666666665,0.0005550857593670152,0.5026
LL,d3D,1.185105,2.3579486669319536,1169446.25,0.6207090160889416,2882.4166666666665,0.002915317222158681,0.5026
LL,d3D,1.303615,2.593742538798249,1169446.25,0.6201961826694316,2882.4166666666665,0.002402483802648653,0.5026
LL,d3D,1.433976,2.8531157978511734,1169446.25,0.6193733939009385,2882.4166666666665,0.001579695034155661,0.5026
LL,d3D,1.577374,3.138428173497811,1169446.25,0.618718719955543,2882.4166666666665,0.000925021088760053,0.5026
LL,d3D,1.735112,3.4522721846398725,1169446.25,0.619675910405039,2882.4166666666665,0.001882211538256101,0.5026
LL,d3D,1.908623,3.7974990051730995,1169446.25,0.61991765906046,2882.4166666666665,0.002123960193677212,0.5026
LL,d3D,2.099485,4.17724830879427,1169576.25,0.6194779061621318,3012.4166666666665,0.0016842072953490068,0.5026
LL,d3D,2.309433,4.594972144846796,1169576.25,0.6197980309652235,3012.4166666666665,0.0020043320984404847,0.5026
LL,d3D,2.540377,5.054470752089136,1169576.25,0.6196201697300854,3012.4166666666665,0.0018264708633024263,0.5026
LL,d3D,2.794414,5.55991643454039,1169576.25,0.6182795585053671,3012.4166666666665,0.00048585963858413517,0.5026
LL,d3D,3.073856,6.115909271786709,1169576.25,0.6189780536595588,3012.4166666666665,0.0011843547927759084,0.5026
LL,d3D,3.381241,6.727499005173099,1169576.25,0.620194344486196,3012.4166666666665,0.0024006456194130463,0.5026
LL,d3D,3.719366,7.400250696378829,1169576.25,0.6189968891773153,3012.4166666666665,0.001203190310532426,0.5026
LL,d3D,4.091302,8.140274572224431,1165907.5,0.6167505252890012,-656.3333333333334,-0.0010431735777816458,0.5026
LL,d3D,4.500432,8.954301631516115,1168770.75,0.6179506321830323,2206.9166666666665,0.00015693331624941353,0.5026
LL,d3D,4.950476,9.849733386390767,1168770.75,0.6179651578107225,2206.9166666666665,0.0001714589439395231,0.5026
LL,de4,0.040407,0.1015251256281407,1176933.1666666667,0.6462025110403936,17944.333333333332,0.029070782974703252,0.398
LL,de4,0.044448,0.11167839195979899,1176921.6666666667,0.6454581195124738,17932.833333333332,0.02832639144678334,0.398
LL,de4,0.048893,0.1228467336683417,1176851.25,0.6460598677683114,17862.416666666668,0.028928139702620887,0.398
LL,de4,0.053782,0.13513065326633167,1176859.0,0.6466110050883266,17870.166666666668,0.029479277022636013,0.398
LL,de4,0.05916,0.14864321608040199,1171806.6666666667,0.6424676838763869,12817.833333333334,0.025335955810696347,0.398
LL,de4,0.065076,0.1635075376884422,1176788.0833333333,0.6454562924135682,17799.25,0.02832456434787774,0.398
LL,de4,0.071584,0.17985929648241203,1176732.3333333333,0.6443458868713954,17743.5,0.027214158805704953,0.398
LL,de4,0.078742,0.19784422110552766,1176714.4166666667,0.6438886437918762,17725.583333333332,0.026756915726185732,0.398
LL,de4,0.086616,0.21762814070351758,1176672.6666666667,0.6443764856422223,17683.833333333332,0.027244757576531786,0.398
LL,de4,0.095278,0.23939195979899497,1176571.3333333333,0.6440070537650869,17582.5,0.026875325699396473,0.398
LL,de4,0.104806,0.26333165829145727,1176508.1666666667,0.6414833216888334,17519.333333333332,0.024351593623142948,0.398
LL,de4,0.115286,0.28966331658291455,1176519.9166666667,0.6350142904132107,17531.083333333332,0.01788256234752032,0.398
LL,de4,0.126815,0.31863065326633166,1176143.4166666667,0.6387320568829603,17154.583333333332,0.02160032881726993,0.398
LL,de4,0.139497,0.35049497487437187,1176301.0833333333,0.6407183919569281,17312.25,0.02358666389123772,0.398
LL,de4,0.153446,0.3855427135678392,1176175.75,0.6392622376366279,17186.916666666668,0.022130509570937495,0.398
LL,de4,0.168791,0.42409798994974873,1176113.75,0.637681846709845,17124.916666666668,0.02055011864415458,0.398
LL,de4,0.18567,0.46650753768844216,1170929.5,0.6339779532715246,11940.666666666666,0.016846225205834137,0.398
LL,de4,0.204237,0.5131582914572864,1175845.1666666667,0.6357105130805959,16856.333333333332,0.018578785014905442,0.398
LL,de4,0.224661,0.5644748743718593,1175731.1666666667,0.6335926955868728,16742.333333333332,0.01646096752118247,0.398
LL,de4,0.247127,0.6209221105527638,1175577.25,0.6322530347405643,16588.416666666668,0.015121306674873722,0.398
LL,de4,0.271839,0.6830125628140703,1175455.75,0.6301234451794787,16466.916666666668,0.012991717113788223,0.398
LL,de4,0.299023,0.7513140703517587,1175201.25,0.6301370149150592,16212.416666666666,0.013005286849368905,0.398
LL,de4,0.328926,0.8264472361809044,1174763.3333333333,0.6212315691402898,15774.5,0.00409984107459932,0.398
LL,de4,0.361818,0.9090904522613065,1174791.25,0.6262671760633282,15802.416666666666,0.00913544799763776,0.398
LL,de4,0.398,1.0,1158988.8333333333,0.6171317280656904,0.0,0.0,0.398
LL,de4,0.4378,1.1,1164994.5833333333,0.6144521266991806,6005.75,-0.0026796013665097893,0.398
LL,de4,0.48158,1.21,1169005.5833333333,0.6127823980751291,10016.75,-0.0043493299905612475,0.398
LL,de4,0.529738,1.331,1173577.3333333333,0.6155455081265188,14588.5,-0.0015862199391716754,0.398
LL,de4,0.582712,1.4641005025125629,1173207.0833333333,0.6136241401655935,14218.25,-0.003507587900096911,0.398
LL,de4,0.640983,1.6105100502512562,1173328.4166666667,0.5979100070019129,14339.583333333334,-0.019221721063777564,0.398
LL,de4,0.705081,1.7715603015075374,1172302.0,0.6063440482140339,13313.166666666666,-0.010787679851656498,0.398
LL,de4,0.775589,1.9487160804020098,1171720.75,0.6024747028643872,12731.916666666666,-0.01465702520130327,0.398
LL,de4,0.853148,2.1435879396984925,1171169.5,0.6015781681288913,12180.666666666666,-0.01555355993679903,0.398
LL,de4,0.938463,2.3579472361809044,1170471.75,0.598684385719149,11482.916666666666,-0.018447342346541523,0.398
LL,de4,1.032309,2.5937412060301503,1165025.6666666667,0.593129775110735,6036.833333333333,-0.02400195295495559,0.398
LL,de4,1.13554,2.8531155778894473,1164187.4166666667,0.5902444095191197,5198.583333333333,-0.026887318546570744,0.398
LL,de4,1.249094,3.1384271356783917,1163302.25,0.586260185837267,4313.416666666667,-0.03087154222842345,0.398
LL,de4,1.374004,3.4522713567839194,1152550.3333333333,0.5726862047514633,-6438.5,-0.04444552331422714,0.398
LL,de4,1.511404,3.7974974874371856,1157130.75,0.5740691456287537,-1858.0833333333333,-0.04306258243693673,0.398
LL,de4,1.662545,4.177248743718593,1159890.3333333333,0.5782642271973932,901.5,-0.038867500868297135,0.398
LL,de4,1.828799,4.594972361809045,1154388.6666666667,0.5658262298802396,-4600.166666666667,-0.05130549818545075,0.398
LL,de4,2.011679,5.054469849246231,1156979.9166666667,0.5719002244010915,-2008.9166666666667,-0.04523150366459892,0.398
LL,de4,2.212847,5.559917085427135,1155174.25,0.5686716015973369,-3814.5833333333335,-0.048460126468353425,0.398
LL,de4,2.434132,6.115909547738693,1153094.0,0.5625007953663966,-5894.833333333333,-0.05463093269929381,0.398
LL,de4,2.677545,6.727499999999999,1150659.1666666667,0.5653059339632787,-8329.666666666666,-0.05182579410241173,0.398
LL,de4,2.945299,7.400248743718592,1144092.0833333333,0.5655372548471203,-14896.75,-0.051594473218570136,0.398
LL,de4,3.239829,8.140273869346732,1144528.25,0.5628013490956826,-14460.583333333334,-0.05433037897000781,0.398
LL,de4,3.563812,8.954301507537687,1141349.4166666667,0.5817479281422756,-17639.416666666668,-0.03538379992341478,0.398
LL,de4,3.920194,9.849733668341708,1139396.0,0.5966033990217213,-19592.833333333332,-0.02052832904396909,0.398
LL,p4,0.114318,0.10152575488454708,1050196.6666666667,0.76337551700593,-107867.83333333333,0.14799029748673484,1.126
LL,p4,0.12575,0.11167850799289522,1059149.0,0.7300759266553071,-98915.5,0.11469070713611208,1.126
LL,p4,0.138325,0.12284635879218474,1062168.6666666667,0.7212652059856004,-95895.83333333333,0.10587998646640534,1.126
LL,p4,0.152157,0.13513055062166962,1111228.75,0.7311233964695775,-46835.75,0.11573817695038228,1.126
LL,p4,0.167373,0.14864387211367674,1118284.6666666667,0.7448914576064821,-39779.833333333336,0.12950623808728692,1.126
LL,p4,0.18411,0.16350799289520426,1121421.0,0.7345693860451078,-36643.5,0.11918416652591263,1.126
LL,p4,0.202521,0.17985879218472473,1130308.6666666667,0.6869601258154215,-27755.833333333332,0.07157490629622633,1.126
LL,p4,0.222773,0.19784458259325047,1135035.1666666667,0.643470233760382,-23029.333333333332,0.028085014241186996,1.126
LL,p4,0.24505,0.21762877442273537,1135224.9166666667,0.6190945023464199,-22839.583333333332,0.0037092828272247322,1.126
LL,p4,0.269555,0.23939165186500888,1142052.0833333333,0.5954498187421208,-16012.416666666666,-0.019935400777074352,1.126
LL,p4,0.296511,0.2633312611012434,1144646.5833333333,0.5774658027737333,-13417.916666666666,-0.03791941674546192,1.126
LL,p4,0.326162,0.289664298401421,1149018.0833333333,0.5667814012497585,-9046.416666666666,-0.04860381826943663,1.126
LL,p4,0.358778,0.3186305506216697,1152274.5,0.5611175039637557,-5790.0,-0.054267715555439446,1.126
LL,p4,0.394656,0.35049378330373004,1155807.0833333333,0.5674864863947615,-2257.4166666666665,-0.047898733124433594,1.126
LL,p4,0.434122,0.38554351687388994,1158535.5833333333,0.5700200464423616,471.0833333333333,-0.04536517307683363,1.126
LL,p4,0.477534,0.4240976909413855,1160855.5,0.5722593927770926,2791.0,-0.043125826742102524,1.126
LL,p4,0.525287,0.46650710479573715,1162858.3333333333,0.5831084831638284,4793.833333333333,-0.03227673635536673,1.126
LL,p4,0.577816,0.513158081705151,1164525.25,0.5829078431956124,6460.75,-0.03247737632358282,1.126
LL,p4,0.635598,0.564474245115453,1166033.8333333333,0.5895111445198968,7969.333333333333,-0.025874074999298374,1.126
LL,p4,0.699157,0.6209209591474246,1166830.5833333333,0.5797191254763375,8766.083333333334,-0.035666094042857754,1.126
LL,p4,0.769073,0.6830133214920072,1168405.0,0.5952094665109723,10340.5,-0.02017575300822282,1.126
LL,p4,0.84598,0.7513143872113677,1165095.1666666667,0.5970842451585424,7030.666666666667,-0.01830097436065281,1.126
LL,p4,0.930579,0.8264467140319717,1170152.4166666667,0.6083080909863822,12087.916666666666,-0.007077128532813087,1.126
LL,p4,1.023636,0.9090905861456484,1166496.1666666667,0.6112498105495098,8431.666666666666,-0.004135408969685357,1.126
LL,p4,1.126,1.0,1158064.5,0.6153852195191951,0.0,0.0,1.126
LL,p4,1.2386,1.1,1161286.75,0.6281671210628416,3222.25,0.01278190154364641,1.126
LL,p4,1.36246,1.2100000000000002,1167710.4166666667,0.6306566234777515,9645.916666666666,0.015271403958556445,1.126
LL,p4,1.498706,1.3310000000000002,1167962.5,0.6370385303954279,9898.0,0.02165331087623264,1.126
LL,p4,1.648577,1.4641003552397869,1168263.6666666667,0.6433874358134887,10199.166666666666,0.028002216294293475,1.126
LL,p4,1.813434,1.6105097690941388,1168503.1666666667,0.6496168867618142,10438.666666666666,0.03423166724261902,1.126
LL,p4,1.994778,1.771561278863233,1168669.5,0.6535388476638201,10605.0,0.03815362814462489,1.126
LL,p4,2.194255,1.9487166962699825,1168914.0833333333,0.6597604144032946,10849.583333333334,0.04437519488409955,1.126
LL,p4,2.413681,2.1435888099467144,1168715.0833333333,0.6607368350276415,10650.583333333334,0.04535161550844633,1.126
LL,p4,2.655049,2.3579476021314387,1168576.9166666667,0.6641596591520958,10512.416666666666,0.048774439632900686,1.126
LL,p4,2.920554,2.5937424511545295,1168364.1666666667,0.6664553455016681,10299.666666666666,0.05107012598247293,1.126
LL,p4,3.212609,2.8531163410301956,1168238.25,0.667829754509042,10173.75,0.05244453498984671,1.126
LL,p4,3.53387,3.1384280639431616,1168033.1666666667,0.66884487760182,9968.666666666666,0.05345965808262476,1.126
LL,p4,3.887257,3.452270870337478,1166482.8333333333,0.6668643646449305,8418.333333333334,0.05147914512573539,1.126
LL,p4,4.275983,3.797498223801066,1165437.75,0.6721893447386641,7373.25,0.056804125219468815,1.126
LL,p4,4.703581,4.177247779751332,1165292.0833333333,0.6737729783219812,7227.583333333333,0.058387758802786106,1.126
LL,p4,5.17394,4.594973357015986,1166104.0,0.6769269334404857,8039.5,0.06154171392129054,1.126
LL,p4,5.691334,5.054470692717585,1166043.8333333333,0.6802560341510852,7979.333333333333,0.06487081463189008,1.126
LL,p4,6.260467,5.559917406749556,1165885.6666666667,0.6759521580510593,7821.166666666667,0.0605669385318642,1.126
LL,p4,6.886514,6.115909413854352,1165953.9166666667,0.6821091916991282,7889.416666666667,0.06672397217993307,1.126
LL,p4,7.575165,6.727500000000001,1165812.5,0.6790299230987177,7748.0,0.0636447035795225,1.126
LL,p4,8.332681,7.400249555950267,1166109.25,0.6847729682861736,8044.75,0.06938774876697851,1.126
LL,p4,9.16595,8.140275310834815,1166223.0,0.680317040183017,8158.5,0.06493182066382179,1.126
LL,p4,10.082545,8.954302841918295,1166202.0,0.6862504983571269,8137.5,0.0708652788379318,1.126
LL,p4,11.090799,9.849732682060392,1166322.5833333333,0.6856076961462393,8258.083333333334,0.07022247662704405,1.126
LL,K9,0.182482,0.10152553688661399,1047276.5833333334,0.8318794881116908,-113596.75,0.21443762098406025,1.7974
LL,K9,0.20073,0.11167797930343829,1043606.5833333334,0.8315072390078235,-117266.75,0.214065371880193,1.7974
LL,K9,0.220803,0.12284577723378212,1047243.8333333334,0.8316042193206515,-113629.5,0.21416235219302104,1.7974
LL,K9,0.242884,0.13513074440859016,1047188.3333333334,0.8312821174516344,-113685.0,0.21384025032400386,1.7974
LL,K9,0.267172,0.148643596305775,1047276.5833333334,0.8313073454765978,-113596.75,0.2138654783489673,1.7974
LL,K9,0.293889,0.1635078446645154,1047259.25,0.8320083236408747,-113614.08333333333,0.21456645651324435,1.7974
LL,K9,0.323278,0.1798586847668855,1047276.5833333334,0.8315322485032522,-113596.75,0.21409038137562178,1.7974
LL,K9,0.355606,0.19784466451541113,1047242.75,0.8310736499365884,-113630.58333333333,0.21363178280895792,1.7974
LL,K9,0.391167,0.21762935351062643,1047790.75,0.8137483975634789,-113082.58333333333,0.19630653043584853,1.7974
LL,K9,0.430283,0.23939189941025926,1107427.5,0.7168649920229194,-53445.833333333336,0.09942312489528894,1.7974
LL,K9,0.473312,0.263331478802715,1129552.5,0.634828934972597,-31320.833333333332,0.01738706784496648,1.7974
LL,K9,0.520643,0.2896645154111494,1142692.5833333333,0.5882670608770505,-18180.75,-0.029174806250580065,1.7974
LL,K9,0.572707,0.3186308000445087,1151466.8333333333,0.5803865717021098,-9406.5,-0.03705529542552063,1.7974
LL,K9,0.629978,0.35049404695671527,1157053.5833333333,0.586983665184185,-3819.75,-0.030458201943445434,1.7974
LL,K9,0.692976,0.38554356292422387,1160852.5,0.5885185268762511,-20.833333333333332,-0.028923340251379437,1.7974
LL,K9,0.762273,0.42409758540113496,1163792.0,0.5823525265828414,2918.6666666666665,-0.03508934054478913,1.7974
LL,K9,0.8385,0.4665071770334928,1155471.5,0.5876404478998544,-5401.833333333333,-0.029801419227776006,1.7974
LL,K9,0.92235,0.513157894736842,1162186.75,0.5839157710262246,1313.4166666666667,-0.0335260961014059,1.7974
LL,K9,1.014585,0.5644736842105263,1163309.8333333333,0.5862523093488422,2436.5,-0.031189557778788346,1.7974
LL,K9,1.116044,0.6209213308111716,1164158.5833333333,0.5969491652875732,3285.25,-0.02049270184005721,1.7974
LL,K9,1.227648,0.6830132413486146,1164902.8333333333,0.6039794788141329,4029.5,-0.013462388313497489,1.7974
LL,K9,1.350413,0.7513146767553133,1165451.5833333333,0.6091990131993209,4578.25,-0.008242853928309526,1.7974
LL,K9,1.485455,0.8264465338822743,1165914.0,0.6133634053245768,5040.666666666667,-0.004078461803053675,1.7974
LL,K9,1.634,0.909090909090909,1157900.6666666667,0.6104852406234939,-2972.6666666666665,-0.006956626504136532,1.7974
LL,K9,1.7974,1.0,1160873.3333333333,0.6174418671276305,0.0,0.0,1.7974
LL,K9,1.97714,1.0999999999999999,1166765.5833333333,0.622415517385924,5892.25,0.004973650258293614,1.7974
LL,K9,2.174854,1.2099999999999997,1167106.0,0.625097422017411,6232.666666666667,0.00765555488978049,1.7974
LL,K9,2.392339,1.3309997774563258,1167134.9166666667,0.627425926550858,6261.583333333333,0.00998405942322759,1.7974
LL,K9,2.631573,1.4640998108378769,1167667.4166666667,0.6249241672447071,6794.083333333333,0.007482300117076669,1.7974
LL,K9,2.894731,1.6105101813730944,1167382.8333333333,0.6236106612487012,6509.5,0.00616879412107076,1.7974
LL,K9,3.184204,1.7715611438744852,1161599.9166666667,0.6236956593128721,726.5833333333334,0.006253792185241617,1.7974
LL,K9,3.502624,1.9487170357182595,1167734.5,0.627352468536854,6861.166666666667,0.009910601409223554,1.7974
LL,K9,3.852887,2.1435890731055967,1167820.1666666667,0.6300116867328073,6946.833333333333,0.012569819605176771,1.7974
LL,K9,4.238175,2.3579475909647267,1166789.8333333333,0.6308316766114714,5916.5,0.013389809483840906,1.7974
LL,K9,4.661993,2.593742628240792,1166826.75,0.6308913417180572,5953.416666666667,0.013449474590426613,1.7974
LL,K9,5.128192,2.853116724157116,1167672.3333333333,0.6340061665073089,6799.0,0.016564299379678432,1.7974
LL,K9,5.641011,3.13842828530099,1167786.0833333333,0.632899715748048,6912.75,0.015457848620417583,1.7974
LL,K9,6.205112,3.4522710581951705,1167669.0,0.6337767023789224,6795.666666666667,0.016334835251291886,1.7974
LL,K9,6.825624,3.7974986091020364,1167699.6666666667,0.6339767841156474,6826.333333333333,0.016534916988016884,1.7974
LL,K9,7.508186,4.177248247468565,1167510.25,0.6329328737793152,6636.916666666667,0.0154910066516847,1.7974
LL,K9,8.259004,4.59497273839991,1159379.6666666667,0.6297273472239915,-1493.6666666666667,0.012285480096360971,1.7974
LL,K9,9.084905,5.054470346055413,1162135.25,0.6323069234465123,1261.9166666666667,0.0148650563188819,1.7974
LL,K9,9.993395,5.559917102481362,1167797.0833333333,0.6342527796384103,6923.75,0.01681091251077983,1.7974
LL,K9,10.992735,6.11590909090909,1167756.1666666667,0.6347263730322797,6882.833333333333,0.01728450590464926,1.7974
LL,K9,12.092008,6.727499721820407,1162109.6666666667,0.6346489479138732,1236.3333333333333,0.01720708078624279,1.7974
LL,K9,13.301209,7.400249805274284,1167773.5833333333,0.6355551243663221,6900.25,0.01811325723869155,1.7974
LL,K9,14.63133,8.140274841437632,1167781.25,0.6342888676332353,6907.916666666667,0.016847000505604948,1.7974
LL,K9,16.094463,8.954302325581395,1167785.3333333333,0.6342361610013024,6912.0,0.016794293873671956,1.7974
LL,K9,17.70391,9.849732947590965,1167793.8333333333,0.6334269786827732,6920.5,0.015985111555142623,1.7974
LL,q4a,0.601813,0.10152554953860689,1172210.0,0.6223585636137879,7030.083333333333,0.004307641531787809,5.9277
LL,q4a,0.661995,0.11167822258211449,1172210.0,0.6221817238648535,7030.083333333333,0.0041308017828534565,5.9277
LL,q4a,0.728194,0.12284596049057814,1172213.75,0.6217713543642072,7033.833333333333,0.003720432282207059,5.9277
LL,q4a,0.801013,0.1351304890598377,1172213.75,0.6224172268622878,7033.833333333333,0.004366304780287785,5.9277
LL,q4a,0.881115,0.1486436560554684,1172213.5833333333,0.622862065899246,7033.666666666667,0.004811143817245835,5.9277
LL,q4a,0.969226,0.16350793731126745,1172213.5833333333,0.6224340371380033,7033.666666666667,0.004383115056003158,5.9277
LL,q4a,1.066149,0.17985879852219244,1169565.0833333333,0.6184772195268021,4385.166666666667,0.0004262974448019097,5.9277
LL,q4a,1.172764,0.1978446952443612,1169560.8333333333,0.6180609898067825,4380.916666666667,1.006772478228298e-05,5.9277
LL,q4a,1.29004,0.21762909728899912,1169561.1666666667,0.6185463370813306,4381.25,0.0004954149993305438,5.9277
LL,q4a,1.419044,0.23939200701789903,1169513.75,0.6175105194922322,4333.833333333333,-0.0005404025897678688,5.9277
LL,q4a,1.560949,0.2633313089393863,1169513.75,0.6185583651415599,4333.833333333333,0.0005074430595598997,5.9277
LL,q4a,1.717044,0.28966445670327445,1169513.8333333333,0.6170348610444779,4333.916666666667,-0.0010160610375221368,5.9277
LL,q4a,1.888748,0.31863083489380367,1169514.4166666667,0.6183359107572416,4334.5,0.0002849886752415061,5.9277
LL,q4a,2.077623,0.35049395212308315,1169638.0833333333,0.6174450790991503,4458.166666666667,-0.0006058429828498338,5.9277
LL,q4a,2.285385,0.38554329672554283,1169642.8333333333,0.6196588381776915,4462.916666666667,0.0016079160956914789,5.9277
LL,q4a,2.513923,0.4240975420483493,1169642.5833333333,0.6196321370471997,4462.666666666667,0.0015812149651995937,5.9277
LL,q4a,2.765316,0.4665074143428311,1169642.5833333333,0.6183614741726824,4462.666666666667,0.00031055209068234224,5.9277
LL,q4a,3.041847,0.5131580545574169,1169642.0,0.6178809823271233,4462.083333333333,-0.0001699397548768448,5.9277
LL,q4a,3.346032,0.5644739106230073,1169638.0,0.6177564896763296,4458.083333333333,-0.00029443240567055456,5.9277
LL,q4a,3.680635,0.6209212679454089,1169637.6666666667,0.6177895795645548,4457.75,-0.0002613425174451585,5.9277
LL,q4a,4.048699,0.6830134790896976,1164414.5,0.6159287617267265,-765.4166666666666,-0.0021221603552735537,5.9277
LL,q4a,4.453569,0.7513148438686168,1168777.25,0.6161130494337553,3597.3333333333335,-0.0019378726482446502,5.9277
LL,q4a,4.898926,0.8264463451254281,1168781.0,0.6170604073083007,3601.0833333333335,-0.0009905147736993987,5.9277
LL,q4a,5.388818,0.9090908784182735,1169591.0,0.6187990148180701,4411.083333333333,0.0007480927360700718,5.9277
LL,q4a,5.9277,1.0,1165179.9166666667,0.618050922082,0.0,0.0,5.9277
LL,q4a,6.52047,1.1,1169443.0833333333,0.6177896940686453,4263.166666666667,-0.0002612280133548935,5.9277
LL,q4a,7.172517,1.21,1169271.25,0.617404133091737,4091.3333333333335,-0.0006467889902630845,5.9277
LL,q4a,7.889769,1.3310000506098487,1169275.5833333333,0.6163914920409437,4095.6666666666665,-0.001659430041056444,5.9277
LL,q4a,8.678746,1.4641000725407831,1169595.0,0.6169686365373243,4415.083333333333,-0.0010822855446758206,5.9277
LL,q4a,9.54662,1.6105099785751642,1169570.3333333333,0.6174249186646373,4390.416666666667,-0.0006260034173627323,5.9277
LL,q4a,10.501282,1.7715609764326805,1169551.9166666667,0.6186100870777026,4372.0,0.0005591649957025213,5.9277
LL,q4a,11.55141,1.9487170403360496,1169563.4166666667,0.6190971679920877,4383.5,0.0010462459100876824,5.9277
LL,q4a,12.706551,2.143588744369654,1169540.0833333333,0.6180360705990419,4360.166666666667,-1.4851482958294637e-05,5.9277
LL,q4a,13.977207,2.357947770636166,1169566.1666666667,0.6178287467703657,4386.25,-0.0002221753116344131,5.9277
LL,q4a,15.374927,2.5937424296101357,1169624.25,0.6179150057158208,4444.333333333333,-0.00013591636617925804,5.9277
LL,q4a,16.91242,2.853116723180998,1169632.25,0.6188383198064514,4452.333333333333,0.0007873977244514663,5.9277
LL,q4a,18.603662,3.1384283954990977,1169631.0,0.6185123243341697,4451.083333333333,0.0004614022521695164,5.9277
LL,q4a,20.464028,3.452271201309108,1165339.3333333333,0.6177461988319958,159.41666666666666,-0.00030472325000432954,5.9277
LL,q4a,22.510431,3.7974983551799184,1169734.5833333333,0.6197757880827881,4554.666666666667,0.0017248660007880094,5.9277
LL,q4a,24.761474,4.1772481738279605,1169747.75,0.6176166407070837,4567.833333333333,-0.00043428137491646757,5.9277
LL,q4a,27.237621,4.594972923730959,1169735.1666666667,0.6180235574110019,4555.25,-2.7364670998083113e-05,5.9277
LL,q4a,29.961384,5.0544703679336,1169614.75,0.6182809629802622,4434.833333333333,0.0002300408982621923,5.9277
LL,q4a,32.957522,5.559917337247161,1169625.5,0.618438136721324,4445.583333333333,0.0003872146393238962,5.9277
LL,q4a,36.253274,6.115909037231979,1169671.5833333333,0.6187456268280126,4491.666666666667,0.0006947047460124645,5.9277
LL,q4a,39.878601,6.727499873475379,1169708.5,0.6178132439178968,4528.583333333333,-0.0002376781641033702,5.9277
LL,q4a,43.866462,7.400250012652462,1168967.6666666667,0.6176213010042979,3787.75,-0.0004296210777021507,5.9277
LL,q4a,48.253108,8.140274980177809,1168935.25,0.6181718446975525,3755.3333333333335,0.00012092261555237312,5.9277
LL,q4a,53.078419,8.95430251193549,1169622.0,0.6178557734725666,4442.083333333333,-0.00019514860943347276,5.9277
LL,q4a,58.38626,9.849732611299492,1169695.1666666667,0.6187892999534251,4515.25,0.0007383778714250555,5.9277
LL,K10,0.120704,0.10152578013289595,1048292.75,0.8267197416088693,-116434.0,0.20719250572459438,1.1889
LL,K10,0.132774,0.11167802170073177,1048292.75,0.8267428844482798,-116434.0,0.20721564856400496,1.1889
LL,K10,0.146052,0.1228463285389856,1048292.75,0.8285667021684121,-116434.0,0.20903946628413725,1.1889
LL,K10,0.160657,0.13513079317015728,1048292.75,0.8280308323651768,-116434.0,0.20850359648090203,1.1889
LL,K10,0.176722,0.1486432837076289,1048292.75,0.8290894437011196,-116434.0,0.20956220781684465,1.1889
LL,K10,0.194395,0.16350828496929937,1048292.75,0.8290121691733093,-116434.0,0.20948493328903442,1.1889
LL,K10,0.213834,0.17985869290941206,1048292.75,0.8292786811725424,-116434.0,0.20975144528826753,1.1889
LL,K10,0.235218,0.19784506686853393,1048292.75,0.8306122519056642,-116434.0,0.2110850160213893,1.1889
LL,K10,0.258739,0.21762890066447976,1048292.75,0.8298042664932802,-116434.0,0.2102770306090053,1.1889
LL,K10,0.284613,0.23939187484229119,1048292.75,0.8301402413918346,-116434.0,0.21061300550755976,1.1889
LL,K10,0.313075,0.26333165110606443,1048292.75,0.8296789436379887,-116434.0,0.21015170775371375,1.1889
LL,K10,0.344382,0.28966439565985364,1048370.75,0.8293466564041806,-116356.0,0.2098194205199058,1.1889
LL,K10,0.37882,0.3186306670031121,1045600.25,0.827025892839372,-119126.5,0.20749865695509706,1.1889
LL,K10,0.416702,0.35049373370342335,1048502.3333333334,0.8223929612241179,-116224.41666666667,0.20286572533984293,1.1889
LL,K10,0.458372,0.38554293885103874,1048907.25,0.8075299329358345,-115819.5,0.1880026970515596,1.1889
LL,K10,0.50421,0.42409790562705024,1047425.75,0.7527081512368499,-117301.0,0.133180915352575,1.1889
LL,K10,0.554631,0.4665076961897552,1113649.25,0.7253116857936058,-51077.5,0.10578444990933082,1.1889
LL,K10,0.610094,0.5131583816973673,1137492.0,0.6700204285120605,-27234.75,0.05049319262778546,1.1889
LL,K10,0.671103,0.5644738834216503,1154214.5833333333,0.5930923175926698,-10512.166666666666,-0.02643491829160516,1.1889
LL,K10,0.738213,0.6209210194297249,1161981.25,0.5892289187232603,-2745.5,-0.0302983171610146,1.1889
LL,K10,0.812035,0.6830137101522414,1166402.9166666667,0.5947300315169504,1676.1666666666667,-0.024797204367324577,1.1889
LL,K10,0.893238,0.7513146606106484,1169374.1666666667,0.594058969050831,4647.416666666667,-0.02546826683344396,1.1889
LL,K10,0.982562,0.8264462948944402,1171962.9166666667,0.5821364520490916,7236.166666666667,-0.03739078383518336,1.1889
LL,K10,1.080818,0.9090907561611574,1168660.4166666667,0.6057387234982395,3933.6666666666665,-0.013788512386035392,1.1889
LL,K10,1.1889,1.0,1164726.75,0.6195272358842749,0.0,0.0,1.1889
LL,K10,1.30779,1.0999999999999999,1171314.0833333333,0.6331037573124423,6587.333333333333,0.013576521428167334,1.1889
LL,K10,1.438569,1.21,1172868.75,0.6438115907616128,8142.0,0.024284354877337776,1.1889
LL,K10,1.582426,1.3310000841113634,1174205.4166666667,0.654355710492385,9478.666666666666,0.034828474608109984,1.1889
LL,K10,1.740668,1.464099587854319,1175338.75,0.6610918983339367,10612.0,0.04156466244966172,1.1889
LL,K10,1.914735,1.6105097148624778,1176320.75,0.6690572912497283,11594.0,0.049530055365453324,1.1889
LL,K10,2.106209,1.771561106905543,1176982.1666666667,0.6751927133521308,12255.416666666666,0.0556654774678558,1.1889
LL,K10,2.31683,1.9487173017074606,1177430.5833333333,0.6793013062438135,12703.833333333334,0.059774070359538516,1.1889
LL,K10,2.548513,2.1435890318782063,1177615.9166666667,0.6817039060911338,12889.166666666666,0.0621766702068589,1.1889
LL,K10,2.803364,2.357947682731937,1177784.1666666667,0.6826259796008333,13057.416666666666,0.0630987437165582,1.1889
LL,K10,3.0837,2.5937421145596766,1172227.6666666667,0.6773189857236829,7500.916666666667,0.057791749839407984,1.1889
LL,K10,3.39207,2.8531163260156447,1177885.0,0.680229703935754,13158.25,0.06070246805147908,1.1889
LL,K10,3.731278,3.1384287997308435,1177891.1666666667,0.6775075281592517,13164.416666666666,0.0579802922749768,1.1889
LL,K10,4.104405,3.45227100681302,1170892.75,0.6750405379085156,6166.0,0.055513302024240735,1.1889
LL,K10,4.514846,3.7974985280511397,1175419.1666666667,0.6707977637667076,10692.416666666666,0.051270527882432665,1.1889
LL,K10,4.96633,4.177247876188073,1174971.3333333333,0.673930181751007,10244.583333333334,0.05440294586673216,1.1889
LL,K10,5.462963,4.59497266380688,1174864.75,0.6730961774089329,10138.0,0.053568941524657916,1.1889
LL,K10,6.00926,5.054470518967112,1173719.5833333333,0.6731388402604676,8992.833333333334,0.05361160437619264,1.1889
LL,K10,6.610186,5.559917570863823,1170918.4166666667,0.6741584681994386,6191.666666666667,0.054631232315163675,1.1889
LL,K10,7.271204,6.115908823282025,1164333.0833333333,0.671402630510054,-393.6666666666667,0.051875394625779066,1.1889
LL,K10,7.998325,6.727500210278409,1169057.0,0.6735388536717205,4330.25,0.05401161778744559,1.1889
LL,K10,8.798157,7.400249810749432,1168667.0,0.673735704975515,3940.25,0.054208469091240025,1.1889
LL,K10,9.677973,8.140275044158464,1168031.4166666667,0.6725657818135735,3304.6666666666665,0.05303854592929849,1.1889
LL,K10,10.64577,8.954302296240222,1167396.0,0.6749517828788175,2669.25,0.055424546994542585,1.1889
LL,K10,11.710347,9.849732525864244,1166891.6666666667,0.6761517241942157,2164.9166666666665,0.056624488309940664,1.1889
LL,Cm9,0.088023,0.10152595155709343,1062747.1666666667,0.7353806531803468,-99391.16666666667,0.11683854398451966,0.867
LL,Cm9,0.096825,0.11167820069204151,1062995.75,0.7381215869878769,-99142.58333333333,0.11957947779204962,0.867
LL,Cm9,0.106507,0.12284544405997694,1063307.8333333333,0.7399914939715372,-98830.5,0.12144938477570982,0.867
LL,Cm9,0.117158,0.13513033448673586,1063658.0833333333,0.7442044076845332,-98480.25,0.12566229848870603,0.867
LL,Cm9,0.128874,0.14864359861591694,1063273.0,0.7454765037216049,-98865.33333333333,0.12693439452577754,0.867
LL,Cm9,0.141761,0.16350749711649365,1063842.9166666667,0.7489536495517927,-98295.41666666667,0.13041154035596547,0.867
LL,Cm9,0.155938,0.17985928489042674,1064479.0,0.7531714179783086,-97659.33333333333,0.13462930878248122,0.867
LL,Cm9,0.171531,0.19784429065743944,1065436.0833333333,0.75740359085185,-96702.25,0.13886148165602277,0.867
LL,Cm9,0.188684,0.21762860438292964,1066922.8333333333,0.7619283971760759,-95215.5,0.14338628798024863,0.867
LL,Cm9,0.207553,0.2393921568627451,1069095.75,0.7672157192734964,-93042.58333333333,0.14867361007766908,0.867
LL,Cm9,0.228308,0.26333102652825835,1071562.25,0.7700155125886954,-90576.08333333333,0.1514734033928681,0.867
LL,Cm9,0.251139,0.2896643598615917,1061488.1666666667,0.7708265034746457,-100650.16666666667,0.15228439427881843,0.867
LL,Cm9,0.276253,0.31863091118800463,1047476.4166666666,0.8163433203627836,-114661.91666666667,0.19780121116695623,0.867
LL,Cm9,0.303878,0.3504936562860438,1046224.3333333334,0.8269832581559667,-115914.0,0.20844114896013963,0.867
LL,Cm9,0.334266,0.3855432525951557,1050503.25,0.758694728844461,-111635.08333333333,0.14015261964863374,0.867
LL,Cm9,0.367693,0.4240980392156863,1104249.3333333333,0.7281241837352384,-57889.0,0.10958207453941105,0.867
LL,Cm9,0.404462,0.46650749711649364,1152504.5833333333,0.6948756521866016,-9633.75,0.07633354299077434,0.867
LL,Cm9,0.444908,0.5131580161476356,1174578.5833333333,0.6883223812743792,12440.25,0.06978027207855192,0.867
LL,Cm9,0.489399,0.5644740484429065,1176832.1666666667,0.6450293481886316,14693.833333333334,0.026487238992804234,0.867
LL,Cm9,0.538339,0.620921568627451,1170220.75,0.6757666319241675,8082.416666666667,0.057224522728340166,0.867
LL,Cm9,0.592173,0.6830138408304498,1169827.75,0.6826017219729481,7689.416666666667,0.06405961277712086,0.867
LL,Cm9,0.65139,0.7513148788927336,1173642.0833333333,0.6718250217366752,11503.75,0.05328291254084797,0.867
LL,Cm9,0.716529,0.8264463667820069,1176951.25,0.6574561829630264,14812.916666666666,0.038914073767199124,0.867
LL,Cm9,0.788182,0.9090911188004615,1175212.8333333333,0.6369706930097446,13074.5,0.018428583813917414,0.867
LL,Cm9,0.867,1.0,1162138.3333333333,0.6185421091958273,0.0,0.0,0.867
LL,Cm9,0.9537,1.1,1165882.5,0.6083729513640089,3744.1666666666665,-0.010169157831818368,0.867
LL,Cm9,1.04907,1.21,1170539.0,0.6029493269693033,8400.666666666666,-0.015592782226524002,0.867
LL,Cm9,1.153977,1.331,1169732.75,0.6034326989465024,7594.416666666667,-0.015109410249324912,0.867
LL,Cm9,1.269375,1.4641003460207611,1169214.0,0.6002154298547892,7075.666666666667,-0.018326679341038044,0.867
LL,Cm9,1.396312,1.6105098039215686,1168795.5833333333,0.5978271125140012,6657.25,-0.02071499668182597,0.867
LL,Cm9,1.535943,1.7715605536332182,1168368.3333333333,0.5963601100146086,6230.0,-0.022181999181218715,0.867
LL,Cm9,1.689538,1.948717416378316,1168080.6666666667,0.5946503882609201,5942.333333333333,-0.02389172093490723,0.867
LL,Cm9,1.858491,2.1435882352941174,1167807.4166666667,0.5934161542733052,5669.083333333333,-0.025125954922522037,0.867
LL,Cm9,2.044341,2.3579480968858135,1167707.0,0.5912626571379018,5568.666666666667,-0.027279452057925462,0.867
LL,Cm9,2.248775,2.593742791234141,1167382.0,0.5875504294354851,5243.666666666667,-0.030991679760342238,0.867
LL,Cm9,2.473652,2.853116493656286,1167597.1666666667,0.5761574188304704,5458.833333333333,-0.042384690365356935,0.867
LL,Cm9,2.721017,3.138427912341407,1166900.5833333333,0.5799983251021815,4762.25,-0.038543784093645776,0.867
LL,Cm9,2.993119,3.4522710495963094,1167029.3333333333,0.5869076690539182,4891.0,-0.03163444014190906,0.867
LL,Cm9,3.292431,3.797498269896194,1166989.5,0.5890044608371922,4851.166666666667,-0.029537648358635083,0.867
LL,Cm9,3.621674,4.17724798154556,1166795.75,0.5897311016550538,4657.416666666667,-0.02881100754077341,0.867
LL,Cm9,3.983842,4.594973471741638,1166731.8333333333,0.5891771333427264,4593.5,-0.029364975853100994,0.867
LL,Cm9,4.382226,5.0544705882352945,1165861.3333333333,0.5880149292719477,3723.0,-0.030527179923879672,0.867
LL,Cm9,4.820448,5.559916955017301,1165723.0,0.5868206005789444,3584.6666666666665,-0.03172150861688291,0.867
LL,Cm9,5.302493,6.115908881199539,1166500.5,0.5877627557665062,4362.166666666667,-0.03077935342932105,0.867
LL,Cm9,5.832742,6.727499423298731,1166392.4166666667,0.587987614159951,4254.083333333333,-0.030554495035876362,0.867
LL,Cm9,6.416017,7.400250288350635,1166287.8333333333,0.5863297431983209,4149.5,-0.03221236599750646,0.867
LL,Cm9,7.057618,8.140274509803922,1166017.0833333333,0.5843193260781098,3878.75,-0.03422278311771756,0.867
LL,Cm9,7.76338,8.954302191464821,1166003.5833333333,0.5840925993503799,3865.25,-0.034449509845447424,0.867
LL,Cm9,8.539718,9.849732410611304,1166184.5833333333,0.5872243311376814,4046.25,-0.031317778058145895,0.867
LL,K12,0.087312,0.10152558139534884,1174556.0833333333,0.6220843815052808,18226.0,0.009459722932929099,0.86
LL,K12,0.096043,0.11167790697674419,1174556.0833333333,0.621779805602323,18226.0,0.009155147029971287,0.86
LL,K12,0.105648,0.12284651162790698,1174556.0833333333,0.6224221320010894,18226.0,0.009797473428737722,0.86
LL,K12,0.116212,0.13513023255813952,1174556.0833333333,0.6235867319984586,18226.0,0.010962073426106935,0.86
LL,K12,0.127834,0.14864418604651164,1174556.0833333333,0.6226428249972421,18226.0,0.010018166424890515,0.86
LL,K12,0.140617,0.16350813953488372,1174556.0833333333,0.621812197605322,18226.0,0.009187539032970288,0.86
LL,K12,0.154679,0.17985930232558142,1174556.0833333333,0.6220029041990799,18226.0,0.00937824562672826,0.86
LL,K12,0.170146,0.19784418604651163,1174556.0833333333,0.6217637161782151,18226.0,0.00913905760586354,0.86
LL,K12,0.187161,0.21762906976744187,1174556.0833333333,0.6224594456392709,18226.0,0.009834787066919268,0.86
LL,K12,0.205877,0.2393918604651163,1174556.0833333333,0.622602932865048,18226.0,0.009978274292696274,0.86
LL,K12,0.226465,0.2633313953488372,1174556.0833333333,0.6228838944386919,18226.0,0.010259235866340153,0.86
LL,K12,0.249111,0.2896639534883721,1174556.0833333333,0.622595255738866,18226.0,0.009970597166514336,0.86
LL,K12,0.274023,0.3186313953488372,1174556.0833333333,0.6217910034545091,18226.0,0.009166344882157515,0.86
LL,K12,0.301425,0.3504941860465116,1174556.0833333333,0.6225273526198002,18226.0,0.009902694047448432,0.86
LL,K12,0.331567,0.38554302325581397,1174556.0833333333,0.6230032667914726,18226.0,0.01037860821912089,0.86
LL,K12,0.364724,0.42409767441860463,1174556.0833333333,0.6214936021670069,18226.0,0.008868943594655185,0.86
LL,K12,0.401196,0.46650697674418606,1174556.0833333333,0.6217944464403291,18226.0,0.009169787867977425,0.86
LL,K12,0.441316,0.5131581395348838,1174556.0833333333,0.6211850683304352,18226.0,0.008560409758083596,0.86
LL,K12,0.485448,0.5644744186046512,1174556.0833333333,0.6208417307408153,18226.0,0.008217072168463577,0.86
LL,K12,0.533992,0.6209209302325581,1174556.0833333333,0.6230854434262915,18226.0,0.010460784853939873,0.86
LL,K12,0.587392,0.6830139534883721,1174556.0833333333,0.6223074281316214,18226.0,0.009682769559269824,0.86
LL,K12,0.646131,0.7513151162790698,1174556.0833333333,0.6217977911215159,18226.0,0.009173132549164326,0.86
LL,K12,0.710744,0.826446511627907,1174556.0833333333,0.6207965896658402,18226.0,0.008171931093488507,0.86
LL,K12,0.781818,0.9090906976744186,1174556.0833333333,0.622064073701142,18226.0,0.009439415128790402,0.86
LL,K12,0.86,1.0,1156330.0833333333,0.6126246585723516,0.0,0.0,0.86
LL,K12,0.946,1.0999999999999999,1159148.0,0.6164332741675641,2817.9166666666665,0.0038086155952125056,0.86
LL,K12,1.0406,1.21,1164726.75,0.6180981436538429,8396.666666666666,0.005473485081491193,0.86
LL,K12,1.14466,1.331,1169941.5,0.6192114754204644,13611.416666666666,0.0065868168481128435,0.86
LL,K12,1.259126,1.4641,1169941.5,0.6213086982290622,13611.416666666666,0.00868403965671058,0.86
LL,K12,1.385039,1.610510465116279,1169941.5,0.6203602326123518,13611.416666666666,0.00773557404000022,0.86
LL,K12,1.523542,1.771560465116279,1169941.5,0.6209441273735714,13611.416666666666,0.008319468801219837,0.86
LL,K12,1.675897,1.9487174418604651,1164726.75,0.6184743444587147,8396.666666666666,0.005849685886363022,0.86
LL,K12,1.843486,2.1435883720930233,1169941.5,0.619286690109968,13611.416666666666,0.006662031537616325,0.86
LL,K12,2.027835,2.3579476744186048,1170065.75,0.6200207497995761,13735.666666666666,0.0073960912272245565,0.86
LL,K12,2.230619,2.593743023255814,1170065.75,0.6212810268539403,13735.666666666666,0.00865636828158873,0.86
LL,K12,2.45368,2.8531162790697673,1170065.75,0.6199320535540706,13735.666666666666,0.007307394981718905,0.86
LL,K12,2.699048,3.138427906976744,1170065.75,0.6204063838061032,13735.666666666666,0.007781725233751526,0.86
LL,K12,2.968953,3.452270930232558,1170065.75,0.620514672825002,13735.666666666666,0.007890014252650243,0.86
LL,K12,3.265849,3.797498837209302,1170065.75,0.6208721357278671,13735.666666666666,0.00824747715551552,0.86
LL,K12,3.592433,4.177247674418605,1170065.75,0.620323053156191,13735.666666666666,0.007698394583839298,0.86
LL,K12,3.951677,4.5949732558139535,1170065.75,0.620507465078488,13735.666666666666,0.007882806506136366,0.86
LL,K12,4.346844,5.05446976744186,1169260.25,0.6177844635964781,12930.166666666666,0.005159805024126468,0.86
LL,K12,4.781529,5.559917441860465,1169260.25,0.6183521507788995,12930.166666666666,0.005727492206547918,0.86
LL,K12,5.259682,6.115909302325581,1170065.75,0.6208036234837953,13735.666666666666,0.008178964911443645,0.86
LL,K12,5.78565,6.727500000000001,1170065.75,0.6194832903468462,13735.666666666666,0.006858631774494574,0.86
LL,K12,6.364215,7.40025,1169916.5833333333,0.619668770920032,13586.5,0.00704411234768033,0.86
LL,K12,7.000636,8.140274418604651,1169734.1666666667,0.617986269424386,13404.083333333334,0.005361610852034321,0.86
LL,K12,7.7007,8.954302325581397,1164507.3333333333,0.6161905141585557,8177.25,0.0035658555862041383,0.86
LL,K12,8.47077,9.849732558139534,1170006.0833333333,0.617408743126081,13676.0,0.004784084553729427,0.86
LL,d2L,0.029615,0.10152553993829276,1048305.6666666666,0.8326268567439635,-116377.75,0.21383368862990682,0.2917
LL,d2L,0.032577,0.11167980802194034,1048305.6666666666,0.8314902173046788,-116377.75,0.21269704919062216,0.2917
LL,d2L,0.035834,0.12284538909838874,952112.0833333334,0.8351989142757447,-212571.33333333334,0.2164057461616881,0.2917
LL,d2L,0.039418,0.13513198491600958,952112.0833333334,0.8354519212514503,-212571.33333333334,0.2166587531373938,0.2917
LL,d2L,0.043359,0.14864244086390127,952112.0833333334,0.8356483971109118,-212571.33333333334,0.2168552289968552,0.2917
LL,d2L,0.047695,0.16350702776825504,952112.0833333334,0.8351719128610081,-212571.33333333334,0.21637874474695162,0.2917
LL,d2L,0.052465,0.17985944463489886,952112.0833333334,0.8354311129262437,-212571.33333333334,0.21663794481218712,0.2917
LL,d2L,0.057711,0.19784367500857045,952112.0833333334,0.8353888753852673,-212571.33333333334,0.21659570727121072,0.2917
LL,d2L,0.063482,0.2176276996914638,952112.0833333334,0.8356268628395217,-212571.33333333334,0.21683369472546513,0.2917
LL,d2L,0.069831,0.2393932122043195,952112.0833333334,0.8359525862907975,-212571.33333333334,0.21715941817674098,0.2917
LL,d2L,0.076814,0.26333219060678775,952112.0833333334,0.8350526763901969,-212571.33333333334,0.21625950827614035,0.2917
LL,d2L,0.084495,0.28966403839561194,1048260.0,0.8322201387675459,-116423.41666666667,0.21342697065348928,0.2917
LL,d2L,0.092945,0.3186321563249914,1048307.1666666666,0.832275638893582,-116376.25,0.21348247077952534,0.2917
LL,d2L,0.102239,0.3504936578676722,1048260.0,0.8333557182371982,-116423.41666666667,0.21456255012314163,0.2917
LL,d2L,0.112463,0.3855433664724031,1048461.6666666666,0.8317160697368869,-116221.75,0.21292290162283037,0.2917
LL,d2L,0.123709,0.42409667466575246,1048591.0,0.8257601622822396,-116092.41666666667,0.20696699416818298,0.2917
LL,d2L,0.13608,0.4665066849502914,1047068.3333333334,0.7724820271542986,-117615.08333333333,0.1536888590402421,0.2917
LL,d2L,0.149688,0.5131573534453204,1116306.8333333333,0.7540440411871859,-48376.583333333336,0.13525087307312927,0.2917
LL,d2L,0.164657,0.5644737744257798,1135840.9166666667,0.6467244620586571,-28842.5,0.02793129394460046,0.2917
LL,d2L,0.181123,0.6209221803222489,1151143.8333333333,0.5728318360728011,-13539.583333333334,-0.04596133204125557,0.2917
LL,d2L,0.199235,0.6830133699005827,1160620.5,0.5857361124832736,-4062.9166666666665,-0.03305705563078299,0.2917
LL,d2L,0.219159,0.7513164209804594,1166275.0833333333,0.597896467789216,1591.6666666666667,-0.02089670032484055,0.2917
LL,d2L,0.241074,0.8264449777168323,1169847.4166666667,0.6017679923243044,5164.0,-0.017025175789752166,0.2917
LL,d2L,0.265182,0.9090915323962975,1172513.25,0.608922434737945,7829.833333333333,-0.009870733376111468,0.2917
LL,d2L,0.2917,1.0,1164683.4166666667,0.6187931681140566,0.0,0.0,0.2917
LL,d2L,0.32087,1.0999999999999999,1170946.5,0.6334851809762558,6263.083333333333,0.014692012862199233,0.2917
LL,d2L,0.352957,1.21,1177113.3333333333,0.6469680526777357,12429.916666666666,0.028174884563679104,0.2917
LL,d2L,0.388253,1.331001028453891,1178224.4166666667,0.6558145166921053,13541.0,0.037021348578048736,0.2917
LL,d2L,0.427078,1.464100102845389,1179008.3333333333,0.6613842850006587,14324.916666666666,0.042591116886602054,0.2917
LL,d2L,0.469786,1.6105107987658551,1179370.3333333333,0.6672312492438262,14686.916666666666,0.048438081129769515,0.2917
LL,d2L,0.516764,1.7715598217346589,1179254.5,0.669713901698461,14571.083333333334,0.050920733584404354,0.2917
LL,d2L,0.568441,1.9487178608159066,1179143.25,0.6695064145851849,14459.833333333334,0.05071324647112829,0.2917
LL,d2L,0.625285,2.1435893040795335,1178944.75,0.666440778614109,14261.333333333334,0.04764761050005234,0.2917
LL,d2L,0.687813,2.3579465203976686,1178881.4166666667,0.669030726878835,14198.0,0.05023755876477842,0.2917
LL,d2L,0.756595,2.593743572163181,1178821.0833333333,0.6663326130171738,14137.666666666666,0.04753944490311731,0.2917
LL,d2L,0.832254,2.853116215289681,1178736.75,0.6648729154983029,14053.333333333334,0.04607974738424627,0.2917
LL,d2L,0.91548,3.138429893726431,1173330.25,0.6635033806121392,8646.833333333334,0.04471021249808257,0.2917
LL,d2L,1.007028,3.4522728830990745,1173031.0,0.6586864408324767,8347.583333333334,0.03989327271842021,0.2917
LL,d2L,1.10773,3.7974974288652725,1172521.0,0.6468141003495104,7837.583333333333,0.028020932235453683,0.2917
LL,d2L,1.218503,4.177247171751799,1167267.0,0.6494445831037958,2583.5833333333335,0.030651414989739344,0.2917
LL,d2L,1.340354,4.594974288652725,946961.0833333334,0.8353622952580936,-217722.33333333334,0.2165691271440371,0.2917
LL,d2L,1.474389,5.054470346246143,946961.0833333334,0.8349873760967946,-217722.33333333334,0.21619420798273814,0.2917
LL,d2L,1.621828,5.559917723688721,946961.0833333334,0.8358393559639982,-217722.33333333334,0.2170461878499416,0.2917
LL,d2L,1.784011,6.11591018169352,946961.0833333334,0.8352834369307779,-217722.33333333334,0.21649026881672132,0.2917
LL,d2L,1.962412,6.727500857044909,946961.0833333334,0.8354181965811122,-217722.33333333334,0.21662502846705559,0.2917
LL,d2L,2.158653,7.4002502571134725,947089.75,0.8354688270876466,-217593.66666666666,0.2166756589735901,0.2917
LL,d2L,2.374518,8.14027425437093,947089.75,0.8352301593854148,-217593.66666666666,0.21643699127135818,0.2917
LL,d2L,2.61197,8.954302365443949,947089.75,0.8350432641759067,-217593.66666666666,0.21625009606185008,0.2917
LL,d2L,2.873167,9.849732601988343,947089.75,0.834908220731246,-217593.66666666666,0.21611505261718947,0.2917
LL,k4,0.093911,0.10152540540540539,1176812.5,0.7074294280880312,18676.0,0.09316290678430796,0.925
LL,k4,0.103302,0.11167783783783784,1176706.5833333333,0.7077169570463013,18570.083333333332,0.09345043574257801,0.925
LL,k4,0.113633,0.12284648648648648,1178047.9166666667,0.7071854173654848,19911.416666666668,0.09291889606176158,0.925
LL,k4,0.124996,0.1351308108108108,1178277.75,0.7055121907199607,20141.25,0.09124566941623735,0.925
LL,k4,0.137495,0.14864324324324324,1178671.0,0.7041939206743919,20534.5,0.08992739937066863,0.925
LL,k4,0.151245,0.1635081081081081,1179126.4166666667,0.7061975860949209,20989.916666666668,0.09193106479119761,0.925
LL,k4,0.166369,0.17985837837837837,1179609.75,0.7061087392561753,21473.25,0.09184221795245211,0.925
LL,k4,0.183006,0.1978443243243243,1180230.0,0.7058375677850198,22093.5,0.09157104648129656,0.925
LL,k4,0.201307,0.2176291891891892,1180796.9166666667,0.7062496977513127,22660.416666666668,0.09198317644758953,0.925
LL,k4,0.221438,0.2393924324324324,1180694.0833333333,0.7058424112287205,22557.583333333332,0.09157588992499717,0.925
LL,k4,0.243581,0.2633308108108108,1180434.0,0.7043843970858886,22297.5,0.09011787578216535,0.925
LL,k4,0.26794,0.28966486486486487,1174623.5833333333,0.7017454431596573,16487.083333333332,0.08747892185593398,0.925
LL,k4,0.294734,0.31863135135135134,1179106.5,0.6955168031835121,20970.0,0.08125028187978887,0.925
LL,k4,0.324207,0.35049405405405404,1178362.0,0.6918769919813523,20225.5,0.077610470677629,0.925
LL,k4,0.356628,0.3855437837837838,1177614.4166666667,0.6892962802739112,19477.916666666668,0.07502975897018795,0.925
LL,k4,0.39229,0.4240972972972973,1171623.3333333333,0.6856319325652788,13486.833333333334,0.0713654112615556,0.925
LL,k4,0.431519,0.466507027027027,1177677.3333333333,0.6783276970615232,19540.833333333332,0.0640611757577999,0.925
LL,k4,0.474671,0.5131578378378379,1177215.5,0.6707286290443131,19079.0,0.056462107740589795,0.925
LL,k4,0.522138,0.5644735135135135,1176728.3333333333,0.6717326674941132,18591.833333333332,0.0574661461903899,0.925
LL,k4,0.574352,0.620921081081081,1176434.9166666667,0.659704518623675,18298.416666666668,0.045437997319951705,0.925
LL,k4,0.631787,0.6830129729729729,1175282.4166666667,0.6572526646959796,17145.916666666668,0.042986143392256364,0.925
LL,k4,0.694966,0.7513145945945945,1173908.8333333333,0.6437024263226475,15772.333333333334,0.029435905018924208,0.925
LL,k4,0.764463,0.8264464864864864,1173206.0,0.6385758066439277,15069.5,0.024309285340204306,0.925
LL,k4,0.840909,0.9090908108108108,1172196.8333333333,0.6307626614692441,14060.333333333334,0.016496140165520867,0.925
LL,k4,0.925,1.0,1158136.5,0.6142665213037232,0.0,0.0,0.925
LL,k4,1.0175,1.1,1159967.5,0.6076531747460368,1831.0,-0.006613346557686435,0.925
LL,k4,1.11925,1.21,1164280.9166666667,0.6004713224325748,6144.416666666667,-0.013795198871148504,0.925
LL,k4,1.231175,1.3309999999999997,1163214.3333333333,0.5905703439217299,5077.833333333333,-0.023696177381993342,0.925
LL,k4,1.354292,1.4640994594594594,1161939.5,0.5853601762740502,3803.0,-0.028906345029673014,0.925
LL,k4,1.489722,1.6105102702702703,1160607.9166666667,0.5808403184899439,2471.4166666666665,-0.0334262028137794,0.925
LL,k4,1.638694,1.7715610810810811,1159080.8333333333,0.5815169052499611,944.3333333333334,-0.032749616053762136,0.925
LL,k4,1.802563,1.9487167567567565,1157335.1666666667,0.5805465795670152,-801.3333333333334,-0.03371994173670808,0.925
LL,k4,1.98282,2.143589189189189,1155373.0833333333,0.5776183055668119,-2763.4166666666665,-0.03664821573691134,0.925
LL,k4,2.181102,2.357948108108108,1148490.25,0.5745788636771673,-9646.25,-0.03968765762655602,0.925
LL,k4,2.399212,2.5937427027027025,1150597.6666666667,0.5696782257400557,-7538.833333333333,-0.04458829556366756,0.925
LL,k4,2.639133,2.853116756756757,1147417.5833333333,0.5678763504527194,-10718.916666666666,-0.046390170851003804,0.925
LL,k4,2.903046,3.1384281081081076,1143810.6666666667,0.5749230538169766,-14325.833333333334,-0.03934346748674671,0.925
LL,k4,3.193351,3.452271351351351,1139907.5,0.5824415130100665,-18229.0,-0.03182500829365669,0.925
LL,k4,3.512686,3.797498378378378,1137359.8333333333,0.6016923010589029,-20776.666666666668,-0.012574220244820319,0.925
LL,k4,3.863955,4.177248648648648,1134239.4166666667,0.6204519620739718,-23897.083333333332,0.006185440770248536,0.925
LL,k4,4.25035,4.594972972972973,1129627.9166666667,0.6484357147901169,-28508.583333333332,0.034169193486393544,0.925
LL,k4,4.675385,5.05447027027027,1125130.5833333333,0.6974891990079565,-33005.916666666664,0.08322267770423326,0.925
LL,k4,5.142924,5.559917837837838,1120405.6666666667,0.7385051632116933,-37730.833333333336,0.12423864190797,0.925
LL,k4,5.657216,6.115909189189189,1114489.25,0.7539601011464702,-43647.25,0.1396935798427469,0.925
LL,k4,6.222937,6.727499459459459,1107691.75,0.7396651733316394,-50444.75,0.12539865202791617,0.925
LL,k4,6.845231,7.40024972972973,1059009.5,0.732019542162381,-99127.0,0.11775302085865767,0.925
LL,k4,7.529754,8.140274594594594,1057692.8333333333,0.7083038902642107,-100443.66666666667,0.09403736896048742,0.925
LL,k4,8.28273,8.954302702702703,1056252.6666666667,0.7400171609323349,-101883.83333333333,0.12575063962861174,0.925
LL,k4,9.111003,9.849732972972973,1043330.0,0.7513888504376626,-114806.5,0.1371223291339393,0.925
LL,q1a,0.144836,0.10152530492079068,1174540.5833333333,0.6214595226564467,9487.166666666666,0.0033092350953164798,1.4266
LL,q1a,0.15932,0.11167811579980372,1169552.25,0.6189774413123957,4498.833333333333,0.0008271537512656302,1.4266
LL,q1a,0.175252,0.12284592737978409,1174541.3333333333,0.6226848972731179,9487.916666666666,0.004534609711987825,1.4266
LL,q1a,0.192777,0.13513037992429552,1174545.4166666667,0.6222584774809632,9492.0,0.004108189919833111,1.4266
LL,q1a,0.212055,0.14864362820692553,1174541.6666666667,0.6237186076844611,9488.25,0.005568320123330926,1.4266
LL,q1a,0.233261,0.16350834151128557,1174546.0833333333,0.6236167924483488,9492.666666666666,0.005466504887218578,1.4266
LL,q1a,0.256587,0.17985910556568063,1174546.0833333333,0.6229359614178144,9492.666666666666,0.004785673856684362,1.4266
LL,q1a,0.282245,0.19784452544511427,1174545.8333333333,0.6233274400918717,9492.416666666666,0.0051771525307416355,1.4266
LL,q1a,0.31047,0.21762932847329314,1169537.25,0.6176531025152179,4483.833333333333,-0.0004971850459121185,1.4266
LL,q1a,0.341517,0.23939226132062247,1174525.3333333333,0.6220583187148646,9471.916666666666,0.003908031153734531,1.4266
LL,q1a,0.375668,0.2633309967755502,1174524.8333333333,0.621789169422135,9471.416666666666,0.0036388818610049722,1.4266
LL,q1a,0.413235,0.28966423664657226,1174524.0,0.6223532849766121,9470.583333333334,0.004202997415482033,1.4266
LL,q1a,0.454559,0.3186310107948969,1174524.0833333333,0.6211057494792658,9470.666666666666,0.002955461918135708,1.4266
LL,q1a,0.500015,0.3504941819711201,1174524.5,0.6223021158618104,9471.083333333334,0.0041518283006802175,1.4266
LL,q1a,0.550016,0.38554324968456466,1174528.75,0.6225196959024709,9475.333333333334,0.004369408341340826,1.4266
LL,q1a,0.605018,0.42409785503995506,1174528.6666666667,0.6221684664481736,9475.25,0.004018178887043468,1.4266
LL,q1a,0.665519,0.46650707977008266,1174528.75,0.6223494961227337,9475.333333333334,0.004199208561603561,1.4266
LL,q1a,0.732071,0.5131578578438245,1174530.0833333333,0.6215241957152023,9476.666666666666,0.0033739081540722082,1.4266
LL,q1a,0.805279,0.5644742744988083,1174479.9166666667,0.6222112546824478,9426.5,0.004060967121317667,1.4266
LL,q1a,0.885806,0.6209210710780877,1174479.0,0.6224139898330919,9425.583333333334,0.004263702271961896,1.4266
LL,q1a,0.974387,0.6830134585728305,1174484.5,0.6208270913255935,9431.083333333334,0.002676803764463461,1.4266
LL,q1a,1.071826,0.7513150147203139,1169517.3333333333,0.618002523541601,4463.916666666667,-0.00014776401952915075,1.4266
LL,q1a,1.179008,0.8264460956119445,1169509.8333333333,0.6181751746429275,4456.416666666667,2.4887081797468163e-05,1.4266
LL,q1a,1.296909,0.9090908453666059,1169462.5,0.6190284611009806,4409.083333333333,0.000878173539850489,1.4266
LL,q1a,1.4266,1.0,1165053.4166666667,0.61815028756113,0.0,0.0,1.4266
LL,q1a,1.56926,1.1,1169468.1666666667,0.6188661865381139,4414.75,0.0007158989769838012,1.4266
LL,q1a,1.726186,1.21,1169481.5833333333,0.6182864722949264,4428.166666666667,0.00013618473379630366,1.4266
LL,q1a,1.898805,1.3310002803869339,1169531.25,0.6186976586223848,4477.833333333333,0.0005473710612546312,1.4266
LL,q1a,2.088685,1.4640999579419598,1169676.0,0.6185293694518809,4622.583333333333,0.0003790818907507358,1.4266
LL,q1a,2.297554,1.6105103042198232,1169674.8333333333,0.6188023158201342,4621.416666666667,0.0006520282590041041,1.4266
LL,q1a,2.527309,1.7715610542548714,1169688.1666666667,0.6190834875253284,4634.75,0.00093319996419818,1.4266
LL,q1a,2.78004,1.9487172297770923,1169748.4166666667,0.6174376321522688,4695.0,-0.0007126554088613865,1.4266
LL,q1a,3.058044,2.1435889527548015,1169749.75,0.6182970351072989,4696.333333333333,0.00014674754616885352,1.4266
LL,q1a,3.363848,2.3579475676433477,1169748.4166666667,0.6189238741697795,4695.0,0.0007735866086493274,1.4266
LL,q1a,3.700233,2.5937424646011493,1169743.5833333333,0.6177112973849758,4690.166666666667,-0.0004389901761542858,1.4266
LL,q1a,4.070256,2.8531165007710637,1168934.25,0.6163290024600625,3880.8333333333335,-0.0018212851010676139,1.4266
LL,q1a,4.477282,3.1384284312351043,1168887.0833333333,0.6149247019780946,3833.6666666666665,-0.0032255855830355395,1.4266
LL,q1a,4.92501,3.452271134165148,1168800.1666666667,0.6176594999215946,3746.75,-0.0004907876395354819,1.4266
LL,q1a,5.417511,3.7974982475816628,1169592.6666666667,0.6171492647628181,4539.25,-0.0010010227983120827,1.4266
LL,q1a,5.959262,4.177248002243095,1169691.4166666667,0.6188083363652411,4638.0,0.0006580488041111054,1.4266
LL,q1a,6.555188,4.594972662273938,1169618.4166666667,0.6188782325136281,4565.0,0.0007279449524979498,1.4266
LL,q1a,7.210707,5.0544700686947985,1169370.25,0.6177010585885394,4316.833333333333,-0.0004492289725906984,1.4266
LL,q1a,7.931778,5.559917285854479,1169259.9166666667,0.6169996888808669,4206.5,-0.001150598680263228,1.4266
LL,q1a,8.724956,6.115909154633394,1169693.6666666667,0.6171772937064506,4640.25,-0.0009729938546794437,1.4266
LL,q1a,9.597451,6.727499649516332,1169631.75,0.6174210863377417,4578.333333333333,-0.0007292012233884223,1.4266
LL,q1a,10.557197,7.400250245338567,1169534.9166666667,0.618487112276099,4481.5,0.0003368247149687735,1.4266
LL,q1a,11.612916,8.14027477919529,1169622.75,0.6195362564333392,4569.333333333333,0.0013859688722090886,1.4266
LL,q1a,12.774208,8.954302537501752,1169573.9166666667,0.6175531749745108,4520.5,-0.0005971125866192917,1.4266
LL,q1a,14.051629,9.849732931445395,1169480.3333333333,0.6177934600138284,4426.916666666667,-0.0003568275473016895,1.4266
LL,K2,0.163842,0.10152559177097534,1072869.4166666667,0.7046903606092748,-88003.91666666667,0.08500529732266464,1.6138
LL,K2,0.180226,0.11167802701697857,1133869.9166666667,0.6157832213443709,-27003.416666666668,-0.003901841942239248,1.6138
LL,K2,0.198249,0.12284607758086505,1146427.0833333333,0.5752025189456297,-14446.25,-0.04448254434098042,1.6138
LL,K2,0.218074,0.1351307473044987,1154460.6666666667,0.5795939491584486,-6412.666666666667,-0.04009111412816141,1.6138
LL,K2,0.239881,0.14864357417275997,1159211.0,0.5939267502093432,-1662.3333333333333,-0.02575831307726691,1.6138
LL,K2,0.263869,0.1635078696244888,1162338.5833333333,0.5970297168835392,1465.25,-0.02265534640307083,1.6138
LL,K2,0.290256,0.17985871855248484,1164609.1666666667,0.5983208957742386,3735.8333333333335,-0.021364167512371468,1.6138
LL,K2,0.319282,0.19784483826992194,1166214.1666666667,0.5948733224166162,5340.833333333333,-0.02481174086999392,1.6138
LL,K2,0.35121,0.21762919816581983,1162233.75,0.6001952394582384,1360.4166666666667,-0.019489823828371722,1.6138
LL,K2,0.386331,0.2393921179824018,1168204.4166666667,0.6030896618315899,7331.083333333333,-0.016595401455020208,1.6138
LL,K2,0.424964,0.2633312678150948,1168912.1666666667,0.6026840269692276,8038.833333333333,-0.017001036317382423,1.6138
LL,K2,0.46746,0.28966414673441565,1164453.0,0.600065960830937,3579.6666666666665,-0.019619102455673127,1.6138
LL,K2,0.514206,0.3186305614078573,1169847.6666666667,0.6069780574216482,8974.333333333334,-0.012707005864961865,1.6138
LL,K2,0.565627,0.3504938654108316,1170316.5833333333,0.6102785326362313,9443.25,-0.009406530650378775,1.6138
LL,K2,0.62219,0.3855434378485562,1165400.6666666667,0.6131139641650227,4527.333333333333,-0.006571099121587413,1.6138
LL,K2,0.684409,0.4240977816334119,1170823.4166666667,0.6143680581095049,9950.083333333334,-0.00531700517710514,1.6138
LL,K2,0.75285,0.4665076217623002,1165881.75,0.6109400483290917,5008.416666666667,-0.00874501495751843,1.6138
LL,K2,0.828135,0.5131583839385302,1171112.9166666667,0.6129790941465912,10239.583333333334,-0.006705969140018901,1.6138
LL,K2,0.910948,0.5644739125046474,1171401.3333333333,0.6177300727716087,10528.0,-0.0019549905150013924,1.6138
LL,K2,1.002043,0.6209214276862065,1166234.25,0.6189124746475875,5360.916666666667,-0.0007725886390226681,1.6138
LL,K2,1.102247,0.6830133845581857,1166311.9166666667,0.6204121485406632,5438.583333333333,0.0007270852540531003,1.6138
LL,K2,1.212472,0.7513149089106457,1166397.75,0.6208525891547473,5524.416666666667,0.0011675258681371665,1.6138
LL,K2,1.333719,0.826446275870616,1166413.9166666667,0.6209331841120195,5540.583333333333,0.0012481208254093805,1.6138
LL,K2,1.467091,0.9090909654232247,1166432.4166666667,0.6196282524696622,5559.083333333333,-5.681081694786094e-05,1.6138
LL,K2,1.6138,1.0,1160873.3333333333,0.6196850632866101,0.0,0.0,1.6138
LL,K2,1.77518,1.1,1166561.75,0.6198960393739802,5688.416666666667,0.0002109760873699277,1.6138
LL,K2,1.952698,1.2100000000000002,1161038.6666666667,0.6203854463440401,165.33333333333334,0.0007003830574300041,1.6138
LL,K2,2.147968,1.3310001239310945,1166754.5,0.620666947380809,5881.166666666667,0.0009818840941988964,1.6138
LL,K2,2.362765,1.4641002602552982,1166804.8333333333,0.621947020978813,5931.5,0.002261957692202878,1.6138
LL,K2,2.599041,1.6105099764530924,1166792.4166666667,0.6220135400260931,5919.083333333333,0.002328476739483045,1.6138
LL,K2,2.858945,1.7715609121328542,1166824.9166666667,0.622702067319011,5951.583333333333,0.0030170040324008682,1.6138
LL,K2,3.14484,1.9487173131738753,1166830.0833333333,0.6210765868986675,5956.75,0.001391523612057327,1.6138
LL,K2,3.459324,2.143589044491263,1166840.1666666667,0.6218075767216277,5966.833333333333,0.0021225134350175887,1.6138
LL,K2,3.805256,2.3579477010782006,1166817.9166666667,0.6226832280712084,5944.583333333333,0.002998164784598245,1.6138
LL,K2,4.185782,2.593742719048209,1166047.0,0.6210737442240776,5173.666666666667,0.0013886809374675328,1.6138
LL,K2,4.60436,2.853116867021936,1166052.9166666667,0.6201737050010764,5179.583333333333,0.000488641714466174,1.6138
LL,K2,5.064796,3.13842855372413,1161252.25,0.620409191226935,378.9166666666667,0.0007241279403250404,1.6138
LL,K2,5.571275,3.4522710373032597,1166848.6666666667,0.6222014265915816,5975.333333333333,0.0025163633049715326,1.6138
LL,K2,6.128403,3.797498450861321,1161138.0833333333,0.6211661783866759,264.75,0.0014811151000657663,1.6138
LL,K2,6.741243,4.177248110050812,1166716.8333333333,0.6202827830837938,5843.5,0.000597719797183649,1.6138
LL,K2,7.415367,4.594972735159252,1166498.3333333333,0.6201203001904746,5625.0,0.0004352369038645165,1.6138
LL,K2,8.156904,5.0544701945718185,1161181.6666666667,0.6211405538552932,308.3333333333333,0.0014554905686831043,1.6138
LL,K2,8.972595,5.559917585822284,1161181.0833333333,0.6202068681736063,307.75,0.0005218048869960931,1.6138
LL,K2,9.869854,6.1159090345767755,1166728.9166666667,0.6217455341236017,5855.583333333333,0.002060470836991707,1.6138
LL,K2,10.856839,6.727499690172265,1166691.5,0.6221763252771443,5818.166666666667,0.002491261990534168,1.6138
LL,K2,11.942523,7.4002497211550375,1166688.5,0.6224032746134838,5815.166666666667,0.0027182113268737484,1.6138
LL,K2,13.136776,8.140275127029371,1166688.1666666667,0.6230253758987744,5814.833333333333,0.0033403126121641833,1.6138
LL,K2,14.450453,8.954302267939026,1166689.0,0.6206690604408477,5815.666666666667,0.000983997154237674,1.6138
LL,K2,15.895499,9.84973292849176,1166688.3333333333,0.6227783621313757,5815.0,0.0030932988447656315,1.6138
LL,Ak7,0.114216,0.10152533333333333,1174246.5833333333,0.6236345011199816,15179.916666666666,0.005297978621546656,1.125
LL,Ak7,0.125638,0.11167822222222222,1174274.5,0.6242379398379837,15207.833333333334,0.005901417339548687,1.125
LL,Ak7,0.138202,0.12284622222222222,1174333.0833333333,0.6242783240990376,15266.416666666666,0.005941801600602453,1.125
LL,Ak7,0.152022,0.13513066666666665,1174332.6666666667,0.6245036897346797,15266.0,0.006167167236244571,1.125
LL,Ak7,0.167224,0.14864355555555556,1174332.0,0.6233162875918895,15265.333333333334,0.004979765093454445,1.125
LL,Ak7,0.183946,0.16350755555555554,1174337.9166666667,0.6235190368542703,15271.25,0.005182514355835166,1.125
LL,Ak7,0.202341,0.17985866666666667,1174332.25,0.6240488998779008,15265.583333333334,0.0057123773794655885,1.125
LL,Ak7,0.222575,0.19784444444444443,1174330.1666666667,0.6245963061592154,15263.5,0.00625978366078019,1.125
LL,Ak7,0.244833,0.21762933333333334,1174316.9166666667,0.6226679205454524,15250.25,0.0043313980470172835,1.125
LL,Ak7,0.269316,0.239392,1174284.6666666667,0.6240450536252613,15218.0,0.005708531126826131,1.125
LL,Ak7,0.296248,0.26333155555555554,1174265.0,0.6236187621817951,15198.333333333334,0.005282239683359909,1.125
LL,Ak7,0.325872,0.289664,1174224.8333333333,0.6238240486673008,15158.166666666666,0.005487526168865682,1.125
LL,Ak7,0.35846,0.3186311111111111,1169819.5833333333,0.6204809263433945,10752.916666666666,0.0021444038449593785,1.125
LL,Ak7,0.394306,0.3504942222222222,1174179.0,0.6226844408218936,15112.333333333334,0.004347918323458461,1.125
LL,Ak7,0.433736,0.3855431111111111,1174222.1666666667,0.6222055436517958,15155.5,0.00386902115336063,1.125
LL,Ak7,0.47711,0.42409777777777774,1169901.0,0.6185771720162725,10834.333333333334,0.00024064951783732877,1.125
LL,Ak7,0.524821,0.46650755555555556,1174273.25,0.6235803387012787,15206.583333333334,0.005243816202843643,1.125
LL,Ak7,0.577303,0.5131582222222222,1174332.5,0.6222820401452186,15265.833333333334,0.003945517646783442,1.125
LL,Ak7,0.635033,0.5644737777777777,1174334.0833333333,0.623434955677103,15267.416666666666,0.005098433178667945,1.125
LL,Ak7,0.698536,0.620920888888889,1174325.25,0.6234058225895366,15258.583333333334,0.005069300091101338,1.125
LL,Ak7,0.76839,0.6830133333333334,1169973.5833333333,0.6200069638727662,10906.916666666666,0.0016704413743311348,1.125
LL,Ak7,0.845229,0.7513146666666667,1174286.4166666667,0.6233416310530608,15219.75,0.005005108554625669,1.125
LL,Ak7,0.929752,0.8264462222222222,1174269.0833333333,0.6233329541630465,15202.416666666666,0.00499643166461138,1.125
LL,Ak7,1.022727,0.9090906666666666,1169898.6666666667,0.6216681996173418,10832.0,0.003331677118906575,1.125
LL,Ak7,1.125,1.0,1159066.6666666667,0.6183365224984351,0.0,0.0,1.125
LL,Ak7,1.2375,1.1,1164431.5,0.619226169254091,5364.833333333333,0.0008896467556559392,1.125
LL,Ak7,1.36125,1.21,1169996.8333333333,0.6220831825699106,10930.166666666666,0.0037466600714754126,1.125
LL,Ak7,1.497375,1.331,1169921.1666666667,0.6196102712689832,10854.5,0.0012737487705481165,1.125
LL,Ak7,1.647112,1.4640995555555554,1170004.75,0.6200866951631058,10938.083333333334,0.0017501726646706,1.125
LL,Ak7,1.811824,1.6105102222222223,1170014.5833333333,0.6222991465120028,10947.916666666666,0.003962624013567645,1.125
LL,Ak7,1.993006,1.771560888888889,1170005.4166666667,0.621604672313785,10938.75,0.003268149815349832,1.125
LL,Ak7,2.192307,1.9487173333333334,1170039.6666666667,0.6223183339012753,10973.0,0.003981811402840142,1.125
LL,Ak7,2.411537,2.1435884444444446,1170117.9166666667,0.6210566511227967,11051.25,0.002720128624361625,1.125
LL,Ak7,2.652691,2.3579475555555556,1170139.0,0.6220046072159288,11072.333333333334,0.003668084717493738,1.125
LL,Ak7,2.91796,2.593742222222222,1170079.1666666667,0.6212156478870926,11012.5,0.0028791253886575052,1.125
LL,Ak7,3.209756,2.8531164444444443,1170116.9166666667,0.6211465146389985,11050.25,0.0028099921405634145,1.125
LL,Ak7,3.530732,3.1384284444444446,1170075.4166666667,0.6210781396759089,11008.75,0.0027416171774736764,1.125
LL,Ak7,3.883805,3.452271111111111,1170091.8333333333,0.6216672525769708,11025.166666666666,0.003330730078535691,1.125
LL,Ak7,4.272186,3.7974986666666664,1169182.9166666667,0.6201392269019225,10116.25,0.0018027044034874078,1.125
LL,Ak7,4.699404,4.1772480000000005,1163799.1666666667,0.6168321825889579,4732.5,-0.0015043399094772831,1.125
LL,Ak7,5.169345,4.594973333333333,1169978.3333333333,0.6209566351280411,10911.666666666666,0.0026201126296060417,1.125
LL,Ak7,5.686279,5.054470222222222,1170020.0833333333,0.6210886116387399,10953.416666666666,0.0027520891403047623,1.125
LL,Ak7,6.254907,5.559917333333334,1169825.25,0.6208166328960947,10758.583333333334,0.0024801103976594776,1.125
LL,Ak7,6.880398,6.115909333333333,1164356.0833333333,0.6179178581564858,5289.416666666667,-0.0004186643419492782,1.125
LL,Ak7,7.568437,6.727499555555556,1169644.25,0.6189981091024729,10577.583333333334,0.0006615866040378671,1.125
LL,Ak7,8.325281,7.400249777777778,1170017.4166666667,0.6220341084114722,10950.75,0.0036975859130370845,1.125
LL,Ak7,9.157809,8.140274666666667,1169936.9166666667,0.6208847542855023,10870.25,0.0025482317870671365,1.125
LL,Ak7,10.07359,8.954302222222221,1170010.3333333333,0.6205372787736984,10943.666666666666,0.0022007562752631806,1.125
LL,Ak7,11.080949,9.849732444444445,1170015.5833333333,0.6216175856472546,10948.916666666666,0.003281063148819365,1.125
LL,K4,0.04061,0.10152499999999999,1149780.4166666667,0.700474893589115,2891.25,0.0758466706376638,0.4
LL,K4,0.044671,0.1116775,1156928.5833333333,0.7049875807156848,10039.416666666666,0.08035935776423352,0.4
LL,K4,0.049138,0.122845,1158695.8333333333,0.7033360994417611,11806.666666666666,0.07870787649030979,0.4
LL,K4,0.054052,0.13513,1160664.0,0.6992322143256239,13774.833333333334,0.07460399137417272,0.4
LL,K4,0.059457,0.1486425,1162768.25,0.6950663145642881,15879.083333333334,0.070438091612837,0.4
LL,K4,0.065403,0.1635075,1164853.75,0.6917499539833901,17964.583333333332,0.06712173103193884,0.4
LL,K4,0.071944,0.17985999999999996,1167077.0833333333,0.686538269022849,20187.916666666668,0.06191004607139793,0.4
LL,K4,0.079138,0.197845,1169102.4166666667,0.6796828742144604,22213.25,0.05505465126300923,0.4
LL,K4,0.087052,0.21763,1170853.5833333333,0.6810470198411506,23964.416666666668,0.05641879688969952,0.4
LL,K4,0.095757,0.23939249999999998,1172523.3333333333,0.6776340745263295,25634.166666666668,0.05300585157487842,0.4
LL,K4,0.105332,0.26332999999999995,1173808.25,0.6779488417164306,26919.083333333332,0.05332061876497954,0.4
LL,K4,0.115866,0.28966499999999995,1174547.5833333333,0.67571849763622,27658.416666666668,0.051090274684768906,0.4
LL,K4,0.127452,0.31863,1176547.6666666667,0.6773802918378659,29658.5,0.05275206888641471,0.4
LL,K4,0.140198,0.35049499999999995,1176847.4166666667,0.6774451045930601,29958.25,0.05281688164160896,0.4
LL,K4,0.154217,0.38554249999999995,1177120.9166666667,0.6788273107175543,30231.75,0.05419908776610308,0.4
LL,K4,0.169639,0.4240975,1177468.5833333333,0.6811217884821694,30579.416666666668,0.056493565530718264,0.4
LL,K4,0.186603,0.46650749999999996,1177598.0,0.6813829435257084,30708.833333333332,0.05675472057425726,0.4
LL,K4,0.205263,0.5131574999999999,1177608.5833333333,0.6771725522675456,30719.416666666668,0.05254432931609446,0.4
LL,K4,0.22579,0.564475,1171452.5833333333,0.6703119055718457,24563.416666666668,0.04568368262039451,0.4
LL,K4,0.248369,0.6209224999999999,1176028.0833333333,0.662571692884291,29138.916666666668,0.037943469932839695,0.4
LL,K4,0.273205,0.6830124999999999,1175137.5833333333,0.6552426984744609,28248.416666666668,0.030614475523009804,0.4
LL,K4,0.300526,0.751315,1174172.75,0.6469208333222947,27283.583333333332,0.02229261037084342,0.4
LL,K4,0.330579,0.8264475,1173171.5833333333,0.6386493400170529,26282.416666666668,0.01402111706560169,0.4
LL,K4,0.363636,0.90909,1172312.8333333333,0.6287807536728427,25423.666666666668,0.004152530721391462,0.4
LL,K4,0.4,1.0,1146889.1666666667,0.6246282229514512,0.0,0.0,0.4
LL,K4,0.44,1.0999999999999999,1152654.6666666667,0.6066294893418563,5765.5,-0.017998733609594874,0.4
LL,K4,0.484,1.21,1156914.0833333333,0.5950170887824539,10024.916666666666,-0.029611134168997286,0.4
LL,K4,0.5324,1.331,1159262.25,0.5924686067906043,12373.083333333334,-0.03215961616084684,0.4
LL,K4,0.58564,1.4641,1164094.0,0.5901293500551332,17204.833333333332,-0.034498872896317964,0.4
LL,K4,0.644204,1.6105099999999999,1168636.1666666667,0.5887671756070295,21747.0,-0.0358610473444217,0.4
LL,K4,0.708624,1.77156,1168373.1666666667,0.5762152578216139,21484.0,-0.048412965129837275,0.4
LL,K4,0.779487,1.9487175,1167790.3333333333,0.5736116880876947,20901.166666666668,-0.05101653486375646,0.4
LL,K4,0.857436,2.1435899999999997,1167385.5,0.5859784004482026,20496.333333333332,-0.038649822503248554,0.4
LL,K4,0.943179,2.3579475,1167050.5833333333,0.585861488896917,20161.416666666668,-0.03876673405453407,0.4
LL,K4,1.037497,2.5937424999999994,1156580.0833333333,0.5862563905351724,9690.916666666666,-0.038371832416278756,0.4
LL,K4,1.141247,2.8531174999999998,1161498.75,0.5878332586774312,14609.583333333334,-0.03679496427401999,0.4
LL,K4,1.255371,3.1384274999999997,1161427.25,0.5879550302906944,14538.083333333334,-0.0366731926607567,0.4
LL,K4,1.380908,3.45227,1161219.0,0.5894520007987205,14329.833333333334,-0.03517622215273072,0.4
LL,K4,1.518999,3.7974975,1152923.75,0.5905341820686097,6034.583333333333,-0.03409404088284144,0.4
LL,K4,1.670899,4.177247499999999,1155794.4166666667,0.5879702828678955,8905.25,-0.03665794008355569,0.4
LL,K4,1.837989,4.5949725,1160867.8333333333,0.5885023711604361,13978.666666666666,-0.03612585179101508,0.4
LL,K4,2.021788,5.054469999999999,1160896.3333333333,0.588237246809521,14007.166666666666,-0.03639097614193002,0.4
LL,K4,2.223967,5.5599175,1161012.5833333333,0.5892931855138772,14123.416666666666,-0.0353350374375739,0.4
LL,K4,2.446364,6.1159099999999995,1160826.25,0.5855053445523811,13937.083333333334,-0.03912287839907003,0.4
LL,K4,2.691,6.727499999999999,1152633.5,0.590732443408661,5744.333333333333,-0.03389577954279016,0.4
LL,K4,2.9601,7.40025,1155514.9166666667,0.5892871604249099,8625.75,-0.03534106252654129,0.4
LL,K4,3.25611,8.140274999999999,1160599.6666666667,0.5913040410155178,13710.5,-0.033324181935933346,0.4
LL,K4,3.581721,8.954302499999999,1160649.4166666667,0.590498469707053,13760.25,-0.03412975324439818,0.4
LL,K4,3.939893,9.8497325,1160611.1666666667,0.590183271440444,13722.0,-0.03444495151100709,0.4
LL,kmpbc,727.126333,0.1015255980173136,1174513.25,0.6208873388770774,4192.666666666667,0.0030466598494185058,7162.0
LL,kmpbc,799.838966,0.11167815777715723,1174521.4166666667,0.6208370387604842,4200.833333333333,0.002996359732825369,7162.0
LL,kmpbc,879.822863,0.12284597361072326,1174835.5833333333,0.621491626425959,4515.0,0.003650947398300103,7162.0
LL,kmpbc,967.805149,0.13513057092990785,1174796.75,0.6213165469529949,4476.166666666667,0.0034758679253359868,7162.0
LL,kmpbc,1064.585664,0.1486436280368612,1174758.5,0.6217553344243102,4437.916666666667,0.003914655396651275,7162.0
LL,kmpbc,1171.04423,0.16350799078469702,1174739.8333333333,0.6221534222781915,4419.25,0.004312743250532547,7162.0
LL,kmpbc,1288.148653,0.1798587898631667,1174813.25,0.6233456412401546,4492.666666666667,0.005504962212495672,7162.0
LL,kmpbc,1416.963519,0.19784466894722144,1174824.3333333333,0.6221468732146838,4503.75,0.004306194187024798,7162.0
LL,kmpbc,1558.659871,0.21762913585590618,1174772.75,0.6231551448490705,4452.166666666667,0.005314465821411531,7162.0
LL,kmpbc,1714.525858,0.2393920494275342,1174797.1666666667,0.6218019816319028,4476.583333333333,0.003961302604243877,7162.0
LL,kmpbc,1885.978443,0.263331254258587,1174875.4166666667,0.6229668617341526,4554.833333333333,0.005126182706493694,7162.0
LL,kmpbc,2074.576288,0.2896643797821838,1175007.5,0.6214370094740952,4686.916666666667,0.0035963304464364057,7162.0
LL,kmpbc,2282.033916,0.31863081764870144,1174966.1666666667,0.623324115010731,4645.583333333333,0.005483435983072114,7162.0
LL,kmpbc,2510.237308,0.350493899469422,1174912.1666666667,0.6231037774430642,4591.583333333333,0.005263098415405278,7162.0
LL,kmpbc,2761.261039,0.3855432894442893,1174978.5833333333,0.6220249726265795,4658.0,0.004184293598920539,7162.0
LL,kmpbc,3037.387143,0.4240976184026808,1175048.0833333333,0.621725009346437,4727.5,0.0038843303187781433,7162.0
LL,kmpbc,3341.125857,0.46650738020106114,1175038.0833333333,0.6218714583147332,4717.5,0.004030779287074358,7162.0
LL,kmpbc,3675.238443,0.513158118263055,1174981.0833333333,0.6217922857238797,4660.5,0.0039516066962208,7162.0
LL,kmpbc,4042.762287,0.5644739300474728,1174110.6666666667,0.6201172212653062,3790.0833333333335,0.002276542237647209,7162.0
LL,kmpbc,4447.038516,0.6209213230941077,1174147.5,0.6186420066048925,3826.9166666666665,0.0008013275772335848,7162.0
LL,kmpbc,4891.742367,0.6830134553197431,1174234.25,0.6209604410376773,3913.6666666666665,0.0031197620100185766,7162.0
LL,kmpbc,5380.916604,0.7513148008936051,1175057.1666666667,0.6221989995669458,4736.583333333333,0.004358320539286874,7162.0
LL,kmpbc,5919.008264,0.8264462809271154,1175027.5833333333,0.6225098540936865,4707.0,0.004669175066027616,7162.0
LL,kmpbc,6510.909091,0.9090909091036025,1174837.4166666667,0.622365448483634,4516.833333333333,0.0045247694559750655,7162.0
LL,kmpbc,7162.0,1.0,1170320.5833333333,0.6178406790276588,0.0,0.0,7162.0
LL,kmpbc,7878.2,1.0999999999999999,1175342.9166666667,0.6202134066859729,5022.333333333333,0.00237272765831407,7162.0
LL,kmpbc,8666.02,1.21,1175015.5833333333,0.6218759674686883,4695.0,0.004035288441029489,7162.0
LL,kmpbc,9532.622,1.331,1174954.6666666667,0.6229634622618214,4634.083333333333,0.005122783234162469,7162.0
LL,kmpbc,10490.0,1.4646746718793633,1174900.9166666667,0.6220421089119506,4580.333333333333,0.004201429884291739,7162.0
LL,kmpbc,11530.0,1.6098855068416644,1174901.5833333333,0.6229029683880856,4581.0,0.005062289360426649,7162.0
LL,kmpbc,12690.0,1.7718514381457693,1174794.9166666667,0.622622940294801,4474.333333333333,0.00478226126714205,7162.0
LL,kmpbc,13960.0,1.9491762077631947,1174788.8333333333,0.6225913524204589,4468.25,0.00475067339279998,7162.0
LL,kmpbc,15350.0,2.1432560737224238,1174858.8333333333,0.6230430155217115,4538.25,0.005202336494052551,7162.0
LL,kmpbc,16890.0,2.358279810108908,1174923.5833333333,0.6221957296978219,4603.0,0.00435505067016297,7162.0
LL,kmpbc,18580.0,2.5942474169226473,1174931.3333333333,0.6225238275684597,4610.75,0.004683148540800801,7162.0
LL,kmpbc,20430.0,2.8525551521921253,1174387.4166666667,0.6199546705052459,4066.8333333333335,0.0021139914775869795,7162.0
LL,kmpbc,22480.0,3.138788048031276,1175043.6666666667,0.621901523040878,4723.083333333333,0.004060844013219073,7162.0
LL,kmpbc,24730.0,3.4529461044401004,1174933.3333333333,0.6217265837191348,4612.75,0.0038859046914759554,7162.0
LL,kmpbc,27200.0,3.7978218374755657,1174976.9166666667,0.6218240819001849,4656.333333333333,0.003983402872525983,7162.0
LL,kmpbc,29920.0,4.1776040212231225,1174990.25,0.6226427005135463,4669.666666666667,0.004802021485887468,7162.0
LL,kmpbc,32910.0,4.595085171739737,1175053.25,0.623187416768015,4732.666666666667,0.005346737740356146,7162.0
LL,kmpbc,36200.0,5.054454063110863,1175061.4166666667,0.6230225675293052,4740.833333333333,0.005181888501646276,7162.0
LL,kmpbc,39820.0,5.559899469421949,1175047.0,0.6229575593162071,4726.416666666667,0.005116880288548231,7162.0
LL,kmpbc,43800.0,6.115610164758447,1174177.6666666667,0.6216551477534108,3857.0833333333335,0.0038144687257519183,7162.0
LL,kmpbc,48180.0,6.727171181234292,1174161.25,0.6216339451018394,3840.6666666666665,0.00379326607418054,7162.0
LL,kmpbc,53000.0,7.400167550963418,1174961.0833333333,0.6220199780961989,4640.5,0.00417929906854005,7162.0
LL,kmpbc,58300.0,8.14018430605976,1175000.0833333333,0.6225173030358476,4679.5,0.004676624008188811,7162.0
LL,kmpbc,64130.0,8.954202736665735,1174913.0,0.6218564177755727,4592.416666666667,0.004015738747913712,7162.0
LL,kmpbc,70540.0,9.849204132923765,1174695.0833333333,0.6212178541651259,4374.5,0.0033771751374668904,7162.0
LL,dg4,0.177717,0.10152576862565427,1174494.8333333333,0.6203338186900184,4975.75,0.00262572719588162,1.750462
LL,dg4,0.195488,0.11167794559379181,1174494.8333333333,0.6218257878198019,4975.75,0.0041176963256652115,1.750462
LL,dg4,0.215037,0.12284585440872182,1174494.8333333333,0.6226617739447136,4975.75,0.004953682450576896,1.750462
LL,dg4,0.236541,0.13513061123292022,1174494.8333333333,0.6222751222472804,4975.75,0.004567030753143686,1.750462
LL,dg4,0.260195,0.14864361522843683,1174494.8333333333,0.6223786046109407,4975.75,0.004670513116803952,1.750462
LL,dg4,0.286215,0.16350826239015756,1174494.8333333333,0.6228055157171377,4975.75,0.0050974242230009585,1.750462
LL,dg4,0.314836,0.17985880299029627,1174494.8333333333,0.6218140823113602,4975.75,0.004105990817223487,1.750462
LL,dg4,0.34632,0.19784491180042757,1169494.3333333333,0.6180358757576078,-24.75,0.00032778426347106665,1.750462
LL,dg4,0.380952,0.21762940298047032,1174494.8333333333,0.6221331905533233,4975.75,0.00442509905918656,1.750462
LL,dg4,0.419047,0.2393922290229665,1174494.8333333333,0.6206122439818649,4975.75,0.0029041524877281752,1.750462
LL,dg4,0.460951,0.2633310520308353,1174494.8333333333,0.6207754464150642,4975.75,0.0030673549209275044,1.750462
LL,dg4,0.507046,0.2896641001061434,1174494.8333333333,0.62080059619062,4975.75,0.0030925046964832468,1.750462
LL,dg4,0.557751,0.3186307386278594,1174494.8333333333,0.6212482528267232,4975.75,0.00354016133258662,1.750462
LL,dg4,0.613526,0.3504937553628699,1174494.8333333333,0.6224622895999614,4975.75,0.004754198105824697,1.750462
LL,dg4,0.674879,0.3855433594102586,1174494.8333333333,0.6200259467622938,4975.75,0.002317855268157217,1.750462
LL,dg4,0.742367,0.42409775247905984,1174494.8333333333,0.620452889697887,4975.75,0.002744798203750389,1.750462
LL,dg4,0.816603,0.4665071278325379,1174494.8333333333,0.6219927615761782,4975.75,0.0042846700820416235,1.750462
LL,dg4,0.898264,0.5131582405102195,1174494.8333333333,0.6219352996568278,4975.75,0.0042272081626911024,1.750462
LL,dg4,0.98809,0.5644738360501399,1169494.3333333333,0.6183312322830997,-24.75,0.0006231407889630743,1.750462
LL,dg4,1.086899,0.6209212196551539,1165179.25,0.6183488767365758,-4339.833333333333,0.0006407852424390551,1.750462
LL,dg4,1.195589,0.6830133987484447,1169519.3333333333,0.6196059902897652,0.25,0.0018978987956283777,1.750462
LL,dg4,1.315148,0.7513147957510646,1169519.0833333333,0.6199577734435231,0.0,0.0022496819493863784,1.750462
LL,dg4,1.446663,0.8264463895817219,1169519.0833333333,0.617092188000344,0.0,-0.0006159034937926559,1.750462
LL,dg4,1.591329,0.9090908571565678,1169519.0833333333,0.6196422565476251,0.0,0.0019341650534884607,1.750462
LL,dg4,1.750462,1.0,1169519.0833333333,0.6177080914941366,0.0,0.0,1.750462
LL,dg4,1.925508,1.0999998857444493,1169519.0833333333,0.6198592925825823,0.0,0.0021512010884456403,1.750462
LL,dg4,2.118059,1.209999988574445,1169643.25,0.6198244679206052,124.16666666666667,0.0021163764264685394,1.750462
LL,dg4,2.329865,1.3310000445596648,1169639.5,0.6199231367523023,120.41666666666667,0.002215045258165534,1.750462
LL,dg4,2.562851,1.4640997633767543,1169639.3333333333,0.61985363802261,120.25,0.0021455465284733557,1.750462
LL,dg4,2.819137,1.6105102538644085,1169639.25,0.619462923937507,120.16666666666667,0.0017548324433703522,1.750462
LL,dg4,3.10105,1.7715608793564213,1169639.25,0.6193276479005436,120.16666666666667,0.0016195564064069394,1.750462
LL,dg4,3.411155,1.9487169672920635,1169639.25,0.6187746789797696,120.16666666666667,0.0010665874856328472,1.750462
LL,dg4,3.752271,2.143588949660147,1169639.25,0.618578284014651,120.16666666666667,0.0008701925205142717,1.750462
LL,dg4,4.127498,2.3579477874983863,1164496.0833333333,0.6174113970484733,-5023.0,-0.00029669444566352937,1.750462
LL,dg4,4.540248,2.5937426805037758,1168839.3333333333,0.617091457634098,-679.75,-0.0006166338600386659,1.750462
LL,dg4,4.994272,2.85311649153195,1168839.3333333333,0.6167429325359037,-679.75,-0.0009651589582329034,1.750462
LL,dg4,5.4937,3.138428597707348,1165307.0,0.617250753322771,-4212.083333333333,-0.0004573381713656455,1.750462
LL,dg4,6.04307,3.452271457478083,1169495.5,0.6172547050470404,-23.583333333333332,-0.00045338644709636927,1.750462
LL,dg4,6.647377,3.797498603225891,1169495.5,0.6170150390449078,-23.583333333333332,-0.0006930524492288296,1.750462
LL,dg4,7.312114,4.177248063654052,1169313.5833333333,0.6187684818930216,-205.5,0.0010603903988848546,1.750462
LL,dg4,8.043326,4.594973212786111,1169585.0,0.6180405948243197,65.91666666666667,0.00033250333018304085,1.750462
LL,dg4,8.847658,5.054470191298068,1169585.0,0.6171592149976384,65.91666666666667,-0.0005488764964983647,1.750462
LL,dg4,9.732424,5.559917324683426,1169555.1666666667,0.6179465675453465,36.083333333333336,0.00023847605120972762,1.750462
LL,dg4,10.705666,6.115908828640668,1169520.5,0.6178223546532775,1.4166666666666667,0.00011426315914081497,1.750462
LL,dg4,11.776233,6.727499940015836,1169520.5,0.6182574065260638,1.4166666666666667,0.0005493150319270482,1.750462
LL,dg4,12.953856,7.400249762634093,1169520.5,0.6198591320293684,1.4166666666666667,0.00215104053523175,1.750462
LL,dg4,14.249242,8.140274967408605,1169520.75,0.6181317875529025,1.6666666666666667,0.0004236960587658452,1.750462
LL,dg4,15.674166,8.954302349893913,1169520.5,0.6182540583502343,1.4166666666666667,0.000545966856097572,1.750462
LL,dg4,17.241583,9.849732813394406,1169520.0833333333,0.6181042000984823,1.0,0.0003961086043455242,1.750462
LL,Am7,0.05587,0.10152644012356897,1172325.5,0.6211886287680409,7854.166666666667,0.0009366877685650273,0.5503
LL,Am7,0.061456,0.11167726694530256,1173761.5833333333,0.6240457450204755,9290.25,0.003793804020999686,0.5503
LL,Am7,0.067602,0.12284572051608213,1173763.4166666667,0.6236538822430917,9292.083333333334,0.003401941243615869,0.5503
LL,Am7,0.074362,0.13512992912956567,1173756.5833333333,0.6231391391610597,9285.25,0.002887198161583874,0.5503
LL,Am7,0.081799,0.14864437579502088,1173754.1666666667,0.6241174467833001,9282.833333333334,0.0038655057838241544,0.5503
LL,Am7,0.089978,0.16350717790296201,1173746.25,0.6240087547734309,9274.916666666666,0.003756813773955018,0.5503
LL,Am7,0.098976,0.17985825913138287,1173695.75,0.6238978979660114,9224.416666666666,0.0036459569665354776,0.5503
LL,Am7,0.108874,0.19784481192077047,1173691.4166666667,0.62423675827445,9220.083333333334,0.0039848172749743045,0.5503
LL,Am7,0.119761,0.21762856623659824,1173594.3333333333,0.6245012250951544,9123.0,0.00424928409567867,0.5503
LL,Am7,0.131737,0.2393912411411957,1173593.75,0.6245804830828744,9122.416666666666,0.004328542083398519,0.5503
LL,Am7,0.144911,0.2633309104125023,1173591.0,0.6233418312559272,9119.666666666666,0.0030898902564514643,0.5503
LL,Am7,0.159402,0.28966381973469013,1173643.0833333333,0.6243599881804354,9171.75,0.004108047180959584,0.5503
LL,Am7,0.175343,0.3186316554606578,1173686.9166666667,0.6239136361090297,9215.583333333334,0.003661695109553831,0.5503
LL,Am7,0.192877,0.3504942758495366,1173682.8333333333,0.6248488694760254,9211.5,0.004596928476549522,0.5503
LL,Am7,0.212164,0.38554243140105393,1173717.4166666667,0.6257519277174933,9246.083333333334,0.005499986718017519,0.5503
LL,Am7,0.233381,0.42409776485553335,1173629.75,0.625538173517929,9158.416666666666,0.005286232518453106,0.5503
LL,Am7,0.256719,0.4665073596220243,1173689.1666666667,0.6247632817015927,9217.833333333334,0.004511340702116913,0.5503
LL,Am7,0.282391,0.5131582773032891,1173752.0,0.6256273851943926,9280.666666666666,0.005375444194916867,0.5503
LL,Am7,0.31063,0.5644739233145557,1172294.8333333333,0.6216299070254783,7823.5,0.0013779660260024862,0.5503
LL,Am7,0.341693,0.6209213156460113,1173740.6666666667,0.6241281827472175,9269.333333333334,0.0038762417477416398,0.5503
LL,Am7,0.375862,0.6830129020534254,1173700.75,0.6242022611848986,9229.416666666666,0.003950320185422851,0.5503
LL,Am7,0.413449,0.7513156460112665,1173751.5833333333,0.6231447871684862,9280.25,0.0028928461690103844,0.5503
LL,Am7,0.454793,0.8264455751408323,1173748.4166666667,0.6227173416933622,9277.083333333334,0.002465400693886418,0.5503
LL,Am7,0.500273,0.9090914046883517,1173655.1666666667,0.624288071607653,9183.833333333334,0.0040361306081771004,0.5503
LL,Am7,0.5503,1.0,1164471.3333333333,0.6202519409994758,0.0,0.0,0.5503
LL,Am7,0.60533,1.1,1172206.3333333333,0.6212064345526882,7735.0,0.0009544935532124118,0.5503
LL,Am7,0.665863,1.21,1173698.5,0.6244985440832426,9227.166666666666,0.004246603083766777,0.5503
LL,Am7,0.732449,1.330999454842813,1173741.0,0.6233124578550527,9269.666666666666,0.0030605168555769744,0.5503
LL,Am7,0.805694,1.4640995820461566,1173753.9166666667,0.6243290782302989,9282.583333333334,0.004077137230823258,0.5503
LL,Am7,0.886264,1.6105106305651464,1173684.6666666667,0.6244489569774657,9213.333333333334,0.00419701597798978,0.5503
LL,Am7,0.97489,1.7715609667454115,1172200.4166666667,0.6196687595531973,7729.083333333333,-0.0005831814462784098,0.5503
LL,Am7,1.072379,1.9487170634199527,1172229.0,0.6212593786350326,7757.666666666667,0.0010074376355567645,0.5503
LL,Am7,1.179617,2.1435889514810103,1172291.25,0.6216238500910667,7819.916666666667,0.0013719090915908876,0.5503
LL,Am7,1.297579,2.3579483917862984,1172340.75,0.6219354831244888,7869.416666666667,0.001683542125012936,0.5503
LL,Am7,1.427336,2.593741595493367,1172339.25,0.6206137364169818,7867.916666666667,0.00036179541750600935,0.5503
LL,Am7,1.57007,2.853116481918953,1172225.1666666667,0.6207419481050228,7753.833333333333,0.0004900071055469468,0.5503
LL,Am7,1.727077,3.1384281301108485,1172231.4166666667,0.6208538720215856,7760.083333333333,0.000601931022109777,0.5503
LL,Am7,1.899785,3.4522714882791203,1172299.25,0.6214949472084438,7827.916666666667,0.001243006208968056,0.5503
LL,Am7,2.089763,3.797497728511721,1172351.4166666667,0.6213599467523033,7880.083333333333,0.0011080057528274438,0.5503
LL,Am7,2.29874,4.177248773396329,1172448.8333333333,0.6219983753065638,7977.5,0.0017464343070880035,0.5503
LL,Am7,2.528614,4.594973650735962,1172467.0,0.6225565423759775,7995.666666666667,0.002304601376501625,0.5503
LL,Am7,2.781475,5.054470288933309,1172373.25,0.6207260070115185,7901.916666666667,0.00047406601204263987,0.5503
LL,Am7,3.059623,5.559918226421952,1172304.8333333333,0.6215481914718306,7833.5,0.0012962504723548762,0.5503
LL,Am7,3.365585,6.115909503906959,1172401.6666666667,0.6218162370212291,7930.333333333333,0.0015642960217532957,0.5503
LL,Am7,3.702143,6.727499545702344,1172367.9166666667,0.620758498003489,7896.583333333333,0.000506557004013225,0.5503
LL,Am7,4.072358,7.400250772306015,1171664.3333333333,0.6198181669010598,7193.0,-0.00043377409841595843,0.5503
LL,Am7,4.479593,8.140274395784118,1171650.4166666667,0.6186569530937941,7179.083333333333,-0.0015949879056816978,0.5503
LL,Am7,4.927553,8.954303107395965,1171544.5,0.6202863285350221,7073.166666666667,3.4387535546252325e-05,0.5503
LL,Am7,5.420308,9.849732872978375,1172470.1666666667,0.6213639445745468,7998.833333333333,0.0011120035750709263,0.5503
LL,d5L,0.514857,0.10152567439659252,1174277.5833333333,0.6216065367555621,9445.0,0.0030905751912137327,5.0712
LL,d5L,0.566342,0.1116781038018615,1174277.5833333333,0.6216571606627491,9445.0,0.0031411990984007523,5.0712
LL,d5L,0.622977,0.12284607193563653,1174277.5833333333,0.6220488823455591,9445.0,0.0035329207812107946,5.0712
LL,d5L,0.685274,0.1351305410948099,1174277.5833333333,0.6216519370845658,9445.0,0.0031359755202173454,5.0712
LL,d5L,0.753802,0.14864371351948255,1174277.5833333333,0.621355091696503,9445.0,0.0028391301321546436,5.0712
LL,d5L,0.829182,0.1635080454330336,1174277.5833333333,0.6226521358020758,9445.0,0.004136174237727386,5.0712
LL,d5L,0.9121,0.17985881053793973,1164683.4166666667,0.619208625936761,-149.16666666666666,0.0006926643724126103,5.0712
LL,d5L,1.00331,0.19784469159173368,1169472.75,0.6189937325676544,4640.166666666667,0.00047777100330609334,5.0712
LL,d5L,1.103641,0.2176291607509071,1169472.75,0.6188952400478138,4640.166666666667,0.0003792784834654543,5.0712
LL,d5L,1.214005,0.23939205710679917,1169472.75,0.6191591452800513,4640.166666666667,0.0006431837157029885,5.0712
LL,d5L,1.335405,0.263331164221486,1164706.3333333333,0.6191898328106914,-126.25,0.0006738712463429941,5.0712
LL,d5L,1.468946,0.28966437923962773,1169472.75,0.6179523944740412,4640.166666666667,-0.0005635670903071562,5.0712
LL,d5L,1.615841,0.3186308960403849,1169472.75,0.6189461622074002,4640.166666666667,0.0004302006430518072,5.0712
LL,d5L,1.777425,0.3504939659252248,1169472.75,0.616221062719622,4640.166666666667,-0.0022948988447263896,5.0712
LL,d5L,1.955167,0.38554326392175425,1169472.75,0.6190763858296752,4640.166666666667,0.0005604242653267458,5.0712
LL,d5L,2.150684,0.42409764947152545,1169596.6666666667,0.6194655005994546,4764.083333333333,0.0009495390351062505,5.0712
LL,d5L,2.365752,0.46650733554188356,1169596.6666666667,0.6189902227637335,4764.083333333333,0.0004742611993852064,5.0712
LL,d5L,2.602327,0.5131580296576747,1169596.6666666667,0.6194434847850769,4764.083333333333,0.0009275232207285877,5.0712
LL,d5L,2.86256,0.564473891781038,1169596.6666666667,0.6194820907388568,4764.083333333333,0.0009661291745085195,5.0712
LL,d5L,3.148816,0.6209212809591418,1169596.6666666667,0.6185645999838462,4764.083333333333,4.863841949781511e-05,5.0712
LL,d5L,3.463698,0.6830134879318505,1164832.5833333333,0.6177170232606352,0.0,-0.0007989383037131925,5.0712
LL,d5L,3.810068,0.7513148761634326,1169596.6666666667,0.6185856955062538,4764.083333333333,6.973394190538477e-05,5.0712
LL,d5L,4.191074,0.8264462060261871,1168791.1666666667,0.6175349469852933,3958.5833333333335,-0.0009810145790550655,5.0712
LL,d5L,4.610182,0.9090909449439974,1168791.1666666667,0.6176029416950332,3958.5833333333335,-0.0009130198693152088,5.0712
LL,d5L,5.0712,1.0,1164832.5833333333,0.6185159615643484,0.0,0.0,5.0712
LL,d5L,5.57832,1.0999999999999999,1169596.6666666667,0.6184917071288606,4764.083333333333,-2.4254435487684283e-05,5.0712
LL,d5L,6.136152,1.21,1169447.5,0.6190478248072245,4614.916666666667,0.0005318632428761849,5.0712
LL,d5L,6.749767,1.3309999605616027,1169447.5,0.6158349205332613,4614.916666666667,-0.0026810410310869615,5.0712
LL,d5L,7.424744,1.4641000157753588,1169267.0833333333,0.6154327026823015,4434.5,-0.0030832588820467834,5.0712
LL,d5L,8.167218,1.6105099384761004,1169537.0,0.618663650242384,4704.416666666667,0.00014768867803571784,5.0712
LL,d5L,8.98394,1.7715609717621077,1169537.0,0.6183406533588449,4704.416666666667,-0.00017530820550345125,5.0712
LL,d5L,9.882334,1.9487170689383184,1169507.1666666667,0.6191069246736716,4674.583333333333,0.0005909631093231801,5.0712
LL,d5L,10.870568,2.1435888941473418,1169472.75,0.6180706850920289,4640.166666666667,-0.00044527647231952977,5.0712
LL,d5L,11.957624,2.357947625808487,1169472.75,0.618968910196517,4640.166666666667,0.0004529486321686593,5.0712
LL,d5L,13.153387,2.5937425067045274,1169472.75,0.6194008533144605,4640.166666666667,0.0008848917501120823,5.0712
LL,d5L,14.468725,2.85311661934059,1169472.75,0.6168225671066897,4640.166666666667,-0.001693394457658648,5.0712
LL,d5L,15.915598,3.138428379870642,1169472.75,0.6193948219023281,4640.166666666667,0.0008788603379797736,5.0712
LL,d5L,17.507158,3.4522712572961036,1169472.75,0.6177780283303377,4640.166666666667,-0.0007379332340106126,5.0712
LL,d5L,19.257874,3.7974984224641113,1169472.75,0.6190626704637158,4640.166666666667,0.0005467088993674393,5.0712
LL,d5L,21.183661,4.177248185833728,1169596.6666666667,0.6197120798242688,4764.083333333333,0.0011961182599204607,5.0712
LL,d5L,23.302027,4.594972984697901,1164832.5833333333,0.61984465323843,0.0,0.0013286916740816168,5.0712
LL,d5L,25.63223,5.0544703423252875,1169596.6666666667,0.6198715033987723,4764.083333333333,0.0013555418344238974,5.0712
LL,d5L,28.195453,5.5599173765578165,1169596.6666666667,0.6196462559046383,4764.083333333333,0.001130294340289902,5.0712
LL,d5L,31.014998,6.115909055056002,1164832.5833333333,0.6195073842539771,0.0,0.000991422689628818,5.0712
LL,d5L,34.116498,6.7275,1169596.6666666667,0.6183788266897834,4764.083333333333,-0.0001371348745649037,5.0712
LL,d5L,37.528148,7.400250039438397,1169596.6666666667,0.618561574695165,4764.083333333333,4.561313081678323e-05,5.0712
LL,d5L,41.280962,8.140274885628648,1164027.0833333333,0.6186535189754343,-805.5,0.00013755741108589792,5.0712
LL,d5L,45.409059,8.954302531945102,1168791.1666666667,0.6167302386078573,3958.5833333333335,-0.0017857229564911166,5.0712
LL,d5L,49.949964,9.849732607666825,1158326.1666666667,0.6159436614317478,-6506.416666666667,-0.0025723001326005044,5.0712
LL,Gp6,1e-05,0.1,1159238.75,0.6181941756006242,-7327.083333333333,0.0003033088985978649,0.0001
LL,Gp6,1.1e-05,0.10999999999999999,1168061.0,0.6190492391023679,1495.1666666666667,0.001158372400341547,0.0001
LL,Gp6,1.2e-05,0.12,1168061.0,0.6192088852867731,1495.1666666666667,0.0013180185847467552,0.0001
LL,Gp6,1.4e-05,0.13999999999999999,1168061.0,0.6178220137072804,1495.1666666666667,-6.885299474595115e-05,0.0001
LL,Gp6,1.5e-05,0.15,1168061.0,0.6188680711892183,1495.1666666666667,0.0009772044871919905,0.0001
LL,Gp6,1.6e-05,0.15999999999999998,1168061.0,0.6185652554383786,1495.1666666666667,0.0006743887363522549,0.0001
LL,Gp6,1.8e-05,0.18,1168061.0,0.6187216844789611,1495.1666666666667,0.0008308177769348427,0.0001
LL,Gp6,2e-05,0.2,1159398.0,0.6184213258479355,-7167.833333333333,0.0005304591459091753,0.0001
LL,Gp6,2.2e-05,0.21999999999999997,1168216.6666666667,0.6194401538126942,1650.8333333333333,0.0015492871106679758,0.0001
LL,Gp6,2.4e-05,0.24,1168216.6666666667,0.6180636984034986,1650.8333333333333,0.00017283170147231833,0.0001
LL,Gp6,2.6e-05,0.25999999999999995,1168216.6666666667,0.6188023879367813,1650.8333333333333,0.0009115212347551027,0.0001
LL,Gp6,2.9e-05,0.29,1168216.6666666667,0.6188767962243572,1650.8333333333333,0.0009859295223308788,0.0001
LL,Gp6,3.2e-05,0.31999999999999995,1168216.6666666667,0.6190510705306046,1650.8333333333333,0.0011602038285782972,0.0001
LL,Gp6,3.5e-05,0.35,1168216.6666666667,0.6187082372331857,1650.8333333333333,0.0008173705311593319,0.0001
LL,Gp6,3.9e-05,0.38999999999999996,1168216.6666666667,0.6184881657622799,1650.8333333333333,0.0005972990602536957,0.0001
LL,Gp6,4.2e-05,0.41999999999999993,1167411.1666666667,0.6177419809351572,845.3333333333334,-0.00014888576686910202,0.0001
LL,Gp6,4.7e-05,0.47,1167411.1666666667,0.6162894907434523,845.3333333333334,-0.0016013759585740601,0.0001
LL,Gp6,5.1e-05,0.51,1168216.6666666667,0.6188670778297182,1650.8333333333333,0.0009762111276919264,0.0001
LL,Gp6,5.6e-05,0.5599999999999999,1168216.6666666667,0.6183733956330343,1650.8333333333333,0.0004825289310080305,0.0001
LL,Gp6,6.2e-05,0.62,1168037.6666666667,0.6186517174050089,1471.8333333333333,0.0007608507029826609,0.0001
LL,Gp6,6.8e-05,0.6799999999999999,1168037.6666666667,0.6181560788228279,1471.8333333333333,0.00026521212080152234,0.0001
LL,Gp6,7.5e-05,0.7499999999999999,1167868.8333333333,0.6173934690438171,1303.0,-0.0004973976582092199,0.0001
LL,Gp6,8.3e-05,0.83,1168157.0,0.6185211979299162,1591.1666666666667,0.0006303312278898762,0.0001
LL,Gp6,9.1e-05,0.91,1168127.1666666667,0.6185982137526914,1561.3333333333333,0.0007073470506650711,0.0001
LL,Gp6,0.0001,1.0,1166565.8333333333,0.6178908667020263,0.0,0.0,0.0001
LL,Gp6,0.00011,1.1,1170222.75,0.6189522522738162,3656.9166666666665,0.0010613855717899097,0.0001
LL,Gp6,0.000121,1.21,1175448.6666666667,0.6228049148351228,8882.833333333334,0.004914048133096464,0.0001
LL,Gp6,0.000133,1.33,1175448.6666666667,0.6226923479007123,8882.833333333334,0.004801481198685981,0.0001
LL,Gp6,0.000146,1.46,1175448.6666666667,0.6222073191994837,8882.833333333334,0.004316452497457389,0.0001
LL,Gp6,0.000161,1.61,1175448.6666666667,0.6225766855762359,8882.833333333334,0.004685818874209546,0.0001
LL,Gp6,0.000177,1.7699999999999998,1175448.6666666667,0.6221571110494879,8882.833333333334,0.004266244347461552,0.0001
LL,Gp6,0.000195,1.95,1175448.6666666667,0.6225942562137311,8882.833333333334,0.004703389511704875,0.0001
LL,Gp6,0.000214,2.1399999999999997,1175448.6666666667,0.6226206516000693,8882.833333333334,0.004729784898043034,0.0001
LL,Gp6,0.000236,2.36,1175448.6666666667,0.6227152422803531,8882.833333333334,0.004824375578326869,0.0001
LL,Gp6,0.000259,2.59,1175448.6666666667,0.6227478493550679,8882.833333333334,0.00485698265304164,0.0001
LL,Gp6,0.000285,2.8499999999999996,1175448.6666666667,0.6227113032247877,8882.833333333334,0.004820436522761429,0.0001
LL,Gp6,0.000314,3.1399999999999997,1175448.6666666667,0.6224623116369784,8882.833333333334,0.004571444934952114,0.0001
LL,Gp6,0.000345,3.4499999999999997,1175448.6666666667,0.6221988960289315,8882.833333333334,0.004308029326905234,0.0001
LL,Gp6,0.00038,3.8,1170222.75,0.6188027442617078,3656.9166666666665,0.0009118775596814918,0.0001
LL,Gp6,0.000418,4.18,1175448.6666666667,0.6220020612065082,8882.833333333334,0.004111194504481923,0.0001
LL,Gp6,0.00046,4.6,1170222.75,0.6181747066134528,3656.9166666666665,0.0002838399114264238,0.0001
LL,Gp6,0.000505,5.05,1175448.6666666667,0.6224572912230911,8882.833333333334,0.0045664245210647976,0.0001
LL,Gp6,0.000556,5.56,1175448.6666666667,0.6225350193584737,8882.833333333334,0.004644152656447427,0.0001
LL,Gp6,0.000612,6.12,1175448.6666666667,0.6225327316587056,8882.833333333334,0.00464186495667925,0.0001
LL,Gp6,0.000673,6.7299999999999995,1175448.6666666667,0.6220458807466923,8882.833333333334,0.0041550140446660515,0.0001
LL,Gp6,0.00074,7.3999999999999995,1170222.75,0.6180061257474602,3656.9166666666665,0.00011525904543386682,0.0001
LL,Gp6,0.000814,8.14,1175448.6666666667,0.6223531190777628,8882.833333333334,0.00446225237573647,0.0001
LL,Gp6,0.000895,8.95,1175448.6666666667,0.6224397150263076,8882.833333333334,0.004548848324281235,0.0001
LL,Gp6,0.000985,9.85,1175448.6666666667,0.6224185995615585,8882.833333333334,0.004527732859532276,0.0001
LL,Gkp,0.120361,0.10152531321513554,1174710.4166666667,0.623510194901659,4620.25,0.0036291177856586643,1.185527
LL,Gkp,0.132397,0.11167776018597635,1174710.4166666667,0.6235645572240266,4620.25,0.0036834801080261417,1.185527
LL,Gkp,0.145637,0.1228457892565922,1174710.4166666667,0.622296820542036,4620.25,0.002415743426035686,1.185527
LL,Gkp,0.160201,0.13513062123426967,1174710.4166666667,0.6231031716703371,4620.25,0.0032220945543365944,1.185527
LL,Gkp,0.176221,0.14864359900702387,1174710.4166666667,0.6227573436604713,4620.25,0.002876266544470938,1.185527
LL,Gkp,0.193843,0.1635078745570535,1174709.9166666667,0.6229170415451779,4619.75,0.00303596442917752,1.185527
LL,Gkp,0.213227,0.17985840896074068,1174709.9166666667,0.6240092998673854,4619.75,0.004128222751384904,1.185527
LL,Gkp,0.23455,0.19784450290883296,1170072.1666666667,0.6188644874861099,-18.0,-0.0010165896298905408,1.185527
LL,Gkp,0.258005,0.21762895319971623,1174709.9166666667,0.6233136361551976,4619.75,0.0034325590391972305,1.185527
LL,Gkp,0.283806,0.23939227027305157,1174709.9166666667,0.6233436798877626,4619.75,0.0034626027717621077,1.185527
LL,Gkp,0.312186,0.2633309911963203,1174708.6666666667,0.6237552903756458,4618.5,0.003874213259645376,1.185527
LL,Gkp,0.343405,0.28966442771864326,1174708.6666666667,0.6217879308232718,4618.5,0.0019068537072713387,1.185527
LL,Gkp,0.377745,0.3186304487371439,1174708.6666666667,0.620799937693408,4618.5,0.000918860577407643,1.185527
LL,Gkp,0.41552,0.350493915364222,1170070.9166666667,0.6183804260636282,-19.25,-0.0015006510523722834,1.185527
LL,Gkp,0.457072,0.38554330690064414,1174708.6666666667,0.6209730820840422,4618.5,0.0010920049680418025,1.185527
LL,Gkp,0.502779,0.4240974688893631,1174708.6666666667,0.6223522396200715,4618.5,0.0024711625040710525,1.185527
LL,Gkp,0.553057,0.4665073001289722,1174708.6666666667,0.6230603613792227,4618.5,0.0031792842632221616,1.185527
LL,Gkp,0.608363,0.5131582831938876,1174708.6666666667,0.6225620761792798,4618.5,0.0026809990632794454,1.185527
LL,Gkp,0.669199,0.5644738584612582,1174708.6666666667,0.6226092962069187,4618.5,0.002728219090918277,1.185527
LL,Gkp,0.736119,0.6209213286580567,1174708.6666666667,0.6221967786581858,4618.5,0.0023157015421853464,1.185527
LL,Gkp,0.809731,0.6830135458745351,1174708.6666666667,0.6222369173334463,4618.5,0.0023558402174459203,1.185527
LL,Gkp,0.890704,0.7513148161113159,1174708.6666666667,0.6218994076963754,4618.5,0.002018330580374992,1.185527
LL,Gkp,0.979774,0.8264459603197566,1174708.4166666667,0.6210133212521053,4618.25,0.0011322441361048448,1.185527
LL,Gkp,1.077752,0.9090910624557687,1170090.1666666667,0.6173156005385599,0.0,-0.0025654765774403565,1.185527
LL,Gkp,1.185527,1.0,1170090.1666666667,0.6198810771160005,0.0,0.0,1.185527
LL,Gkp,1.30408,1.100000253052018,1170090.1666666667,0.6185874688640048,0.0,-0.0012936082519956111,1.185527
LL,Gkp,1.434488,1.2100002783572201,1170090.1666666667,0.6173459780138706,0.0,-0.002535099102129864,1.185527
LL,Gkp,1.577936,1.33099963138756,1170086.25,0.6177695402632772,-3.9166666666666665,-0.00211153685272313,1.185527
LL,Gkp,1.73573,1.4640999319290071,1170086.1666666667,0.6182569568103301,-4.0,-0.0016241203056703197,1.185527
LL,Gkp,1.909303,1.6105099251219077,1165737.1666666667,0.6185124955982363,-4353.0,-0.0013685815177640892,1.185527
LL,Gkp,2.100233,1.7715606645820803,1170215.8333333333,0.6198801649137632,125.66666666666667,-9.122022372557806e-07,1.185527
LL,Gkp,2.310257,1.9487173214949975,1170215.8333333333,0.6200498645978547,125.66666666666667,0.00016878748185432854,1.185527
LL,Gkp,2.541282,2.143588463189788,1170221.4166666667,0.619398542907257,131.25,-0.0004825342087433719,1.185527
LL,Gkp,2.795411,2.357947984314149,1170221.4166666667,0.6182662504917323,131.25,-0.0016148266242681601,1.185527
LL,Gkp,3.074952,2.593742698394891,1170221.4166666667,0.6174896953755762,131.25,-0.002391381740424294,1.185527
LL,Gkp,3.382447,2.853116799533035,1170221.25,0.6192069196522969,131.08333333333334,-0.0006741574637034639,1.185527
LL,Gkp,3.720692,3.1384287325383564,1170221.25,0.6184028904409954,131.08333333333334,-0.0014781866750050072,1.185527
LL,Gkp,4.092761,3.4522714370908467,1169415.75,0.6172720395934231,-674.4166666666666,-0.0026090375225772586,1.185527
LL,Gkp,4.502037,3.797498496449258,1169415.75,0.6176632478080665,-674.4166666666666,-0.0022178293079339697,1.185527
LL,Gkp,4.95224,4.177247755639475,1169415.75,0.618107600147178,-674.4166666666666,-0.0017734769688224072,1.185527
LL,Gkp,5.447465,4.59497337471015,1170221.25,0.6159431498533673,131.08333333333334,-0.00393792726263309,1.185527
LL,Gkp,5.992211,5.054470290427801,1170221.25,0.6196872750343198,131.08333333333334,-0.0001938020816806089,1.185527
LL,Gkp,6.591432,5.559917235119909,1170072.3333333333,0.618600626862243,-17.833333333333332,-0.0012804502537573925,1.185527
LL,Gkp,7.250575,6.115908789930555,1169882.6666666667,0.6183930287801617,-207.5,-0.0014880483358387653,1.185527
LL,Gkp,7.975633,6.7275000906769735,1169882.25,0.6169826874982722,-207.91666666666666,-0.0028983896177281845,1.185527
LL,Gkp,8.773196,7.4002498466926525,1165817.0833333333,0.6170410404674292,-4273.083333333333,-0.002840036648571178,1.185527
LL,Gkp,9.650516,8.140275168764608,1170131.5833333333,0.6188972516088187,41.416666666666664,-0.0009838255071816977,1.185527
LL,Gkp,10.615567,8.954302179537033,1170092.0833333333,0.619185875419293,1.9166666666666667,-0.0006952016967073463,1.185527
LL,Gkp,11.677124,9.849732650542753,1170091.4166666667,0.6185379884315257,1.25,-0.001343088684474673,1.185527
LL,K8,0.033118,0.10152667075413857,1048736.5833333333,0.8134191439449076,-112141.75,0.19384341601326036,0.3262
LL,K8,0.036429,0.11167688534641326,1048922.0,0.8105049761434137,-111956.33333333333,0.19092924821176668,0.3262
LL,K8,0.040072,0.12284488044144698,1049164.75,0.8066016774461046,-111713.58333333333,0.18702594951445747,0.3262
LL,K8,0.04408,0.13513182096873086,1045878.9166666666,0.7989409685783638,-114999.41666666667,0.1793652406467168,0.3262
LL,K8,0.048488,0.14864500306560394,1050167.1666666667,0.7889889091529788,-110711.16666666667,0.16941318122133162,0.3262
LL,K8,0.053336,0.16350705088902515,1051398.75,0.7738959945227797,-109479.58333333333,0.15432026659113252,0.3262
LL,K8,0.05867,0.17985898221949725,1050119.8333333333,0.770023331966522,-110758.5,0.1504476040348748,0.3262
LL,K8,0.064537,0.19784488044144696,1067355.75,0.7416488491281817,-93522.58333333333,0.12207312119653456,0.3262
LL,K8,0.070991,0.21763028816676885,1120757.8333333333,0.7126154081812551,-40120.5,0.09303968024960796,0.3262
LL,K8,0.07809,0.23939301042305336,1131906.75,0.6455308689212432,-28971.583333333332,0.025955140989596115,0.3262
LL,K8,0.085899,0.2633323114653587,1164597.8333333333,0.5582582727065672,3719.5,-0.06131745522507984,0.3262
LL,K8,0.094489,0.28966584917228694,1167726.9166666667,0.5546802221000925,6848.583333333333,-0.06489550583155472,0.3262
LL,K8,0.103937,0.31862967504598405,1169714.25,0.5900492336124112,8835.916666666666,-0.029526494319235902,0.3262
LL,K8,0.114331,0.35049356223175965,1171198.4166666667,0.5992803178619145,10320.083333333334,-0.020295410069732622,0.3262
LL,K8,0.125764,0.3855426118945432,1172318.8333333333,0.6048615555405839,11440.5,-0.014714172391063382,0.3262
LL,K8,0.138341,0.42409871244635194,1173349.4166666667,0.6117853829961069,12471.083333333334,-0.007790344935540251,0.3262
LL,K8,0.152175,0.46650827713059473,1174156.0,0.6173054336162954,13277.666666666666,-0.0022702943153516952,0.3262
LL,K8,0.167392,0.5131575720416923,1174644.5833333333,0.6208863322660338,13766.25,0.0013106043343867058,0.3262
LL,K8,0.184131,0.5644727161250767,1174880.75,0.6252386129275521,14002.416666666666,0.005662884995904967,0.3262
LL,K8,0.202545,0.6209227467811159,1174824.0833333333,0.6285755924553705,13945.75,0.008999864523723403,0.3262
LL,K8,0.222799,0.6830134886572655,1174476.5833333333,0.6312577499127403,13598.25,0.011682021981093174,0.3262
LL,K8,0.245079,0.7513151440833844,1173969.25,0.6295888343424679,13090.916666666666,0.01001310641082076,0.3262
LL,K8,0.269587,0.8264469650521153,1173088.0,0.6282868748255129,12209.666666666666,0.008711146893865837,0.3262
LL,K8,0.296545,0.9090895156345801,1172340.5,0.6252956758681706,11462.166666666666,0.005719947936523556,0.3262
LL,K8,0.3262,1.0,1160878.3333333333,0.6195757279316471,0.0,0.0,0.3262
LL,K8,0.35882,1.0999999999999999,1165821.3333333333,0.6143616259883012,4943.0,-0.005214101943345854,0.3262
LL,K8,0.394702,1.21,1170010.8333333333,0.6025691213225047,9132.5,-0.017006606609142366,0.3262
LL,K8,0.434172,1.3309993868792152,1168944.5,0.5951409963184806,8066.166666666667,-0.024434731613166557,0.3262
LL,K8,0.477589,1.464098712446352,1167627.8333333333,0.5954722842976277,6749.5,-0.024103443634019523,0.3262
LL,K8,0.525348,1.6105088902513798,1165936.25,0.606368498064055,5057.916666666667,-0.013207229867592069,0.3262
LL,K8,0.577883,1.7715603923973025,1163548.8333333333,0.6076757718013455,2670.5,-0.0118999561303016,0.3262
LL,K8,0.635672,1.9487185775597793,1160053.75,0.6054130311013933,-824.5833333333334,-0.014162696830253785,0.3262
LL,K8,0.699239,2.1435898221949725,1154557.5833333333,0.6006470682482931,-6320.75,-0.01892865968335398,0.3262
LL,K8,0.769163,2.3579491109748623,1146007.25,0.5963078191101814,-14871.083333333334,-0.023267908821465722,0.3262
LL,K8,0.846079,2.593743102391171,1131906.1666666667,0.6853513500198037,-28972.166666666668,0.06577562208815664,0.3262
LL,K8,0.930687,2.853117719190681,1117730.75,0.7697162937083913,-43147.583333333336,0.1501405657767443,0.3262
LL,K8,1.023755,3.1384273451870017,1057694.0833333333,0.7380980495898317,-103184.25,0.11852232165818465,0.3262
LL,K8,1.126131,3.4522716125076642,1045633.1666666666,0.7570685263976067,-115245.16666666667,0.13749279846595963,0.3262
LL,K8,1.238744,3.7974984671980385,1044228.0833333334,0.8091365481538174,-116650.25,0.18956082022217027,0.3262
LL,K8,1.362618,4.177247087676273,1043795.5833333334,0.8272439670218098,-117082.75,0.20766823909016274,0.3262
LL,K8,1.49888,4.594972409564685,1043757.0833333334,0.8304673827009953,-117121.25,0.21089165476934815,0.3262
LL,K8,1.648768,5.054469650521153,1043661.75,0.8304941785445402,-117216.58333333333,0.21091845061289324,0.3262
LL,K8,1.813645,5.559917228694053,1043583.75,0.8313519267694565,-117294.58333333333,0.21177619883780938,0.3262
LL,K8,1.99501,6.11591048436542,1043633.8333333334,0.8320035543516698,-117244.5,0.21242782642002278,0.3262
LL,K8,2.19451,6.727498467198039,1043695.1666666666,0.8316689288672481,-117183.16666666667,0.2120932009356009,0.3262
LL,K8,2.413962,7.400251379521767,943693.0833333334,0.8349183534741598,-217185.25,0.21534262554251268,0.3262
LL,K8,2.655358,8.140275904353159,943693.0833333334,0.8349310834480913,-217185.25,0.21535535551644433,0.3262
LL,K8,2.920893,8.954301042305334,943693.0833333334,0.8348388765571203,-217185.25,0.21526314862547333,0.3262
LL,K8,3.212983,9.849733292458614,943693.0833333334,0.8352115608148218,-217185.25,0.21563583288317476,0.3262
LL,q3a,0.907964,0.10152562841041239,1174585.25,0.6212918586477438,9465.0,0.003318654364550172,8.9432
LL,q3a,0.99876,0.11167814652473389,1169595.0,0.617320706473276,4474.75,-0.0006524978099177644,8.9432
LL,q3a,1.098636,0.12284596117720727,1169618.4166666667,0.6180349302260747,4498.166666666667,6.17259428809432e-05,8.9432
LL,q3a,1.2085,0.13513060202164773,1165205.5,0.6192067420814662,85.25,0.001233537798272455,8.9432
LL,q3a,1.32935,0.14864366222381253,1169619.4166666667,0.6193492829260693,4499.166666666667,0.0013760786428754686,8.9432
LL,q3a,1.462285,0.16350802844619378,1169618.3333333333,0.6180994576769101,4498.083333333333,0.0001262533937163949,8.9432
LL,q3a,1.608513,0.1798587753824135,1169626.5833333333,0.6185464542147004,4506.333333333333,0.000573249931506703,8.9432
LL,q3a,1.769364,0.197844619375615,1169630.0833333333,0.6176718050792726,4509.833333333333,-0.0003013992039212025,8.9432
LL,q3a,1.946301,0.21762914840325615,1165211.0833333333,0.6180295419958161,90.83333333333333,5.633771262218238e-05,8.9432
LL,q3a,2.140931,0.2393920520619018,1169748.25,0.6184273753280478,4628.0,0.0004541710448540774,8.9432
LL,q3a,2.355024,0.263331246086412,1169728.75,0.6195278789635866,4608.5,0.0015546746803929146,8.9432
LL,q3a,2.590526,0.2896643259683335,1169722.8333333333,0.6189856263801173,4602.583333333333,0.0010124220969236115,8.9432
LL,q3a,2.849579,0.3186308032918866,1169722.9166666667,0.618125178311275,4602.666666666667,0.00015197402808128646,8.9432
LL,q3a,3.134537,0.35049389480275517,1169729.6666666667,0.6181060201737197,4609.416666666667,0.00013281589052598539,8.9432
LL,q3a,3.447991,0.38554331782807055,1169697.5,0.6160346884307434,4577.25,-0.0019385158524502881,8.9432
LL,q3a,3.79279,0.4240976384291977,1169698.25,0.6174976851202613,4578.0,-0.0004755191629324436,8.9432
LL,q3a,4.172069,0.46650740227211734,1168891.3333333333,0.6167384177965364,3771.0833333333335,-0.0012347864866573226,8.9432
LL,q3a,4.589276,0.513158153681009,1168896.0,0.6177121531452939,3775.75,-0.00026105113789978707,8.9432
LL,q3a,5.048203,0.5644739019590304,1165271.5833333333,0.6180442827619804,151.33333333333334,7.107847878664215e-05,8.9432
LL,q3a,5.553024,0.6209213704266929,1169685.5,0.6190255655352476,4565.25,0.0010523612520539072,8.9432
LL,q3a,6.108326,0.6830134627426425,1169540.25,0.6184573116740731,4420.0,0.0004841073908794606,8.9432
LL,q3a,6.719159,0.7513148537436265,1169489.3333333333,0.6175601001017206,4369.083333333333,-0.0004131041814731118,8.9432
LL,q3a,7.391074,0.8264462384828697,1169311.4166666667,0.6171842413000159,4191.166666666667,-0.0007889629831778489,8.9432
LL,q3a,8.130182,0.9090909294212363,1169523.0833333333,0.6188002920056442,4402.833333333333,0.0008270877224504647,8.9432
LL,q3a,8.9432,1.0,1165120.25,0.6179732042831937,0.0,0.0,8.9432
LL,q3a,9.83752,1.1,1169516.8333333333,0.6180350970154357,4396.583333333333,6.189273224202485e-05,8.9432
LL,q3a,10.821272,1.2100000000000002,1169531.0,0.6190604612025435,4410.75,0.0010872569193498178,8.9432
LL,q3a,11.903399,1.3309999776366404,1169554.25,0.618512067150864,4434.0,0.00053886286767027,8.9432
LL,q3a,13.093739,1.4640999865819841,1169564.3333333333,0.6183625703255987,4444.083333333333,0.00038936604240494277,8.9432
LL,q3a,14.403113,1.6105099964218625,1169632.9166666667,0.6170099054427588,4512.666666666667,-0.0009632988404348989,8.9432
LL,q3a,15.843424,1.7715609625190092,1169630.5833333333,0.6182253771736257,4510.333333333333,0.0002521728904319176,8.9432
LL,q3a,17.427767,1.9487171258609894,1169626.0,0.6170361541112618,4505.75,-0.000937050171932019,8.9432
LL,q3a,19.170543,2.1435887601753287,1169617.4166666667,0.6185437945296441,4497.166666666667,0.0005705902464503976,8.9432
LL,q3a,21.087598,2.3579477144646215,1169662.4166666667,0.6185926396098548,4542.166666666667,0.0006194353266609961,8.9432
LL,q3a,23.196358,2.593742508274443,1169621.3333333333,0.6186057992803055,4501.083333333333,0.0006325949971116943,8.9432
LL,q3a,25.515993,2.8531166696484482,1165258.1666666667,0.6192414524072384,137.91666666666666,0.0012682481240446724,8.9432
LL,q3a,28.067593,3.1384284148850523,1169762.0,0.6182162746957381,4641.75,0.0002430704125445197,8.9432
LL,q3a,30.874352,3.452271222828518,1169760.4166666667,0.617115463841297,4640.166666666667,-0.0008577404418968296,8.9432
LL,q3a,33.961787,3.79749832274801,1169659.4166666667,0.6186500982371445,4539.166666666667,0.0006768939539507357,8.9432
LL,q3a,37.357966,4.177248188567851,1165257.1666666667,0.617932823724482,136.91666666666666,-4.038055871175006e-05,8.9432
LL,q3a,41.093762,4.594972940334556,1168951.75,0.6177325420455547,3831.5,-0.0002406622376390314,8.9432
LL,q3a,45.203139,5.054470323821452,1168824.0,0.6181221727771314,3703.75,0.00014896849393775113,8.9432
LL,q3a,49.723453,5.559917367385276,1168957.4166666667,0.6171935361158475,3837.1666666666665,-0.0007796681673462961,8.9432
LL,q3a,54.695798,6.115909070578764,1169699.0,0.6179988919379972,4578.75,2.5687654803402404e-05,8.9432
LL,q3a,60.165378,6.7275,1169557.5833333333,0.6184846922876878,4437.333333333333,0.0005114880044940114,8.9432
LL,q3a,66.181915,7.400249910546561,1169630.0,0.6193654956043141,4509.75,0.0013922913211202592,8.9432
LL,q3a,72.800107,8.140274957509616,1169437.5833333333,0.6186702933668915,4317.333333333333,0.0006970890836977828,8.9432
LL,q3a,80.080118,8.954302486805618,1169721.0,0.6187478553993606,4600.75,0.0007746511161668412,8.9432
LL,q3a,88.088129,9.84973264603274,1169656.25,0.6193000926700729,4536.0,0.0013268883868791659,8.9432
LL,q1b,0.362954,0.1015255944055944,1174655.9166666667,0.6228155557322487,15383.333333333334,0.0058050466321164325,3.575
LL,q1b,0.399249,0.11167804195804196,1174659.25,0.6225691916926519,15386.666666666666,0.005558682592519709,3.575
LL,q1b,0.439174,0.12284587412587412,1174652.9166666667,0.6214100127508304,15380.333333333334,0.004399503650698133,3.575
LL,q1b,0.483092,0.13513062937062936,1174630.9166666667,0.6217461152464522,15358.333333333334,0.0047356061463199595,3.575
LL,q1b,0.531401,0.14864363636363637,1174614.5,0.6226505989554804,15341.916666666666,0.005640089855348159,3.575
LL,q1b,0.584541,0.16350797202797202,1174585.6666666667,0.6216868705333995,15313.083333333334,0.004676361433267283,3.575
LL,q1b,0.642995,0.17985874125874124,1174539.75,0.6217868660683205,15267.166666666666,0.0047763569681882985,3.575
LL,q1b,0.707295,0.19784475524475523,1174500.1666666667,0.6209046533168461,15227.583333333334,0.0038941442167137927,3.575
LL,q1b,0.778024,0.2176290909090909,1174563.0,0.6206161665116782,15290.416666666666,0.003605657411545967,3.575
LL,q1b,0.855827,0.23939216783216782,1174656.6666666667,0.6229242810679834,15384.083333333334,0.005913771967851172,3.575
LL,q1b,0.941409,0.26333118881118883,1174662.5,0.6212705506174455,15389.916666666666,0.004260041517313434,3.575
LL,q1b,1.03555,0.28966433566433564,1169631.0833333333,0.6190405370936943,10358.5,0.002030027993562139,3.575
LL,q1b,1.139105,0.3186307692307692,1169566.9166666667,0.6192290054242046,10294.333333333334,0.002218496324072413,3.575
LL,q1b,1.253016,0.35049398601398596,1169566.8333333333,0.619291990800217,10294.25,0.00228148170008489,3.575
LL,q1b,1.378317,0.3855432167832168,1169682.25,0.6184494177296506,10409.666666666666,0.0014389086295184168,3.575
LL,q1b,1.516149,0.42409762237762233,1169662.1666666667,0.6192890444433,10389.583333333334,0.0022785353431678166,3.575
LL,q1b,1.667764,0.4665074125874126,1169518.6666666667,0.6170355146163723,10246.083333333334,2.500551624009158e-05,3.575
LL,q1b,1.83454,0.5131580419580419,1169582.6666666667,0.6177425789572796,10310.083333333334,0.0007320698571473364,3.575
LL,q1b,2.017994,0.5644738461538461,1169804.0,0.6184006390680897,10531.416666666666,0.001390129967957528,3.575
LL,q1b,2.219794,0.6209213986013985,1169744.25,0.619071448536361,10471.666666666666,0.002060939436228759,3.575
LL,q1b,2.441773,0.6830134265734266,1169708.0833333333,0.6163881995782762,10435.5,-0.000622309521856009,3.575
LL,q1b,2.68595,0.7513146853146853,1169782.8333333333,0.6189485629504728,10510.25,0.0019380538503405893,3.575
LL,q1b,2.954545,0.8264461538461538,1169648.4166666667,0.6177843568549761,10375.833333333334,0.000773847754843876,3.575
LL,q1b,3.25,0.9090909090909091,1156644.0833333333,0.6135009575350945,-2628.5,-0.003509551565037692,3.575
LL,q1b,3.575,1.0,1159272.5833333333,0.6170105091001322,0.0,0.0,3.575
LL,q1b,3.9325,1.0999999999999999,1165498.5833333333,0.6192956715446198,6226.0,0.0022851624444876484,3.575
LL,q1b,4.32575,1.21,1168842.75,0.6171737982292717,9570.166666666666,0.00016328912913946927,3.575
LL,q1b,4.758325,1.331,1168977.0,0.6164241771177259,9704.416666666666,-0.0005863319824063185,3.575
LL,q1b,5.234158,1.4641001398601396,1169713.75,0.6185308564389218,10441.166666666666,0.001520347338789622,3.575
LL,q1b,5.757573,1.61050993006993,1169696.75,0.6165816977039821,10424.166666666666,-0.00042881139615014163,3.575
LL,q1b,6.333331,1.771561118881119,1169656.6666666667,0.6187436473216259,10384.083333333334,0.0017331382214936981,3.575
LL,q1b,6.966664,1.9487172027972026,1169605.25,0.6175311446109242,10332.666666666666,0.0005206355107919743,3.575
LL,q1b,7.66333,2.143588811188811,1169318.5833333333,0.616942890319841,10046.0,-6.761878029121204e-05,3.575
LL,q1b,8.429663,2.3579476923076923,1169680.9166666667,0.6174769999485249,10408.333333333334,0.0004664908483926848,3.575
LL,q1b,9.272629,2.5937423776223776,1169698.25,0.6182963230830544,10425.666666666666,0.0012858139829221849,3.575
LL,q1b,10.199892,2.853116643356643,1169683.75,0.6185763122686636,10411.166666666666,0.0015658031685314155,3.575
LL,q1b,11.219881,3.138428251748252,1169687.25,0.619670426576742,10414.666666666666,0.0026599174766098097,3.575
LL,q1b,12.34187,3.4522713286713285,1169619.5833333333,0.6188020666076262,10347.0,0.001791557507493935,3.575
LL,q1b,13.576057,3.7974984615384613,1169588.1666666667,0.6181801211014725,10315.583333333334,0.0011696120013403126,3.575
LL,q1b,14.933662,4.177248111888112,1169585.1666666667,0.617431050129308,10312.583333333334,0.0004205410291757694,3.575
LL,q1b,16.427028,4.594972867132867,1165273.6666666667,0.6178460618565532,6001.083333333333,0.0008355527564210263,3.575
LL,q1b,18.069731,5.0544702097902094,1169584.0,0.617839835304279,10311.416666666666,0.0008293262041467649,3.575
LL,q1b,19.876704,5.559917202797203,1169564.25,0.6174054590689065,10291.666666666666,0.0003949499687743441,3.575
LL,q1b,21.864375,6.11590909090909,1169718.5,0.6181949949015114,10445.916666666666,0.0011844858013791981,3.575
LL,q1b,24.050812,6.72749986013986,1169714.75,0.6175826197738575,10442.166666666666,0.0005721106737252568,3.575
LL,q1b,26.455894,7.4002500699300695,1169744.4166666667,0.6180081080031016,10471.833333333334,0.0009975989029693637,3.575
LL,q1b,29.101483,8.140274965034966,1169812.5,0.6191981556963438,10539.916666666666,0.002187646596211642,3.575
LL,q1b,32.011631,8.954302377622378,1169807.1666666667,0.619137473871247,10534.583333333334,0.0021269647711147457,3.575
LL,q1b,35.212794,9.849732587412587,1169801.8333333333,0.6195868608055268,10529.25,0.0025763517053945992,3.575
LL,Ap3,0.03927,0.1015253360910031,1169978.0833333333,0.6204948917117594,5419.916666666667,0.002060832685509504,0.3868
LL,Ap3,0.043197,0.11167786970010342,1174617.3333333333,0.6212430758096317,10059.166666666666,0.002809016783381746,0.3868
LL,Ap3,0.047517,0.1228464322647363,1174617.3333333333,0.6205091406443928,10059.166666666666,0.002075081618142923,0.3868
LL,Ap3,0.052269,0.13513185108583248,1174617.3333333333,0.6226133246767689,10059.166666666666,0.004179265650519089,0.3868
LL,Ap3,0.057495,0.14864270941054808,1174617.3333333333,0.6209058435371527,10059.166666666666,0.0024717845109029266,0.3868
LL,Ap3,0.063245,0.16350827300930712,1174617.3333333333,0.6218539400046873,10059.166666666666,0.0034198809784375395,0.3868
LL,Ap3,0.069569,0.17985780765253365,1174617.3333333333,0.6217338538803691,10059.166666666666,0.0032997948541192055,0.3868
LL,Ap3,0.076526,0.19784384694932783,1174617.3333333333,0.6212595593014582,10059.166666666666,0.0028255002752082445,0.3868
LL,Ap3,0.084179,0.21762926577042402,1174617.3333333333,0.6210798776732914,10059.166666666666,0.002645818647041609,0.3868
LL,Ap3,0.092597,0.23939245087900726,1174617.3333333333,0.6221320088239404,10059.166666666666,0.0036979497976905398,0.3868
LL,Ap3,0.101857,0.26333247156153056,1174617.3333333333,0.6223801254075533,10059.166666666666,0.00394606638130333,0.3868
LL,Ap3,0.112042,0.28966390899689765,1174617.3333333333,0.622665697745779,10059.166666666666,0.004231638719529085,0.3868
LL,Ap3,0.123246,0.3186297828335057,1174617.3333333333,0.6228566808478585,10059.166666666666,0.00442262182160863,0.3868
LL,Ap3,0.135571,0.35049379524301966,1174617.3333333333,0.6224802721697346,10059.166666666666,0.004046213143484634,0.3868
LL,Ap3,0.149128,0.3855429162357808,1174617.3333333333,0.6219458495074169,10059.166666666666,0.0035117904811670466,0.3868
LL,Ap3,0.164041,0.4240977249224405,1174617.3333333333,0.6211843540332628,10059.166666666666,0.002750295007013015,0.3868
LL,Ap3,0.180445,0.46650723888314377,1174617.3333333333,0.6214726997593182,10059.166666666666,0.0030386407330682172,0.3868
LL,Ap3,0.19849,0.5131592554291624,1169978.0833333333,0.6204056693644927,5419.916666666667,0.0019716103382429553,0.3868
LL,Ap3,0.218339,0.5644751809720786,1174617.3333333333,0.6230667691990441,10059.166666666666,0.004632710172794226,0.3868
LL,Ap3,0.240172,0.6209203722854189,1174617.3333333333,0.6216383768935628,10059.166666666666,0.0032043178673129002,0.3868
LL,Ap3,0.26419,0.6830144777662874,1169978.0833333333,0.6204842585872958,5419.916666666667,0.002050199561045953,0.3868
LL,Ap3,0.290609,0.7513159255429163,1174617.3333333333,0.6222727536987,10059.166666666666,0.003838694672450238,0.3868
LL,Ap3,0.319669,0.8264451913133403,1174617.3333333333,0.6223443334814104,10059.166666666666,0.003910274455160549,0.3868
LL,Ap3,0.351636,0.9090899689762152,1174617.3333333333,0.6225973712314951,10059.166666666666,0.004163312205245129,0.3868
LL,Ap3,0.3868,1.0,1164558.1666666667,0.6184340590262498,0.0,0.0,0.3868
LL,Ap3,0.42548,1.1,1169978.0833333333,0.6196910830023897,5419.916666666667,0.0012570239761398871,0.3868
LL,Ap3,0.468028,1.21,1174617.3333333333,0.6211068482931771,10059.166666666666,0.002672789266927248,0.3868
LL,Ap3,0.514831,1.3310005170630819,1174617.3333333333,0.6219835869335926,10059.166666666666,0.0035495279073427164,0.3868
LL,Ap3,0.566314,1.4641003102378491,1174617.3333333333,0.6220518051364629,10059.166666666666,0.0036177461102130937,0.3868
LL,Ap3,0.622945,1.6105093071354706,1174617.3333333333,0.6223951526175499,10059.166666666666,0.003961093591300054,0.3868
LL,Ap3,0.68524,1.7715615305067218,1169978.0833333333,0.6205037345260215,5419.916666666667,0.0020696754997715783,0.3868
LL,Ap3,0.753764,1.948717683557394,1174617.3333333333,0.6207641372485798,10059.166666666666,0.0023300782223299454,0.3868
LL,Ap3,0.82914,2.14358841778697,1169978.0833333333,0.6208576753018961,5419.916666666667,0.0024236162756461252,0.3868
LL,Ap3,0.912054,2.3579472595656674,1174617.3333333333,0.6224322880625933,10059.166666666666,0.003998229036343466,0.3868
LL,Ap3,1.00326,2.593743536711479,1169997.9166666667,0.6212374596715695,5439.75,0.0028034006453196334,0.3868
LL,Ap3,1.103586,2.853117890382627,1169997.9166666667,0.6216117832302213,5439.75,0.0031777242039713605,0.3868
LL,Ap3,1.213944,3.138428128231644,1169997.9166666667,0.6218225109711347,5439.75,0.0033884519448848607,0.3868
LL,Ap3,1.335339,3.452272492244054,1169997.9166666667,0.6214899292753314,5439.75,0.0030558702490815957,0.3868
LL,Ap3,1.468872,3.7974974146845915,1169997.9166666667,0.6199312952909061,5439.75,0.001497236264656171,0.3868
LL,Ap3,1.61576,4.177249224405378,1169997.9166666667,0.6209790567776877,5439.75,0.0025449977514379516,0.3868
LL,Ap3,1.777336,4.5949741468459155,1169997.9166666667,0.6187580490643022,5439.75,0.000323990038052326,0.3868
LL,Ap3,1.955069,5.054470010341261,1169997.9166666667,0.6210609046968152,5439.75,0.0026268456705652865,0.3868
LL,Ap3,2.150576,5.559917269906929,1170127.25,0.6218767469494669,5569.083333333333,0.003442687923217012,0.3868
LL,Ap3,2.365634,6.115910031023786,1170127.25,0.6215999727250683,5569.083333333333,0.003165913698818477,0.3868
LL,Ap3,2.602197,6.7275,1164707.3333333333,0.619407432540379,149.16666666666666,0.0009733735141292388,0.3868
LL,Ap3,2.862417,7.400250775594624,1170127.25,0.6213744091003187,5569.083333333333,0.0029403500740688704,0.3868
LL,Ap3,3.148658,8.1402740434333,1170127.25,0.6205027506037625,5569.083333333333,0.0020686915775127066,0.3868
LL,Ap3,3.463524,8.954301964839711,1170127.25,0.6203785588599745,5569.083333333333,0.001944499833724735,0.3868
LL,Ap3,3.809877,9.849733712512927,1170127.25,0.6208589977951516,5569.083333333333,0.0024249387689017723,0.3868
LL,k2,0.035534,0.1015257142857143,948811.8333333334,0.8345529151342354,-204177.75,0.2161736160346428,0.35
LL,k2,0.039087,0.11167714285714285,948811.8333333334,0.8343189325724977,-204177.75,0.21593963347290504,0.35
LL,k2,0.042996,0.1228457142857143,948811.8333333334,0.8349055486836967,-204177.75,0.21652624958410405,0.35
LL,k2,0.047296,0.13513142857142857,948811.8333333334,0.8348246768253814,-204177.75,0.21644537772578895,0.35
LL,k2,0.052025,0.14864285714285716,948811.8333333334,0.8353672611393418,-204177.75,0.21698796203974915,0.35
LL,k2,0.057228,0.16350857142857145,948811.8333333334,0.835250417002008,-204177.75,0.21687111790241534,0.35
LL,k2,0.062951,0.17986,948811.8333333334,0.835354549221775,-204177.75,0.21697525012218236,0.35
LL,k2,0.069246,0.1978457142857143,948811.8333333334,0.8346167134011185,-204177.75,0.2162374143015259,0.35
LL,k2,0.07617,0.21762857142857145,943109.3333333334,0.8346009392402696,-209880.25,0.21622164014067705,0.35
LL,k2,0.083787,0.2393914285714286,948811.8333333334,0.8340928225970644,-204177.75,0.21571352349747194,0.35
LL,k2,0.092166,0.2633314285714286,948811.8333333334,0.8350869620530234,-204177.75,0.21670766295343072,0.35
LL,k2,0.101383,0.2896657142857143,1047010.4166666666,0.8319264216119245,-105979.16666666667,0.213547122512332,0.35
LL,k2,0.111521,0.31863142857142857,1047043.1666666666,0.8322618507939555,-105946.41666666667,0.21388255169436302,0.35
LL,k2,0.122673,0.35049428571428576,1047029.0833333334,0.8314951170657717,-105960.5,0.2131158179661792,0.35
LL,k2,0.13494,0.3855428571428572,1043597.0833333334,0.8274551951697697,-109392.5,0.20907589607017715,0.35
LL,k2,0.148434,0.4240971428571429,1047706.4166666666,0.8072556689581635,-105283.16666666667,0.1888763698585708,0.35
LL,k2,0.163278,0.4665085714285715,1059929.0833333333,0.7192262710891338,-93060.5,0.10084697198954118,0.35
LL,k2,0.179605,0.5131571428571429,1122382.6666666667,0.7234665043850006,-30606.916666666668,0.105087205285408,0.35
LL,k2,0.197566,0.5644742857142857,1140084.4166666667,0.6005089594036497,-12905.166666666666,-0.017870339695943083,0.35
LL,k2,0.217322,0.62092,1154429.25,0.586254174571921,1439.6666666666667,-0.03212512452767168,0.35
LL,k2,0.239055,0.6830142857142857,1162079.3333333333,0.593872575610006,9089.75,-0.024506723489586674,0.35
LL,k2,0.26296,0.7513142857142858,1161500.8333333333,0.5911057097295317,8511.25,-0.02727358937006096,0.35
LL,k2,0.289256,0.8264457142857143,1168783.3333333333,0.5879637735868845,15793.75,-0.030415525512708274,0.35
LL,k2,0.318182,0.9090914285714287,1170254.4166666667,0.6007702582343909,17264.833333333332,-0.01760904086520169,0.35
LL,k2,0.35,1.0,1152989.5833333333,0.6183792990995927,0.0,0.0,0.35
LL,k2,0.385,1.1,1159174.0,0.6312123391752125,6184.416666666667,0.012833040075619853,0.35
LL,k2,0.4235,1.21,1162871.8333333333,0.6464521177782276,9882.25,0.028072818678635047,0.35
LL,k2,0.46585,1.331,1169297.5,0.656208533885626,16307.916666666666,0.03782923478603343,0.35
LL,k2,0.512435,1.4641,1175397.5833333333,0.6659596047013663,22408.0,0.04758030560177368,0.35
LL,k2,0.563678,1.6105085714285716,1176096.3333333333,0.6661914442634468,23106.75,0.0478121451638541,0.35
LL,k2,0.620046,1.77156,1176407.25,0.6705623970480136,23417.666666666668,0.052183097948420916,0.35
LL,k2,0.682051,1.9487171428571428,1176312.6666666667,0.6803257888038186,23323.083333333332,0.061946489704225866,0.35
LL,k2,0.750256,2.143588571428572,1176253.25,0.6815643946315789,23263.666666666668,0.06318509553198634,0.35
LL,k2,0.825282,2.3579485714285715,1176086.4166666667,0.6832231496481649,23096.833333333332,0.06484385054857224,0.35
LL,k2,0.90781,2.5937428571428573,1170488.5,0.6814502520421701,17498.916666666668,0.06307095294257745,0.35
LL,k2,0.998591,2.853117142857143,1175577.1666666667,0.6795970740152867,22587.583333333332,0.061217774915694086,0.35
LL,k2,1.09845,3.1384285714285713,1169817.9166666667,0.6762108455383551,16828.333333333332,0.05783154643876242,0.35
LL,k2,1.208295,3.4522714285714287,1169350.9166666667,0.6724364671997695,16361.333333333334,0.05405716810017681,0.35
LL,k2,1.329124,3.797497142857143,1168672.5,0.6591032440879401,15682.916666666666,0.04072394498834744,0.35
LL,k2,1.462037,4.177248571428572,1167257.1666666667,0.6400734545762702,14267.583333333334,0.021694155476677513,0.35
LL,k2,1.608241,4.594974285714286,1164620.1666666667,0.6084604903712939,11630.583333333334,-0.009918808728298728,0.35
LL,k2,1.769065,5.054471428571429,1160491.75,0.6016545855607662,7502.166666666667,-0.016724713538826468,0.35
LL,k2,1.945971,5.559917142857143,943136.9166666666,0.8342287733234762,-209852.66666666666,0.2158494742238836,0.35
LL,k2,2.140568,6.115908571428572,943258.5,0.8341542732828281,-209731.08333333334,0.21577497418323546,0.35
LL,k2,2.354625,6.7275,943258.5,0.8347891408325444,-209731.08333333334,0.21640984173295177,0.35
LL,k2,2.590087,7.400248571428572,943258.5,0.8345871494608388,-209731.08333333334,0.2162078503612462,0.35
LL,k2,2.849096,8.140274285714286,937763.8333333334,0.8347559191394104,-215225.75,0.21637662003981784,0.35
LL,k2,3.134006,8.954302857142856,943258.5,0.834818768682578,-209731.08333333334,0.21643946958298543,0.35
LL,k2,3.447406,9.84973142857143,943258.5,0.8344110898493607,-209731.08333333334,0.2160317907497681,0.35
LL,Bm8,0.078459,0.10152562111801242,1112813.6666666667,0.7334458542967917,-53953.75,0.11759895041003877,0.7728
LL,Bm8,0.086305,0.11167831262939959,1112874.0833333333,0.7325972386068965,-53893.333333333336,0.11675033472014351,0.7728
LL,Bm8,0.094935,0.12284549689440993,1112952.0833333333,0.7329867112071572,-53815.333333333336,0.11713980732040434,0.7728
LL,Bm8,0.104429,0.13513069358178054,1112758.6666666667,0.7328308038814203,-54008.75,0.11698389999466731,0.7728
LL,Bm8,0.114872,0.1486438923395445,1112592.0833333333,0.7323111581440832,-54175.333333333336,0.1164642542573302,0.7728
LL,Bm8,0.126359,0.1635080227743271,1112607.8333333333,0.7313286079259815,-54159.583333333336,0.11548170403922871,0.7728
LL,Bm8,0.138995,0.17985895445134575,1112322.25,0.7313975144604972,-54445.166666666664,0.11555061057374426,0.7728
LL,Bm8,0.152894,0.1978442028985507,1111996.25,0.7306543660284005,-54771.166666666664,0.1148074621416475,0.7728
LL,Bm8,0.168184,0.2176293995859213,1111563.4166666667,0.7302354096131024,-55204.0,0.11438850572634947,0.7728
LL,Bm8,0.185002,0.23939182194616976,1110274.8333333333,0.7291355091900719,-56492.583333333336,0.1132886053033189,0.7728
LL,Bm8,0.203502,0.2633307453416149,1106721.3333333333,0.726853928480019,-60046.083333333336,0.11100702459326599,0.7728
LL,Bm8,0.223853,0.28966485507246376,1066572.6666666667,0.762469156914602,-100194.75,0.1466222530278491,0.7728
LL,Bm8,0.246238,0.3186309523809524,1113761.5,0.7460392794886005,-53005.916666666664,0.13019237560184757,0.7728
LL,Bm8,0.270862,0.35049430641821944,1158388.6666666667,0.5767124572304948,-8378.75,-0.039134446656258086,0.7728
LL,Bm8,0.297948,0.38554347826086954,1166806.0833333333,0.5872140793250379,38.666666666666664,-0.028632824561715103,0.7728
LL,Bm8,0.327743,0.4240980848861283,1170002.4166666667,0.5958791996258078,3235.0,-0.019967704260945112,0.7728
LL,Bm8,0.360517,0.4665075051759834,1171750.5,0.6069728346019619,4983.083333333333,-0.008874069284791073,0.7728
LL,Bm8,0.396569,0.5131586438923396,1172886.9166666667,0.616390650971706,6119.5,0.0005437470849530279,0.7728
LL,Bm8,0.436225,0.5644733436853001,1173678.0833333333,0.6230704629870089,6910.666666666667,0.007223559100255822,0.7728
LL,Bm8,0.479848,0.6209213250517598,1174199.8333333333,0.6272579420232737,7432.416666666667,0.011411038136520751,0.7728
LL,Bm8,0.527833,0.6830137163561076,1174358.4166666667,0.6307799932334193,7591.0,0.01493308934666641,0.7728
LL,Bm8,0.580616,0.7513146997929606,1174489.25,0.6248692483023818,7721.833333333333,0.009022344415628927,0.7728
LL,Bm8,0.638678,0.8264466873706003,1174001.9166666667,0.6264972713215405,7234.5,0.010650367434787616,0.7728
LL,Bm8,0.702545,0.909090320910973,1173829.4166666667,0.6248734177216456,7062.0,0.009026513834892688,0.7728
LL,Bm8,0.7728,1.0,1166767.4166666667,0.6158469038867529,0.0,0.0,0.7728
LL,Bm8,0.85008,1.0999999999999999,1172163.8333333333,0.6203667897058497,5396.416666666667,0.004519885819096681,0.7728
LL,Bm8,0.935088,1.21,1173507.6666666667,0.6221860950091825,6740.25,0.006339191122429487,0.7728
LL,Bm8,1.028597,1.3310002587991718,1166688.75,0.6162922748565498,-78.66666666666667,0.00044537096979690993,0.7728
LL,Bm8,1.131456,1.4640993788819876,1171975.0,0.6197014889171854,5207.583333333333,0.0038545850304323634,0.7728
LL,Bm8,1.244602,1.61050983436853,1166598.5,0.615072326844546,-168.91666666666666,-0.0007745770422068754,0.7728
LL,Bm8,1.369062,1.7715605590062111,1171988.4166666667,0.6188520408351026,5221.0,0.003005136948349668,0.7728
LL,Bm8,1.505969,1.9487176501035195,1171873.8333333333,0.6188492793817121,5106.416666666667,0.003002375494959131,0.7728
LL,Bm8,1.656565,2.1435882505175985,1171885.3333333333,0.6185121373219306,5117.916666666667,0.0026652334351776052,0.7728
LL,Bm8,1.822222,2.3579477225672876,1171904.1666666667,0.6197923554317811,5136.75,0.003945451545028243,0.7728
LL,Bm8,2.004444,2.5937422360248443,1172017.25,0.617082743071033,5249.833333333333,0.0012358391842799687,0.7728
LL,Bm8,2.204889,2.8531172360248447,1171981.3333333333,0.6184395746087815,5213.916666666667,0.0025926707220286413,0.7728
LL,Bm8,2.425377,3.1384277950310557,1171880.75,0.6181076092157142,5113.333333333333,0.0022607053289612398,0.7728
LL,Bm8,2.667915,3.4522709627329187,1171979.75,0.6171960688272627,5212.333333333333,0.0013491649405098043,0.7728
LL,Bm8,2.934707,3.7974987060041405,1172002.1666666667,0.6167047137970748,5234.75,0.0008578099103218976,0.7728
LL,Bm8,3.228177,4.1772476708074535,1171912.3333333333,0.6176342634651294,5144.916666666667,0.0017873595783764369,0.7728
LL,Bm8,3.550995,4.5949728260869565,1171948.3333333333,0.6164080414718264,5180.916666666667,0.0005611375850733865,0.7728
LL,Bm8,3.906095,5.054470755693582,1166657.5,0.612880390150688,-109.91666666666667,-0.002966513736064963,0.7728
LL,Bm8,4.296704,5.55991718426501,1165862.6666666667,0.6108506963446628,-904.75,-0.004996207542090125,0.7728
LL,Bm8,4.726375,6.115909679089026,1171191.1666666667,0.6126711419095182,4423.75,-0.0031757619772347367,0.7728
LL,Bm8,5.199012,6.727499999999999,1171845.25,0.6148737759275118,5077.833333333333,-0.0009731279592411027,0.7728
LL,Bm8,5.718913,7.4002497412008275,1171776.75,0.6141143443802556,5009.333333333333,-0.0017325595064973294,0.7728
LL,Bm8,6.290804,8.140274327122153,1166301.1666666667,0.6108863850066731,-466.25,-0.004960518880079877,0.7728
LL,Bm8,6.919885,8.954302536231884,1171803.0833333333,0.6141761260101478,5035.666666666667,-0.0016707778766051895,0.7728
LL,Bm8,7.611873,9.849732142857142,1171637.0,0.6130368755852214,4869.583333333333,-0.002810028301531542,0.7728
LL,q3b,0.567518,0.10152560868709637,1174663.8333333333,0.6224774055531269,9322.083333333334,0.0037406904551687916,5.5899
LL,q3b,0.62427,0.11167820533462136,1169669.5,0.617866320238819,4327.75,-0.000870394859139173,5.5899
LL,q3b,0.686697,0.1228460258680835,1174663.6666666667,0.6223891884832228,9321.916666666666,0.003652473385264532,5.5899
LL,q3b,0.755366,0.13513050322903808,1174659.25,0.6223154736690603,9317.5,0.0035787585711020697,5.5899
LL,q3b,0.830903,0.1486436251095726,1174662.6666666667,0.6228922299144077,9320.916666666666,0.004155514816449518,5.5899
LL,q3b,0.913993,0.16350793395230684,1174642.4166666667,0.6232742107431392,9300.666666666666,0.004537495645180939,5.5899
LL,q3b,1.005393,0.1798588525733913,1169673.1666666667,0.6187296178240634,4331.416666666667,-7.09727389481644e-06,5.5899
LL,q3b,1.105932,0.19784468416250736,1169683.25,0.6190180321780829,4341.5,0.00028131708012483586,5.5899
LL,q3b,1.216525,0.21762911679994276,1169681.75,0.6194889887586729,4340.0,0.0007522736607147492,5.5899
LL,q3b,1.338178,0.23939211792697546,1169682.8333333333,0.6190868755524183,4341.083333333333,0.0003501604544600782,5.5899
LL,q3b,1.471995,0.2633311866044115,1169666.0833333333,0.6169732522120531,4324.333333333333,-0.0017634628859050372,5.5899
LL,q3b,1.619195,0.2896643947118911,1169649.0,0.618769887893881,4307.25,3.317279592288114e-05,5.5899
LL,q3b,1.781114,0.3186307447360418,1169586.0,0.6180740022481931,4244.25,-0.0006627128497650921,5.5899
LL,q3b,1.959226,0.350493926546092,1169586.25,0.6188118379699982,4244.5,7.512287204001582e-05,5.5899
LL,q3b,2.155148,0.38554321186425516,1169661.9166666667,0.6194230420769778,4320.166666666667,0.0006863269790196488,5.5899
LL,q3b,2.370663,0.42409756882949606,1169654.0,0.6176840513440094,4312.25,-0.0010526637539487553,5.5899
LL,q3b,2.60773,0.46650745093829943,1169705.25,0.6170098334822347,4363.5,-0.0017268816157234579,5.5899
LL,q3b,2.868503,0.5131581960321294,1165413.6666666667,0.6188329020306922,71.91666666666667,9.618693273402701e-05,5.5899
LL,q3b,3.155353,0.5644739619671192,1169748.5833333333,0.6191194499140827,4406.833333333333,0.00038273481612458954,5.5899
LL,q3b,3.470888,0.6209213044956081,1169812.9166666667,0.6166742739798807,4471.166666666667,-0.0020624411180773794,5.5899
LL,q3b,3.817977,0.6830134707239843,1169813.0833333333,0.6182288421252715,4471.333333333333,-0.0005078729726867015,5.5899
LL,q3b,4.199775,0.7513148714646057,1168982.9166666667,0.6166541154566126,3641.1666666666665,-0.002082599641345569,5.5899
LL,q3b,4.619752,0.826446269164028,1168986.6666666667,0.6168612075242705,3644.9166666666665,-0.0018755075736876237,5.5899
LL,q3b,5.081727,0.9090908603016153,1169701.5,0.6179322342068255,4359.75,-0.000804480891132738,5.5899
LL,q3b,5.5899,1.0,1165341.75,0.6187367150979582,0.0,0.0,5.5899
LL,q3b,6.14889,1.0999999999999999,1169580.0,0.6173171103692539,4238.25,-0.001419604728704375,5.5899
LL,q3b,6.763779,1.21,1169646.3333333333,0.6166419453362556,4304.583333333333,-0.0020947697617024565,5.5899
LL,q3b,7.440157,1.3310000178894077,1169467.0833333333,0.6150971899617727,4125.333333333333,-0.003639525136185632,5.5899
LL,q3b,8.184173,1.4641000733465714,1169693.75,0.6177056519111012,4352.0,-0.0010310631868570008,5.5899
LL,q3b,9.00259,1.6105100270130055,1169599.3333333333,0.6179890454474917,4257.583333333333,-0.0007476696504665296,5.5899
LL,q3b,9.902849,1.771561029714306,1169611.75,0.6182356628602083,4270.0,-0.0005010522377499882,5.5899
LL,q3b,10.893134,1.9487171505751444,1169692.6666666667,0.6184370348068452,4350.916666666667,-0.0002996802911130007,5.5899
LL,q3b,11.982447,2.1435887940750282,1169661.5833333333,0.6187457833468325,4319.833333333333,9.068248874236998e-06,5.5899
LL,q3b,13.180692,2.357947727150754,1169528.6666666667,0.6185838814752623,4186.916666666667,-0.00015283362269579345,5.5899
LL,q3b,14.498761,2.593742464087014,1169641.0833333333,0.6163886232557689,4299.333333333333,-0.002348091842189315,5.5899
LL,q3b,15.948637,2.853116692606308,1169664.0,0.6174710010926319,4322.25,-0.0012657140053262406,5.5899
LL,q3b,17.543501,3.1384284155351616,1169516.6666666667,0.6167906956972331,4174.916666666667,-0.0019460194007250575,5.5899
LL,q3b,19.297851,3.4522712391992703,1169644.0833333333,0.6181277274172865,4302.333333333333,-0.0006089876806717465,5.5899
LL,q3b,21.227636,3.7974983452297892,1169746.9166666667,0.6189892742408946,4405.166666666667,0.0002525591429363057,5.5899
LL,q3b,23.3504,4.177248251310399,1169644.5833333333,0.6187117866887871,4302.833333333333,-2.4928409171167305e-05,5.5899
LL,q3b,25.68544,4.5949730764414385,1169742.9166666667,0.6186820440767691,4401.166666666667,-5.467102118911216e-05,5.5899
LL,q3b,28.253983,5.054470205191507,1165360.75,0.6191930957318038,19.0,0.0004563806338456026,5.5899
LL,q3b,31.079382,5.5599173509365105,1169721.3333333333,0.6178308388329256,4379.583333333333,-0.0009058762650327364,5.5899
LL,q3b,34.18732,6.1159090502513465,1169625.6666666667,0.6175895307355307,4283.916666666667,-0.001147184362427454,5.5899
LL,q3b,37.606052,6.72749995527648,1169690.9166666667,0.6169261894803961,4349.166666666667,-0.0018105256175620643,5.5899
LL,q3b,41.366657,7.400249915025313,1168805.0,0.6167852427214185,3463.25,-0.0019514723765397073,5.5899
LL,q3b,45.503323,8.140274960196068,1168812.1666666667,0.6174961051111328,3470.4166666666665,-0.0012406099868252733,5.5899
LL,q3b,50.053655,8.954302402547452,1169622.75,0.6175888828105969,4281.0,-0.001147832287361363,5.5899
LL,q3b,55.059021,9.849732732249235,1165360.5833333333,0.6175301099441571,18.833333333333332,-0.0012066051538010363,5.5899
LL,kmcc,1361.052167,0.10149531446681581,1171546.0833333333,0.6197406726894195,5413.916666666667,0.0018594077225005852,13410.0
LL,kmcc,1497.157383,0.11164484586129754,1171524.9166666667,0.6181570968438045,5392.75,0.00027583187688554983,13410.0
LL,kmcc,1646.873122,0.12280933049962714,1171577.0833333333,0.6188713426769049,5444.916666666667,0.000990077709986048,13410.0
LL,kmcc,1811.560434,0.13509026353467563,1171601.3333333333,0.621555572038538,5469.166666666667,0.0036743070716190873,13410.0
LL,kmcc,1992.716477,0.1485992898583147,1171620.0,0.6210206944744058,5487.833333333333,0.0031394295074868663,13410.0
LL,kmcc,2191.988125,0.1634592188665175,1171795.25,0.6212328105659893,5663.083333333333,0.0033515455990704157,13410.0
LL,kmcc,2411.186938,0.17980514079045487,1171790.5833333333,0.6195158780317601,5658.416666666667,0.001634613064841232,13410.0
LL,kmcc,2652.305631,0.19778565480984342,1171965.0,0.6202462706290135,5832.833333333333,0.002365005662094549,13410.0
LL,kmcc,2917.536194,0.2175642202833706,1171869.1666666667,0.6203799962273627,5737.0,0.0024987312604439205,13410.0
LL,kmcc,3209.289814,0.23932064235645042,1171799.9166666667,0.6213515738665085,5667.75,0.003470308899589621,13410.0
LL,kmcc,3530.218795,0.26325270656226696,1171880.9166666667,0.6224245781709846,5748.75,0.004543313204065712,13410.0
LL,kmcc,3883.240675,0.2895779772557793,1171943.0833333333,0.6222932283240411,5810.916666666667,0.004411963357122174,13410.0
LL,kmcc,4271.564742,0.31853577494407154,1171125.4166666667,0.6212299647233644,4993.25,0.0033486997564456298,13410.0
LL,kmcc,4698.721216,0.3503893524235645,1171176.8333333333,0.6208995290289898,5044.666666666667,0.003018264062070906,13410.0
LL,kmcc,5168.593338,0.38542828769574944,1171949.75,0.6228721094082869,5817.583333333333,0.004990844441367927,13410.0
LL,kmcc,5685.452672,0.42397111648023866,1171953.0833333333,0.6221227119833914,5820.916666666667,0.004241447016472462,13410.0
LL,kmcc,6253.997939,0.4663682281133482,1166403.5,0.6175100243619367,271.3333333333333,-0.00037124060498224437,13410.0
LL,kmcc,6879.397733,0.5130050509321402,1167915.5,0.6177985634946058,1783.3333333333333,-8.270147231305887e-05,13410.0
LL,kmcc,7567.337506,0.5643055560029828,1171656.6666666667,0.6208617110792874,5524.5,0.0029804461123685753,13410.0
LL,kmcc,8324.071257,0.6207361116331096,1171956.0833333333,0.6219800680589218,5823.916666666667,0.004098803092002797,13410.0
LL,kmcc,9156.478383,0.6828097228187919,1171897.0,0.6217840198859538,5764.833333333333,0.0039027549190348656,13410.0
LL,kmcc,10070.0,0.7509321401938852,1171861.5,0.6220069940556999,5729.333333333333,0.0041257290887810145,13410.0
LL,kmcc,11080.0,0.8262490678598061,1171854.9166666667,0.6222104540397577,5722.75,0.004329189072838848,13410.0
LL,kmcc,12190.0,0.9090231170768084,1171821.0,0.6231050399340894,5688.833333333333,0.005223774967170432,13410.0
LL,kmcc,13410.0,1.0,1166132.1666666667,0.6178812649669189,0.0,0.0,13410.0
LL,kmcc,14750.0,1.0999254287844893,1171871.5,0.6203940468175123,5739.333333333333,0.002512781850593393,13410.0
LL,kmcc,16220.0,1.209545115585384,1171913.25,0.623632090147416,5781.083333333333,0.005750825180497253,13410.0
LL,kmcc,17840.0,1.3303504847129008,1171946.6666666667,0.6215076461680374,5814.5,0.003626381201118578,13410.0
LL,kmcc,19630.0,1.4638329604772558,1171967.0,0.6228061906870058,5834.833333333333,0.004924925720086949,13410.0
LL,kmcc,21590.0,1.609992542878449,1172118.0,0.6238818729924449,5985.833333333333,0.006000608025525989,13410.0
LL,kmcc,23750.0,1.7710663683818046,1172115.4166666667,0.6224343030450926,5983.25,0.004553038078173625,13410.0
LL,kmcc,26120.0,1.947800149142431,1172051.0,0.6237739524144289,5918.833333333333,0.0058926874475098605,13410.0
LL,kmcc,28740.0,2.1431767337807606,1166383.4166666667,0.6188592752070036,251.25,0.0009780102400847313,13410.0
LL,kmcc,31610.0,2.3571961222967937,1172043.3333333333,0.62376218893673,5911.166666666667,0.005880923969811038,13410.0
LL,kmcc,34770.0,2.592841163310962,1172064.4166666667,0.6212657941804073,5932.25,0.003384529213488261,13410.0
LL,kmcc,38250.0,2.8523489932885906,1172054.9166666667,0.6233796537635979,5922.75,0.0054983887966791045,13410.0
LL,kmcc,42070.0,3.1372110365398957,1171264.4166666667,0.622189654221348,5132.25,0.004308389254429085,13410.0
LL,kmcc,46280.0,3.4511558538404175,1171307.3333333333,0.6228774773495322,5175.166666666667,0.004996212382613376,13410.0
LL,kmcc,50910.0,3.796420581655481,1172070.9166666667,0.6232536727403294,5938.75,0.0053724077734104885,13410.0
LL,kmcc,56000.0,4.175988068605518,1172076.4166666667,0.6232469077602171,5944.25,0.005365642793298218,13410.0
LL,kmcc,61600.0,4.5935868754660705,1171927.6666666667,0.6231803808262782,5795.5,0.005299115859359309,13410.0
LL,kmcc,67760.0,5.052945563012677,1171919.9166666667,0.6213936765843099,5787.75,0.0035124116173911035,13410.0
LL,kmcc,74540.0,5.558538404175988,1171705.4166666667,0.6215756566695437,5573.25,0.0036943917026248294,13410.0
LL,kmcc,81990.0,6.114093959731544,1172018.75,0.6234120494717349,5886.583333333333,0.005530784504815968,13410.0
LL,kmcc,90190.0,6.7255779269202085,1171992.0833333333,0.6232018533951523,5859.916666666667,0.005320588428233565,13410.0
LL,kmcc,99210.0,7.39821029082774,1171987.0833333333,0.6231126393144815,5854.916666666667,0.005231374347562536,13410.0
LL,kmcc,109100.0,8.13571961222968,1171198.75,0.6219229309672577,5066.583333333333,0.00404166600033883,13410.0
LL,kmcc,120000.0,8.94854586129754,1171199.8333333333,0.6216200251799927,5067.666666666667,0.003738760213073853,13410.0
LL,kmcc,132000.0,9.843400447427292,1171150.75,0.621729692485962,5018.583333333333,0.003848427519043074,13410.0
LL,dg3,0.001015,0.1015,1174494.5833333333,0.6218801133753992,18153.166666666668,0.009245030052710204,0.01
LL,dg3,0.001117,0.1117,1174494.5833333333,0.6219377605658375,18153.166666666668,0.009302677243148566,0.01
LL,dg3,0.001228,0.12279999999999999,1174494.5833333333,0.6223102259032326,18153.166666666668,0.009675142580543592,0.01
LL,dg3,0.001351,0.1351,1174494.5833333333,0.6220564450264082,18153.166666666668,0.009421361703719258,0.01
LL,dg3,0.001486,0.14859999999999998,1174494.5833333333,0.621239260590753,18153.166666666668,0.008604177268063997,0.01
LL,dg3,0.001635,0.16349999999999998,1174494.5833333333,0.621853047173345,18153.166666666668,0.00921796385065605,0.01
LL,dg3,0.001799,0.1799,1174494.5833333333,0.6212919299398675,18153.166666666668,0.008656846617178518,0.01
LL,dg3,0.001978,0.1978,1174494.5833333333,0.621439615035185,18153.166666666668,0.008804531712496075,0.01
LL,dg3,0.002176,0.2176,1174494.5833333333,0.6217690645307693,18153.166666666668,0.009133981208080335,0.01
LL,dg3,0.002394,0.23939999999999997,1174494.5833333333,0.6218572327357658,18153.166666666668,0.009222149413076855,0.01
LL,dg3,0.002633,0.2633,1174494.5833333333,0.6220060621151092,18153.166666666668,0.009370978792420335,0.01
LL,dg3,0.002897,0.28969999999999996,1174494.5833333333,0.6217995524553155,18153.166666666668,0.009164469132626502,0.01
LL,dg3,0.003186,0.3186,1174494.5833333333,0.6218695865089884,18153.166666666668,0.009234503186299453,0.01
LL,dg3,0.003505,0.3505,1174494.5833333333,0.6217789346493617,18153.166666666668,0.009143851326672753,0.01
LL,dg3,0.003855,0.3855,1174494.5833333333,0.6218674870214205,18153.166666666668,0.009232403698731545,0.01
LL,dg3,0.004241,0.4241,1174494.5833333333,0.6208834120945317,18153.166666666668,0.008248328771842737,0.01
LL,dg3,0.004665,0.46649999999999997,1174494.5833333333,0.6208079477782263,18153.166666666668,0.008172864455537323,0.01
LL,dg3,0.005132,0.5132,1174494.5833333333,0.622089233778071,18153.166666666668,0.009454150455382088,0.01
LL,dg3,0.005645,0.5645,1174494.5833333333,0.6213001070059251,18153.166666666668,0.008665023683236137,0.01
LL,dg3,0.006209,0.6209,1174494.5833333333,0.6216771430794565,18153.166666666668,0.009042059756767576,0.01
LL,dg3,0.00683,0.683,1169494.0833333333,0.6181175281510436,13152.666666666666,0.005482444828354675,0.01
LL,dg3,0.007513,0.7513,1174494.5833333333,0.6211892132575042,18153.166666666668,0.008554129934815182,0.01
LL,dg3,0.008264,0.8264,1174494.5833333333,0.6216268835121306,18153.166666666668,0.008991800189441687,0.01
LL,dg3,0.009091,0.9091,1174494.5833333333,0.621480921101153,18153.166666666668,0.008845837778464085,0.01
LL,dg3,0.01,1.0,1156341.4166666667,0.6126350833226889,0.0,0.0,0.01
LL,dg3,0.011,1.0999999999999999,1159123.4166666667,0.6173542407217879,2782.0,0.004719157399098996,0.01
LL,dg3,0.0121,1.21,1165156.4166666667,0.6185701880755333,8815.0,0.0059351047528443945,0.01
LL,dg3,0.01331,1.331,1169494.0833333333,0.6189472879259633,13152.666666666666,0.006312204603274418,0.01
LL,dg3,0.014641,1.4641,1174494.5833333333,0.620967278316861,18153.166666666668,0.008332194994172065,0.01
LL,dg3,0.016105,1.6105,1174494.5833333333,0.6220701382577806,18153.166666666668,0.009435054935091641,0.01
LL,dg3,0.017716,1.7715999999999998,1174494.5833333333,0.6209735979817451,18153.166666666668,0.00833851465905619,0.01
LL,dg3,0.019487,1.9487,1174494.5833333333,0.6213226727873521,18153.166666666668,0.008687589464663165,0.01
LL,dg3,0.021436,2.1436,1174494.5833333333,0.6219428441583553,18153.166666666668,0.009307760835666432,0.01
LL,dg3,0.023579,2.3579,1174494.5833333333,0.6220945985227105,18153.166666666668,0.009459515200021648,0.01
LL,dg3,0.025937,2.5937,1174494.5833333333,0.6222048450343493,18153.166666666668,0.009569761711660305,0.01
LL,dg3,0.028531,2.8531,1174494.5833333333,0.622427492585403,18153.166666666668,0.009792409262714111,0.01
LL,dg3,0.031384,3.1384000000000003,1174494.5833333333,0.6220577790323666,18153.166666666668,0.009422695709677678,0.01
LL,dg3,0.034523,3.4522999999999997,1174494.5833333333,0.6215903861892864,18153.166666666668,0.008955302866597542,0.01
LL,dg3,0.037975,3.7975000000000003,1174494.5833333333,0.62095158493413,18153.166666666668,0.008316501611441124,0.01
LL,dg3,0.041772,4.177199999999999,1174494.5833333333,0.6204059274207326,18153.166666666668,0.007770844098043785,0.01
LL,dg3,0.04595,4.595,1169494.0833333333,0.6176324853597074,13152.666666666666,0.004997402037018465,0.01
LL,dg3,0.050545,5.0545,1174494.5833333333,0.6215285923096735,18153.166666666668,0.008893508986984563,0.01
LL,dg3,0.055599,5.5599,1174494.5833333333,0.6220929306579738,18153.166666666668,0.009457847335284902,0.01
LL,dg3,0.061159,6.1159,1174494.5833333333,0.622106967341521,18153.166666666668,0.00947188401883207,0.01
LL,dg3,0.067275,6.7275,1174494.5833333333,0.6209774938647211,18153.166666666668,0.008342410542032145,0.01
LL,dg3,0.074002,7.4002,1174494.5833333333,0.6201970777509016,18153.166666666668,0.007561994428212686,0.01
LL,dg3,0.081403,8.1403,1174494.5833333333,0.6214355682368295,18153.166666666668,0.008800484914140613,0.01
LL,dg3,0.089543,8.9543,1174494.5833333333,0.6215051189403508,18153.166666666668,0.008870035617661753,0.01
LL,dg3,0.098497,9.8497,1174494.5833333333,0.6210125621111277,18153.166666666668,0.008377478788438641,0.01
LL,K7,0.244545,0.10152571926765476,1161978.5,0.5191694545786207,960.1666666666666,-0.09895322866668799,2.4087
LL,K7,0.268999,0.11167808361356747,1162947.6666666667,0.5221618910051168,1929.3333333333333,-0.09596079224019201,2.4087
LL,K7,0.295899,0.1228459334910948,1163863.8333333333,0.5181043646984533,2845.5,-0.10001831854685543,2.4087
LL,K7,0.325489,0.1351305683563748,1164776.0833333333,0.5196948743688153,3757.75,-0.0984278088764934,2.4087
LL,K7,0.358038,0.14864366670818285,1165578.4166666667,0.5362059411467458,4560.083333333333,-0.08191674209856285,2.4087
LL,K7,0.393842,0.16350811641134222,1166232.0,0.5449856898027806,5213.666666666667,-0.07313699344252808,2.4087
LL,K7,0.433226,0.17985884502013533,1167034.0833333333,0.5524160821090955,6015.75,-0.0657066011362132,2.4087
LL,K7,0.476548,0.1978444804251256,1167626.0833333333,0.5543771681832624,6607.75,-0.06374551506204618,2.4087
LL,K7,0.524203,0.21762901149997924,1168241.75,0.562206102602245,7223.416666666667,-0.05591658064306379,2.4087
LL,K7,0.576624,0.239392203263171,1168776.5,0.5641615299234037,7758.166666666667,-0.053961153321904924,2.4087
LL,K7,0.634286,0.2633312575248059,1169294.3333333333,0.5691232653087325,8276.0,-0.048999417936576244,2.4087
LL,K7,0.697715,0.28966454934196867,1169671.1666666667,0.5725640457779205,8652.833333333334,-0.04555863746738808,2.4087
LL,K7,0.767486,0.3186307966953128,1170070.8333333333,0.5762717287530825,9052.5,-0.04185095449222623,2.4087
LL,K7,0.844235,0.35049404242952625,1170487.75,0.5830252714698702,9469.416666666666,-0.035097411775438465,2.4087
LL,K7,0.928658,0.3855432390916262,1170884.9166666667,0.5891159592345788,9866.583333333334,-0.029006724010729918,2.4087
LL,K7,1.021524,0.42409764603312994,1165904.75,0.5932473479678899,4886.416666666667,-0.02487533527741877,2.4087
LL,K7,1.123676,0.4665072445717606,1166111.75,0.5976845888269186,5093.416666666667,-0.020438094418390174,2.4087
LL,K7,1.236044,0.513158135093619,1166155.25,0.6001258415011705,5136.916666666667,-0.017996841744138164,2.4087
LL,K7,1.359648,0.5644737825382986,1166272.3333333333,0.6015003988170265,5254.0,-0.016622284428282175,2.4087
LL,K7,1.495613,0.6209212438244697,1166502.75,0.6073512957830152,5484.416666666667,-0.010771387462293502,2.4087
LL,K7,1.645175,0.6830136588201104,1166534.0,0.6104033502523089,5515.666666666667,-0.007719332992999974,2.4087
LL,K7,1.809692,0.7513148171212688,1166552.0833333333,0.6138294404112646,5533.75,-0.004293242834044068,2.4087
LL,K7,1.990661,0.8264462158010545,1166623.5833333333,0.6154090056496994,5605.25,-0.002713677595609374,2.4087
LL,K7,2.189727,0.9090907958649894,1166705.75,0.6194855678550394,5687.416666666667,0.001362884609730682,2.4087
LL,K7,2.4087,1.0,1161018.3333333333,0.6181226832453087,0.0,0.0,2.4087
LL,K7,2.64957,1.1,1166560.6666666667,0.6220853127223671,5542.333333333333,0.003962629477058425,2.4087
LL,K7,2.914527,1.21,1166555.8333333333,0.6251625035841429,5537.5,0.007039820338834222,2.4087
LL,K7,3.20598,1.3310001245485115,1166460.5833333333,0.6273516755714772,5442.25,0.009228992326168464,2.4087
LL,K7,3.526578,1.4641001370033628,1166380.6666666667,0.6288416282624226,5362.333333333333,0.010718945017113965,2.4087
LL,K7,3.879235,1.6105098185743347,1166202.6666666667,0.6287360837664947,5184.333333333333,0.010613400521185923,2.4087
LL,K7,4.267159,1.771561008012621,1165440.8333333333,0.6262365989377451,4422.5,0.008113915692436302,2.4087
LL,K7,4.693875,1.9487171503300535,1165724.1666666667,0.625237425964409,4705.833333333333,0.007114742719100185,2.4087
LL,K7,5.163262,2.143588657782206,1166132.5833333333,0.6266234859609833,5114.25,0.008500802715674513,2.4087
LL,K7,5.679589,2.3579478556897913,1165976.0833333333,0.6265766704295417,4957.75,0.008453987184232995,2.4087
LL,K7,6.247547,2.5937422676132353,1165733.25,0.6272977588526415,4714.916666666667,0.009175075607332819,2.4087
LL,K7,6.872302,2.8531166189230706,1160096.25,0.6288442063236906,-922.0833333333334,0.01072152307838184,2.4087
LL,K7,7.559532,3.1384281977830364,1165657.1666666667,0.6304076876293719,4638.833333333333,0.012285004384063178,2.4087
LL,K7,8.315486,3.4522713496907045,1165966.3333333333,0.632454846759334,4948.0,0.014332163514025406,2.4087
LL,K7,9.147034,3.7974982355627516,1165915.5,0.6320652813095434,4897.166666666667,0.013942598064234655,2.4087
LL,K7,10.061738,4.17724830821605,1165817.75,0.6337868256115653,4799.416666666667,0.015664142366256618,2.4087
LL,K7,11.067911,4.594972806908291,1165732.5833333333,0.6346350915527266,4714.25,0.016512408307417886,2.4087
LL,K7,12.174703,5.054470461244654,1165680.6666666667,0.634861783228654,4662.333333333333,0.016739099983345346,2.4087
LL,K7,13.392173,5.5599173828206085,1165657.1666666667,0.6363579460376664,4638.833333333333,0.01823526279235768,2.4087
LL,K7,14.73139,6.1159089965541575,1165560.5,0.6339662364987801,4542.166666666667,0.01584355325347141,2.4087
LL,K7,16.204529,6.727499896209574,1165513.0,0.6358055324447371,4494.666666666667,0.01768284919942842,2.4087
LL,K7,17.824982,7.4002499273467,1159890.1666666667,0.6348499430798719,-1128.1666666666667,0.01672725983456308,2.4087
LL,K7,19.60748,8.14027483704903,1165497.9166666667,0.6357020512419644,4479.583333333333,0.01757936799665576,2.4087
LL,K7,21.568228,8.954302320753934,1165692.8333333333,0.6372669429896051,4674.5,0.019144259744296427,2.4087
LL,K7,23.725051,9.849732635861669,1165684.9166666667,0.6367478377123416,4666.583333333333,0.018625154467032872,2.4087
LL,p1L,0.024143,0.10152649285113541,1172496.4166666667,0.6077788647589067,7710.416666666667,-0.008546185546395321,0.2378
LL,p1L,0.026557,0.11167788057190917,1172530.1666666667,0.6084571093806636,7744.166666666667,-0.00786794092463842,0.2378
LL,p1L,0.029213,0.12284693019343985,1172553.5,0.609622934934276,7767.5,-0.00670211537102607,0.2378
LL,p1L,0.032134,0.13513036164844408,1172593.8333333333,0.6099399659326233,7807.833333333333,-0.006385084372678688,0.2378
LL,p1L,0.035347,0.14864171572750212,1172532.75,0.6101339424669876,7746.75,-0.006191107838314437,0.2378
LL,p1L,0.038882,0.16350714886459208,1172579.9166666667,0.6113748486429885,7793.916666666667,-0.0049502016623133764,0.2378
LL,p1L,0.04277,0.17985702270815812,1167767.3333333333,0.6055632455339536,2981.3333333333335,-0.010761804771348396,0.2378
LL,p1L,0.047047,0.1978427249789739,1172694.25,0.6092330527584185,7908.25,-0.007091997546883462,0.2378
LL,p1L,0.051752,0.21762825904121108,1172743.9166666667,0.611889313999152,7957.916666666667,-0.0044357363061499995,0.2378
LL,p1L,0.056927,0.23939024390243901,1172837.4166666667,0.6115811629210471,8051.416666666667,-0.004743887384254834,0.2378
LL,p1L,0.06262,0.26333052985702265,1167948.0,0.6082804339120335,3162.0,-0.00804461639326858,0.2378
LL,p1L,0.068882,0.289663582842725,1172944.6666666667,0.6128448227769675,8158.666666666667,-0.0034802275283344988,0.2378
LL,p1L,0.07577,0.3186291000841043,1168055.1666666667,0.6073399150491331,3269.1666666666665,-0.008985135256168952,0.2378
LL,p1L,0.083347,0.35049201009251474,1173102.1666666667,0.6133254512683811,8316.166666666666,-0.002999599036920838,0.2378
LL,p1L,0.091682,0.385542472666106,1173180.8333333333,0.6128246916992657,8394.833333333334,-0.0035003586060363503,0.2378
LL,p1L,0.10085,0.42409587888982336,1168374.1666666667,0.6060070301689845,3588.1666666666665,-0.01031802013631756,0.2378
LL,p1L,0.110935,0.4665054667788057,1173220.0,0.6134535542840835,8434.0,-0.0028714960212184357,0.2378
LL,p1L,0.122029,0.5131581160639193,1173515.3333333333,0.6171299852553095,8729.333333333334,0.000804934950007478,0.2378
LL,p1L,0.134232,0.5644743481917577,1173557.6666666667,0.6177601704167055,8771.666666666666,0.0014351201114035557,0.2378
LL,p1L,0.147655,0.6209209419680404,1173637.5,0.6166434342313242,8851.5,0.000318383926022144,0.2378
LL,p1L,0.162421,0.6830151387720774,1173785.9166666667,0.6192633014945202,8999.916666666666,0.0029382511892183105,0.2378
LL,p1L,0.178663,0.7513162321278385,1173901.5,0.6186865006007707,9115.5,0.0023614502954686645,0.2378
LL,p1L,0.196529,0.8264465937762826,1174047.5833333333,0.6202696272704971,9261.583333333334,0.003944576965195105,0.2378
LL,p1L,0.216182,0.9090916736753575,1174212.5,0.6229391417931771,9426.5,0.006614091487875062,0.2378
LL,p1L,0.2378,1.0,1164786.0,0.6163250503053019,0.0,0.0,0.2378
LL,p1L,0.26158,1.0999999999999999,1169512.6666666667,0.6209856855007932,4726.666666666667,0.004660635195491193,0.2378
LL,p1L,0.287738,1.21,1174710.8333333333,0.6252101640390568,9924.833333333334,0.008885113733754854,0.2378
LL,p1L,0.316512,1.3310008410428933,1174870.3333333333,0.6282714709243291,10084.333333333334,0.011946420619027065,0.2378
LL,p1L,0.348163,1.4641000841042893,1174820.1666666667,0.6263194407311413,10034.166666666666,0.0099943904258393,0.2378
LL,p1L,0.382979,1.6105088309503786,1175767.9166666667,0.6227598525930669,10981.916666666666,0.0064348022877648665,0.2378
LL,p1L,0.421277,1.7715601345668628,1175259.1666666667,0.6282260332625588,10473.166666666666,0.01190098295725677,0.2378
LL,p1L,0.463405,1.948717409587889,1175651.6666666667,0.6334671472582315,10865.666666666666,0.017142096952929436,0.2378
LL,p1L,0.509745,2.143587047939445,1175824.9166666667,0.6356005986246968,11038.916666666666,0.019275548319394747,0.2378
LL,p1L,0.56072,2.357947855340622,1171281.0833333333,0.63466389672542,6495.083333333333,0.018338846420118054,0.2378
LL,p1L,0.616792,2.5937426408746846,1176419.0,0.6399412980120894,11633.0,0.023616247706787358,0.2378
LL,p1L,0.678471,2.85311606391926,1176733.6666666667,0.6409811787191287,11947.666666666666,0.024656128413826823,0.2378
LL,p1L,0.746318,3.138427249789739,1176991.5833333333,0.6427345541797743,12205.583333333334,0.026409503874472235,0.2378
LL,p1L,0.82095,3.452270815811606,1172190.5833333333,0.6448801406532567,7404.583333333333,0.028555090347954698,0.2378
LL,p1L,0.903045,3.7974978973927667,1177500.5833333333,0.6491932668591985,12714.583333333334,0.0328682165538965,0.2378
LL,p1L,0.99335,4.177249789739276,1172697.0,0.6496247976945847,7911.0,0.0332997473892827,0.2378
LL,p1L,1.092685,4.594974768713204,1172975.4166666667,0.6524605777602869,8189.416666666667,0.036135527454984794,0.2378
LL,p1L,1.201953,5.054470142977292,1173412.4166666667,0.6527884807392226,8626.416666666666,0.03646343043392064,0.2378
LL,p1L,1.322148,5.559915895710682,1173319.0833333333,0.6569662313355763,8533.083333333334,0.04064118103027431,0.2378
LL,p1L,1.454363,6.115908326324643,1173730.0,0.6580922511849275,8944.0,0.041767200879625495,0.2378
LL,p1L,1.599799,6.727497897392767,1169322.0833333333,0.6621957867463302,4536.083333333333,0.04587073644102816,0.2378
LL,p1L,1.759779,7.40024810765349,1174019.8333333333,0.6616501014455882,9233.833333333334,0.04532505114028625,0.2378
LL,p1L,1.935757,8.140273338940286,1173876.3333333333,0.6649753664075206,9090.333333333334,0.04865031610221862,0.2378
LL,p1L,2.129333,8.954301934398654,1173896.6666666667,0.6668582307959401,9110.666666666666,0.050533180490638104,0.2378
LL,p1L,2.342266,9.849730866274179,1173842.5833333333,0.6573843458624872,9056.583333333334,0.041059295557185176,0.2378
LL,g2,0.018275,0.10152777777777777,1171224.4166666667,0.6208863355005495,18068.916666666668,0.002374949515877689,0.18
LL,g2,0.020102,0.11167777777777778,1171224.4166666667,0.6212037736666662,18068.916666666668,0.002692387681994498,0.18
LL,g2,0.022112,0.12284444444444445,1171224.4166666667,0.6220236118215531,18068.916666666668,0.003512225836881285,0.18
LL,g2,0.024324,0.13513333333333333,1171224.4166666667,0.6204227851029227,18068.916666666668,0.0019113991182510004,0.18
LL,g2,0.026756,0.14864444444444444,1171224.4166666667,0.6204018575288863,18068.916666666668,0.0018904715442145854,0.18
LL,g2,0.029431,0.16350555555555554,1171224.4166666667,0.6205937947042922,18068.916666666668,0.0020824087196205285,0.18
LL,g2,0.032375,0.1798611111111111,1171224.4166666667,0.620959463947291,18068.916666666668,0.002448077962619255,0.18
LL,g2,0.035612,0.19784444444444443,1171224.4166666667,0.6211271599824584,18068.916666666668,0.002615773997786619,0.18
LL,g2,0.039173,0.21762777777777778,1171224.4166666667,0.6205657477290921,18068.916666666668,0.002054361744420382,0.18
LL,g2,0.043091,0.23939444444444444,1171224.4166666667,0.6197612284389532,18068.916666666668,0.0012498424542814652,0.18
LL,g2,0.0474,0.2633333333333333,1160713.9166666667,0.6166760363016448,7558.416666666667,-0.0018353496830268619,0.18
LL,g2,0.05214,0.2896666666666667,1166954.25,0.6181332025124434,13798.75,-0.00037818347222839943,0.18
LL,g2,0.057354,0.3186333333333334,1171224.4166666667,0.6199393662704488,18068.916666666668,0.00142798028577699,0.18
LL,g2,0.063089,0.3504944444444445,1171224.4166666667,0.6204694055722556,18068.916666666668,0.001958019587583848,0.18
LL,g2,0.069398,0.38554444444444447,1171224.4166666667,0.6205082163075525,18068.916666666668,0.001996830322880727,0.18
LL,g2,0.076338,0.42410000000000003,1171224.4166666667,0.6198360510957471,18068.916666666668,0.0013246651110754108,0.18
LL,g2,0.083971,0.4665055555555556,1171224.4166666667,0.6203915765107317,18068.916666666668,0.0018801905260599032,0.18
LL,g2,0.092368,0.5131555555555556,1171224.4166666667,0.6210250241438108,18068.916666666668,0.0025136381591389276,0.18
LL,g2,0.101605,0.5644722222222223,1171224.4166666667,0.6210990393366815,18068.916666666668,0.0025876533520097036,0.18
LL,g2,0.111766,0.6209222222222223,1171224.4166666667,0.6210354701718724,18068.916666666668,0.0025240841872005704,0.18
LL,g2,0.122942,0.6830111111111111,1171224.4166666667,0.6217009878866295,18068.916666666668,0.0031896019019578095,0.18
LL,g2,0.135237,0.7513166666666666,1171224.4166666667,0.621610625671698,18068.916666666668,0.0030992396870262082,0.18
LL,g2,0.14876,0.8264444444444445,1166954.25,0.6168954239243845,13798.75,-0.001615962060287246,0.18
LL,g2,0.163636,0.909088888888889,1171224.4166666667,0.6210895432615865,18068.916666666668,0.002578157276914831,0.18
LL,g2,0.18,1.0,1153155.5,0.6185113859846717,0.0,0.0,0.18
LL,g2,0.198,1.1,1158041.9166666667,0.6144558732957591,4886.416666666667,-0.004055512688912595,0.18
LL,g2,0.2178,1.21,1160713.9166666667,0.6189701299291527,7558.416666666667,0.0004587439444809771,0.18
LL,g2,0.23958,1.331,1166954.25,0.6187361881988392,13798.75,0.00022480221416752247,0.18
LL,g2,0.263538,1.4641,1171224.4166666667,0.6215319739656291,18068.916666666668,0.003020587980957279,0.18
LL,g2,0.289892,1.610511111111111,1171224.4166666667,0.6214466917172974,18068.916666666668,0.002935305732625552,0.18
LL,g2,0.318881,1.7715611111111114,1171224.4166666667,0.6214267814022402,18068.916666666668,0.002915395417568393,0.18
LL,g2,0.350769,1.9487166666666667,1171224.4166666667,0.6203183037102304,18068.916666666668,0.0018069177255587248,0.18
LL,g2,0.385846,2.143588888888889,1171224.4166666667,0.620630018552296,18068.916666666668,0.002118632567624327,0.18
LL,g2,0.424431,2.35795,1171224.4166666667,0.6190263413490592,18068.916666666668,0.0005149553643875223,0.18
LL,g2,0.466874,2.5937444444444444,1171224.4166666667,0.6187225453980592,18068.916666666668,0.0002111594133874517,0.18
LL,g2,0.513561,2.853116666666667,1171224.4166666667,0.6215361422841702,18068.916666666668,0.0030247562994984802,0.18
LL,g2,0.564917,3.138427777777778,1171224.4166666667,0.6199263147411743,18068.916666666668,0.0014149287565024538,0.18
LL,g2,0.621409,3.452272222222222,1171224.4166666667,0.6206771743259459,18068.916666666668,0.0021657883412741405,0.18
LL,g2,0.68355,3.7975,1166954.25,0.6181648598244466,13798.75,-0.00034652616022510613,0.18
LL,g2,0.751905,4.177250000000001,1171224.4166666667,0.6202048983072336,18068.916666666668,0.0016935123225618371,0.18
LL,g2,0.827095,4.594972222222222,1171224.4166666667,0.6204790414297735,18068.916666666668,0.001967655445101727,0.18
LL,g2,0.909805,5.0544722222222225,1171224.4166666667,0.6204450412085468,18068.916666666668,0.0019336552238750082,0.18
LL,g2,1.000785,5.559916666666667,1166981.5833333333,0.6175803879890934,13826.083333333334,-0.0009309979955783495,0.18
LL,g2,1.100864,6.115911111111112,1166981.5833333333,0.6185942168667008,13826.083333333334,8.283088202900209e-05,0.18
LL,g2,1.21095,6.7275,1166981.5833333333,0.6193347873735991,13826.083333333334,0.0008234013889274842,0.18
LL,g2,1.332045,7.40025,1166981.5833333333,0.6188676657662787,13826.083333333334,0.0003562797816069607,0.18
LL,g2,1.465249,8.140272222222222,1166981.5833333333,0.6180297601011836,13826.083333333334,-0.00048162588348813856,0.18
LL,g2,1.611774,8.9543,1166981.5833333333,0.6181757339760616,13826.083333333334,-0.0003356520086102062,0.18
LL,g2,1.772952,9.849733333333335,1166981.5833333333,0.6173311476897654,13826.083333333334,-0.0011802382949064512,0.18
LL,kmpac,13.909007,0.10152559854014599,1175340.0833333333,0.621994722092546,8588.916666666666,0.0038249291388031217,137.0
LL,kmpac,15.299908,0.1116781605839416,1174720.3333333333,0.6231416361927606,7969.166666666667,0.004971843239017615,137.0
LL,kmpac,16.829898,0.1228459708029197,1174703.75,0.6228069449538567,7952.583333333333,0.004637152000113692,137.0
LL,kmpac,18.512888,0.1351305693430657,1174716.6666666667,0.6231290138525213,7965.5,0.0049592208987783715,137.0
LL,kmpac,20.364177,0.14864362773722628,1174807.25,0.6224723251132898,8056.083333333333,0.0043025321595466974,137.0
LL,kmpac,22.400595,0.1635079927007299,1174858.25,0.6224553114682636,8107.083333333333,0.004285518514520609,137.0
LL,kmpac,24.640654,0.1798587883211679,1174860.0833333333,0.6212418436510173,8108.916666666667,0.0030720506972743236,137.0
LL,kmpac,27.10472,0.1978446715328467,1174807.9166666667,0.6217628211151546,8056.75,0.0035930281614116044,137.0
LL,kmpac,29.815192,0.21762913868613137,1174864.5833333333,0.6232637904885271,8113.416666666667,0.005093997534784113,137.0
LL,kmpac,32.796711,0.23939205109489053,1174849.9166666667,0.6222166984334051,8098.75,0.004046905479662151,137.0
LL,kmpac,36.076382,0.2633312554744526,1174853.0,0.6214883642723087,8101.833333333333,0.0033185713185657773,137.0
LL,kmpac,39.68402,0.28966437956204377,1175355.8333333333,0.6215456516870638,8604.666666666666,0.0033758587333208023,137.0
LL,kmpac,43.652422,0.3186308175182482,1173988.8333333333,0.6213576656105008,7237.666666666667,0.003187872656757712,137.0
LL,kmpac,48.017664,0.350493897810219,1173964.75,0.6207826707625657,7213.583333333333,0.0026128778088227445,137.0
LL,kmpac,52.819431,0.38554329197080295,1174784.1666666667,0.6229050855685095,8033.0,0.004735292614766536,137.0
LL,kmpac,58.101374,0.4240976204379562,1174787.8333333333,0.6224003342164162,8036.666666666667,0.0042305412626731835,137.0
LL,kmpac,63.911511,0.4665073795620438,1174636.6666666667,0.6224036737269856,7885.5,0.0042338807732425765,137.0
LL,kmpac,70.302662,0.5131581167883211,1174407.3333333333,0.6210489335848198,7656.166666666667,0.002879140631076841,137.0
LL,kmpac,77.332928,0.5644739270072993,1174406.25,0.620670222804191,7655.083333333333,0.0025004298504481734,137.0
LL,kmpac,85.066221,0.6209213211678832,1174661.6666666667,0.6221688132822022,7910.5,0.0039990203284592145,137.0
LL,kmpac,93.572843,0.6830134525547445,1174632.0833333333,0.6221125254657062,7880.916666666667,0.003942732511963143,137.0
LL,kmpac,102.930128,0.751314802919708,1175204.5,0.6220414954664365,8453.333333333334,0.003871702512693531,137.0
LL,kmpac,113.22314,0.8264462773722627,1174578.3333333333,0.6235788490519013,7827.166666666667,0.005409056098158366,137.0
LL,kmpac,124.545455,0.9090909124087592,1174575.75,0.6222208121199836,7824.583333333333,0.004051019166240631,137.0
LL,kmpac,137.0,1.0,1166751.1666666667,0.618169792953743,0.0,0.0,137.0
LL,kmpac,150.7,1.0999999999999999,1171552.6666666667,0.6195441602189832,4801.5,0.0013743672652401506,137.0
LL,kmpac,165.77,1.21,1175202.9166666667,0.6213604810059146,8451.75,0.003190688052171579,137.0
LL,kmpac,182.347,1.331,1174577.4166666667,0.622745601426472,7826.25,0.004575808472728926,137.0
LL,kmpac,200.5817,1.4641000000000002,1174716.5,0.6226007491250907,7965.333333333333,0.004430956171347737,137.0
LL,kmpac,220.63987,1.61051,1175203.0833333333,0.622045008971773,8451.916666666666,0.0038752160180300275,137.0
LL,kmpac,242.703857,1.771561,1174711.5,0.6217136159671702,7960.333333333333,0.003543823013427233,137.0
LL,kmpac,266.974243,1.9487171021897811,1174715.5,0.6221706092037764,7964.333333333333,0.0040008162500334565,137.0
LL,kmpac,293.671667,2.1435888102189784,1174718.0833333333,0.6226245240099113,7966.916666666667,0.004454731056168254,137.0
LL,kmpac,323.038834,2.357947693430657,1174707.9166666667,0.6230587856025768,7956.75,0.004888992648833866,137.0
LL,kmpac,355.342717,2.5937424598540146,1174721.5833333333,0.6225548189900351,7970.416666666667,0.0043850260362920486,137.0
LL,kmpac,390.876989,2.853116708029197,1174721.6666666667,0.6219000641631187,7970.5,0.003730271209375746,137.0
LL,kmpac,429.964688,3.138428379562044,1173959.4166666667,0.6215461773076354,7208.25,0.0033763843538923977,137.0
LL,kmpac,472.961156,3.4522712116788323,1173960.0,0.6205773006466546,7208.833333333333,0.0024075076929116665,137.0
LL,kmpac,520.257272,3.797498335766423,1174785.5,0.6229061312279179,8034.333333333333,0.004736338274174921,137.0
LL,kmpac,572.282999,4.177248167883212,1174788.9166666667,0.6222406732910548,8037.75,0.0040708803373118345,137.0
LL,kmpac,629.511299,4.59497298540146,1174620.8333333333,0.6227197179550968,7869.666666666667,0.0045499250013538994,137.0
LL,kmpac,692.462429,5.054470284671533,1174645.1666666667,0.6219417830086675,7894.0,0.00377199005492454,137.0
LL,kmpac,761.708672,5.559917313868613,1174443.0833333333,0.6208508445899162,7691.916666666667,0.002681051636173354,137.0
LL,kmpac,837.879539,6.115909043795621,1175361.9166666667,0.6211112049603107,8610.75,0.0029414120065677876,137.0
LL,kmpac,921.667493,6.72749994890511,1174768.75,0.622844103704261,8017.583333333333,0.004674310750518014,137.0
LL,kmpac,1013.834242,7.400249941605839,1174728.5,0.6230246408547723,7977.333333333333,0.004854847901029312,137.0
LL,kmpac,1115.217667,8.140274941605838,1174724.0833333333,0.6237650826915894,7972.916666666667,0.005595289737846408,137.0
LL,kmpac,1226.739433,8.954302430656934,1174719.75,0.6232060318606548,7968.583333333333,0.005036238906911905,137.0
LL,kmpac,1349.413377,9.849732678832117,1174718.5833333333,0.6218496995031049,7967.416666666667,0.0036799065493619185,137.0
LL,de2,0.048133,0.10152499472685088,1174390.0833333333,0.6779781946841444,9197.25,0.06217808856335621,0.4741
LL,de2,0.052947,0.11167897068129086,1174711.9166666667,0.6767655187016796,9519.083333333334,0.06096541258089136,0.4741
LL,de2,0.058241,0.12284539126766504,1175189.75,0.6774882550930273,9996.916666666666,0.06168814897223913,0.4741
LL,de2,0.064065,0.13512971946846655,1175579.25,0.6731191599772598,10386.416666666666,0.05731905385647154,0.4741
LL,de2,0.070472,0.14864374604513816,1175845.8333333333,0.6737693690031419,10653.0,0.05796926288235376,0.4741
LL,de2,0.077519,0.163507698797722,1175995.4166666667,0.6735051898577623,10802.583333333334,0.057705083736974,0.4741
LL,de2,0.085271,0.17985867960345917,1175971.1666666667,0.673840037281638,10778.333333333334,0.05803993116084974,0.4741
LL,de2,0.093798,0.19784433663784012,1175786.6666666667,0.6622201220165514,10593.833333333334,0.046420015895763174,0.4741
LL,de2,0.103178,0.2176291921535541,1175955.0833333333,0.6714352040212749,10762.25,0.055635097900486624,0.4741
LL,de2,0.113496,0.23939253322083948,1175999.4166666667,0.6706293549515424,10806.583333333334,0.05482924883075416,0.4741
LL,de2,0.124845,0.2633305209871335,1176142.8333333333,0.6683991606129291,10950.0,0.05259905449214102,0.4741
LL,de2,0.13733,0.2896646277156718,1171107.1666666667,0.6663699493424096,5914.333333333333,0.05056984322162134,0.4741
LL,de2,0.151063,0.318631090487239,1177299.0,0.6679385411916229,12106.166666666666,0.05213843507083465,0.4741
LL,de2,0.166169,0.3504935667580679,1177519.6666666667,0.6667965015513523,12326.833333333334,0.050996395430564063,0.4741
LL,de2,0.182786,0.38554313435983967,1177763.3333333333,0.6600219175879349,12570.5,0.04422181146714665,0.4741
LL,de2,0.201065,0.4240982914996836,1177995.5,0.6621998674013114,12802.666666666666,0.046399761280523165,0.4741
LL,de2,0.221171,0.46650706601982705,1177945.1666666667,0.6613838689062096,12752.333333333334,0.04558376278542143,0.4741
LL,de2,0.243288,0.5131575616958447,1177896.9166666667,0.6602420971337419,12704.083333333334,0.044441991012953604,0.4741
LL,de2,0.267617,0.5644737397173591,1177580.0833333333,0.6553050869245295,12387.25,0.03950498080374124,0.4741
LL,de2,0.294379,0.62092174646699,1177273.4166666667,0.6499590495478532,12080.583333333334,0.03415894342706493,0.4741
LL,de2,0.323817,0.6830141320396541,1176789.3333333333,0.6455235467480142,11596.5,0.029723440627225983,0.4741
LL,de2,0.356198,0.7513140687618646,1176282.3333333333,0.6405636638541498,11089.5,0.024763557733361485,0.4741
LL,de2,0.391818,0.826445897489981,1175758.0833333333,0.6330579964073475,10565.25,0.01725789028655934,0.4741
LL,de2,0.431,0.9090909090909091,1159641.1666666667,0.6249716780238125,-5551.666666666667,0.0091715719030242,0.4741
LL,de2,0.4741,1.0,1165192.8333333333,0.6158001061207883,0.0,0.0,0.4741
LL,de2,0.52151,1.1,1168913.6666666667,0.6134989390650393,3720.8333333333335,-0.002301167055749037,0.4741
LL,de2,0.573661,1.21,1172585.0833333333,0.6045104760496436,7392.25,-0.011289630071144622,0.4741
LL,de2,0.631027,1.330999789074035,1171981.6666666667,0.6060222153561691,6788.833333333333,-0.009777890764619185,0.4741
LL,de2,0.69413,1.4641004007593335,1166108.25,0.5950171006460999,915.4166666666666,-0.020783005474688383,0.4741
LL,de2,0.763543,1.6105104408352666,1169469.1666666667,0.5915796835423852,4276.333333333333,-0.024220422578403067,0.4741
LL,de2,0.839897,1.7715608521408985,1168258.5833333333,0.5911828934593244,3065.75,-0.024617212661463873,0.4741
LL,de2,0.923887,1.9487175701328834,1166611.0,0.5838125636479692,1418.1666666666667,-0.03198754247281909,0.4741
LL,de2,1.016275,2.143587850664417,1160386.5833333333,0.5797103968669651,-4806.25,-0.03608970925382307,0.4741
LL,de2,1.117903,2.3579476903606835,1154260.9166666667,0.5672428427548848,-10931.916666666666,-0.048557263365903436,0.4741
LL,de2,1.229693,2.5937418266188565,1156148.0833333333,0.5714919509160047,-9044.75,-0.04430815520478354,0.4741
LL,de2,1.352663,2.853117485762497,1153574.6666666667,0.5624393190314066,-11618.166666666666,-0.053360787089381585,0.4741
LL,de2,1.487929,3.138428601560852,1150756.6666666667,0.5622429816274622,-14436.166666666666,-0.05355712449332605,0.4741
LL,de2,1.636722,3.4522716726429024,1147242.9166666667,0.5651812236898021,-17949.916666666668,-0.050618882430986105,0.4741
LL,de2,1.800394,3.7974984180552624,1143300.1666666667,0.5753852931005751,-21892.666666666668,-0.040414813020213165,0.4741
LL,de2,1.980433,4.177247416156929,1140124.5,0.5946731212777301,-25068.333333333332,-0.021126984843058166,0.4741
LL,de2,2.178477,4.5949736342543765,1137676.8333333333,0.6119169813018912,-27516.0,-0.0038831248188969936,0.4741
LL,de2,2.396324,5.054469521198059,1134590.0,0.6303596943137023,-30602.833333333332,0.014559588192914133,0.4741
LL,de2,2.635957,5.559917738873655,1131028.0833333333,0.6660202747967524,-34164.75,0.050220168675964155,0.4741
LL,de2,2.899552,6.115908036279266,1125937.5,0.7092949706118112,-39255.333333333336,0.09349486449102307,0.4741
LL,de2,3.189508,6.727500527314912,1120525.5,0.7405849795492929,-44667.333333333336,0.12478487342850465,0.4741
LL,de2,3.508459,7.400251001898334,1114601.25,0.7404274803867049,-50591.583333333336,0.12462737426591662,0.4741
LL,de2,3.859304,8.140274203754482,1105288.9166666667,0.7297602944918787,-59903.916666666664,0.11396018837109047,0.4741
LL,de2,4.245235,8.95430288968572,1059970.4166666667,0.7230063214395092,-105222.41666666667,0.10720621531872095,0.4741
LL,de2,4.669758,9.849732124024467,1058735.25,0.7352678741963276,-106457.58333333333,0.11946776807553931,0.4741
LL,kd,0.710679,0.10152557142857142,1171387.0833333333,0.6204223812412984,23383.833333333332,-0.01666745354666797,7.0
LL,kd,0.781747,0.11167814285714285,1171379.9166666667,0.6197539854333362,23376.666666666668,-0.017335849354630294,7.0
LL,kd,0.859922,0.122846,1171382.25,0.6223006149077844,23379.0,-0.014789219880181956,7.0
LL,kd,0.945914,0.13513057142857143,1171381.9166666667,0.6208257154397271,23378.666666666668,-0.016264119348239292,7.0
LL,kd,1.040505,0.14864357142857143,1166276.3333333333,0.6210268518837775,18273.083333333332,-0.016062982904188977,7.0
LL,kd,1.144556,0.163508,1166276.9166666667,0.6207770136767542,18273.666666666668,-0.0163128211112122,7.0
LL,kd,1.259012,0.17985885714285715,1166276.9166666667,0.6224996340125943,18273.666666666668,-0.014590200775372061,7.0
LL,kd,1.384913,0.1978447142857143,1166273.4166666667,0.6215680701688843,18270.166666666668,-0.015521764619082187,7.0
LL,kd,1.523404,0.21762914285714285,1160861.75,0.6200324407629844,12858.5,-0.01705739402498214,7.0
LL,kd,1.675744,0.239392,1166269.6666666667,0.6202992383220017,18266.416666666668,-0.016790596465964747,7.0
LL,kd,1.843319,0.2633312857142857,1166269.0833333333,0.6216609012865182,18265.833333333332,-0.015428933501448258,7.0
LL,kd,2.027651,0.2896644285714286,1166418.5833333333,0.6218250677250717,18415.333333333332,-0.015264767062894655,7.0
LL,kd,2.230416,0.31863085714285716,1166414.6666666667,0.6224742711375154,18411.416666666668,-0.014615563650451016,7.0
LL,kd,2.453457,0.3504938571428572,1166412.25,0.6210070178528834,18409.0,-0.016082816935082928,7.0
LL,kd,2.698803,0.3855432857142857,1160984.75,0.6197601462284785,12981.5,-0.01732968855948792,7.0
LL,kd,2.968683,0.4240975714285714,1166396.4166666667,0.6220409277296423,18393.166666666668,-0.015048907058324198,7.0
LL,kd,3.265552,0.4665074285714286,1166362.8333333333,0.6225477428499432,18359.583333333332,-0.014542091938023258,7.0
LL,kd,3.592107,0.5131581428571429,1166359.9166666667,0.6225155355415576,18356.666666666668,-0.014574299246408942,7.0
LL,kd,3.951318,0.564474,1166368.0,0.622383431527341,18364.75,-0.014706403260625464,7.0
LL,kd,4.346449,0.6209212857142857,1165547.75,0.6189216024347496,17544.5,-0.018168232353216806,7.0
LL,kd,4.781094,0.6830134285714287,1165552.5,0.6192200014084412,17549.25,-0.017869833379525146,7.0
LL,kd,5.259204,0.7513148571428572,1160930.5833333333,0.6195767408661778,12927.333333333334,-0.017513093921788698,7.0
LL,kd,5.785124,0.8264462857142857,1166321.1666666667,0.620429474421893,18317.916666666668,-0.016660360366073445,7.0
LL,kd,6.363636,0.9090908571428571,1166111.75,0.6202957383299398,18108.5,-0.016794096458026615,7.0
LL,kd,7.0,1.0,1148003.25,0.6370898347879664,0.0,0.0,7.0
LL,kd,7.7,1.1,1146265.9166666667,0.6254774018223914,-1737.3333333333333,-0.01161243296557494,7.0
LL,kd,8.47,1.2100000000000002,1153094.0,0.616785986054587,5090.75,-0.020303848733379454,7.0
LL,kd,9.317,1.331,1158194.75,0.6137600202360881,10191.5,-0.023329814551878325,7.0
LL,kd,10.2487,1.4641,1166253.75,0.6202900316897874,18250.5,-0.016799803098178957,7.0
LL,kd,11.27357,1.6105099999999999,1166265.6666666667,0.6214082041751642,18262.416666666668,-0.015681630612802283,7.0
LL,kd,12.400927,1.771561,1166245.0,0.6210346525697684,18241.75,-0.016055182218198,7.0
LL,kd,13.64102,1.9487171428571428,1160815.0,0.6189057954849215,12811.75,-0.018184039303044925,7.0
LL,kd,15.005122,2.143588857142857,1166136.9166666667,0.6214115217848512,18133.666666666668,-0.015678313003115275,7.0
LL,kd,16.505634,2.3579477142857144,1166112.8333333333,0.6208042150542812,18109.583333333332,-0.01628561973368514,7.0
LL,kd,18.156197,2.5937424285714283,1166129.1666666667,0.6214939119322324,18125.916666666668,-0.015595922855734162,7.0
LL,kd,19.971817,2.8531167142857146,1166120.25,0.6204789388967066,18117.0,-0.016610895891259896,7.0
LL,kd,21.968999,3.138428428571429,1160838.5833333333,0.6187967762989767,12835.333333333334,-0.018293058488989822,7.0
LL,kd,24.165899,3.4522712857142857,1166233.6666666667,0.6199754907906165,18230.416666666668,-0.017114343997349946,7.0
LL,kd,26.582488,3.797498285714286,1166316.25,0.6203764097767913,18313.0,-0.016713425011175093,7.0
LL,kd,29.240737,4.177248142857143,1166293.75,0.6185976541724599,18290.5,-0.01849218061550656,7.0
LL,kd,32.164811,4.594973,1166232.3333333333,0.6185604655360535,18229.083333333332,-0.01852936925191299,7.0
LL,kd,35.381292,5.054470285714286,1166112.0833333333,0.6182879096709688,18108.833333333332,-0.018801925116997575,7.0
LL,kd,38.919421,5.559917285714286,1166189.4166666667,0.6180039920489342,18186.166666666668,-0.01908584273903229,7.0
LL,kd,42.811363,6.115909,1165373.5,0.6179905745673646,17370.25,-0.01909926022060186,7.0
LL,kd,47.0925,6.7275,1165292.6666666667,0.6165603488915353,17289.416666666668,-0.020529485896431148,7.0
LL,kd,51.80175,7.40025,1166114.1666666667,0.6185524608172782,18110.916666666668,-0.018537373970688192,7.0
LL,kd,56.981925,8.140274999999999,1166042.0833333333,0.6176226774966733,18038.833333333332,-0.019467157291293186,7.0
LL,kd,62.680117,8.95430242857143,1165846.75,0.6170319689844163,17843.5,-0.020057865803550262,7.0
LL,kd,68.948129,9.849732714285713,1165816.5,0.6160068993757939,17813.25,-0.021082935412172488,7.0
LL,v4,0.253936,0.10152566767951383,1048228.8333333334,0.7667368412954527,-112585.08333333333,0.14699589436693097,2.5012
LL,v4,0.279329,0.11167799456260995,1058423.0833333333,0.7575687498461127,-102390.83333333333,0.13782780291759092,2.5012
LL,v4,0.307262,0.12284583399968015,1060083.8333333333,0.7150751482538636,-100730.08333333333,0.09533420132534202,2.5012
LL,v4,0.337989,0.13513073724612187,1095754.0,0.7235964115168545,-65059.916666666664,0.1038554645883328,2.5012
LL,v4,0.371787,0.14864345114345115,1114467.6666666667,0.7252958131900503,-46346.25,0.1055548662615285,2.5012
LL,v4,0.408966,0.1635079162002239,1121623.25,0.7159305952740699,-39190.666666666664,0.09618964834554815,2.5012
LL,v4,0.449863,0.17985886774348314,1128106.1666666667,0.6620084215135462,-32707.75,0.04226747458502447,2.5012
LL,v4,0.494849,0.1978446345754038,1133960.8333333333,0.6481301499843717,-26853.083333333332,0.028389203055850087,2.5012
LL,v4,0.544334,0.21762913801375341,1138157.1666666667,0.6305384033582828,-22656.75,0.010797456429761052,2.5012
LL,v4,0.598767,0.23939189189189192,1141298.3333333333,0.6079604860445217,-19515.583333333332,-0.011780460883999986,2.5012
LL,v4,0.658644,0.2633312010235087,1143856.5,0.5874070920012863,-16957.416666666668,-0.03233385492723554,2.5012
LL,v4,0.724509,0.28966456101071486,1148183.25,0.5710418209415479,-12630.666666666666,-0.04869912598697392,2.5012
LL,v4,0.796959,0.31863065728450346,1151337.6666666667,0.5541542310756492,-9476.25,-0.06558671585287248,2.5012
LL,v4,0.876655,0.350493762993763,1154924.9166666667,0.5614484090401569,-5889.0,-0.05829253788836467,2.5012
LL,v4,0.964321,0.38554333919718536,1157623.25,0.5652657103705754,-3190.6666666666665,-0.05447523655794632,2.5012
LL,v4,1.060753,0.4240976331360947,1156659.9166666667,0.5675616734240928,-4154.0,-0.05217927350442899,2.5012
LL,v4,1.166828,0.4665072765072765,1158626.25,0.571281372589172,-2187.6666666666665,-0.048459574339349644,2.5012
LL,v4,1.283511,0.5131580841196226,1160284.5833333333,0.5729476653341925,-529.3333333333334,-0.04679328159432927,2.5012
LL,v4,1.411862,0.5644738525507756,1161774.9166666667,0.5719401447182594,961.0,-0.04780080221026234,2.5012
LL,v4,1.553048,0.6209211578442347,1163268.6666666667,0.5633941939672823,2454.75,-0.056346752961239456,2.5012
LL,v4,1.708353,0.6830133535902767,1164136.4166666667,0.5830258628178511,3322.5,-0.03671508411067056,2.5012
LL,v4,1.879189,0.7513149688149688,1165021.0,0.593807307489615,4207.083333333333,-0.025933639438906742,2.5012
LL,v4,2.067107,0.8264461058691829,1165882.1666666667,0.604211495147502,5068.25,-0.015529451781019684,2.5012
LL,v4,2.273818,0.9090908363985287,1166506.25,0.6136338320716092,5692.333333333333,-0.0061071148569125195,2.5012
LL,v4,2.5012,1.0,1160813.9166666667,0.6197409469285217,0.0,0.0,2.5012
LL,v4,2.75132,1.1,1167407.5,0.6294636001368655,6593.583333333333,0.009722653208343849,2.5012
LL,v4,3.026452,1.21,1167683.5,0.6347567690230226,6869.583333333333,0.015015822094500836,2.5012
LL,v4,3.329097,1.3309999200383817,1161760.0,0.6417226959838663,946.0833333333334,0.021981749055344713,2.5012
LL,v4,3.662007,1.4641000319846476,1168290.5,0.6491522041470718,7476.583333333333,0.029411257218550185,2.5012
LL,v4,4.028208,1.6105101551255399,1167729.3333333333,0.6541104567398586,6915.416666666667,0.03436950981133694,2.5012
LL,v4,4.431028,1.7715608507916203,1167936.75,0.658221925723762,7122.833333333333,0.038480978795240345,2.5012
LL,v4,4.874131,1.9487170158324005,1167995.5,0.6626509007247144,7181.583333333333,0.04290995379619276,2.5012
LL,v4,5.361544,2.1435886774348316,1168538.1666666667,0.6662846733583838,7724.25,0.046543726429862105,2.5012
LL,v4,5.897699,2.35794778506317,1161883.0,0.6663137175102752,1069.0833333333333,0.04657277058175344,2.5012
LL,v4,6.487469,2.593742603550296,1168048.0833333333,0.6675636118015982,7234.166666666667,0.04782266487307649,2.5012
LL,v4,7.136216,2.853116903886135,1167824.8333333333,0.6714483067856993,7010.916666666667,0.051707359857177664,2.5012
LL,v4,7.849837,3.138428354389893,1167628.1666666667,0.6712021418876857,6814.25,0.05146119495916402,2.5012
LL,v4,8.634821,3.45227130977131,1166036.0,0.6700186487673481,5222.083333333333,0.050277701838826246,2.5012
LL,v4,9.498303,3.7974984007676316,1159379.25,0.6760595325573605,-1434.6666666666667,0.05631858562883876,2.5012
LL,v4,10.448133,4.177248120901967,1165907.3333333333,0.6792388648375692,5093.416666666667,0.05949791790904751,2.5012
LL,v4,11.492946,4.594972813049736,1165877.8333333333,0.6826651551973465,5063.916666666667,0.06292420826882475,2.5012
LL,v4,12.642241,5.054470254277947,1165839.0,0.685144027986463,5025.083333333333,0.06540308105794138,2.5012
LL,v4,13.906465,5.559917239724933,1165871.1666666667,0.6827538764052488,5057.25,0.06301292947672708,2.5012
LL,v4,15.297112,6.115909163601471,1165887.9166666667,0.687209988634884,5074.0,0.06746904170636232,2.5012
LL,v4,16.826823,6.727500000000001,1165990.6666666667,0.6866571202631341,5176.75,0.06691617333461243,2.5012
LL,v4,18.509505,7.400249880057573,1165956.4166666667,0.6890229153821735,5142.5,0.06928196845365182,2.5012
LL,v4,20.360456,8.140275067967377,1166128.4166666667,0.6842005953574738,5314.5,0.0644596484289521,2.5012
LL,v4,22.396501,8.954302334879259,1166240.9166666667,0.6917657218919763,5427.0,0.0720247749634546,2.5012
LL,v4,24.636151,9.849732528386376,1166345.75,0.6898550107326663,5531.833333333333,0.0701140638041445,2.5012
LL,dp6,0.001015,0.1015,1174495.9166666667,0.6221451976566484,18154.5,0.009631117066779262,0.01
LL,dp6,0.001117,0.1117,1174496.5833333333,0.6222083236565292,18155.166666666668,0.009694243066659966,0.01
LL,dp6,0.001228,0.12279999999999999,1174496.5833333333,0.6225907762563412,18155.166666666668,0.010076695666471985,0.01
LL,dp6,0.001351,0.1351,1174496.5833333333,0.6223255478904336,18155.166666666668,0.00981146730056437,0.01
LL,dp6,0.001486,0.14859999999999998,1174495.9166666667,0.6215059195574962,18154.5,0.0089918389676271,0.01
LL,dp6,0.001635,0.16349999999999998,1174495.9166666667,0.6220968482385273,18154.5,0.009582767648658083,0.01
LL,dp6,0.001799,0.1799,1174495.9166666667,0.6215479225173153,18154.5,0.00903384192744607,0.01
LL,dp6,0.001978,0.1978,1174496.5833333333,0.6217024765376609,18155.166666666668,0.009188395947791703,0.01
LL,dp6,0.002176,0.2176,1174495.9166666667,0.6220002939589443,18154.5,0.009486213369075153,0.01
LL,dp6,0.002394,0.23939999999999997,1174495.9166666667,0.6220933603286966,18154.5,0.00957927973882731,0.01
LL,dp6,0.002633,0.2633,1174496.3333333333,0.6222324078052212,18154.916666666668,0.009718327215352087,0.01
LL,dp6,0.002897,0.28969999999999996,1174496.3333333333,0.6220145435053979,18154.916666666668,0.009500462915528715,0.01
LL,dp6,0.003186,0.3186,1174496.0833333333,0.6221181537585684,18154.666666666668,0.009604073168699148,0.01
LL,dp6,0.003505,0.3505,1174496.3333333333,0.6220241077352386,18154.916666666668,0.009510027145369452,0.01
LL,dp6,0.003855,0.3855,1174496.0833333333,0.6221024605031161,18154.666666666668,0.009588379913246911,0.01
LL,dp6,0.004241,0.4241,1174496.0833333333,0.6211281351734395,18154.666666666668,0.008614054583570277,0.01
LL,dp6,0.004665,0.46649999999999997,1174496.0833333333,0.6210389629543654,18154.666666666668,0.008524882364496259,0.01
LL,dp6,0.005132,0.5132,1174496.0833333333,0.6223365035946943,18154.666666666668,0.00982242300482498,0.01
LL,dp6,0.005645,0.5645,1174496.25,0.6215497811433972,18154.833333333332,0.009035700553528009,0.01
LL,dp6,0.006209,0.6209,1174496.25,0.6219783391180812,18154.833333333332,0.009464258528211996,0.01
LL,dp6,0.00683,0.683,1169490.0833333333,0.6179650416194294,13148.666666666666,0.005450961029560321,0.01
LL,dp6,0.007513,0.7513,1174490.6666666667,0.6214662654002484,18149.25,0.008952184810379174,0.01
LL,dp6,0.008264,0.8264,1174490.6666666667,0.6219006703354654,18149.25,0.00938658974559615,0.01
LL,dp6,0.009091,0.9091,1174494.6666666667,0.6217535178618435,18153.25,0.00923943727197433,0.01
LL,dp6,0.01,1.0,1156341.4166666667,0.6125140805898691,0.0,0.0,0.01
LL,dp6,0.011,1.0999999999999999,1159123.6666666667,0.6172170552377181,2782.25,0.004702974647848829,0.01
LL,dp6,0.0121,1.21,1165192.8333333333,0.6187335932666601,8851.416666666666,0.006219512676790846,0.01
LL,dp6,0.01331,1.331,1169494.3333333333,0.6188275082800453,13152.916666666666,0.006313427690176131,0.01
LL,dp6,0.014641,1.4641,1174494.9166666667,0.6212490334205607,18153.5,0.00873495283069145,0.01
LL,dp6,0.016105,1.6105,1174494.9166666667,0.6223738087720456,18153.5,0.009859728182176397,0.01
LL,dp6,0.017716,1.7715999999999998,1174496.1666666667,0.6212998895248072,18154.75,0.008785808934937975,0.01
LL,dp6,0.019487,1.9487,1174496.6666666667,0.6216334879504035,18155.25,0.009119407360534395,0.01
LL,dp6,0.021436,2.1436,1174497.5,0.6222925990718161,18156.083333333332,0.009778518481946987,0.01
LL,dp6,0.023579,2.3579,1174497.5,0.622403162986728,18156.083333333332,0.009889082396858892,0.01
LL,dp6,0.025937,2.5937,1174497.75,0.6225086406607675,18156.333333333332,0.009994560070898282,0.01
LL,dp6,0.028531,2.8531,1174497.5833333333,0.6227320803261895,18156.166666666668,0.010217999736320371,0.01
LL,dp6,0.031384,3.1384000000000003,1174497.5,0.6224101896843142,18156.083333333332,0.009896109094444874,0.01
LL,dp6,0.034523,3.4522999999999997,1174497.5,0.6219232127972667,18156.083333333332,0.009409132207397522,0.01
LL,dp6,0.037975,3.7975000000000003,1174503.0,0.6212826069374141,18161.583333333332,0.008768526347544983,0.01
LL,dp6,0.041772,4.177199999999999,1174507.0833333333,0.6207233435738981,18165.666666666668,0.008209262984028956,0.01
LL,dp6,0.04595,4.595,1169510.75,0.6175043846725653,13169.333333333334,0.004990304082696018,0.01
LL,dp6,0.050545,5.0545,1174511.1666666667,0.6218361648002981,18169.75,0.009322084210428997,0.01
LL,dp6,0.055599,5.5599,1174511.4166666667,0.6224135506870311,18170.0,0.009899470097161902,0.01
LL,dp6,0.061159,6.1159,1174510.8333333333,0.6224461202302529,18169.416666666668,0.009932039640383786,0.01
LL,dp6,0.067275,6.7275,1174556.5833333333,0.621248645046721,18215.166666666668,0.008734564456851798,0.01
LL,dp6,0.074002,7.4002,1174556.75,0.6204583432302531,18215.333333333332,0.007944262640383856,0.01
LL,dp6,0.081403,8.1403,1174557.4166666667,0.6217414485809447,18216.0,0.009227367991075477,0.01
LL,dp6,0.089543,8.9543,1174558.0833333333,0.6217404241675236,18216.666666666668,0.009226343577654414,0.01
LL,dp6,0.098497,9.8497,1174558.0,0.6212861309833279,18216.583333333332,0.008772050393458741,0.01
LL,p2,0.079779,0.1015258335454314,948122.5,0.8343413044852771,-212731.25,0.21640535581917097,0.7858
LL,p2,0.087757,0.11167854415881903,948122.5,0.8342240975413863,-212731.25,0.21628814887528006,0.7858
LL,p2,0.096532,0.12284550776278952,948122.5,0.8356892557114702,-212731.25,0.2177533070453642,0.7858
LL,p2,0.106186,0.13513107660982437,948122.5,0.8352938348563632,-212731.25,0.21735788619025706,0.7858
LL,p2,0.116804,0.14864342071773987,948122.5,0.8346128879179012,-212731.25,0.21667693925179501,0.7858
LL,p2,0.128485,0.16350852634258078,948122.5,0.8350272186211662,-212731.25,0.2170912699550601,0.7858
LL,p2,0.141333,0.17985874268261642,948122.5,0.8355339048503665,-212731.25,0.21759795618426034,0.7858
LL,p2,0.155466,0.1978442351743446,1167659.3333333333,0.6186554720412726,6805.583333333333,0.0007195233751663699,0.7858
LL,p2,0.171013,0.217629167727157,1170434.6666666667,0.6093583004970169,9580.916666666666,-0.008577648169089383,0.7858
LL,p2,0.188114,0.23939170272333926,1172348.5,0.6258457141144252,11494.75,0.00790976544831896,0.7858
LL,p2,0.206926,0.26333163654874014,1173110.5,0.6432312812539854,12256.75,0.02529533258787923,0.7858
LL,p2,0.227618,0.2896640366505472,1173682.6666666667,0.6533544349430633,12828.916666666666,0.03541848627695709,0.7858
LL,p2,0.25038,0.3186306948332909,1169855.9166666667,0.6609029314573776,9002.166666666666,0.04296698279127142,0.7858
LL,p2,0.275418,0.35049376431662,1174551.6666666667,0.6602320231448039,13697.916666666666,0.04229607447869769,0.7858
LL,p2,0.30296,0.385543395265971,1170383.25,0.6649883138178834,9529.5,0.047052365151777215,0.7858
LL,p2,0.333256,0.42409773479256807,1175040.6666666667,0.6648540812629206,14186.916666666666,0.0469181325968143,0.7858
LL,p2,0.366582,0.4665080173072028,1175338.6666666667,0.6642982538781989,14484.916666666666,0.046362305212092746,0.7858
LL,p2,0.40324,0.5131585645202341,1171071.0,0.6615453728382866,10217.25,0.04360942417218049,0.7858
LL,p2,0.443564,0.5644744209722575,1175721.3333333333,0.6610190868008572,14867.583333333334,0.04308313813475096,0.7858
LL,p2,0.48792,0.6209213540341053,1171068.3333333333,0.6576386394450573,10214.583333333334,0.03970269077895113,0.7858
LL,p2,0.536712,0.6830134894375158,1174947.75,0.6504508705928033,14094.0,0.03251492192669703,0.7858
LL,p2,0.590383,0.7513145838635784,1174203.75,0.6466430576361387,13350.0,0.028707108970032525,0.7858
LL,p2,0.649421,0.8264456604734028,1173200.5833333333,0.6372511672304167,12346.833333333334,0.01931521856431062,0.7858
LL,p2,0.714364,0.9090913718503435,1172275.4166666667,0.6259998595068196,11421.666666666666,0.008063910840713368,0.7858
LL,p2,0.7858,1.0,1160853.75,0.6179359486661061,0.0,0.0,0.7858
LL,p2,0.86438,1.0999999999999999,1165802.0833333333,0.60627660390163,4948.333333333333,-0.011659344764476165,0.7858
LL,p2,0.950818,1.21,1168371.8333333333,0.6027292786078049,7518.083333333333,-0.01520667005830136,0.7858
LL,p2,1.0459,1.3310002545176889,1156556.3333333333,0.5813997783903845,-4297.416666666667,-0.03653617027572172,0.7858
LL,p2,1.15049,1.4641002799694578,1159460.0,0.5903126518367386,-1393.75,-0.02762329682936766,0.7858
LL,p2,1.265539,1.6105103079664036,1155056.5,0.5896099420592661,-5797.25,-0.028326006606840076,0.7858
LL,p2,1.392093,1.7715614660218884,1148403.5,0.580822190842181,-12450.25,-0.0371137578239252,0.7858
LL,p2,1.531302,1.9487172308475438,1132549.5,0.5945578817687941,-28304.25,-0.023378066897311988,0.7858
LL,p2,1.684432,2.143588699414609,1123922.6666666667,0.7079736478396997,-36931.083333333336,0.09003769917359361,0.7858
LL,p2,1.852875,2.3579473148383814,1090579.8333333333,0.741943356322329,-70273.91666666667,0.12400740765622281,0.7858
LL,p2,2.038163,2.593742682616442,1045702.9166666666,0.7929989521183608,-115150.83333333333,0.17506300345225465,0.7858
LL,p2,2.241979,2.8531165691015525,1044902.3333333334,0.8266619549438469,-115951.41666666667,0.20872600627774074,0.7858
LL,p2,2.466177,3.138428353270552,1044835.5,0.831548957647707,-116018.25,0.21361300898160085,0.7858
LL,p2,2.712795,3.4522715703741405,1044741.0833333334,0.8313736207340469,-116112.66666666667,0.21343767206794062,0.7858
LL,p2,2.984074,3.7974980911173324,1044673.5,0.8311560001612337,-116180.25,0.21322005149512754,0.7858
LL,p2,3.282482,4.177248663782133,944638.4166666666,0.8348635842308788,-216215.33333333334,0.21692763556477268,0.7858
LL,p2,3.61073,4.594973275642658,944638.4166666666,0.8347760569647313,-216215.33333333334,0.21684010829862524,0.7858
LL,p2,3.971803,5.054470603206923,937835.75,0.8348636087094824,-223018.0,0.21692766004337635,0.7858
LL,p2,4.368983,5.559917281751082,943832.9166666666,0.8355390954918746,-217020.83333333334,0.21760314682576834,0.7858
LL,p2,4.805881,6.115908628149656,943832.9166666666,0.8356212590164541,-217020.83333333334,0.2176853103503479,0.7858
LL,p2,5.286469,6.727499363705777,944638.4166666666,0.8340678891398837,-216215.33333333334,0.21613194047377768,0.7858
LL,p2,5.815116,7.400249427335199,944638.4166666666,0.8357094115879833,-216215.33333333334,0.21777346292187713,0.7858
LL,p2,6.396628,8.140274879104098,944489.25,0.8351784935749628,-216364.5,0.21724254490885656,0.7858
LL,p2,7.036291,8.954302621532197,944321.5833333334,0.835724869431139,-216532.16666666666,0.21778892076503276,0.7858
LL,p2,7.73992,9.84973275642657,944321.5833333334,0.8358580311900909,-216532.16666666666,0.2179220825239848,0.7858
LL,d5D,0.044712,0.1015258855585831,1175486.5833333333,0.6209216415154438,8922.75,0.005563629766573606,0.4404
LL,d5D,0.049183,0.11167801998183469,1175486.5833333333,0.6220608963820452,8922.75,0.006702884633174967,0.4404
LL,d5D,0.054101,0.12284514078110809,1175486.5833333333,0.6222982627282626,8922.75,0.006940250979392483,0.4404
LL,d5D,0.059512,0.13513169845594913,1175486.5833333333,0.62306843991835,8922.75,0.0077104281694798755,0.4404
LL,d5D,0.065463,0.1486444141689373,1175486.5833333333,0.6221177630576493,8922.75,0.0067597513087792145,0.4404
LL,d5D,0.072009,0.16350817438692097,1175486.5833333333,0.6221007997586979,8922.75,0.006742788009827795,0.4404
LL,d5D,0.07921,0.17985921889191644,1169427.0833333333,0.6187380792239209,2863.25,0.003380067475050772,0.4404
LL,d5D,0.087131,0.19784514078110807,1175486.5833333333,0.6223521308689003,8922.75,0.006994119120030164,0.4404
LL,d5D,0.095844,0.21762942779291553,1175486.5833333333,0.6222713320243393,8922.75,0.006913320275469102,0.4404
LL,d5D,0.105428,0.23939146230699362,1175486.5833333333,0.6227923515201003,8922.75,0.007434339771230101,0.4404
LL,d5D,0.115971,0.2633310626702997,1175486.5833333333,0.6232503639316168,8922.75,0.007892352182746634,0.4404
LL,d5D,0.127568,0.2896639418710263,1175486.5833333333,0.6230397730628031,8922.75,0.007681761313933065,0.4404
LL,d5D,0.140325,0.3186307901907357,1175486.5833333333,0.6226183741309622,8922.75,0.00726036238209198,0.4404
LL,d5D,0.154358,0.35049500454132604,1175486.5833333333,0.6228437711804048,8922.75,0.007485759431534594,0.4404
LL,d5D,0.169793,0.38554268846503176,1175486.5833333333,0.6225675420505742,8922.75,0.007209530301703987,0.4404
LL,d5D,0.186773,0.42409854677565845,1175486.5833333333,0.6223815868449338,8922.75,0.007023575096063707,0.4404
LL,d5D,0.20545,0.46650772025431425,1169427.0833333333,0.619415482689059,2863.25,0.004057470940188795,0.4404
LL,d5D,0.225995,0.5131584922797456,1175486.5833333333,0.6238938987986661,8922.75,0.008535887049795974,0.4404
LL,d5D,0.248594,0.5644732061762034,1175486.5833333333,0.6225681531325028,8922.75,0.007210141383632564,0.4404
LL,d5D,0.273454,0.6209218891916439,1175486.5833333333,0.6221943542167048,8922.75,0.006836342467834609,0.4404
LL,d5D,0.300799,0.6830131698455949,1175486.5833333333,0.6222781247984344,8922.75,0.006920113049564257,0.4404
LL,d5D,0.330879,0.7513147138964577,1175486.5833333333,0.6227891836178957,8922.75,0.0074311718690255974,0.4404
LL,d5D,0.363967,0.8264464123524068,1175486.5833333333,0.6228345749240072,8922.75,0.007476563175137073,0.4404
LL,d5D,0.400364,0.9090917347865577,1175486.5833333333,0.6215012088402377,8922.75,0.006143197091367504,0.4404
LL,d5D,0.4404,1.0,1166563.8333333333,0.6153580117488701,0.0,0.0,0.4404
LL,d5D,0.48444,1.0999999999999999,1169427.0833333333,0.617011322443937,2863.25,0.0016533106950667915,0.4404
LL,d5D,0.532884,1.21,1175486.5833333333,0.6233900995243458,8922.75,0.008032087775475621,0.4404
LL,d5D,0.586172,1.3309990917347865,1175486.5833333333,0.6228898760461146,8922.75,0.007531864297244478,0.4404
LL,d5D,0.64479,1.464100817438692,1169427.0833333333,0.6173357012566701,2863.25,0.001977689507800001,0.4404
LL,d5D,0.709269,1.6105108991825614,1175486.5833333333,0.621959232742951,8922.75,0.00660122099408079,0.4404
LL,d5D,0.780195,1.7715599455040871,1175486.5833333333,0.6220501940109537,8922.75,0.006692182262083614,0.4404
LL,d5D,0.858215,1.9487170753860126,1175486.5833333333,0.6234770528946744,8922.75,0.008119041145804334,0.4404
LL,d5D,0.944037,2.1435899182561307,1175486.5833333333,0.6211979536840979,8922.75,0.005839941935227827,0.4404
LL,d5D,1.03844,2.3579473206176202,1169446.25,0.6192862006937836,2882.4166666666665,0.003928188944913434,0.4404
LL,d5D,1.142284,2.5937420526793824,1169446.25,0.6202011502589238,2882.4166666666665,0.004843138510053607,0.4404
LL,d5D,1.256513,2.8531176203451407,1169446.25,0.6207593465388878,2882.4166666666665,0.005401334790017596,0.4404
LL,d5D,1.382164,3.1384287011807444,1169446.25,0.6206729853720544,2882.4166666666665,0.005314973623184255,0.4404
LL,d5D,1.52038,3.4522706630336057,1169446.25,0.6206024639206444,2882.4166666666665,0.005244452171774337,0.4404
LL,d5D,1.672418,3.7974977293369663,1169446.25,0.6191785076172104,2882.4166666666665,0.003820495868340277,0.4404
LL,d5D,1.83966,4.17724795640327,1169446.25,0.6200340621656851,2882.4166666666665,0.0046760504168150046,0.4404
LL,d5D,2.023626,4.594972752043597,1169576.25,0.6205861102682063,3012.4166666666665,0.005228098519336098,0.4404
LL,d5D,2.225989,5.05447093551317,1169576.25,0.6211973923199428,3012.4166666666665,0.005839380571072574,0.4404
LL,d5D,2.448588,5.55991825613079,1169576.25,0.6186348413753128,3012.4166666666665,0.0032768296264426102,0.4404
LL,d5D,2.693446,6.1159082652134416,1169576.25,0.6197629060289871,3012.4166666666665,0.0044048942801168944,0.4404
LL,d5D,2.962791,6.7275,1169576.25,0.6199343091765012,3012.4166666666665,0.004576297427631076,0.4404
LL,d5D,3.25907,7.400249772933696,1169576.25,0.6200815099070244,3012.4166666666665,0.0047234981581541395,0.4404
LL,d5D,3.584977,8.140274750227066,1169576.25,0.6193543367348222,3012.4166666666665,0.00399632498595201,0.4404
LL,d5D,3.943475,8.954302906448682,1169576.25,0.6184129929881638,3012.4166666666665,0.0030549812392935325,0.4404
LL,d5D,4.337822,9.849732061762035,1168770.75,0.6184252575411566,2206.9166666666665,0.003067245792286464,0.4404
LL,q2,0.05855,0.10152592335703138,1167131.0833333333,0.6195811109869953,6417.166666666667,0.001948598355252129,0.5767
LL,q2,0.064405,0.11167851569273453,1171398.5833333333,0.6179037071651324,10684.666666666666,0.00027119453338918703,0.5767
LL,q2,0.070845,0.12284550026010058,1171392.0833333333,0.6181533587986534,10678.166666666666,0.0005208461669101531,0.5767
LL,q2,0.07793,0.13513091728801804,1167053.5,0.6177131893380099,6339.583333333333,8.067670626674128e-05,0.5767
LL,q2,0.085723,0.14864400901681982,1171300.0,0.6193869705626708,10586.083333333334,0.001754457930927535,0.5767
LL,q2,0.094295,0.16350788971735739,1171375.5,0.619202740291738,10661.583333333334,0.001570227659994733,0.5767
LL,q2,0.103725,0.17985954569100052,1171224.3333333333,0.6195500203203196,10510.416666666666,0.0019175076885763938,0.5767
LL,q2,0.114097,0.19784463325819318,1171277.0833333333,0.6190423463708371,10563.166666666666,0.001409833739093776,0.5767
LL,q2,0.125507,0.21762961678515694,1171321.9166666667,0.6204784135863936,10608.0,0.0028459009546503156,0.5767
LL,q2,0.138057,0.23939136466100228,1171364.0,0.6201022410105996,10650.083333333334,0.0024697283788564506,0.5767
LL,q2,0.151863,0.26333102132824693,1171388.5833333333,0.6207340764994994,10674.666666666666,0.003101563867756276,0.5767
LL,q2,0.167049,0.2896636032599272,1171394.0833333333,0.6187087689178156,10680.166666666666,0.0010762562860723301,0.5767
LL,q2,0.183754,0.3186301369863014,1171294.6666666667,0.6194545923345949,10580.75,0.0018220797028516977,0.5767
LL,q2,0.20213,0.3504941910872204,1166950.4166666667,0.620322860919705,6236.5,0.002690348287961821,0.5767
LL,q2,0.222343,0.38554361019594247,1171278.9166666667,0.6209222330307247,10565.0,0.0032897203989814736,0.5767
LL,q2,0.244577,0.4240974510143922,1171389.5,0.6181023806538771,10675.583333333334,0.00046986802213381623,0.5767
LL,q2,0.269035,0.46650771631697596,1171392.8333333333,0.6202966170746872,10678.916666666666,0.002664104442944006,0.5767
LL,q2,0.295938,0.5131576209467661,1171399.4166666667,0.6206006166243446,10685.5,0.0029681039926013806,0.5767
LL,q2,0.325532,0.5644737298422057,1171312.0,0.6207152087556543,10598.083333333334,0.0030826961239110717,0.5767
LL,q2,0.358085,0.6209207560256632,1171325.8333333333,0.6199058686781006,10611.916666666666,0.0022733560463572924,0.5767
LL,q2,0.393894,0.6830136986301371,1171364.8333333333,0.619881356081006,10650.916666666666,0.002248843449262831,0.5767
LL,q2,0.433283,0.7513143748916248,1171389.9166666667,0.6196112439301568,10676.0,0.0019787312984135643,0.5767
LL,q2,0.476612,0.8264470261834576,1171388.0833333333,0.6179950591013165,10674.166666666666,0.0003625464695732235,0.5767
LL,q2,0.524273,0.9090913820010404,1171294.9166666667,0.6195426198481074,10581.0,0.0019101072163641246,0.5767
LL,q2,0.5767,1.0,1160713.9166666667,0.6176325126317432,0.0,0.0,0.5767
LL,q2,0.63437,1.1,1167049.4166666667,0.6185716060211502,6335.5,0.0009390933894070456,0.5767
LL,q2,0.697807,1.21,1171398.25,0.6184306549270889,10684.333333333334,0.0007981422953457588,0.5767
LL,q2,0.767588,1.3310005202011446,1171326.0833333333,0.6179487236915326,10612.166666666666,0.0003162110597894248,0.5767
LL,q2,0.844346,1.4640991850182072,1171225.3333333333,0.6175060347127411,10511.416666666666,-0.0001264779190021196,0.5767
LL,q2,0.928781,1.6105097971215536,1171320.9166666667,0.6195831744971175,10607.0,0.0019506618653742924,0.5767
LL,q2,1.021659,1.7715606034333278,1167142.75,0.6205673451052183,6428.833333333333,0.0029348324734750444,0.5767
LL,q2,1.123825,1.948716837177042,1167073.8333333333,0.6210656973586215,6359.916666666667,0.0034331847268782947,0.5767
LL,q2,1.236208,2.1435893878966534,1166982.25,0.6211273018027653,6268.333333333333,0.0034947891710221113,0.5767
LL,q2,1.359828,2.357946939483267,1167096.25,0.6206066828306755,6382.333333333333,0.0029741701989322578,0.5767
LL,q2,1.495811,2.5937419802323567,1167136.25,0.6194666642802656,6422.333333333333,0.00183415164852239,0.5767
LL,q2,1.645392,2.853116004855211,1167074.0,0.6192826829964886,6360.083333333333,0.0016501703647453143,0.5767
LL,q2,1.809932,3.138428992543784,1167149.3333333333,0.6200520983046621,6435.416666666667,0.0024195856729189538,0.5767
LL,q2,1.990925,3.4522715449973993,1167054.0,0.619778263635927,6340.083333333333,0.0021457510041838213,0.5767
LL,q2,2.190017,3.7974978324952318,1167144.8333333333,0.6203705899128545,6430.916666666667,0.0027380772811113527,0.5767
LL,q2,2.409019,4.177248135945899,1167214.0,0.6193887272787615,6500.083333333333,0.0017562146470182043,0.5767
LL,q2,2.649921,4.59497312294087,1167264.9166666667,0.6195844618439308,6551.0,0.0019519492121875999,0.5767
LL,q2,2.914913,5.054470261834576,1167199.9166666667,0.6199650239463087,6486.0,0.0023325113145654295,0.5767
LL,q2,3.206404,5.5599167678168895,1160848.0833333333,0.6189291887797697,134.16666666666666,0.0012966761480264488,0.5767
LL,q2,3.527045,6.115909485000867,1167270.5,0.6199327656178825,6556.583333333333,0.0023002529861392562,0.5767
LL,q2,3.879749,6.727499566499046,1167248.75,0.6188188268349116,6534.833333333333,0.0011863142031683742,0.5767
LL,q2,4.267724,7.400249696549333,1166393.0833333333,0.6180000686958117,5679.166666666667,0.00036755606406846386,0.5767
LL,q2,4.694497,8.140275706606555,1160094.0833333333,0.6170703560762596,-619.8333333333334,-0.0005621565554836394,0.5767
LL,q2,5.163946,8.95430206346454,1167218.3333333333,0.6205226654432966,6504.416666666667,0.0028901528115533037,0.5767
LL,q2,5.680341,9.84973296341252,1167263.0,0.6194912025410684,6549.083333333333,0.0018586899093250935,0.5767
LL,v2,0.170786,0.10152538342646535,946804.3333333334,0.8342349059224103,-213885.58333333334,0.21467628987938556,1.6822
LL,v2,0.187865,0.11167815955296637,946804.3333333334,0.834604492159846,-213885.58333333334,0.21504587611682116,1.6822
LL,v2,0.206651,0.1228456782784449,946804.3333333334,0.8349744255120829,-213885.58333333334,0.21541580946905806,1.6822
LL,v2,0.227317,0.13513078111996196,946804.3333333334,0.8342756958403578,-213885.58333333334,0.21471707979733287,1.6822
LL,v2,0.250048,0.14864344311021283,946804.3333333334,0.8341749229259953,-213885.58333333334,0.21461630688297043,1.6822
LL,v2,0.275053,0.16350790631316134,946804.3333333334,0.8348272269849765,-213885.58333333334,0.21526861094195157,1.6822
LL,v2,0.302558,0.1798585186065866,946804.3333333334,0.8350718260642966,-213885.58333333334,0.21551321002127177,1.6822
LL,v2,0.332814,0.1978444893591725,946804.3333333334,0.8346106777987269,-213885.58333333334,0.21505206175570205,1.6822
LL,v2,0.366096,0.21762929497087147,1169541.3333333333,0.6215572427998729,8851.416666666666,0.001998626756847912,1.6822
LL,v2,0.402705,0.23939186779217692,1171253.0833333333,0.6398102606567232,10563.166666666666,0.02025164461369819,1.6822
LL,v2,0.442976,0.2633313518012127,1171971.6666666667,0.6530772754610505,11281.75,0.0335186594180256,1.6822
LL,v2,0.487273,0.28966413030555227,1172512.5833333333,0.6611606177695741,11822.666666666666,0.041602001726549216,1.6822
LL,v2,0.536001,0.3186309594578528,1172991.0,0.6665332730570702,12301.083333333334,0.04697465701404529,1.6822
LL,v2,0.589601,0.3504939959576745,1173322.9166666667,0.6696183477708315,12633.0,0.05005973172780662,1.6822
LL,v2,0.648561,0.3855433361074784,1173636.75,0.6696407203477043,12946.833333333334,0.050082104304679215,1.6822
LL,v2,0.713417,0.4240976102722625,1173883.0,0.6696663817041516,13193.083333333334,0.05010776566112674,1.6822
LL,v2,0.784759,0.4665075496373796,1174123.4166666667,0.6687464002615967,13433.5,0.04918778421857172,1.6822
LL,v2,0.863235,0.5131583640470813,1174420.25,0.6669289377330007,13730.333333333334,0.04737032168997571,1.6822
LL,v2,0.949558,0.5644739032219712,1174543.0,0.6681879807643166,13853.083333333334,0.048629364721291785,1.6822
LL,v2,1.044514,0.6209214124360956,1170973.25,0.6635642752647485,10283.333333333334,0.04400565922172348,1.6822
LL,v2,1.148965,0.6830133158958507,1170491.0,0.6575201414080151,9801.083333333334,0.037961525364990124,1.6822
LL,v2,1.263862,0.7513149447152538,1169750.75,0.6530352559140804,9060.833333333334,0.03347663987105549,1.6822
LL,v2,1.390248,0.826446320294852,1168813.0833333333,0.6437292549329633,8123.166666666667,0.024170638889938405,1.6822
LL,v2,1.529273,0.9090910712162645,1168035.75,0.6322589080148461,7345.833333333333,0.012700291971821135,1.6822
LL,v2,1.6822,1.0,1160689.9166666667,0.619558616043025,0.0,0.0,1.6822
LL,v2,1.85042,1.1,1165680.75,0.6068911371069504,4990.833333333333,-0.012667478936074486,1.6822
LL,v2,2.035462,1.21,1164245.5833333333,0.5884283024319049,3555.6666666666665,-0.031130313611120116,1.6822
LL,v2,2.239008,1.330999881108073,1162153.25,0.5828579986436054,1463.3333333333333,-0.03670061739941946,1.6822
LL,v2,2.462909,1.4640999881108072,1159391.0833333333,0.5822699360255592,-1298.8333333333333,-0.0372886800174658,1.6822
LL,v2,2.7092,1.6105100463678517,1149946.4166666667,0.5824356968706997,-10743.5,-0.03712291917232516,1.6822
LL,v2,2.98012,1.771561051004637,1148558.4166666667,0.577244829021668,-12131.5,-0.042313787021356984,1.6822
LL,v2,3.278132,1.9487171561051004,1136969.4166666667,0.5921802893924354,-23720.5,-0.027378326650589563,1.6822
LL,v2,3.605945,2.1435887528236837,1123238.6666666667,0.6876803252693092,-37451.25,0.06812170922628429,1.6822
LL,v2,3.96654,2.35794792533587,1058179.8333333333,0.733048843631864,-102510.08333333333,0.11349022758883896,1.6822
LL,v2,4.363194,2.593742717869457,1044350.6666666666,0.8000221005896009,-116339.25,0.18046348454657588,1.6822
LL,v2,4.799513,2.853116751872548,1043737.8333333334,0.8283717917394325,-116952.08333333333,0.2088131756964077,1.6822
LL,v2,5.279464,3.1384282487219117,1044471.5,0.8305706823440939,-116218.41666666667,0.21101206630106906,1.6822
LL,v2,5.807411,3.4522714302698847,1044393.5,0.8311120641221542,-116296.41666666667,0.2115534480791292,1.6822
LL,v2,6.388152,3.7974985138509094,1044176.5833333334,0.8326229338010248,-116513.33333333333,0.21306431775799992,1.6822
LL,v2,7.026967,4.177248246344074,943843.5833333334,0.8349571822939827,-216846.33333333334,0.21539856625095788,1.6822
LL,v2,7.729664,4.5949732493163715,943843.5833333334,0.8354554149347181,-216846.33333333334,0.2158967988916932,1.6822
LL,v2,8.50263,5.054470336464155,944102.9166666666,0.8352694741403758,-216587.0,0.21571085809735088,1.6822
LL,v2,9.352893,5.559917370110569,944073.0833333334,0.8352437166565118,-216616.83333333334,0.21568510061348686,1.6822
LL,v2,10.288182,6.115908928783736,944038.4166666666,0.8353559396954683,-216651.5,0.2157973236524434,1.6822
LL,v2,11.317,6.727499702770182,937583.25,0.8346103625965199,-223106.66666666666,0.21505174655349504,1.6822
LL,v2,12.4487,7.400249673047201,944038.4166666666,0.8338647751499034,-216651.5,0.21430615910687853,1.6822
LL,v2,13.69357,8.14027464035192,944038.4166666666,0.8348391717539875,-216651.5,0.2152805557109625,1.6822
LL,v2,15.062928,8.954302698846748,944038.4166666666,0.8350125305109902,-216651.5,0.21545391446796539,1.6822
LL,v2,16.56922,9.849732493163716,944038.4166666666,0.8351726837796986,-216651.5,0.21561406773667358,1.6822
LL,d2D,0.037686,0.10152478448275862,1175487.8333333333,0.622124002203473,8924.0,0.004686529125902385,0.3712
LL,d2D,0.041455,0.11167834051724139,1175487.8333333333,0.6217390485558404,8924.0,0.004301575478269731,0.3712
LL,d2D,0.0456,0.1228448275862069,1166563.8333333333,0.6166495353572327,0.0,-0.0007879377203377872,0.3712
LL,d2D,0.05016,0.1351293103448276,1169427.0833333333,0.6193166540344038,2863.25,0.0018791809568332503,0.3712
LL,d2D,0.055177,0.1486449353448276,1175487.8333333333,0.6226862424068237,8924.0,0.005248769329253046,0.3712
LL,d2D,0.060694,0.16350754310344828,1175487.8333333333,0.6221865457086043,8924.0,0.004749072631033829,0.3712
LL,d2D,0.066764,0.17985991379310348,1175487.8333333333,0.6218028029106845,8924.0,0.004365329833113986,0.3712
LL,d2D,0.07344,0.19784482758620692,1169427.0833333333,0.6177935007796401,2863.25,0.0003560277020695594,0.3712
LL,d2D,0.080784,0.21762931034482758,1175487.8333333333,0.6219811271769071,8924.0,0.004543654099336575,0.3712
LL,d2D,0.088862,0.23939116379310346,1175487.8333333333,0.6227747061877006,8924.0,0.005337233110129985,0.3712
LL,d2D,0.097749,0.2633324353448276,1175487.8333333333,0.6212567673751833,8924.0,0.003819294297612713,0.3712
LL,d2D,0.107523,0.28966325431034484,1175487.8333333333,0.6227340146539914,8924.0,0.005296541576420834,0.3712
LL,d2D,0.118276,0.3186314655172414,1175487.8333333333,0.6234202654468591,8924.0,0.005982792369288549,0.3712
LL,d2D,0.130103,0.3504929956896552,1175487.8333333333,0.6233713742231854,8924.0,0.005933901145614827,0.3712
LL,d2D,0.143114,0.38554418103448274,1175487.8333333333,0.6226828383802866,8924.0,0.005245365302715975,0.3712
LL,d2D,0.157425,0.4240975215517242,1175487.8333333333,0.6224553547854147,8924.0,0.005017881707844109,0.3712
LL,d2D,0.173168,0.46650862068965515,1175487.8333333333,0.6226948699932414,8924.0,0.005257396915670759,0.3712
LL,d2D,0.190484,0.5131573275862069,1175487.8333333333,0.6224020332137773,8924.0,0.004964560136206765,0.3712
LL,d2D,0.209533,0.564474676724138,1175487.8333333333,0.6233805524549744,8924.0,0.005943079377403839,0.3712
LL,d2D,0.230486,0.6209213362068966,1175487.8333333333,0.6229024706976795,8924.0,0.005464997620108926,0.3712
LL,d2D,0.253535,0.6830145474137932,1175487.8333333333,0.6238670053783961,8924.0,0.006429532300825612,0.3712
LL,d2D,0.278888,0.7513146551724139,1175487.8333333333,0.6226870375508068,8924.0,0.00524956447323624,0.3712
LL,d2D,0.306777,0.8264466594827587,1175487.8333333333,0.6219623297212461,8924.0,0.004524856643675458,0.3712
LL,d2D,0.337455,0.9090921336206897,1175487.8333333333,0.6222237041975829,8924.0,0.004786231120012373,0.3712
LL,d2D,0.3712,1.0,1166563.8333333333,0.6174374730775706,0.0,0.0,0.3712
LL,d2D,0.40832,1.1,1169427.0833333333,0.6185527923790978,2863.25,0.0011153193015271679,0.3712
LL,d2D,0.449152,1.21,1175487.8333333333,0.6214306344183506,8924.0,0.003993161340779973,0.3712
LL,d2D,0.494067,1.3309994612068965,1175487.8333333333,0.6209378701628783,8924.0,0.003500397085307666,0.3712
LL,d2D,0.543474,1.4641002155172416,1175487.8333333333,0.6215133061760968,8924.0,0.004075833098526317,0.3712
LL,d2D,0.597821,1.610509159482759,1175487.8333333333,0.6226270205096571,8924.0,0.00518954743208654,0.3712
LL,d2D,0.657603,1.771559806034483,1175487.8333333333,0.6221510746152613,8924.0,0.0047136015376907274,0.3712
LL,d2D,0.723364,1.9487176724137933,1175487.8333333333,0.6224614518910325,8924.0,0.005023978813461884,0.3712
LL,d2D,0.7957,2.1435883620689657,1166563.8333333333,0.6163635665733153,0.0,-0.0010739065042552436,0.3712
LL,d2D,0.87527,2.357947198275862,1169427.0833333333,0.6187294425064165,2863.25,0.0012919694288459165,0.3712
LL,d2D,0.962797,2.5937419181034485,1175487.8333333333,0.622444985126509,8924.0,0.005007512048938391,0.3712
LL,d2D,1.059077,2.853116918103449,1169446.25,0.6198501308577954,2882.4166666666665,0.002412657780224897,0.3712
LL,d2D,1.164985,3.138429418103448,1169446.25,0.6195661132156185,2882.4166666666665,0.002128640138047968,0.3712
LL,d2D,1.281483,3.4522710129310346,1169446.25,0.6202999363702016,2882.4166666666665,0.0028624632926310956,0.3712
LL,d2D,1.409631,3.7974973060344834,1169446.25,0.6188731026713393,2882.4166666666665,0.001435629593768815,0.3712
LL,d2D,1.550595,4.177249461206896,1169446.25,0.6202947149472434,2882.4166666666665,0.002857241869672761,0.3712
LL,d2D,1.705654,4.594973060344828,1169446.25,0.6190705516738096,2882.4166666666665,0.0016330785962391698,0.3712
LL,d2D,1.876219,5.054469288793104,1169446.25,0.6196371810466322,2882.4166666666665,0.002199707969061595,0.3712
LL,d2D,2.063841,5.559916487068966,1169576.25,0.6197518206699,3012.4166666666665,0.0023143475923294112,0.3712
LL,d2D,2.270225,6.1159078663793105,1169576.25,0.6202996138214073,3012.4166666666665,0.0028621407438366997,0.3712
LL,d2D,2.497248,6.7275,1169576.25,0.6189792442826046,3012.4166666666665,0.0015417712050340981,0.3712
LL,d2D,2.746973,7.400250538793104,1169576.25,0.6181970989054809,3012.4166666666665,0.0007596258279102727,0.3712
LL,d2D,3.02167,8.14027478448276,1169576.25,0.6199496560350628,3012.4166666666665,0.0025121829574922907,0.3712
LL,d2D,3.323837,8.954302262931035,1169576.25,0.6202808087902535,3012.4166666666665,0.002843335712682906,0.3712
LL,d2D,3.656221,9.849733297413794,1169576.25,0.6201558011822654,3012.4166666666665,0.0027183281046948282,0.3712
LL,v5,0.011462,0.10152347209920283,1170044.4166666667,0.6219498498199544,9379.666666666666,0.0025977825038148994,0.1129
LL,v5,0.012608,0.11167404782993799,1170044.4166666667,0.6224514546480012,9379.666666666666,0.0030993873318615936,0.1129
LL,v5,0.013869,0.12284322409211691,1170044.4166666667,0.6223215983394846,9379.666666666666,0.0029695310233451198,0.1129
LL,v5,0.015256,0.13512843224092116,1170044.4166666667,0.6227290042919182,9379.666666666666,0.003376936975778705,0.1129
LL,v5,0.016782,0.1486448184233835,1170044.4166666667,0.621684173750327,9379.666666666666,0.002332106434187455,0.1129
LL,v5,0.01846,0.16350752878653677,1166768.0,0.6203952105173508,6103.25,0.001043143201211257,0.1129
LL,v5,0.020306,0.17985828166519044,1170044.4166666667,0.6222226736153955,9379.666666666666,0.002870606299255979,0.1129
LL,v5,0.022337,0.1978476527900797,1170044.4166666667,0.6227685538540735,9379.666666666666,0.0034164865379339624,0.1129
LL,v5,0.02457,0.21762621789193978,1166768.0,0.62023831038502,6103.25,0.0008862430688804471,0.1129
LL,v5,0.027027,0.23938883968113372,1170044.4166666667,0.621556269281427,9379.666666666666,0.002204201965287487,0.1129
LL,v5,0.02973,0.2633303808680248,1166768.0,0.6207164477952964,6103.25,0.0013643804791569347,0.1129
LL,v5,0.032703,0.2896634189548273,1170044.4166666667,0.6219067308227616,9379.666666666666,0.002554663506622007,0.1129
LL,v5,0.035973,0.3186271036315323,1170044.4166666667,0.6218284707778927,9379.666666666666,0.0024764034617531794,0.1129
LL,v5,0.039571,0.3504960141718335,1170044.4166666667,0.6218168409476761,9379.666666666666,0.002464773631536493,0.1129
LL,v5,0.043528,0.38554472984942423,1170044.4166666667,0.6215277392885737,9379.666666666666,0.0021756719724341698,0.1129
LL,v5,0.047881,0.4241009743135518,1170044.4166666667,0.6203802601520453,9379.666666666666,0.0010281928359057817,0.1129
LL,v5,0.052669,0.46651018600531446,1170044.4166666667,0.6223141418611277,9379.666666666666,0.0029620745449881747,0.1129
LL,v5,0.057936,0.5131620903454385,1170044.4166666667,0.6213501874634274,9379.666666666666,0.001998120147287813,0.1129
LL,v5,0.063729,0.5644729849424269,1170044.4166666667,0.6215775753395385,9379.666666666666,0.0022255080233989644,0.1129
LL,v5,0.070102,0.6209211691762622,1170044.4166666667,0.6211749522364388,9379.666666666666,0.0018228849202992596,0.1129
LL,v5,0.077112,0.6830115146147033,1170044.4166666667,0.6208656361802857,9379.666666666666,0.0015135688641461549,0.1129
LL,v5,0.084823,0.7513108945969884,1170044.4166666667,0.6215436018039239,9379.666666666666,0.0021915344877843725,0.1129
LL,v5,0.093306,0.8264481842338353,1170044.4166666667,0.6219804838433322,9379.666666666666,0.002628416527192673,0.1129
LL,v5,0.102636,0.9090876882196635,1170044.4166666667,0.6226612053338041,9379.666666666666,0.003309138017664572,0.1129
LL,v5,0.1129,1.0,1160664.75,0.6193520673161395,0.0,0.0,0.1129
LL,v5,0.12419,1.0999999999999999,1166768.0,0.621222624737026,6103.25,0.0018705574208865057,0.1129
LL,v5,0.136609,1.21,1170044.4166666667,0.6223271766196302,9379.666666666666,0.0029751093034906064,0.1129
LL,v5,0.15027,1.3310008857395925,1166768.0,0.6212121341832579,6103.25,0.0018600668671184077,0.1129
LL,v5,0.165297,1.4641009743135518,1170044.4166666667,0.6225122501594142,9379.666666666666,0.003160182843274656,0.1129
LL,v5,0.181827,1.6105137289636846,1170044.4166666667,0.6227481810937858,9379.666666666666,0.003396113777646268,0.1129
LL,v5,0.200009,1.7715589016829052,1170044.4166666667,0.6220984214696229,9379.666666666666,0.00274635415348339,0.1129
LL,v5,0.22001,1.9487156775907883,1166768.0,0.6217794246671454,6103.25,0.00242735735100591,0.1129
LL,v5,0.242011,2.143587245349867,1170044.4166666667,0.6223401293117233,9379.666666666666,0.002988061995583833,0.1129
LL,v5,0.266212,2.3579450841452614,1170044.4166666667,0.6230606834902986,9379.666666666666,0.0037086161741591017,0.1129
LL,v5,0.292834,2.5937466784765277,1170044.4166666667,0.6228370854485382,9379.666666666666,0.0034850181323986262,0.1129
LL,v5,0.322117,2.8531178033658104,1170044.4166666667,0.6232963881825692,9379.666666666666,0.003944320866429661,0.1129
LL,v5,0.354329,3.138432240921169,1170044.4166666667,0.6221137560720539,9379.666666666666,0.0027616887559143988,0.1129
LL,v5,0.389761,3.452267493356953,1170044.4166666667,0.6217322671811548,9379.666666666666,0.002380199865015318,0.1129
LL,v5,0.428738,3.7975022143489814,1170044.4166666667,0.6211163510208705,9379.666666666666,0.001764283704730964,0.1129
LL,v5,0.471611,4.177245349867139,1170044.4166666667,0.6206435576267284,9379.666666666666,0.001291490310588848,0.1129
LL,v5,0.518772,4.59496899911426,1170044.4166666667,0.6217707502972564,9379.666666666666,0.002418682981116832,0.1129
LL,v5,0.57065,5.054472984942427,1166768.0,0.6201034528183434,6103.25,0.0007513855022039199,0.1129
LL,v5,0.627715,5.55992028343667,1170044.4166666667,0.6213824209207458,9379.666666666666,0.0020303536046063406,0.1129
LL,v5,0.690486,6.115907883082374,1170044.4166666667,0.6210575192957728,9379.666666666666,0.0017054519796332972,0.1129
LL,v5,0.759535,6.727502214348981,1170044.4166666667,0.6215487174245737,9379.666666666666,0.002196650108434145,0.1129
LL,v5,0.835488,7.400248007085917,1170044.4166666667,0.6218467442868244,9379.666666666666,0.0024946769706848115,0.1129
LL,v5,0.919037,8.140274579273694,1170044.4166666667,0.6220218251686951,9379.666666666666,0.002669757852555512,0.1129
LL,v5,1.010941,8.954304694419841,1166795.5,0.6210888929816306,6130.75,0.001736825665491104,0.1129
LL,v5,1.112035,9.849734278122233,1166795.5,0.6220764957277473,6130.75,0.0027244284116076565,0.1129
LL,Bp4,0.042103,0.1015264046298529,1174028.1666666667,0.6160664200902148,8458.833333333334,0.00024919476040133337,0.4147
LL,Bp4,0.046313,0.11167832167832167,1174015.9166666667,0.6160619530585197,8446.583333333334,0.00024472772870624365,0.4147
LL,Bp4,0.050944,0.12284543043163733,1174090.5,0.6164545861583757,8521.166666666666,0.0006373608285622315,0.4147
LL,Bp4,0.056039,0.1351314203038341,1174171.25,0.6171945068942054,8601.916666666666,0.0013772815643918839,0.4147
LL,Bp4,0.061643,0.14864480347238967,1174198.0,0.617089870237339,8628.666666666666,0.001272644907525498,0.4147
LL,Bp4,0.067807,0.16350856040511214,1174254.25,0.6167247713320602,8684.916666666666,0.0009075460022467766,0.4147
LL,Bp4,0.074587,0.17985772847841813,1174280.3333333333,0.6167006531457238,8711.0,0.0008834278159102668,0.4147
LL,Bp4,0.082046,0.19784422474077645,1174297.3333333333,0.6185339827864318,8728.0,0.002716757456618313,0.4147
LL,Bp4,0.090251,0.21762961176754278,1174296.1666666667,0.6194409045572172,8726.833333333334,0.003623679227403901,0.4147
LL,Bp4,0.099276,0.2393923318061249,1174308.1666666667,0.6194339025419289,8738.833333333334,0.0036166772121154767,0.4147
LL,Bp4,0.109203,0.26333011815770435,1174271.25,0.6205109437890087,8701.916666666666,0.00469371845919526,0.4147
LL,Bp4,0.120124,0.28966481794068,1174279.25,0.6214975580139742,8709.916666666666,0.0056803326841607564,0.4147
LL,Bp4,0.132136,0.3186303351820593,1174237.6666666667,0.6219986287580827,8668.333333333334,0.006181403428269107,0.4147
LL,Bp4,0.14535,0.3504943332529539,1169516.0833333333,0.616364607514954,3946.75,0.0005473821851405084,0.4147
LL,Bp4,0.159885,0.38554376657824935,1174324.6666666667,0.6216721445859826,8755.333333333334,0.005854919256169183,0.4147
LL,Bp4,0.175873,0.4240969375452134,1174333.9166666667,0.62081787305595,8764.583333333334,0.00500064772613662,0.4147
LL,Bp4,0.193461,0.4665083192669399,1174331.25,0.6207840045770037,8761.916666666666,0.004966779247190217,0.4147
LL,Bp4,0.212807,0.5131589100554618,1174326.5,0.6226127469670851,8757.166666666666,0.006795521637271641,0.4147
LL,Bp4,0.234087,0.5644731130938027,1174368.0,0.6211776432813595,8798.666666666666,0.00536041795154607,0.4147
LL,Bp4,0.257496,0.6209211478176996,1174437.5833333333,0.6210260758508832,8868.25,0.0052088505210697396,0.4147
LL,Bp4,0.283246,0.6830142271521582,1174464.0,0.6226463183291394,8894.666666666666,0.006829092999325863,0.4147
LL,Bp4,0.31157,0.751314203038341,1169676.5833333333,0.6180545932634137,4107.25,0.0022373679336001964,0.4147
LL,Bp4,0.342727,0.8264456233421751,1174598.1666666667,0.620245924351876,9028.833333333334,0.00442869902206261,0.4147
LL,Bp4,0.377,0.9090909090909091,1159174.1666666667,0.6160551704790239,-6395.166666666667,0.00023794514921049448,0.4147
LL,Bp4,0.4147,1.0,1165569.3333333333,0.6158172253298134,0.0,0.0,0.4147
LL,Bp4,0.45617,1.1,1169983.75,0.6197454434632078,4414.416666666667,0.003928218133394372,0.4147
LL,Bp4,0.501787,1.21,1174972.5833333333,0.6247545941059444,9403.25,0.008937368776130892,0.4147
LL,Bp4,0.551966,1.3310007234145165,1175093.75,0.6221102947916494,9524.416666666666,0.006293069461835915,0.4147
LL,Bp4,0.607162,1.464099348926935,1175425.75,0.6276589807699968,9856.416666666666,0.011841755440183352,0.4147
LL,Bp4,0.667879,1.6105112129250059,1175229.3333333333,0.6259559460585892,9660.0,0.010138720728775771,0.4147
LL,Bp4,0.734666,1.771560163973957,1174701.5,0.6206103969860272,9132.166666666666,0.004793171656213652,0.4147
LL,Bp4,0.808133,1.9487171449240415,1173939.5833333333,0.6170124791825394,8370.25,0.0011952538527260266,0.4147
LL,Bp4,0.888946,2.143588136001929,1172797.0833333333,0.6090466583198985,7227.75,-0.006770567009914935,0.4147
LL,Bp4,0.977841,2.3579479141548108,1171049.8333333333,0.6007968223726826,5480.5,-0.015020402957130882,0.4147
LL,Bp4,1.075625,2.5937424644321196,1163282.1666666667,0.5858642901505458,-2287.1666666666665,-0.029952935179267653,0.4147
LL,Bp4,1.183188,2.853117916566192,1155191.5833333333,0.5791007704301858,-10377.75,-0.03671645489962769,0.4147
LL,Bp4,1.301506,3.138427779117434,1109108.0,0.7328521137585611,-56461.333333333336,0.11703488842874755,0.4147
LL,Bp4,1.431657,3.4522715215818662,1092456.5,0.7521313154505904,-73112.83333333333,0.13631409012077692,0.4147
LL,Bp4,1.574823,3.79749939715457,1109161.0,0.7346169053277222,-56408.333333333336,0.11879967999790873,0.4147
LL,Bp4,1.732305,4.17724861345551,1108148.5,0.7334779588242281,-57420.833333333336,0.11766073349441449,0.4147
LL,Bp4,1.905535,4.5949722691102,1110809.75,0.7343402581747361,-54759.583333333336,0.11852303284492262,0.4147
LL,Bp4,2.096089,5.054470701712081,1111114.9166666667,0.734652745490236,-54454.416666666664,0.1188355201604225,0.4147
LL,Bp4,2.305698,5.559918013021461,1108788.75,0.7337389976389918,-56780.583333333336,0.11792177230917833,0.4147
LL,Bp4,2.536267,6.11590788521823,1111241.3333333333,0.7341983584398548,-54328.0,0.11838113311004128,0.4147
LL,Bp4,2.789894,6.727499397154569,1111235.3333333333,0.7355058779525651,-54334.0,0.11968865262275163,0.4147
LL,Bp4,3.068884,7.40025078369906,1111426.0,0.7353267272734415,-54143.333333333336,0.11950950194362807,0.4147
LL,Bp4,3.375772,8.140274897516276,1111358.25,0.7359020742567196,-54211.083333333336,0.12008484892690617,0.4147
LL,Bp4,3.713349,8.95430190499156,1111296.25,0.7356895466172588,-54273.083333333336,0.11987232128744536,0.4147
LL,Bp4,4.084684,9.849732336628888,1110491.9166666667,0.7377216966290772,-55077.416666666664,0.12190447129926363,0.4147
LL,K3,0.226148,0.10152547699214365,949229.1666666666,0.8346300338734243,-211789.16666666666,0.21458954234783265,2.2275
LL,K3,0.248763,0.11167811447811449,949229.1666666666,0.8345560247514822,-211789.16666666666,0.21451553322589056,2.2275
LL,K3,0.273639,0.12284579124579126,949229.1666666666,0.8348429728686574,-211789.16666666666,0.21480248134306587,2.2275
LL,K3,0.301003,0.1351304152637486,949229.1666666666,0.8349866449767647,-211789.16666666666,0.21494615345117304,2.2275
LL,K3,0.331104,0.14864377104377105,949229.1666666666,0.8345705403160179,-211789.16666666666,0.21453004879042617,2.2275
LL,K3,0.364214,0.16350796857463523,949229.1666666666,0.8346103347306167,-211789.16666666666,0.21456984320502506,2.2275
LL,K3,0.400635,0.17985858585858586,949229.1666666666,0.8352228751405342,-211789.16666666666,0.21518238361494255,2.2275
LL,K3,0.440699,0.1978446689113356,949229.1666666666,0.834954687634896,-211789.16666666666,0.2149141961093044,2.2275
LL,K3,0.484769,0.21762918069584736,1153826.6666666667,0.5900697423307176,-7191.666666666667,-0.029970749194874052,2.2275
LL,K3,0.533246,0.2393921436588103,1161727.9166666667,0.6062847440715987,709.5833333333334,-0.013755747453992903,2.2275
LL,K3,0.58657,0.263331088664422,1160846.5,0.6090026125183289,-171.83333333333334,-0.011037879007262727,2.2275
LL,K3,0.645227,0.2896641975308642,1168310.8333333333,0.6024030573174161,7292.5,-0.017637434208175668,2.2275
LL,K3,0.70975,0.3186307519640853,1164485.9166666667,0.594607310466667,3467.5833333333335,-0.02543318105892467,2.2275
LL,K3,0.780725,0.3504938271604938,1170638.5,0.5911430077534825,9620.166666666666,-0.028897483772109076,2.2275
LL,K3,0.858798,0.3855434343434343,1171219.25,0.5948756616305997,10200.916666666666,-0.025164829894992035,2.2275
LL,K3,0.944677,0.42409741863075195,1171439.1666666667,0.5944541372329942,10420.833333333334,-0.02558635429259747,2.2275
LL,K3,1.039145,0.46650729517396183,1166589.4166666667,0.6063038478164969,5571.083333333333,-0.013736643709094795,2.2275
LL,K3,1.14306,0.5131582491582491,1166625.0833333333,0.6096612320384523,5606.75,-0.01037925948713935,2.2275
LL,K3,1.257366,0.564474074074074,1166706.8333333333,0.6132706324801824,5688.5,-0.006769859045409184,2.2275
LL,K3,1.383102,0.6209212121212121,1161166.3333333333,0.6150026967208201,148.0,-0.005037794804771493,2.2275
LL,K3,1.521412,0.6830132435465769,1166321.0,0.612395995581228,5302.666666666667,-0.007644495944363551,2.2275
LL,K3,1.673554,0.7513149270482604,1166595.25,0.6180094815985366,5576.916666666667,-0.0020310099270549977,2.2275
LL,K3,1.840909,0.8264462401795735,1166603.3333333333,0.6187028258145904,5585.0,-0.0013376657110013568,2.2275
LL,K3,2.025,0.9090909090909091,1158312.0,0.6155935483626382,-2706.3333333333335,-0.004446943162953447,2.2275
LL,K3,2.2275,1.0,1161018.3333333333,0.6200404915255917,0.0,0.0,2.2275
LL,K3,2.45025,1.1,1166660.9166666667,0.6220496071518092,5642.583333333333,0.0020091156262175003,2.2275
LL,K3,2.695275,1.21,1166626.25,0.6227368052818432,5607.916666666667,0.002696313756251558,2.2275
LL,K3,2.964802,1.3309997755331089,1161008.0833333333,0.619941141649945,-10.25,-9.934987564665561e-05,2.2275
LL,K3,3.261283,1.4641001122334456,1166460.0,0.6224054617758871,5441.666666666667,0.0023649702502955097,2.2275
LL,K3,3.587411,1.6105099887766554,1166558.4166666667,0.6208637077905194,5540.083333333333,0.0008232162649277064,2.2275
LL,K3,3.946152,1.7715609427609427,1166483.9166666667,0.6221312317568531,5465.583333333333,0.002090740231261462,2.2275
LL,K3,4.340767,1.9487169472502803,1165636.4166666667,0.6200218977910087,4618.083333333333,-1.85937345829242e-05,2.2275
LL,K3,4.774844,2.1435887766554433,1165681.8333333333,0.6195864590912527,4663.5,-0.0004540324343390671,2.2275
LL,K3,5.252328,2.357947474747475,1166510.9166666667,0.625108903696672,5492.583333333333,0.005068412171080339,2.2275
LL,K3,5.777561,2.593742312008979,1166456.4166666667,0.6219383839551383,5438.083333333333,0.0018978924295467252,2.2275
LL,K3,6.355317,2.8531164983164983,1166364.1666666667,0.6250076991569278,5345.833333333333,0.004967207631336142,2.2275
LL,K3,6.990849,3.138428282828283,1166382.0,0.6241731168169252,5363.666666666667,0.004132625291333523,2.2275
LL,K3,7.689934,3.4522711560044894,1166177.5833333333,0.6228751029547676,5159.25,0.002834611429176006,2.2275
LL,K3,8.458928,3.797498540965208,1166424.5833333333,0.6234187116777636,5406.25,0.003378220152171892,2.2275
LL,K3,9.30482,4.177248035914702,1166401.5833333333,0.6237957321281367,5383.25,0.0037552406025450256,2.2275
LL,K3,10.235302,4.594972839506173,1166371.5,0.6253942847237853,5353.166666666667,0.005353793198193642,2.2275
LL,K3,11.258833,5.054470482603816,1166378.25,0.6259245682034932,5359.916666666667,0.005884076677901584,2.2275
LL,K3,12.384716,5.559917396184062,1166422.3333333333,0.6249114915333188,5404.0,0.004871000007727212,2.2275
LL,K3,13.623187,6.1159088664422,1166436.9166666667,0.6259712488602693,5418.583333333333,0.0059307573346777205,2.2275
LL,K3,14.985506,6.727499887766554,1166437.1666666667,0.6243113468788989,5418.833333333333,0.004270855353307253,2.2275
LL,K3,16.484057,7.400250056116723,1166439.1666666667,0.6239048596231446,5420.833333333333,0.003864368097552926,2.2275
LL,K3,18.132462,8.140274747474747,1166444.4166666667,0.6260582956708698,5426.083333333333,0.006017804145278111,2.2275
LL,K3,19.945709,8.954302581369248,1166444.1666666667,0.6242946805851274,5425.833333333333,0.0042541890595356735,2.2275
LL,K3,21.94028,9.849732884399552,1166593.6666666667,0.6250634693060463,5575.333333333333,0.005022977780454639,2.2275
LL,de1,0.000223,0.10136363636363636,1174536.75,0.6236516317140286,9343.916666666666,0.005489818558149145,0.0022
LL,de1,0.000246,0.11181818181818182,1174583.9166666667,0.622942136155205,9391.083333333334,0.004780322999325515,0.0022
LL,de1,0.00027,0.12272727272727273,1169657.5,0.6191999142128227,4464.666666666667,0.0010381010569432414,0.0022
LL,de1,0.000297,0.135,1174582.6666666667,0.6231980596769513,9389.833333333334,0.005036246521071874,0.0022
LL,de1,0.000327,0.14863636363636362,1174593.1666666667,0.6232122015095045,9400.333333333334,0.005050388353625146,0.0022
LL,de1,0.00036,0.16363636363636364,1169666.25,0.6193060742069866,4473.416666666667,0.001144261051107191,0.0022
LL,de1,0.000396,0.17999999999999997,1174591.5,0.623040343482247,9398.666666666666,0.0048785303263675734,0.0022
LL,de1,0.000435,0.19772727272727272,1174586.9166666667,0.62260287947419,9394.083333333334,0.004441066318310631,0.0022
LL,de1,0.000479,0.2177272727272727,1174603.0,0.6221530332600856,9410.166666666666,0.003991220104206272,0.0022
LL,de1,0.000527,0.23954545454545453,1174596.0833333333,0.6230502404737036,9403.25,0.004888427317824194,0.0022
LL,de1,0.000579,0.2631818181818182,1174591.0833333333,0.6226621866235719,9398.25,0.004500373467692396,0.0022
LL,de1,0.000637,0.2895454545454545,1174537.1666666667,0.6227557293014688,9344.333333333334,0.004593916145589433,0.0022
LL,de1,0.000701,0.3186363636363636,1174537.3333333333,0.6223053657596856,9344.5,0.0041435526038062775,0.0022
LL,de1,0.000771,0.3504545454545454,1174526.1666666667,0.6219008462348689,9333.333333333334,0.0037390330789894566,0.0022
LL,de1,0.000848,0.38545454545454544,1174531.5,0.62238226230791,9338.666666666666,0.004220449152030616,0.0022
LL,de1,0.000933,0.4240909090909091,1174523.5,0.6229191153762673,9330.666666666666,0.004757302220387912,0.0022
LL,de1,0.001026,0.4663636363636363,1174521.9166666667,0.623218165676902,9329.083333333334,0.005056352521022507,0.0022
LL,de1,0.001129,0.5131818181818182,1174512.9166666667,0.6236334416385712,9320.083333333334,0.005471628482691736,0.0022
LL,de1,0.001242,0.5645454545454546,1174536.5833333333,0.6234337534920696,9343.75,0.0052719403361901436,0.0022
LL,de1,0.001366,0.6209090909090909,1174552.6666666667,0.6235130630852092,9359.833333333334,0.005351249929329689,0.0022
LL,de1,0.001503,0.6831818181818181,1174580.25,0.6232821845755679,9387.416666666666,0.00512037141968862,0.0022
LL,de1,0.001653,0.7513636363636363,1174586.9166666667,0.622843928283778,9394.083333333334,0.004682115127898567,0.0022
LL,de1,0.001818,0.8263636363636363,1174603.1666666667,0.6226753842328302,9410.333333333334,0.004513571076950875,0.0022
LL,de1,0.002,0.9090909090909091,1159070.5,0.6167221209615513,-6122.333333333333,-0.0014396921943281293,0.0022
LL,de1,0.0022,1.0,1165192.8333333333,0.6181618131558794,0.0,0.0,0.0022
LL,de1,0.00242,1.0999999999999999,1169597.4166666667,0.6182871537777249,4404.583333333333,0.00012534062184551184,0.0022
LL,de1,0.002662,1.21,1174585.0833333333,0.6222017114601047,9392.25,0.004039898304225298,0.0022
LL,de1,0.002928,1.3309090909090908,1174547.6666666667,0.6224743380757123,9354.833333333334,0.004312524919832851,0.0022
LL,de1,0.003221,1.4640909090909089,1174450.3333333333,0.6230212235659215,9257.5,0.0048594104100420366,0.0022
LL,de1,0.003543,1.6104545454545454,1174485.25,0.622586923716279,9292.416666666666,0.004425110560399441,0.0022
LL,de1,0.003897,1.7713636363636363,1174486.25,0.6224272920355692,9293.416666666666,0.004265478879689792,0.0022
LL,de1,0.004287,1.9486363636363635,1174444.25,0.6213676071780035,9251.416666666666,0.0032057940221241754,0.0022
LL,de1,0.004716,2.1436363636363636,1174442.75,0.6212438073936811,9249.916666666666,0.0030819942378017087,0.0022
LL,de1,0.005187,2.3577272727272724,1174449.75,0.6219253160803029,9256.916666666666,0.0037635029244235305,0.0022
LL,de1,0.005706,2.5936363636363637,1174413.9166666667,0.6212729512738216,9221.083333333334,0.0031111381179421325,0.0022
LL,de1,0.006277,2.853181818181818,1174447.8333333333,0.6199876517869226,9255.0,0.0018258386310431585,0.0022
LL,de1,0.006905,3.1386363636363632,1174341.0833333333,0.6195048091989082,9148.25,0.001342996043028714,0.0022
LL,de1,0.007595,3.452272727272727,1174359.4166666667,0.6193781616504763,9166.583333333334,0.0012163484945969805,0.0022
LL,de1,0.008355,3.7977272727272724,1174291.3333333333,0.6209272820682781,9098.5,0.0027654689123986866,0.0022
LL,de1,0.00919,4.177272727272727,1169373.5,0.6170125294865865,4180.666666666667,-0.0011492836692929091,0.0022
LL,de1,0.010109,4.595,1174234.5,0.6212045926766666,9041.666666666666,0.003042779520787233,0.0022
LL,de1,0.01112,5.054545454545454,1169297.0,0.6172812924821706,4104.166666666667,-0.000880520673709001,0.0022
LL,de1,0.012232,5.56,1174150.1666666667,0.6210714920285466,8957.333333333334,0.0029096788726671874,0.0022
LL,de1,0.013455,6.11590909090909,1174124.0,0.619686085705037,8931.166666666666,0.0015242725491576385,0.0022
LL,de1,0.0148,6.7272727272727275,1164900.5833333333,0.6124747219514233,-292.25,-0.005687091204456124,0.0022
LL,de1,0.016281,7.400454545454545,1173947.6666666667,0.6159406526641742,8754.833333333334,-0.002221160491705232,0.0022
LL,de1,0.017909,8.140454545454546,1173947.3333333333,0.6157855547523837,8754.5,-0.002376258403495757,0.0022
LL,de1,0.019699,8.95409090909091,1173919.0833333333,0.6182775387465934,8726.25,0.00011572559071399795,0.0022
LL,de1,0.021669,9.849545454545455,1173795.4166666667,0.6180953663780224,8602.583333333334,-6.644677785701732e-05,0.0022
LL,dg5,0.108395,0.10152567153806312,1174494.8333333333,0.6222505692184018,4975.75,0.004173886203502203,1.067661
LL,dg5,0.119234,0.11167777037842537,1174494.8333333333,0.6226802819324667,4975.75,0.004603598917567231,1.067661
LL,dg5,0.131158,0.12284610939240077,1174494.8333333333,0.6229129279527815,4975.75,0.004836244937881984,1.067661
LL,dg5,0.144274,0.1351309076570185,1174494.8333333333,0.6205710139597894,4975.75,0.0024943309448899795,1.067661
LL,dg5,0.158701,0.14864362377196508,1174494.8333333333,0.6219256853510988,4975.75,0.0038490023361993086,1.067661
LL,dg5,0.174571,0.16350789248647277,1174494.8333333333,0.6206343425862283,4975.75,0.0025576595713287333,1.067661
LL,dg5,0.192028,0.17985858807243124,1174494.8333333333,0.622691273247595,4975.75,0.004614590232695513,1.067661
LL,dg5,0.211231,0.197844634205052,1174494.8333333333,0.6233785156897518,4975.75,0.005301832674852171,1.067661
LL,dg5,0.232354,0.21762900396286838,1174494.8333333333,0.6229846806103422,4975.75,0.004907997595442609,1.067661
LL,dg5,0.25559,0.23939246633528807,1169494.3333333333,0.6193657555604196,-24.75,0.0012890725455200018,1.067661
LL,dg5,0.281149,0.26333171296881686,1174494.8333333333,0.6225113226690576,4975.75,0.004434639654158125,1.067661
LL,dg5,0.309263,0.28966404130149925,1174494.8333333333,0.6221930619045931,4975.75,0.004116378889693582,1.067661
LL,dg5,0.34019,0.3186311010704709,1169494.3333333333,0.617865025744391,-24.75,-0.0002116572705086195,1.067661
LL,dg5,0.374209,0.350494211177518,1174494.8333333333,0.6208751245729905,4975.75,0.002798441558091058,1.067661
LL,dg5,0.41163,0.38554372595795855,1169494.3333333333,0.618019026747117,-24.75,-5.765626778259092e-05,1.067661
LL,dg5,0.452792,0.4240971619268663,1174494.8333333333,0.6210814695421197,4975.75,0.003004786527220221,1.067661
LL,dg5,0.498072,0.46650762742106344,1174494.8333333333,0.6205560092995888,4975.75,0.002479326284689174,1.067661
LL,dg5,0.547879,0.5131582028377921,1174494.8333333333,0.6203087941955266,4975.75,0.00223211118062705,1.067661
LL,dg5,0.602667,0.5644741167842602,1174494.8333333333,0.6216878152119182,4975.75,0.0036111321970186683,1.067661
LL,dg5,0.662933,0.6209208728238645,1174494.8333333333,0.6221242008691849,4975.75,0.004047517854285375,1.067661
LL,dg5,0.729227,0.6830136157450726,1174494.8333333333,0.6217792097338203,4975.75,0.003702526718920749,1.067661
LL,dg5,0.80215,0.7513152583076463,1169494.3333333333,0.6189662325677159,-24.75,0.0008895495528164118,1.067661
LL,dg5,0.882364,0.826445847511523,1174494.5833333333,0.6221970782612286,4975.5,0.004120395246329077,1.067661
LL,dg5,0.970601,0.9090909942388081,1174494.5833333333,0.620825211242849,4975.5,0.0027485282279494185,1.067661
LL,dg5,1.067661,1.0,1169519.0833333333,0.6180766830148995,0.0,0.0,1.067661
LL,dg5,1.174427,1.0999999063373114,1169519.4166666667,0.6176588793990151,0.3333333333333333,-0.0004178036158844767,1.067661
LL,dg5,1.29187,1.2100001779591087,1169519.0833333333,0.6195458860043185,0.0,0.0014692029894189569,1.067661
LL,dg5,1.421057,1.3310001957550197,1169515.3333333333,0.6187251563774759,-3.75,0.0006484733625764053,1.067661
LL,dg5,1.563162,1.4640995596917,1169515.3333333333,0.619439812271136,-3.75,0.0013631292562364672,1.067661
LL,dg5,1.719479,1.6105102649623804,1169515.0833333333,0.6180022891701457,-4.0,-7.439384475382838e-05,1.067661
LL,dg5,1.891427,1.7715613851213072,1169515.0833333333,0.6188866175124917,-4.0,0.0008099344975921926,1.067661
LL,dg5,2.080569,1.9487168679946165,1169639.25,0.6188435130606438,120.16666666666667,0.0007668300457443211,1.067661
LL,dg5,2.288626,2.1435886484567668,1169639.25,0.6198814121690158,120.16666666666667,0.001804729154116308,1.067661
LL,dg5,2.517489,2.3579478879531988,1169639.25,0.618685640218678,120.16666666666667,0.0006089572037784596,1.067661
LL,dg5,2.769238,2.5937427704112075,1169639.25,0.6182552843899506,120.16666666666667,0.00017860137505099996,1.067661
LL,dg5,3.046161,2.853116298150818,1169644.8333333333,0.6179578121084591,125.75,-0.00011887090644039737,1.067661
LL,dg5,3.350778,3.1384287709300986,1169644.8333333333,0.6187109623044401,125.75,0.0006342792895405921,1.067661
LL,dg5,3.685855,3.452270898721598,1169644.6666666667,0.618919772596588,125.58333333333333,0.0008430895816884942,1.067661
LL,dg5,4.054441,3.797498456907202,1168839.1666666667,0.6159796333267192,-679.9166666666666,-0.0020970496881803544,1.067661
LL,dg5,4.459885,4.177248208935233,1168839.1666666667,0.616661029381376,-679.9166666666666,-0.0014156536335235375,1.067661
LL,dg5,4.905873,4.594972561515312,1168839.1666666667,0.6171477243759859,-679.9166666666666,-0.0009289586389137164,1.067661
LL,dg5,5.396461,5.054470473305666,1169644.6666666667,0.6183771392491028,125.58333333333333,0.00030045623420317064,1.067661
LL,dg5,5.936107,5.559917426973543,1169644.6666666667,0.6191868539504816,125.58333333333333,0.0011101709355819296,1.067661
LL,dg5,6.529718,6.115909450658964,1169495.5,0.6188370388123147,-23.583333333333332,0.0007603557974150873,1.067661
LL,dg5,7.182689,6.727499646423349,1169313.5833333333,0.6182488085129073,-205.5,0.00017212549800775986,1.067661
LL,dg5,7.900958,7.400249704728374,1169313.5833333333,0.6171132738472364,-205.5,-0.000963409167663141,1.067661
LL,dg5,8.691054,8.140274862526589,1169585.0,0.6187326964551872,65.91666666666667,0.0006560134402876505,1.067661
LL,dg5,9.560159,8.954301974128493,1169555.4166666667,0.6186525464997551,36.333333333333336,0.0005758634848555174,1.067661
LL,dg5,10.516175,9.84973226520403,1169520.5,0.6194276819948127,1.4166666666666667,0.001350998979913152,1.067661
LL,q4b,0.90906,0.10152557516193879,1169661.25,0.6175461119249206,10448.333333333334,0.000754911523721887,8.954
LL,q4b,0.999966,0.11167813267813267,1172251.75,0.6220091820026622,13038.833333333334,0.005217981601463584,8.954
LL,q4b,1.099963,0.12284599061871788,1169670.5,0.6182376641010615,10457.583333333334,0.0014464636998626768,8.954
LL,q4b,1.209959,0.13513055617601072,1169670.4166666667,0.6187953130753585,10457.5,0.002004112674159684,8.954
LL,q4b,1.330955,0.14864362296180478,1169671.75,0.6186842471267555,10458.833333333334,0.0018930467255567445,8.954
LL,q4b,1.464051,0.16350804109895017,1169671.3333333333,0.6167365161472709,10458.416666666666,-5.468425392786876e-05,8.954
LL,q4b,1.610456,0.17985883404065223,1169661.5,0.6180062038394073,10448.583333333334,0.0012150034382085728,8.954
LL,q4b,1.771501,0.19784465043555952,1165289.1666666667,0.6175090996056152,6076.25,0.0007178992044164315,8.954
LL,q4b,1.948651,0.21762910431092247,1169589.8333333333,0.6174884746659538,10376.916666666666,0.0006972742647551414,8.954
LL,q4b,2.143516,0.23939200357382173,1169713.8333333333,0.6185026666270087,10500.916666666666,0.0017114662258100322,8.954
LL,q4b,2.357868,0.26333124860397583,1169665.9166666667,0.6180322800831869,10453.0,0.0012410796819882126,8.954
LL,q4b,2.593655,0.2896643958007594,1169670.75,0.6186128082961446,10457.833333333334,0.001821607894945898,8.954
LL,q4b,2.85302,0.3186307795398704,1169661.9166666667,0.6188426010967649,10449.0,0.002051400695566206,8.954
LL,q4b,3.138322,0.3504938574938575,1169662.5,0.6188022282996489,10449.583333333334,0.0020110278984501553,8.954
LL,q4b,3.452155,0.3855433325887871,1169708.6666666667,0.6178280292316901,10495.75,0.001036828830491332,8.954
LL,q4b,3.79737,0.4240976100067009,1169718.5833333333,0.6162057479306181,10505.666666666666,-0.0005854524705806163,8.954
LL,q4b,4.177107,0.466507371007371,1168919.4166666667,0.6159508616357036,9706.5,-0.0008403387654951633,8.954
LL,q4b,4.594818,0.513158141612687,1168949.8333333333,0.6166053736642649,9736.916666666666,-0.0001858267369337733,8.954
LL,q4b,5.0543,0.5644739781103416,1165510.4166666667,0.6183899145912757,6297.5,0.0015987141900769646,8.954
LL,q4b,5.55973,0.6209213759213759,1169817.5,0.6184653506195393,10604.583333333334,0.001674150218340618,8.954
LL,q4b,6.115702,0.6830134018315835,1165356.1666666667,0.6186990726583003,6143.25,0.0019078722571014655,8.954
LL,q4b,6.727273,0.7513148313602859,1169642.6666666667,0.6171186701820265,10429.75,0.00032746978082782524,8.954
LL,q4b,7.4,0.8264462809917356,1156631.0,0.6162591274502811,-2581.9166666666665,-0.0005320729509176539,8.954
LL,q4b,8.14,0.9090909090909091,1156479.6666666667,0.6124624418030945,-2733.25,-0.004328758598104193,8.954
LL,q4b,8.954,1.0,1159212.9166666667,0.6167912004011987,0.0,0.0,8.954
LL,q4b,9.8494,1.0999999999999999,1165313.5,0.61713912115076,6100.583333333333,0.0003479207495612295,8.954
LL,q4b,10.83434,1.2099999999999997,1169615.5,0.6181567725301642,10402.583333333334,0.0013655721289655143,8.954
LL,q4b,11.917774,1.331,1169676.25,0.6187197632278294,10463.333333333334,0.001928562826630657,8.954
LL,q4b,13.109551,1.464099955327228,1169732.4166666667,0.6189787675057917,10519.5,0.002187567104593039,8.954
LL,q4b,14.420507,1.6105100513736876,1169627.25,0.6171346248538291,10414.333333333334,0.00034342445263034943,8.954
LL,q4b,15.862557,1.7715609783337056,1169494.0833333333,0.6188395087506406,10281.166666666666,0.0020483083494417984,8.954
LL,q4b,17.448813,1.9487171096716551,1169590.8333333333,0.6161103128060895,10377.916666666666,-0.0006808875951092586,8.954
LL,q4b,19.193694,2.1435887871342416,1169702.75,0.6181947634269979,10489.833333333334,0.0014035630257991187,8.954
LL,q4b,21.113064,2.357947732856824,1169799.25,0.6194003022180162,10586.333333333334,0.0026091018168174682,8.954
LL,q4b,23.22437,2.593742461469734,1169642.4166666667,0.6188830860414061,10429.5,0.0020918856402073194,8.954
LL,q4b,25.546807,2.8531167076167074,1169751.8333333333,0.6178572769002297,10538.916666666666,0.001066076499031075,8.954
LL,q4b,28.101488,3.1384284118829573,1169781.5,0.6190724393791208,10568.583333333334,0.002281238977922151,8.954
LL,q4b,30.911636,3.452271163725709,1169647.0833333333,0.6179581999547757,10434.166666666666,0.001166999553576964,8.954
LL,q4b,34.0028,3.797498324771052,1169727.5,0.61716935544532,10514.583333333334,0.00037815504412124407,8.954
LL,q4b,37.40308,4.177248157248157,1169750.4166666667,0.6166835566576122,10537.5,-0.00010764374358650704,8.954
LL,q4b,41.143388,4.594972972972973,1168819.0,0.6167632594875637,9606.083333333334,-2.7940913634977305e-05,8.954
LL,q4b,45.257727,5.0544702926066565,1168932.25,0.6169421607032101,9719.333333333334,0.00015096030201130114,8.954
LL,q4b,49.7835,5.5599173553719,1168873.4166666667,0.6166297788101065,9660.5,-0.0001614215910922534,8.954
LL,q4b,54.76185,6.115909090909091,1169686.9166666667,0.6163799507494457,10474.0,-0.0004112496517530336,8.954
LL,q4b,60.238035,6.7275,1165211.1666666667,0.6181702379582749,5998.25,0.0013790375570761904,8.954
LL,q4b,66.261838,7.400249944159034,1169492.9166666667,0.6183759128116991,10280.0,0.0015847124105003347,8.954
LL,q4b,72.888022,8.140274960911325,1164968.25,0.6174270910568599,5755.333333333333,0.0006358906556611273,8.954
LL,q4b,80.176824,8.95430243466607,1169551.1666666667,0.6171393524161308,10338.25,0.0003481520149320738,8.954
LL,q4b,88.194506,9.849732633459906,1169565.75,0.6175052199110541,10352.833333333334,0.0007140195098552885,8.954
LL,d3L,0.055139,0.10152642238998343,1174696.8333333333,0.6288978417504608,10013.416666666666,0.01068873244860947,0.5431
LL,d3L,0.060652,0.11167740747560301,1177404.25,0.6140299969091902,12720.833333333334,-0.004179112392661166,0.5431
LL,d3L,0.066718,0.12284662124838887,1179054.0833333333,0.6124945484892953,14370.666666666666,-0.0057145608125561175,0.5431
LL,d3L,0.073389,0.1351298103480022,1179753.8333333333,0.6369169811856278,15070.416666666666,0.0187078718837764,0.5431
LL,d3L,0.080728,0.1486429755109556,1180145.0833333333,0.6509645572541287,15461.666666666666,0.03275544795227741,0.5431
LL,d3L,0.088801,0.16350764131835757,1180396.0,0.6596327843133709,15712.583333333334,0.041423675011519556,0.5431
LL,d3L,0.097681,0.17985822132204013,1180575.5833333333,0.6627509648885438,15892.166666666666,0.04454185558669239,0.5431
LL,d3L,0.107449,0.19784385932609094,1180941.9166666667,0.663448741595634,16258.5,0.04523963229378275,0.5431
LL,d3L,0.118194,0.21762842938685323,1181191.6666666667,0.6661703564641128,16508.25,0.04796124716226147,0.5431
LL,d3L,0.130014,0.2393923770944577,1181203.6666666667,0.6739922870546954,16520.25,0.05578317775284408,0.5431
LL,d3L,0.143015,0.2633308782912907,1181389.9166666667,0.6742732920574873,16706.5,0.05606418275563598,0.5431
LL,d3L,0.157317,0.2896648867611858,1181574.4166666667,0.6734175975853179,16891.0,0.05520848828346664,0.5431
LL,d3L,0.173048,0.318630086540232,1181603.0833333333,0.6728223187351996,16919.666666666668,0.05461320943334824,0.5431
LL,d3L,0.190353,0.35049346345056154,1181417.4166666667,0.6675705619814467,16734.0,0.049361452679595276,0.5431
LL,d3L,0.209389,0.3855440986926901,1181109.9166666667,0.6687646699237603,16426.5,0.05055556062190897,0.5431
LL,d3L,0.230327,0.42409685140858033,1180548.0,0.6655211659830788,15864.583333333334,0.04731205668122742,0.5431
LL,d3L,0.25336,0.4665070889338979,1174998.5833333333,0.6588084746287398,10315.166666666666,0.0405993653268884,0.5431
LL,d3L,0.278696,0.5131577978272878,1179306.4166666667,0.6562565569697877,14623.0,0.038047447667936295,0.5431
LL,d3L,0.306566,0.5644743141226294,1178633.5,0.6515823024627903,13950.083333333334,0.033373193160938945,0.5431
LL,d3L,0.337222,0.6209206407659731,1177946.0833333333,0.6448853280438186,13262.666666666666,0.026676218741967277,0.5431
LL,d3L,0.370945,0.683014177867796,1177132.6666666667,0.6402993300401536,12449.25,0.022090220738302285,0.5431
LL,d3L,0.408039,0.7513146750138096,1176355.5,0.6353999525777821,11672.083333333334,0.017190843275930696,0.5431
LL,d3L,0.448843,0.8264463266433437,1175680.25,0.6293781117895382,10996.833333333334,0.011169002487686893,0.5431
LL,d3L,0.493727,0.9090904069232185,1175049.0833333333,0.6227014416779283,10365.666666666666,0.004492332376076945,0.5431
LL,d3L,0.5431,1.0,1164683.4166666667,0.6182091093018514,0.0,0.0,0.5431
LL,d3L,0.59741,1.0999999999999999,1168934.75,0.6131907930073619,4251.333333333333,-0.005018316294489428,0.5431
LL,d3L,0.657151,1.21,1173170.9166666667,0.6139348987137732,8487.5,-0.004274210588078244,0.5431
LL,d3L,0.722866,1.3309998158718468,1172800.3333333333,0.6123752992969471,8116.916666666667,-0.005833810004904276,0.5431
LL,d3L,0.795153,1.4641005339716442,1172416.75,0.6093598276676025,7733.333333333333,-0.008849281634248732,0.5431
LL,d3L,0.874668,1.610510034984349,1172020.25,0.6062886965607522,7336.833333333333,-0.01192041274109921,0.5431
LL,d3L,0.962135,1.7715614067390903,1171734.6666666667,0.6068036722170151,7051.25,-0.011405437084836073,0.5431
LL,d3L,1.058348,1.9487166267722336,1166767.1666666667,0.6003949885791696,2083.75,-0.01781412072268172,0.5431
LL,d3L,1.164183,2.143588657705763,1166558.4166666667,0.5993412221614752,1875.0,-0.018867887140376117,0.5431
LL,d3L,1.280601,2.35794697109188,1161747.8333333333,0.5905879102908657,-2935.5833333333335,-0.027621199010985736,0.5431
LL,d3L,1.408662,2.593743325354447,1166246.1666666667,0.5949409865222878,1562.75,-0.023268122779563593,0.5431
LL,d3L,1.549528,2.853117289633585,1166109.3333333333,0.5940664185236936,1425.9166666666667,-0.02414269077815767,0.5431
LL,d3L,1.70448,3.1384275455717177,1166011.75,0.591177504549984,1328.3333333333333,-0.027031604751867288,0.5431
LL,d3L,1.874928,3.4522703001288892,1165956.1666666667,0.5915581539698249,1272.75,-0.02665095533202654,0.5431
LL,d3L,2.062421,3.797497698398085,1166043.3333333333,0.5925180509239559,1359.9166666666667,-0.025691058377895464,0.5431
LL,d3L,2.268663,4.1772472841097406,1166027.75,0.5926727904053064,1344.3333333333333,-0.02553631889654494,0.5431
LL,d3L,2.49553,4.594973301417786,1166040.0,0.5914986474137738,1356.5833333333333,-0.02671046188807753,0.5431
LL,d3L,2.745083,5.054470631559566,1166057.6666666667,0.590212741233432,1374.25,-0.02799636806841929,0.5431
LL,d3L,3.019591,5.559917142331062,1166013.6666666667,0.5922276477543896,1330.25,-0.025981461547461743,0.5431
LL,d3L,3.32155,6.1159086724360145,1165960.6666666667,0.5934285561260094,1277.25,-0.02478055317584199,0.5431
LL,d3L,3.653705,6.7274995396796164,1161207.8333333333,0.5810224709843376,-3475.5833333333335,-0.03718663831751389,0.5431
LL,d3L,4.019076,7.400250414288345,1165021.9166666667,0.5905223708707036,338.5,-0.027686738431147846,0.5431
LL,d3L,4.420983,8.140274350948259,1165013.6666666667,0.5900883446204913,330.25,-0.028120764681360082,0.5431
LL,d3L,4.863082,8.954303074940158,1164961.5,0.5911115344891867,278.0833333333333,-0.027097574812664643,0.5431
LL,d3L,5.34939,9.849733014177867,1165677.6666666667,0.5923182000999617,994.25,-0.025890909201889595,0.5431
