condition,parameter,param_value,fold_change,mean_area,mean_eccentricity,mean_delta_area,mean_delta_eccentricity,base_param_value
LD,p5,0.053738,0.10152654449272625,1146665.5833333333,0.5492421028599637,10670.833333333334,0.008562105781899624,0.5293
LD,p5,0.059111,0.11167768751180804,1146665.5833333333,0.5509612653958939,10670.833333333334,0.010281268317829781,0.5293
LD,p5,0.065022,0.122845267334215,1146665.5833333333,0.5502715372635798,10670.833333333334,0.00959154018551576,0.5293
LD,p5,0.071525,0.13513130549782734,1146665.5833333333,0.5491989443884742,10670.833333333334,0.008518947310410113,0.5293
LD,p5,0.078677,0.14864349140374078,1146665.5833333333,0.5459759974113628,10670.833333333334,0.005296000333298727,0.5293
LD,p5,0.086545,0.16350840733043642,1146665.5833333333,0.5486702448888767,10670.833333333334,0.007990247810812692,0.5293
LD,p5,0.095199,0.17985830341961082,1146665.5833333333,0.5501224127673744,10670.833333333334,0.009442415689310183,0.5293
LD,p5,0.104719,0.19784432269034574,1146665.5833333333,0.5478009320121581,10670.833333333334,0.0071209349340938905,0.5293
LD,p5,0.115191,0.21762894388815418,1146665.5833333333,0.5524917966350534,10670.833333333334,0.011811799556989355,0.5293
LD,p5,0.12671,0.2393916493481957,1141947.4166666667,0.54538278810017,5952.666666666667,0.004702791022105977,0.5293
LD,p5,0.139381,0.2633308142830153,1146665.5833333333,0.5516859378137813,10670.833333333334,0.011005940735717238,0.5293
LD,p5,0.153319,0.289663706782543,1146665.5833333333,0.5521557395698086,10670.833333333334,0.01147574249174447,0.5293
LD,p5,0.168651,0.31863026638957115,1146665.5833333333,0.5507889161028783,10670.833333333334,0.010108919024814181,0.5293
LD,p5,0.185516,0.35049310409975437,1146665.5833333333,0.5516788323188164,10670.833333333334,0.010998835240752394,0.5293
LD,p5,0.204068,0.38554317022482526,1146665.5833333333,0.5487720430985442,10670.833333333334,0.0080920460204801,0.5293
LD,p5,0.224475,0.4240978651048555,1146665.5833333333,0.5486726769408099,10670.833333333334,0.00799267986274573,0.5293
LD,p5,0.246922,0.4665067069714718,1146665.5833333333,0.5498932249655765,10670.833333333334,0.009213227887512452,0.5293
LD,p5,0.271615,0.5131588890988098,1146665.5833333333,0.5502869908143082,10670.833333333334,0.009606993736244176,0.5293
LD,p5,0.298776,0.5644738333648215,1146665.5833333333,0.5488735177595498,10670.833333333334,0.008193520681485711,0.5293
LD,p5,0.328654,0.620921972416399,1146665.5833333333,0.5509280039788211,10670.833333333334,0.010248006900756992,0.5293
LD,p5,0.361519,0.6830134139429435,1146665.5833333333,0.5513323198321355,10670.833333333334,0.010652322754071361,0.5293
LD,p5,0.397671,0.7513149442660118,1146665.5833333333,0.5477596301236605,10670.833333333334,0.00707963304559639,0.5293
LD,p5,0.437438,0.8264462497638391,1146665.5833333333,0.5451609131068559,10670.833333333334,0.004480916028791776,0.5293
LD,p5,0.481182,0.9090912525977707,1146665.5833333333,0.5493149977229463,10670.833333333334,0.008635000644882254,0.5293
LD,p5,0.5293,1.0,1135994.75,0.5406799970780641,0.0,0.0,0.5293
LD,p5,0.58223,1.1,1141947.4166666667,0.5469451379054403,5952.666666666667,0.006265140827376105,0.5293
LD,p5,0.640453,1.2100000000000002,1146665.5833333333,0.5461194367281057,10670.833333333334,0.005439439650041557,0.5293
LD,p5,0.704498,1.3309994332136783,1146665.5833333333,0.5441511310131149,10670.833333333334,0.0034711339350507187,0.5293
LD,p5,0.774948,1.464099754392594,1146665.5833333333,0.5429450557881368,10670.833333333334,0.0022650587100727557,0.5293
LD,p5,0.852443,1.610510107689401,1146665.5833333333,0.5492099624966734,10670.833333333334,0.008529965418609295,0.5293
LD,p5,0.937687,1.7715605516720199,1146665.5833333333,0.5478579432707688,10670.833333333334,0.007177946192704676,0.5293
LD,p5,1.031456,1.948717173625543,1141974.0,0.5452395590775646,5979.25,0.0045595619995005,0.5293
LD,p5,1.134602,2.143589646703193,1136018.9166666667,0.540211421846235,24.166666666666668,-0.0004685752318290641,0.5293
LD,p5,1.248062,2.3579482335159647,1141974.0,0.5451150675740206,5979.25,0.0044350704959564835,0.5293
LD,p5,1.372868,2.5937426790100133,1141974.0,0.5449439785888216,5979.25,0.004263981510757482,0.5293
LD,p5,1.510155,2.853117324768562,1141970.75,0.5474837904001569,5976.0,0.006803793322092799,0.5293
LD,p5,1.66117,3.138428112601549,1141962.75,0.5457887446705268,5968.0,0.005108747592462613,0.5293
LD,p5,1.827287,3.4522709238617044,1141970.75,0.5464462164224124,5976.0,0.0057662193443483445,0.5293
LD,p5,2.010016,3.7974985830341956,1142096.5833333333,0.5468182915236836,6101.833333333333,0.006138294445619428,0.5293
LD,p5,2.211017,4.177247307764973,1142096.5833333333,0.5492424498632045,6101.833333333333,0.008562452785140376,0.5293
LD,p5,2.432119,4.594972605327792,1142096.5833333333,0.5467376753301951,6101.833333333333,0.006057678252131012,0.5293
LD,p5,2.675331,5.054470054789344,1142151.0833333333,0.5465494228324496,6156.333333333333,0.005869425754385436,0.5293
LD,p5,2.942864,5.559916871339506,1142199.5833333333,0.5509148369354356,6204.833333333333,0.010234839857371511,0.5293
LD,p5,3.237151,6.115909692046099,1142547.5833333333,0.5445004966664165,6552.833333333333,0.0038204995883524087,0.5293
LD,p5,3.560866,6.7275004723219345,1142096.5833333333,0.5447138319316921,6101.833333333333,0.004033834853627923,0.5293
LD,p5,3.916952,7.4002493859814855,1142770.5833333333,0.5461831347490947,6775.833333333333,0.005503137671030611,0.5293
LD,p5,4.308648,8.140275836009824,1141821.75,0.5451117854198962,5827.0,0.0044317883418321284,0.5293
LD,p5,4.739512,8.954301908180616,1142118.8333333333,0.5474077013780225,6124.083333333333,0.006727704299958402,0.5293
LD,p5,5.213464,9.849733610428869,1142877.0833333333,0.5448636646914774,6882.333333333333,0.004183667613413229,0.5293
LD,v1,0.490551,0.1015255184403328,1155577.4166666667,0.5965754136183923,20241.833333333332,0.05873380626386059,4.8318
LD,v1,0.539607,0.11167825655035389,1152730.5,0.5905726122335365,17394.916666666668,0.05273100487900484,4.8318
LD,v1,0.593567,0.1228459373318432,1150206.6666666667,0.5841076452323404,14871.083333333334,0.04626603787780858,4.8318
LD,v1,0.652924,0.1351305931536901,1147865.5,0.5762489530870735,12529.916666666666,0.03840734573254174,4.8318
LD,v1,0.718216,0.14864356968417566,1144611.4166666667,0.569794557544051,9275.833333333334,0.03195295018951918,4.8318
LD,v1,0.790038,0.1635080094374767,1141420.5833333333,0.563762189776127,6085.0,0.025920582421595274,4.8318
LD,v1,0.869042,0.17985885177366612,1138831.5,0.5540940526367449,3495.9166666666665,0.01625244528221324,4.8318
LD,v1,0.955946,0.197844695558591,1137143.6666666667,0.5455875986773286,1808.0833333333333,0.0077459913227969175,4.8318
LD,v1,1.05154,0.21762904093712485,1129694.5,0.5391262172344043,-5641.083333333333,0.0012846098798726207,4.8318
LD,v1,1.156694,0.23939194503083738,1127338.75,0.5306541131863752,-7996.833333333333,-0.007187494168156468,4.8318
LD,v1,1.272364,0.2633312637112463,1126284.25,0.5271295424291397,-9051.333333333334,-0.010712064925392098,4.8318
LD,v1,1.3996,0.28966430729748743,1122751.5833333333,0.5249788665169476,-12584.0,-0.012862740837584171,4.8318
LD,v1,1.53956,0.31863073802723624,1123036.75,0.5126712693242697,-12298.833333333334,-0.025170338030262068,4.8318
LD,v1,1.693516,0.3504938118299598,1122076.5,0.507247428950243,-13259.083333333334,-0.03059417840428878,4.8318
LD,v1,1.862868,0.38554327579783926,1121382.0833333333,0.5036542654638176,-13953.5,-0.03418734189071402,4.8318
LD,v1,2.049155,0.42409764477006495,1121959.4166666667,0.4970437272884587,-13376.166666666666,-0.04079788006607304,4.8318
LD,v1,2.25407,0.4665073057659671,1124003.9166666667,0.4933413656144099,-11331.666666666666,-0.0445002417401218,4.8318
LD,v1,2.479477,0.5131580363425639,1126052.0833333333,0.49450946703435655,-9283.5,-0.04333214032017516,4.8318
LD,v1,2.727425,0.5644739020654829,1127258.8333333333,0.4863410613340808,-8076.75,-0.05150054602045104,4.8318
LD,v1,3.000168,0.6209213957531354,1129110.25,0.48964446962219815,-6225.333333333333,-0.04819713773233359,4.8318
LD,v1,3.300184,0.683013369758682,1131336.5833333333,0.4999268449215817,-3999.0,-0.037914762432950104,4.8318
LD,v1,3.630203,0.7513148309118755,1130853.75,0.5124231695661193,-4481.833333333333,-0.025418437788412396,4.8318
LD,v1,3.993223,0.8264462519144004,1136058.1666666667,0.5222990112568643,722.5833333333334,-0.01554259609766743,4.8318
LD,v1,4.392545,0.9090908150171778,1136855.5833333333,0.5299325560947817,1520.0,-0.00790905125975011,4.8318
LD,v1,4.8318,1.0,1135335.5833333333,0.5378416073545318,0.0,0.0,4.8318
LD,v1,5.31498,1.1,1141151.5,0.543571686654735,5815.916666666667,0.005730079300203324,4.8318
LD,v1,5.846478,1.21,1142569.4166666667,0.5455884228702692,7233.833333333333,0.007746815515737471,4.8318
LD,v1,6.431126,1.3310000413924417,1143480.0833333333,0.5514065274803098,8144.5,0.013564920125778044,4.8318
LD,v1,7.074238,1.4640999213543606,1144701.5833333333,0.5515289820655259,9366.0,0.013687374710994182,4.8318
LD,v1,7.781662,1.6105099548822384,1146197.6666666667,0.5594077259261924,10862.083333333334,0.021566118571660724,4.8318
LD,v1,8.559828,1.7715609089780204,1147207.25,0.56581721256463,11871.666666666666,0.02797560521009824,4.8318
LD,v1,9.415811,1.9487170412682642,1146988.3333333333,0.5626490308734678,11652.75,0.024807423518936066,4.8318
LD,v1,10.357392,2.14358872469887,1146758.0,0.5599953168248074,11422.416666666666,0.02215370947027569,4.8318
LD,v1,11.393132,2.3579477627385237,1146641.0,0.5621330587263705,11305.416666666666,0.02429145137183884,4.8318
LD,v1,12.532445,2.5937424976199344,1146585.25,0.5639985077603714,11249.666666666666,0.026156900405839623,4.8318
LD,v1,13.785689,2.8531166439008233,1146005.5833333333,0.5602731548154881,10670.0,0.022431547460956453,4.8318
LD,v1,15.164258,3.1384283289871266,1145251.6666666667,0.5589298894504735,9916.083333333334,0.021088282095941796,4.8318
LD,v1,16.680684,3.452271203278281,1144773.3333333333,0.5566138584034086,9437.75,0.018772251048876882,4.8318
LD,v1,18.348752,3.797498240821226,1144032.25,0.5533310975415106,8696.666666666666,0.01548949018697876,4.8318
LD,v1,20.183628,4.177248230473115,1142960.5,0.5508221830409529,7624.916666666667,0.012980575686421211,4.8318
LD,v1,22.20199,4.59497288795066,1138127.6666666667,0.5487188255178888,2792.0833333333335,0.010877218163357035,4.8318
LD,v1,24.42219,5.054470383707935,1139844.25,0.5433314159366863,4508.666666666667,0.005489808582154633,4.8318
LD,v1,26.864408,5.55991721511652,1138480.5833333333,0.5398594925257433,3145.0,0.0020178851712116344,4.8318
LD,v1,29.550849,6.115908978020613,1137127.0833333333,0.5409035334254567,1791.5,0.0030619260709248883,4.8318
LD,v1,32.505934,6.727499896518896,1135782.75,0.5429748020902143,447.1666666666667,0.005133194735682578,4.8318
LD,v1,35.756528,7.400250010348111,1134688.25,0.5728170744053533,-647.3333333333334,0.0349754670508216,4.8318
LD,v1,39.33218,8.140274845813154,1133495.75,0.5693513177475261,-1839.8333333333333,0.031509710392994356,4.8318
LD,v1,43.265398,8.95430233039447,1125174.5,0.6482610233886706,-10161.083333333334,0.110419416034139,4.8318
LD,v1,47.591938,9.849732604826357,1125607.5833333333,0.6908825749762997,-9728.0,0.15304096762176794,4.8318
LD,Ck9,0.032864,0.10152610441767068,1151596.4166666667,0.5358800927922669,11349.5,-0.00025466336095820535,0.3237
LD,Ck9,0.03615,0.11167747914735868,1145909.5833333333,0.5298217426495135,5662.666666666667,-0.006313013503711625,0.3237
LD,Ck9,0.039765,0.12284522706209454,1151555.8333333333,0.5343759442099147,11308.916666666666,-0.0017588119433104195,0.3237
LD,Ck9,0.043742,0.13513129440840285,1151577.0833333333,0.53212400301588,11330.166666666666,-0.004010753137345076,0.3237
LD,Ck9,0.048116,0.1486438059932036,1151510.4166666667,0.534130453657386,11263.5,-0.0020043024958391795,0.3237
LD,Ck9,0.052928,0.16350942230460305,1151546.3333333333,0.5369605701587447,11299.416666666666,0.0008258140055195373,0.3237
LD,Ck9,0.05822,0.17985789311090516,1145763.25,0.5309691021574978,5516.333333333333,-0.005165653995727317,0.3237
LD,Ck9,0.064042,0.19784368242199568,1151473.25,0.5330361074862976,11226.333333333334,-0.0030986486669276245,0.3237
LD,Ck9,0.070447,0.2176305220883534,1151469.1666666667,0.5325580125064929,11222.25,-0.0035767436467322353,0.3237
LD,Ck9,0.077491,0.2393914118010504,1151384.25,0.5318966353499264,11137.333333333334,-0.004238120803298773,0.3237
LD,Ck9,0.08524,0.2633302440531356,1145621.9166666667,0.5308983846177211,5375.0,-0.005236371535504038,0.3237
LD,Ck9,0.093764,0.2896632684584492,1151282.6666666667,0.5356309443660352,11035.75,-0.0005038117871899265,0.3237
LD,Ck9,0.103141,0.31863144887241274,1151257.5833333333,0.5381867678882033,11010.666666666666,0.002052011734978191,0.3237
LD,Ck9,0.113455,0.35049428483163425,1151196.25,0.538932067623263,10949.333333333334,0.0027973114700378296,0.3237
LD,Ck9,0.1248,0.3855421686746988,1141679.3333333333,0.5274378232973411,1432.4166666666667,-0.008696932855884095,0.3237
LD,Ck9,0.13728,0.4240963855421687,1145408.5,0.5337838498071242,5161.583333333333,-0.002350906346100875,0.3237
LD,Ck9,0.151008,0.4665060240963856,1151041.0,0.5411359675067134,10794.083333333334,0.0050012113534883,0.3237
LD,Ck9,0.166109,0.5131572443620637,1150999.6666666667,0.5414758440108711,10752.75,0.005341087857645939,0.3237
LD,Ck9,0.18272,0.5644732777262897,1145222.3333333333,0.5376229744951639,4975.416666666667,0.0014882183419387685,0.3237
LD,Ck9,0.200992,0.6209206054989188,1150744.5833333333,0.5428658599099253,10497.666666666666,0.00673110375670007,0.3237
LD,Ck9,0.221091,0.6830120481927712,1150599.5,0.5451150257763627,10352.583333333334,0.008980269623137574,0.3237
LD,Ck9,0.243201,0.7513160333642261,1150407.5,0.5433385696994647,10160.583333333334,0.007203813546239585,0.3237
LD,Ck9,0.267521,0.8264473277726291,1150200.5,0.5441305753075737,9953.583333333334,0.007995819154348513,0.3237
LD,Ck9,0.294273,0.9090917516218722,1150002.0833333333,0.5443169435992883,9755.166666666666,0.008182187446063213,0.3237
LD,Ck9,0.3237,1.0,1140246.9166666667,0.5361347561532251,0.0,0.0,0.3237
LD,Ck9,0.35607,1.1,1143811.5833333333,0.5407913398033586,3564.6666666666665,0.004656583650133439,0.3237
LD,Ck9,0.391677,1.21,1149318.5,0.5467227361135475,9071.583333333334,0.010587979960322402,0.3237
LD,Ck9,0.430845,1.3310009267840592,1149113.6666666667,0.544782179452754,8866.75,0.008647423299528787,0.3237
LD,Ck9,0.473929,1.4640994748223664,1148994.9166666667,0.544646803339697,8748.0,0.00851204718647174,0.3237
LD,Ck9,0.521322,1.6105097312326226,1148812.9166666667,0.5511588680187438,8566.0,0.015024111865518617,0.3237
LD,Ck9,0.573454,1.7715600864998458,1148767.25,0.5476818582586863,8520.333333333334,0.01154710210546119,0.3237
LD,Ck9,0.6308,1.948717948717949,1139217.5833333333,0.5393836996438787,-1029.3333333333333,0.003248943490653448,0.3237
LD,Ck9,0.69388,2.143589743589744,1142962.0,0.5465375102427416,2715.0833333333335,0.01040275408951638,0.3237
LD,Ck9,0.763268,2.3579487179487177,1148732.3333333333,0.5520984877316104,8485.416666666666,0.015963731578385227,0.3237
LD,Ck9,0.839594,2.5937411183194317,1149066.5,0.5548693703843885,8819.583333333334,0.01873461423116335,0.3237
LD,Ck9,0.923554,2.8531170837194932,1149568.75,0.5566385964254826,9321.833333333334,0.02050384027225748,0.3237
LD,Ck9,1.015909,3.1384275563793635,1144391.3333333333,0.5504926150535527,4144.416666666667,0.014357858900327583,0.3237
LD,Ck9,1.1175,3.4522706209453196,1141464.0,0.5430759320579726,1217.0833333333333,0.006941175904747428,0.3237
LD,Ck9,1.22925,3.7974976830398517,1146350.5833333333,0.5491033600839439,6103.666666666667,0.012968603930718747,0.3237
LD,Ck9,1.352175,4.1772474513438365,1148007.75,0.5454342211766446,7760.833333333333,0.009299465023419412,0.3237
LD,Ck9,1.487393,4.594973741118319,1148907.0,0.5393250455223036,8660.083333333334,0.003190289369078484,0.3237
LD,Ck9,1.636132,5.054470188446092,1150695.4166666667,0.5410364093052643,10448.5,0.004901653152039137,0.3237
LD,Ck9,1.799745,5.559916589434661,1152317.3333333333,0.5310959173989288,12070.416666666666,-0.005038838754296365,0.3237
LD,Ck9,1.97972,6.1159097930182265,1154431.75,0.5285455051649802,14184.833333333334,-0.007589250988244867,0.3237
LD,Ck9,2.177692,6.72750077232005,1155197.5833333333,0.5272125525850021,14950.666666666666,-0.008922203568222977,0.3237
LD,Ck9,2.395461,7.400250231696015,1157642.9166666667,0.5275071621409206,17396.0,-0.008627594012304498,0.3237
LD,Ck9,2.635007,8.140274945937596,1160208.6666666667,0.5223648684980399,19961.75,-0.013769887655185303,0.3237
LD,Ck9,2.898508,8.954303367315417,1163056.25,0.517594938892739,22809.333333333332,-0.01853981726048611,0.3237
LD,Ck9,3.188358,9.8497312326228,1166064.0,0.5127100114332568,25817.083333333332,-0.023424744719968398,0.3237
LD,K11,0.033727,0.10152618904274534,1149730.0,0.5432627269789743,9378.0,0.004400952723042649,0.3322
LD,K11,0.037099,0.11167670078266105,1149730.0,0.5422667400990985,9378.0,0.0034049658431669163,0.3322
LD,K11,0.040809,0.12284467188440698,1149730.0,0.5413358371872544,9378.0,0.002474062931322879,0.3322
LD,K11,0.04489,0.13512944009632752,1145070.1666666667,0.5334337743708799,4718.166666666667,-0.005427999885051678,0.3322
LD,K11,0.049379,0.14864238410596026,1149730.0,0.5412795740983762,9378.0,0.0024177998424446587,0.3322
LD,K11,0.054317,0.16350692354003613,1149730.0,0.542563788974136,9378.0,0.0037020147182044716,0.3322
LD,K11,0.059749,0.1798585189644792,1149730.0,0.5420980988849887,9378.0,0.00323632462905718,0.3322
LD,K11,0.065724,0.197844671884407,1149730.0,0.5425187158352176,9378.0,0.0036569415792860236,0.3322
LD,K11,0.072296,0.21762793497892835,1149730.0,0.5431331904485028,9378.0,0.004271416192571283,0.3322
LD,K11,0.079526,0.2393919325707405,1149730.0,0.5422439759730158,9378.0,0.0033822017170842176,0.3322
LD,K11,0.087479,0.2633323299217339,1149730.0,0.540632810853682,9378.0,0.001771036597750436,0.3322
LD,K11,0.096227,0.2896658639373871,1149730.0,0.5438722641792308,9378.0,0.005010489923299268,0.3322
LD,K11,0.105849,0.318630343166767,1149730.0,0.5438280353554689,9378.0,0.004966261099537257,0.3322
LD,K11,0.116434,0.35049367850692353,1149730.0,0.5438087304564685,9378.0,0.004946956200536867,0.3322
LD,K11,0.128077,0.3855418422636966,1149730.0,0.5445570131685115,9378.0,0.005695238912579882,0.3322
LD,K11,0.140885,0.42409692956050576,1149730.0,0.5427939945285414,9378.0,0.003932220272609782,0.3322
LD,K11,0.154974,0.46650812763395544,1149730.0,0.5427149561124461,9378.0,0.003853181856514537,0.3322
LD,K11,0.170471,0.5131577363034318,1149730.0,0.541116105932775,9378.0,0.0022543316768434316,0.3322
LD,K11,0.187518,0.564473208910295,1149730.0,0.5438065611536382,9378.0,0.004944786897706721,0.3322
LD,K11,0.20627,0.6209211318482842,1145070.1666666667,0.537731002352754,4718.166666666667,-0.0011307719031776649,0.3322
LD,K11,0.226897,0.6830132450331126,1149730.0,0.5455001103869564,9378.0,0.006638336131024815,0.3322
LD,K11,0.249587,0.7513154726068634,1149730.0,0.5432332737719334,9378.0,0.004371499516001835,0.3322
LD,K11,0.274545,0.8264449127031908,1149730.0,0.5416256100579381,9378.0,0.0027638358020065368,0.3322
LD,K11,0.302,0.9090909090909091,1134348.25,0.5361245830793998,-6003.75,-0.0027371911765317523,0.3322
LD,K11,0.3322,1.0,1140352.0,0.5388617742559316,0.0,0.0,0.3322
LD,K11,0.36542,1.1,1145070.1666666667,0.5368702174554506,4718.166666666667,-0.0019915568004809092,0.3322
LD,K11,0.401962,1.21,1149730.0,0.5419782589678411,9378.0,0.0031164847119094785,0.3322
LD,K11,0.442158,1.3309993979530403,1149730.0,0.5414144268179154,9378.0,0.0025526525619838647,0.3322
LD,K11,0.486374,1.464099939795304,1149730.0,0.5409783944550802,9378.0,0.0021166201991486833,0.3322
LD,K11,0.535011,1.610508729680915,1149730.0,0.545098530196351,9378.0,0.006236755940419364,0.3322
LD,K11,0.588513,1.771562311860325,1149730.0,0.5449701940074582,9378.0,0.00610841975152653,0.3322
LD,K11,0.647364,1.9487176399759183,1149730.0,0.5404309567690545,9378.0,0.001569182513122917,0.3322
LD,K11,0.7121,2.1435881998795905,1140352.0,0.5364369363124144,0.0,-0.0024248379435171017,0.3322
LD,K11,0.78331,2.3579470198675496,1145070.1666666667,0.5359222966932845,4718.166666666667,-0.0029394775626470173,0.3322
LD,K11,0.861641,2.593741721854305,1149730.0,0.5433846638606079,9378.0,0.004522889604676321,0.3322
LD,K11,0.947805,2.8531155930162555,1149730.0,0.540641423401298,9378.0,0.0017796491453664447,0.3322
LD,K11,1.042586,3.13842865743528,1145088.5,0.5375477624882751,4736.5,-0.0013140117676565717,0.3322
LD,K11,1.146845,3.452272727272727,1145088.5,0.5369330631424494,4736.5,-0.0019287111134821955,0.3322
LD,K11,1.261529,3.7974984948826007,1145088.3333333333,0.5405425697489926,4736.333333333333,0.0016807954930609474,0.3322
LD,K11,1.387682,4.177248645394341,1145088.5,0.5376730953365919,4736.5,-0.0011886789193395846,0.3322
LD,K11,1.52645,4.594972907886816,1145088.5,0.5389743649924635,4736.5,0.00011259073653207181,0.3322
LD,K11,1.679095,5.054470198675497,1140365.6666666667,0.5366266912192499,13.666666666666666,-0.0022350830366816197,0.3322
LD,K11,1.847005,5.559918723660446,1145088.5,0.5356962235422295,4736.5,-0.0031655507137020402,0.3322
LD,K11,2.031705,6.115909090909091,1145219.3333333333,0.5388811448010663,4867.333333333333,1.937054513479845e-05,0.3322
LD,K11,2.234875,6.727498494882601,1145219.3333333333,0.5394157910347767,4867.333333333333,0.0005540167788451086,0.3322
LD,K11,2.458363,7.40024984948826,1145219.3333333333,0.537539574755281,4867.333333333333,-0.00132219950065048,0.3322
LD,K11,2.704199,8.140273931366647,1140501.1666666667,0.5356573255307331,149.16666666666666,-0.003204448725198511,0.3322
LD,K11,2.974619,8.954301625526792,1145219.3333333333,0.5361178167284734,4867.333333333333,-0.002743957527458152,0.3322
LD,K11,3.272081,9.84973208910295,1145219.3333333333,0.5384144497840481,4867.333333333333,-0.00044732447188363295,0.3322
LD,k1L,0.029097,0.10152477320307048,1165301.9166666667,0.6146559920436897,26264.166666666668,0.07919762101433504,0.2866
LD,k1L,0.032007,0.11167829727843684,1165803.3333333333,0.6233472580411544,26765.583333333332,0.08788888701179974,0.2866
LD,k1L,0.035208,0.12284717376133984,1167794.5833333333,0.6176485531439564,28756.833333333332,0.08219018211460165,0.2866
LD,k1L,0.038728,0.13512909979064897,1169067.3333333333,0.6200802934032138,30029.583333333332,0.08462192237385913,0.2866
LD,k1L,0.042601,0.1486427076064201,1169188.5,0.6004200203764647,30150.75,0.06496164934710992,0.2866
LD,k1L,0.046861,0.163506629448709,1158813.75,0.5860747054814516,19776.0,0.05061633445209685,0.2866
LD,k1L,0.051548,0.1798604326587578,1164806.0,0.5794870756008411,25768.25,0.04402870457148627,0.2866
LD,k1L,0.056702,0.1978436845778088,1170724.1666666667,0.5766180640250501,31686.416666666668,0.04115969299569542,0.2866
LD,k1L,0.062373,0.21763084438241448,1162988.0,0.5961932277544535,23950.25,0.06073485672509876,0.2866
LD,k1L,0.06861,0.23939288206559664,1158557.1666666667,0.5958897105292992,19519.416666666668,0.06043133949994448,0.2866
LD,k1L,0.075471,0.2633321702721563,1163122.5,0.6038119755746627,24084.75,0.06835360454530791,0.2866
LD,k1L,0.083018,0.2896650383810188,1163749.1666666667,0.6082765211628095,24711.416666666668,0.07281815013345475,0.2866
LD,k1L,0.09132,0.3186322400558269,1157718.5833333333,0.5858734377534954,18680.833333333332,0.050415066724140666,0.2866
LD,k1L,0.100452,0.3504954640614096,1151503.9166666667,0.5958017187485957,12466.166666666666,0.060343347719241026,0.2866
LD,k1L,0.110497,0.3855443126308443,1154263.8333333333,0.6020683370406937,15226.083333333334,0.06660996601133902,0.2866
LD,k1L,0.121546,0.42409630146545707,1157582.1666666667,0.5826766123922397,18544.416666666668,0.04721824136288496,0.2866
LD,k1L,0.133701,0.4665073272854151,1140168.5833333333,0.5712848374265717,1130.8333333333333,0.03582646639721695,0.2866
LD,k1L,0.147071,0.5131577110956036,1138324.0833333333,0.5655498901170054,-713.6666666666666,0.03009151908765075,0.2866
LD,k1L,0.161778,0.5644731332868108,1139943.9166666667,0.5601462035285725,906.1666666666666,0.02468783249921779,0.2866
LD,k1L,0.177956,0.6209211444521981,1141872.8333333333,0.5276125537641444,2835.0833333333335,-0.00784581726521045,0.2866
LD,k1L,0.195752,0.6830146545708304,1143115.0833333333,0.5126738510021213,4077.3333333333335,-0.022784520027233413,0.2866
LD,k1L,0.215327,0.7513154221912072,1146021.0833333333,0.5088196488668978,6983.333333333333,-0.026638722162456996,0.2866
LD,k1L,0.23686,0.8264480111653872,1143038.9166666667,0.5157344151848751,4001.1666666666665,-0.019723955844479685,0.2866
LD,k1L,0.260545,0.909089323098395,1148796.75,0.53737496028477,9759.0,0.0019165892554152408,0.2866
LD,k1L,0.2866,1.0,1139037.75,0.5354583710293547,0.0,0.0,0.2866
LD,k1L,0.31526,1.0999999999999999,1143258.9166666667,0.5382945646328637,4221.166666666667,0.0028361936035090443,0.2866
LD,k1L,0.346786,1.2099999999999997,1147521.0,0.5399922481401372,8483.25,0.004533877110782514,0.2866
LD,k1L,0.381465,1.3310013956734124,1146323.5833333333,0.5431112092253211,7285.833333333333,0.007652838195966377,0.2866
LD,k1L,0.419611,1.464099790648988,1145590.0,0.5467741188236558,6552.25,0.011315747794300992,0.2866
LD,k1L,0.461572,1.6105094207955337,1144104.5,0.5468785048495111,5066.75,0.011420133820156367,0.2866
LD,k1L,0.507729,1.771559665038381,1142425.25,0.54573763080426,3387.5,0.01027925977490519,0.2866
LD,k1L,0.558502,1.9487159804605723,1141702.5833333333,0.5553078457397044,2664.8333333333335,0.01984947471034972,0.2866
LD,k1L,0.614353,2.143590369853454,1141865.75,0.564400928888335,2828.0,0.028942557858980183,0.2866
LD,k1L,0.675788,2.3579483600837405,1140109.6666666667,0.5604565344682289,1071.9166666666667,0.024998163438874094,0.2866
LD,k1L,0.743367,2.5937438939288207,1138750.25,0.5621460578492229,-287.5,0.026687686819868106,0.2866
LD,k1L,0.817703,2.8531158408932304,1138569.0,0.5680178613542909,-468.75,0.03255949032493612,0.2866
LD,k1L,0.899474,3.1384298674110256,1138817.3333333333,0.5739049171288252,-220.41666666666666,0.03844654609947043,0.2866
LD,k1L,0.989421,3.4522714584787155,1139441.5,0.5837214652616507,403.75,0.04826309423229592,0.2866
LD,k1L,1.088363,3.797498255408234,1134267.9166666667,0.5874887979322964,-4769.833333333333,0.052030426902941525,0.2866
LD,k1L,1.197199,4.177247034193998,1127615.25,0.5835568833633494,-11422.5,0.048098512333994585,0.2866
LD,k1L,1.316919,4.594972086531751,1130842.3333333333,0.5852552960038578,-8195.416666666666,0.049796924974503,0.2866
LD,k1L,1.448611,5.05446964410328,1130113.1666666667,0.5813439112041507,-8924.583333333334,0.04588554017479601,0.2866
LD,k1L,1.593472,5.559916259595254,1130230.5,0.584023533999535,-8807.25,0.0485651629701802,0.2866
LD,k1L,1.75282,6.1159106769016045,1130568.9166666667,0.586042535635242,-8468.833333333334,0.05058416460588729,0.2866
LD,k1L,1.928101,6.727498255408234,1126452.9166666667,0.5880975392834598,-12584.833333333334,0.05263916825410488,0.2866
LD,k1L,2.120912,7.400251221214236,1131821.5833333333,0.5928562739012955,-7216.166666666667,0.05739790287194068,0.2866
LD,k1L,2.333003,8.140275645498953,1122418.5833333333,0.5925198527302354,-16619.166666666668,0.05706148170088063,0.2866
LD,k1L,2.566303,8.95430216329379,1128393.25,0.5958517823838085,-10644.5,0.06039341135445376,0.2866
LD,k1L,2.822933,9.849731332868108,1133853.5,0.601579720980889,-5184.25,0.06612134995153426,0.2866
LD,K1,0.019726,0.10152341739577972,1146111.0,0.6119870467016285,10062.25,0.07334572451570494,0.1943
LD,K1,0.021699,0.11167781780751415,1145888.5,0.611178931658262,9839.75,0.07253760947233834,0.1943
LD,K1,0.023869,0.12284611425630469,1145549.3333333333,0.6112771810430914,9500.583333333334,0.07263585885716782,0.1943
LD,K1,0.026256,0.13513124034997429,1145057.5,0.6107557027423002,9008.75,0.0721143805563766,0.1943
LD,K1,0.028881,0.14864127637673702,1144376.9166666667,0.6103446964921515,8328.166666666666,0.07170337430622797,0.1943
LD,K1,0.03177,0.16351003602676273,1140569.5,0.6139556325972054,4520.75,0.07531431041128175,0.1943
LD,K1,0.034947,0.179861039629439,1142385.9166666667,0.6099249642706527,6337.166666666667,0.07128364208472913,0.1943
LD,K1,0.038441,0.19784354091610912,1141231.4166666667,0.6058595640036823,5182.666666666667,0.06721824181775878,0.1943
LD,K1,0.042285,0.21762738033968093,1140464.1666666667,0.5999612346866592,4415.416666666667,0.06131991250073563,0.1943
LD,K1,0.046514,0.23939269171384456,1139490.8333333333,0.5957174979213414,3442.0833333333335,0.05707617573541793,0.1943
LD,K1,0.051165,0.26332990221307256,1138432.6666666667,0.5848163769105971,2383.9166666666665,0.0461750547246735,0.1943
LD,K1,0.056282,0.2896654657745754,1137358.5,0.5751282138824505,1309.75,0.03648689169652689,0.1943
LD,K1,0.06191,0.3186309830159547,1131684.9166666667,0.5670627194136898,-4363.833333333333,0.028421397227766227,0.1943
LD,K1,0.068101,0.35049408131755017,1135238.5,0.5486127473948071,-810.25,0.009971425208883658,0.1943
LD,K1,0.074911,0.3855429747812661,1131991.75,0.5352535470156068,-4057.0,-0.003387775170316872,0.1943
LD,K1,0.082402,0.42409675759135357,1129662.0,0.5162554496175025,-6386.75,-0.02238587256842124,0.1943
LD,K1,0.090642,0.4665054040144107,1125834.4166666667,0.5070879076945854,-10214.333333333334,-0.03155341449133817,0.1943
LD,K1,0.099707,0.5131600617601647,1126469.25,0.5070731808190623,-9579.5,-0.031568141366861376,0.1943
LD,K1,0.109677,0.5644724652599074,1126923.5833333333,0.497000010571743,-9125.166666666666,-0.04164131161418058,0.1943
LD,K1,0.120645,0.6209212557900154,1128764.5,0.48527584272816027,-7284.25,-0.0533654794577634,0.1943
LD,K1,0.13271,0.6830159547092125,1127912.6666666667,0.48007622565806357,-8136.083333333333,-0.05856509652785999,0.1943
LD,K1,0.14598,0.7513124034997427,1130904.0,0.4862594456829597,-5144.75,-0.05238187650296389,0.1943
LD,K1,0.160579,0.8264487905301081,1139571.25,0.5038949869770947,3522.5,-0.03474633520882892,0.1943
LD,K1,0.176636,0.9090890375707668,1143759.9166666667,0.5223799714122634,7711.166666666667,-0.016261350773660116,0.1943
LD,K1,0.1943,1.0,1136048.75,0.5386413221859235,0.0,0.0,0.1943
LD,K1,0.21373,1.1,1145162.5,0.5501456034483524,9113.75,0.011504281262428797,0.1943
LD,K1,0.235103,1.21,1152138.8333333333,0.5599116370265448,16090.083333333334,0.021270314840621224,0.1943
LD,K1,0.258613,1.3309984559958825,1154807.9166666667,0.5681520373264398,18759.166666666668,0.02951071514051624,0.1943
LD,K1,0.284475,1.4641019042717447,1154694.4166666667,0.5616353880393616,18645.666666666668,0.02299406585343804,0.1943
LD,K1,0.312922,1.6105095213587235,1154880.75,0.5645903203417144,18832.0,0.025948998155790826,0.1943
LD,K1,0.344214,1.7715594441585178,1154406.1666666667,0.5600994306302471,18357.416666666668,0.021458108444323554,0.1943
LD,K1,0.378636,1.948718476582604,1153685.4166666667,0.5581024254814183,17636.666666666668,0.01946110329549473,0.1943
LD,K1,0.416499,2.14358723623263,1152369.75,0.5522921911021715,16321.0,0.01365086891624793,0.1943
LD,K1,0.458149,2.357946474523932,1149751.75,0.5466121815212183,13703.0,0.007970859335294603,0.1943
LD,K1,0.503964,2.5937416366443644,1147287.4166666667,0.5459830193377713,11238.666666666666,0.007341697151847626,0.1943
LD,K1,0.554361,2.8531188883170353,1144843.1666666667,0.5481382007944117,8794.416666666666,0.009496878608488107,0.1943
LD,K1,0.609797,3.1384302624807,1142733.75,0.5508888477074841,6685.0,0.012247525521560618,0.1943
LD,K1,0.670776,3.4522696860524964,1141451.9166666667,0.5733762133591931,5403.166666666667,0.03473489117326939,0.1943
LD,K1,0.737854,3.7974987133299023,1139062.6666666667,0.5561526461546208,3013.9166666666665,0.017511323968697173,0.1943
LD,K1,0.811639,4.177246525990736,1143899.25,0.58366904385302,7850.5,0.04502772166709637,0.1943
LD,K1,0.892803,4.594971693257849,1142549.5,0.55325506652506,6500.75,0.014613744339136295,0.1943
LD,K1,0.982084,5.054472465259908,1142521.5833333333,0.5543859663641434,6472.833333333333,0.015744644178219903,0.1943
LD,K1,1.080292,5.559917653113742,1139950.5833333333,0.5551529298313238,3901.8333333333335,0.01651160764540018,0.1943
LD,K1,1.188321,6.1159083890890376,1139953.5833333333,0.5535102119042726,3904.8333333333335,0.014868889718349015,0.1943
LD,K1,1.307153,6.7274987133299025,1139943.1666666667,0.5559117705954687,3894.4166666666665,0.01727044840954516,0.1943
LD,K1,1.437869,7.4002521873391665,1140026.1666666667,0.5591411780077226,3977.4166666666665,0.020499855821798918,0.1943
LD,K1,1.581655,8.140272774060731,1140009.6666666667,0.5545981065087471,3960.9166666666665,0.01595678432282342,0.1943
LD,K1,1.739821,8.954302624807,1140002.5,0.5563068483437005,3953.75,0.017665526157776817,0.1943
LD,K1,1.913803,9.849732372619659,1136068.0833333333,0.5555159585415156,19.333333333333332,0.016874636355592037,0.1943
LD,k1D,0.021625,0.10152582159624413,1155049.25,0.5609828248393014,20509.166666666668,0.024221392531269554,0.213
LD,k1D,0.023787,0.11167605633802817,1155077.9166666667,0.5597640219796091,20537.833333333332,0.023002589671577183,0.213
LD,k1D,0.026166,0.1228450704225352,1155184.9166666667,0.5601441605477141,20644.833333333332,0.023382728239682127,0.213
LD,k1D,0.028783,0.13513145539906105,1155312.9166666667,0.5595031881734934,20772.833333333332,0.022741755865461632,0.213
LD,k1D,0.031661,0.1486431924882629,1155442.4166666667,0.5599973490064082,20902.333333333332,0.02323591669837634,0.213
LD,k1D,0.034827,0.1635070422535211,1155552.25,0.5592538247580972,21012.166666666668,0.02249239245006532,0.213
LD,k1D,0.03831,0.17985915492957746,1152687.8333333333,0.5553587259585362,18147.75,0.01859729365050432,0.213
LD,k1D,0.042141,0.1978450704225352,1155908.1666666667,0.559545566884658,21368.083333333332,0.02278413457662612,0.213
LD,k1D,0.046355,0.21762910798122068,1156067.4166666667,0.5596030715385805,21527.333333333332,0.022841639230548594,0.213
LD,k1D,0.050991,0.2393943661971831,1156335.75,0.5608930916310012,21795.666666666668,0.02413165932296929,0.213
LD,k1D,0.05609,0.26333333333333336,1153405.75,0.5564086510275397,18865.666666666668,0.019647218719507836,0.213
LD,k1D,0.061699,0.2896666666666667,1156806.1666666667,0.5625921590042993,22266.083333333332,0.025830726696267414,0.213
LD,k1D,0.067868,0.3186291079812206,1157115.6666666667,0.5625190970825019,22575.583333333332,0.02575766477446999,0.213
LD,k1D,0.074655,0.3504929577464789,1157433.9166666667,0.5628737529979652,22893.833333333332,0.026112320689933338,0.213
LD,k1D,0.082121,0.38554460093896714,1157803.5,0.5678752997345644,23263.416666666668,0.031113867426532642,0.213
LD,k1D,0.090333,0.42409859154929574,1158190.0,0.5692291451460916,23649.916666666668,0.0324677128380598,0.213
LD,k1D,0.099366,0.46650704225352113,1158461.4166666667,0.5676504483161389,23921.333333333332,0.030889016008107024,0.213
LD,k1D,0.109303,0.5131596244131456,1158592.0833333333,0.5648282397543761,24052.0,0.028066807446344228,0.213
LD,k1D,0.120233,0.5644741784037559,1158732.8333333333,0.562796525263566,24192.75,0.02603509295553415,0.213
LD,k1D,0.132256,0.6209201877934273,1158003.6666666667,0.560397151156197,23463.583333333332,0.02363571884816526,0.213
LD,k1D,0.145482,0.6830140845070423,1157016.6666666667,0.5553909668916776,22476.583333333332,0.018629534583645746,0.213
LD,k1D,0.16003,0.7513145539906104,1152857.1666666667,0.5510085325769196,18317.083333333332,0.014247100268887767,0.213
LD,k1D,0.176033,0.8264460093896714,1154814.0833333333,0.5523447585751445,20274.0,0.015583326267112738,0.213
LD,k1D,0.193636,0.9090892018779343,1151951.8333333333,0.5506049452505682,17411.75,0.01384351294253644,0.213
LD,k1D,0.213,1.0,1134540.0833333333,0.5367614323080319,0.0,0.0,0.213
LD,k1D,0.2343,1.1,1135271.9166666667,0.5250238417505032,731.8333333333334,-0.011737590557528701,0.213
LD,k1D,0.25773,1.2100000000000002,1135903.0,0.5086313312116829,1362.9166666666667,-0.028130101096348937,0.213
LD,k1D,0.283503,1.331,1132530.6666666667,0.49313655737555395,-2009.4166666666667,-0.043624874932477915,0.213
LD,k1D,0.311853,1.4640985915492957,1125094.8333333333,0.49896835103305054,-9445.25,-0.03779308127498123,0.213
LD,k1D,0.343039,1.610511737089202,1123223.4166666667,0.5188152676221793,-11316.666666666666,-0.017946164685852556,0.213
LD,k1D,0.377342,1.7715586854460095,1132217.5833333333,0.5395759823845782,-2322.5,0.002814550076546333,0.213
LD,k1D,0.415077,1.948718309859155,1140963.0,0.545647828097123,6422.916666666667,0.008886395789091126,0.213
LD,k1D,0.456584,2.143586854460094,1150702.8333333333,0.5316274213976752,16162.75,-0.005134010910356784,0.213
LD,k1D,0.502243,2.357948356807512,1160989.0,0.541787836609643,26448.916666666668,0.0050264043016111275,0.213
LD,k1D,0.552467,2.593741784037559,1168103.0833333333,0.4907113741817934,33563.0,-0.046050058126238434,0.213
LD,k1D,0.607714,2.8531173708920186,1167899.0833333333,0.5286105172916841,33359.0,-0.008150915016347746,0.213
LD,k1D,0.668485,3.1384272300469482,1178957.1666666667,0.5331839254045988,44417.083333333336,-0.0035775069034329754,0.213
LD,k1D,0.735334,3.4522723004694837,1174685.75,0.5704628574635561,40145.666666666664,0.03370142515552421,0.213
LD,k1D,0.808867,3.7974976525821598,1171538.0,0.6101179026267761,36997.916666666664,0.07335647031874432,0.213
LD,k1D,0.889754,4.1772488262910805,1170269.0,0.6249194862981534,35728.916666666664,0.08815805399012154,0.213
LD,k1D,0.978729,4.594971830985916,1169566.4166666667,0.6314063691783821,35026.333333333336,0.09464493687035025,0.213
LD,k1D,1.076602,5.0544694835680755,1160748.5,0.634816310248807,26208.416666666668,0.09805487794077523,0.213
LD,k1D,1.184262,5.559915492957746,1165590.25,0.6365852749792826,31050.166666666668,0.09982384267125081,0.213
LD,k1D,1.302689,6.115910798122066,1165284.25,0.6368716394424215,30744.166666666668,0.10011020713438971,0.213
LD,k1D,1.432957,6.72749765258216,1164837.9166666667,0.634234534679087,30297.833333333332,0.09747310237105511,0.213
LD,k1D,1.576253,7.4002488262910795,1164201.75,0.6318082057556454,29661.666666666668,0.09504677344761364,0.213
LD,k1D,1.733879,8.140276995305165,1163864.6666666667,0.6293069393579374,29324.583333333332,0.09254550704990543,0.213
LD,k1D,1.907266,8.954300469483568,1163600.3333333333,0.6271969591727374,29060.25,0.09043552686470553,0.213
LD,k1D,2.097993,9.849732394366198,1163393.0,0.6251023130045049,28852.916666666668,0.08834088069647317,0.213
LD,Bk8,0.017584,0.10152424942263279,1148761.9166666667,0.5423038387537148,8544.75,0.005464072793204183,0.1732
LD,Bk8,0.019343,0.11168013856812933,1148760.9166666667,0.5435669662167606,8543.75,0.006727200256249889,0.1732
LD,Bk8,0.021277,0.12284642032332564,1148841.4166666667,0.5444584127468367,8624.25,0.007618646786326011,0.1732
LD,Bk8,0.023405,0.13513279445727483,1148850.9166666667,0.5435587614575307,8633.75,0.006718995497019958,0.1732
LD,Bk8,0.025745,0.1486431870669746,1148843.3333333333,0.5430370043995203,8626.166666666666,0.0061972384390095725,0.1732
LD,Bk8,0.02832,0.1635103926096998,1143220.1666666667,0.541068145960065,3003.0,0.004228379999554351,0.1732
LD,Bk8,0.031152,0.17986143187066975,1148890.0833333333,0.5454701683863222,8672.916666666666,0.008630402425811525,0.1732
LD,Bk8,0.034267,0.19784642032332564,1148894.0833333333,0.5427167385390789,8676.916666666666,0.005876972578568275,0.1732
LD,Bk8,0.037693,0.2176270207852194,1148892.4166666667,0.5427340885958046,8675.25,0.0058943226352940565,0.1732
LD,Bk8,0.041463,0.23939376443418015,1148895.6666666667,0.5412467696567681,8678.5,0.004407003696257554,0.1732
LD,Bk8,0.045609,0.2633314087759815,1148893.0,0.5420684545413493,8675.833333333334,0.005228688580838692,0.1732
LD,Bk8,0.05017,0.28966512702078523,1143305.6666666667,0.5393442227825757,3088.5,0.002504456822065062,0.1732
LD,Bk8,0.055187,0.31863163972286374,1149021.0833333333,0.5447577290630025,8803.916666666666,0.007917963102491812,0.1732
LD,Bk8,0.060706,0.35049653579676676,1149018.5833333333,0.5422371507426487,8801.416666666666,0.005397384782138026,0.1732
LD,Bk8,0.066776,0.3855427251732102,1149019.4166666667,0.5419116321329712,8802.25,0.005071866172460628,0.1732
LD,Bk8,0.073454,0.4240993071593534,1149098.6666666667,0.5417811444439625,8881.5,0.004941378483451914,0.1732
LD,Bk8,0.080799,0.4665069284064665,1149140.8333333333,0.5431242391071639,8923.666666666666,0.006284473146653258,0.1732
LD,Bk8,0.088879,0.5131581986143188,1149132.75,0.5441816351662213,8915.583333333334,0.007341869205710579,0.1732
LD,Bk8,0.097767,0.5644745958429562,1149214.1666666667,0.542250743319704,8997.0,0.005410977359193335,0.1732
LD,Bk8,0.107544,0.6209237875288683,1149261.25,0.5437619873361123,9044.083333333334,0.006922221375601584,0.1732
LD,Bk8,0.118298,0.683013856812933,1149349.25,0.5478520982806153,9132.083333333334,0.011012332320104576,0.1732
LD,Bk8,0.130128,0.7513163972286374,1149390.8333333333,0.5475834776556506,9173.666666666666,0.010743711695140018,0.1732
LD,Bk8,0.143141,0.8264491916859122,1149526.5,0.5449463756733887,9309.333333333334,0.008106609712877919,0.1732
LD,Bk8,0.157455,0.909093533487298,1149594.4166666667,0.5450917823820516,9377.25,0.008252016421540878,0.1732
LD,Bk8,0.1732,1.0,1140217.1666666667,0.5368397659605106,0.0,0.0,0.1732
LD,Bk8,0.19052,1.1,1144111.75,0.5431744882012709,3894.5833333333335,0.006334722240760167,0.1732
LD,Bk8,0.209572,1.2100000000000002,1149966.6666666667,0.5466719426334978,9749.5,0.00983217667298722,0.1732
LD,Bk8,0.230529,1.330998845265589,1150137.3333333333,0.5483085779463023,9920.166666666666,0.011468811985791675,0.1732
LD,Bk8,0.253582,1.4640993071593533,1150323.4166666667,0.5486764007800742,10106.25,0.011836634819563522,0.1732
LD,Bk8,0.27894,1.6105080831408778,1144821.25,0.5408641684983568,4604.083333333333,0.004024402537846157,0.1732
LD,Bk8,0.306834,1.7715588914549654,1150719.25,0.5456958974980121,10502.083333333334,0.008856131537501422,0.1732
LD,Bk8,0.337518,1.948718244803695,1151040.1666666667,0.5456084283511934,10823.0,0.008768662390682766,0.1732
LD,Bk8,0.37127,2.1435912240184756,1145730.0833333333,0.5400431429370763,5512.916666666667,0.003203376976565697,0.1732
LD,Bk8,0.408397,2.3579503464203233,1151685.5833333333,0.5424113287066066,11468.416666666666,0.005571562746095919,0.1732
LD,Bk8,0.449236,2.5937413394919173,1152183.25,0.5414955714927178,11966.083333333334,0.004655805532207032,0.1732
LD,Bk8,0.49416,2.853117782909931,1147082.0,0.5368618211506798,6864.833333333333,2.2055190169132748e-05,0.1732
LD,Bk8,0.543576,3.1384295612009234,1153377.6666666667,0.543393702484949,13160.5,0.006553936524438401,0.1732
LD,Bk8,0.597933,3.4522690531177833,1154262.9166666667,0.5439916245623115,14045.75,0.007151858601800888,0.1732
LD,Bk8,0.657727,3.7975,1155368.0833333333,0.5410899984109412,15150.916666666666,0.004250232450430436,0.1732
LD,Bk8,0.723499,4.177245958429562,1156717.9166666667,0.5394814030546905,16500.75,0.002641637094179953,0.1732
LD,Bk8,0.795849,4.594971131639723,1157477.0833333333,0.5373006721380525,17259.916666666668,0.00046090617754183477,0.1732
LD,Bk8,0.875434,5.054468822170901,1158430.3333333333,0.5355208564666294,18213.166666666668,-0.0013189094938812669,0.1732
LD,Bk8,0.962978,5.559919168591224,1159284.0833333333,0.5358202449509284,19066.916666666668,-0.0010195210095822655,0.1732
LD,Bk8,1.059275,6.115906466512702,1154661.5,0.530796702142947,14444.333333333334,-0.0060430638175636335,0.1732
LD,Bk8,1.165203,6.7275,1152214.75,0.5215746530891878,11997.583333333334,-0.015265112871322836,0.1732
LD,Bk8,1.281723,7.400248267898383,1156791.75,0.5253012928777127,16574.583333333332,-0.011538473082798048,0.1732
LD,Bk8,1.409896,8.14027713625866,1154237.0833333333,0.5131446859324256,14019.916666666666,-0.023695080028085087,0.1732
LD,Bk8,1.550885,8.954301385681294,1160420.5,0.5127428301027196,20203.333333333332,-0.024096935857791064,0.1732
LD,Bk8,1.705974,9.849734411085452,1163664.9166666667,0.5037088880250584,23447.75,-0.033130877935452295,0.1732
LD,K5,0.037564,0.10152432432432433,1118637.3333333333,0.7455127600273697,-7846.583333333333,0.22131642708480814,0.37
LD,K5,0.041321,0.11167837837837837,1121105.0833333333,0.7471911360490772,-5378.833333333333,0.22299480310651557,0.37
LD,K5,0.045453,0.12284594594594594,1121973.4166666667,0.7152687104316137,-4510.5,0.19107237748905223,0.37
LD,K5,0.049998,0.13512972972972973,1124550.5833333333,0.7144204042109349,-1933.3333333333333,0.19022407126837335,0.37
LD,K5,0.054998,0.14864324324324324,1129495.3333333333,0.7103399018636063,3011.4166666666665,0.18614356892104486,0.37
LD,K5,0.060498,0.16350810810810812,1124729.6666666667,0.769828917230515,-1754.25,0.24563258428795345,0.37
LD,K5,0.066548,0.17985945945945944,1131247.75,0.6309035526535712,4763.833333333333,0.10670721971100983,0.37
LD,K5,0.073203,0.19784594594594596,1132433.5833333333,0.620588634201973,5949.666666666667,0.09639230125941155,0.37
LD,K5,0.080523,0.21762972972972972,1133275.75,0.6145331238491484,6791.833333333333,0.09033679090658692,0.37
LD,K5,0.088575,0.2393918918918919,1134471.4166666667,0.6102747970079111,7987.5,0.08607846406534962,0.37
LD,K5,0.097433,0.26333243243243243,1135561.9166666667,0.6070892583299037,9078.0,0.0828929253873422,0.37
LD,K5,0.107176,0.28966486486486487,1136091.0833333333,0.602894233076375,9607.166666666666,0.07869790013381349,0.37
LD,K5,0.117893,0.31862972972972975,1136446.0833333333,0.5997512995043474,9962.166666666666,0.07555496656178586,0.37
LD,K5,0.129683,0.3504945945945946,1136962.5,0.5966516079402612,10478.583333333334,0.07245527499769976,0.37
LD,K5,0.142651,0.38554324324324324,1137642.5,0.5902114254761807,11158.583333333334,0.06601509253361908,0.37
LD,K5,0.156916,0.4240972972972973,1138358.1666666667,0.5836252999962028,11874.25,0.05942896705364137,0.37
LD,K5,0.172608,0.46650810810810817,1139091.4166666667,0.5751096403728646,12607.5,0.05091330743030315,0.37
LD,K5,0.189868,0.5131567567567568,1139528.75,0.5669966991299132,13044.833333333334,0.04280036618735178,0.37
LD,K5,0.208855,0.564472972972973,1140008.0,0.5585718091025104,13524.083333333334,0.03437547615994882,0.37
LD,K5,0.229741,0.6209216216216217,1140674.9166666667,0.5512192095677343,14191.0,0.02702287662517287,0.37
LD,K5,0.252715,0.6830135135135136,1141481.3333333333,0.5472330940162904,14997.416666666666,0.02303676107372891,0.37
LD,K5,0.277986,0.7513135135135135,1142589.0,0.5438933640669588,16105.083333333334,0.019697031124397163,0.37
LD,K5,0.305785,0.8264459459459459,1144121.0,0.5483900003913215,17637.083333333332,0.024193667448760014,0.37
LD,K5,0.336364,0.9090918918918919,1145730.9166666667,0.5446256808617954,19247.0,0.02042934791923387,0.37
LD,K5,0.37,1.0,1126483.9166666667,0.5241963329425615,0.0,0.0,0.37
LD,K5,0.407,1.0999999999999999,1134001.5,0.5230118636818697,7517.583333333333,-0.0011844692606918135,0.37
LD,K5,0.4477,1.21,1139475.4166666667,0.5196452342303065,12991.5,-0.004551098712255018,0.37
LD,K5,0.49247,1.331,1147874.3333333333,0.5188797563724301,21390.416666666668,-0.005316576570131394,0.37
LD,K5,0.541717,1.4641,1154568.1666666667,0.5156548192017059,28084.25,-0.008541513740855636,0.37
LD,K5,0.595889,1.6105108108108108,1156424.5,0.5139305687830303,29940.583333333332,-0.010265764159531213,0.37
LD,K5,0.655478,1.7715621621621622,1157617.8333333333,0.5066755765500772,31133.916666666668,-0.01752075639248425,0.37
LD,K5,0.721025,1.9487162162162164,1157409.3333333333,0.5032372520737743,30925.416666666668,-0.0209590808687872,0.37
LD,K5,0.793128,2.143589189189189,1158731.0,0.49513909998232614,32247.083333333332,-0.02905723296023537,0.37
LD,K5,0.872441,2.357948648648649,1160138.6666666667,0.48913946664448554,33654.75,-0.035056866298075966,0.37
LD,K5,0.959685,2.5937432432432432,1161433.3333333333,0.48392244570969045,34949.416666666664,-0.040273887232871015,0.37
LD,K5,1.055653,2.853116216216216,1158536.0833333333,0.4822862158038738,32052.166666666668,-0.04191011713868773,0.37
LD,K5,1.161218,3.1384270270270274,1159850.75,0.4787982435744624,33366.833333333336,-0.045398089368099144,0.37
LD,K5,1.27734,3.45227027027027,1160919.4166666667,0.4769290787713203,34435.5,-0.04726725417124115,0.37
LD,K5,1.405074,3.7974972972972973,1161700.5,0.47082232818910574,35216.583333333336,-0.053374004753455745,0.37
LD,K5,1.545582,4.177248648648649,1162267.75,0.4615129435568904,35783.833333333336,-0.06268338938567108,0.37
LD,K5,1.70014,4.594972972972973,1162404.5,0.4592094695152056,35920.583333333336,-0.06498686342735595,0.37
LD,K5,1.870154,5.05447027027027,1162361.5833333333,0.4552477969670807,35877.666666666664,-0.0689485359754808,0.37
LD,K5,2.057169,5.559916216216217,1162459.9166666667,0.4604400631244856,35976.0,-0.06375626981807596,0.37
LD,K5,2.262886,6.115908108108108,1162352.6666666667,0.453682653099358,35868.75,-0.07051367984320352,0.37
LD,K5,2.489175,6.7275,1162271.25,0.4566242965115726,35787.333333333336,-0.0675720364309889,0.37
LD,K5,2.738092,7.400248648648649,1162217.0833333333,0.4535120587649241,35733.166666666664,-0.07068427417763738,0.37
LD,K5,3.011902,8.140275675675676,1156630.6666666667,0.45265788661910705,30146.75,-0.07153844632345445,0.37
LD,K5,3.313092,8.954302702702703,1162199.25,0.4490985720080029,35715.333333333336,-0.07509776093455857,0.37
LD,K5,3.644401,9.849732432432432,1156612.5833333333,0.4644334881766372,30128.666666666668,-0.059762844765924306,0.37
LD,k5,0.016153,0.10152734129478316,1146050.0833333333,0.5495755577996388,10238.666666666666,0.009041464695086534,0.1591
LD,k5,0.017768,0.1116781898177247,1146051.25,0.5410546043829583,10239.833333333334,0.000520511278405957,0.1591
LD,k5,0.019545,0.1228472658705217,1146022.0833333333,0.5414309780441177,10210.666666666666,0.0008968849395653289,0.1591
LD,k5,0.021499,0.13512884978001258,1145906.1666666667,0.5481906938574871,10094.75,0.007656600752934885,0.1591
LD,k5,0.023649,0.1486423632935261,1145604.5833333333,0.5439870176721895,9793.166666666666,0.003452924567637239,0.1591
LD,k5,0.026014,0.16350722815839094,1145617.25,0.5423239356530175,9805.833333333334,0.0017898425484652314,0.1591
LD,k5,0.028616,0.1798617221873036,1145548.25,0.543133410364287,9736.833333333334,0.002599317259734705,0.1591
LD,k5,0.031477,0.1978441231929604,1145548.25,0.5401323597890347,9736.833333333334,-0.00040173331551762725,0.1591
LD,k5,0.034625,0.21763042111879324,1145548.25,0.5412189884497373,9736.833333333334,0.0006848953451849271,0.1591
LD,k5,0.038087,0.23939032055311127,1145548.25,0.5415215578093151,9736.833333333334,0.0009874647047628988,0.1591
LD,k5,0.041896,0.2633312382149592,1145548.25,0.5403667969731112,9736.833333333334,-0.0001672961314410822,0.1591
LD,k5,0.046086,0.2896668761785041,1145548.25,0.5391214220373503,9736.833333333334,-0.0014126710672019798,0.1591
LD,k5,0.050694,0.318629792583281,1145548.25,0.54096203675807,9736.833333333334,0.00042794365351781866,0.1591
LD,k5,0.055764,0.35049654305468264,1145548.25,0.5405133215161619,9736.833333333334,-2.0771588390283702e-05,0.1591
LD,k5,0.06134,0.38554368321810184,1141707.5,0.5388687880812761,5896.083333333333,-0.0016653050232760442,0.1591
LD,k5,0.067474,0.4240980515399121,1145548.25,0.5373469997563624,9736.833333333334,-0.003187093348189914,0.1591
LD,k5,0.074221,0.46650534255185416,1145548.25,0.5398383480856482,9736.833333333334,-0.0006957450189040241,0.1591
LD,k5,0.081643,0.5131552482715274,1145548.25,0.5414966812820402,9736.833333333334,0.0009625881774880385,0.1591
LD,k5,0.089808,0.5644751728472659,1145548.25,0.5417614480558277,9736.833333333334,0.0012273549512754334,0.1591
LD,k5,0.098789,0.620923947203017,1145548.25,0.5405416331000885,9736.833333333334,7.539995536228379e-06,0.1591
LD,k5,0.108667,0.6830106851037084,1145548.25,0.5419260210618763,9736.833333333334,0.0013919279573239944,0.1591
LD,k5,0.119534,0.751313639220616,1145548.25,0.5436395808754598,9736.833333333334,0.0031054877709075688,0.1591
LD,k5,0.131488,0.8264487743557511,1145548.25,0.5429145365410685,9736.833333333334,0.002380443436516185,0.1591
LD,k5,0.144636,0.9090886235072281,1145548.25,0.5393925988049054,9736.833333333334,-0.0011414942996468835,0.1591
LD,k5,0.1591,1.0,1135811.4166666667,0.5405340931045522,0.0,0.0,0.1591
LD,k5,0.17501,1.1,1141707.5,0.5390579500052217,5896.083333333333,-0.0014761430993305475,0.1591
LD,k5,0.192511,1.21,1145548.25,0.5449065358030158,9736.833333333334,0.004372442698463587,0.1591
LD,k5,0.211762,1.3309993714644879,1145548.25,0.543910177986528,9736.833333333334,0.003376084881975707,0.1591
LD,k5,0.232938,1.464098051539912,1145548.25,0.5451198235969225,9736.833333333334,0.0045857304923702935,0.1591
LD,k5,0.256232,1.610509113764928,1145548.25,0.5451290188731188,9736.833333333334,0.004594925768566617,0.1591
LD,k5,0.281855,1.7715587680703961,1145548.25,0.5446716586928285,9736.833333333334,0.00413756558827628,0.1591
LD,k5,0.310041,1.948717787554997,1145548.25,0.5421783898869951,9736.833333333334,0.0016442967824428778,0.1591
LD,k5,0.341045,2.143588937774984,1145548.25,0.5402227907776537,9736.833333333334,-0.0003113023268985678,0.1591
LD,k5,0.375149,2.357944688874922,1145548.25,0.5407458255669729,9736.833333333334,0.0002117324624207236,0.1591
LD,k5,0.412664,2.5937397862979257,1145548.25,0.5406510528115844,9736.833333333334,0.00011695970703221037,0.1591
LD,k5,0.453931,2.853117536140792,1145548.25,0.541221756937543,9736.833333333334,0.0006876638329908388,0.1591
LD,k5,0.499324,3.138428661219359,1145548.25,0.5399389980479631,9736.833333333334,-0.0005950950565892047,0.1591
LD,k5,0.549256,3.452269013199246,1145548.25,0.5416107427751878,9736.833333333334,0.001076649670635597,0.1591
LD,k5,0.604182,3.7974984286612194,1145548.25,0.5409221609277085,9736.833333333334,0.0003880678231561648,0.1591
LD,k5,0.6646,4.1772470144563165,1135811.4166666667,0.5369080844885863,0.0,-0.003626008615966005,0.1591
LD,k5,0.73106,4.594971715901949,1141707.5,0.538099236807445,5896.083333333333,-0.00243485629710725,0.1591
LD,k5,0.804166,5.054468887492144,1145548.25,0.5405496744955639,9736.833333333334,1.558139101170049e-05,0.1591
LD,k5,0.884583,5.559918290383407,1145548.25,0.5412933984871261,9736.833333333334,0.0007593053825738031,0.1591
LD,k5,0.973041,6.115908233815211,1145548.25,0.5395102810665641,9736.833333333334,-0.001023812037988255,0.1591
LD,k5,1.070345,6.72749842866122,1141734.25,0.5390760412278653,5922.833333333333,-0.0014580518766869333,0.1591
LD,k5,1.17738,7.400251414204903,1141734.25,0.539058035957118,5922.833333333333,-0.001476057147434216,0.1591
LD,k5,1.295118,8.140276555625393,1141731.1666666667,0.5435775090319465,5919.75,0.0030434159273942294,0.1591
LD,k5,1.42463,8.954305468258957,1141734.25,0.538575645364384,5922.833333333333,-0.0019584477401683453,0.1591
LD,k5,1.567092,9.849729729729729,1141734.25,0.5396048150043153,5922.833333333333,-0.0009292781002369818,0.1591
LD,g1,0.000102,0.102,1146665.5833333333,0.5513311579628337,14168.5,0.018440467422458324,0.001
LD,g1,0.000112,0.112,1146665.5833333333,0.5519112001355343,14168.5,0.019020509595158802,0.001
LD,g1,0.000123,0.12300000000000001,1146665.5833333333,0.5518897584169009,14168.5,0.018999067876525555,0.001
LD,g1,0.000135,0.135,1146665.5833333333,0.5515140639270558,14168.5,0.01862337338668042,0.001
LD,g1,0.000149,0.149,1146665.5833333333,0.5501797629269399,14168.5,0.01728907238656453,0.001
LD,g1,0.000164,0.164,1146665.5833333333,0.5504297842123078,14168.5,0.01753909367193233,0.001
LD,g1,0.00018,0.18000000000000002,1141947.4166666667,0.5395218025996993,9450.333333333334,0.0066311120593238555,0.001
LD,g1,0.000198,0.19799999999999998,1146665.5833333333,0.5511129843675299,14168.5,0.018222293827154384,0.001
LD,g1,0.000218,0.218,1146665.5833333333,0.5517931492101958,14168.5,0.018902458669820443,0.001
LD,g1,0.000239,0.239,1146665.5833333333,0.5516229415544384,14168.5,0.01873225101406294,0.001
LD,g1,0.000263,0.263,1146665.5833333333,0.551420098659056,14168.5,0.018529408118680563,0.001
LD,g1,0.00029,0.29,1141947.4166666667,0.5397238834082244,9450.333333333334,0.006833192867849068,0.001
LD,g1,0.000319,0.319,1146665.5833333333,0.5512852851437616,14168.5,0.018394594603386254,0.001
LD,g1,0.00035,0.35,1141947.4166666667,0.5395094922984344,9450.333333333334,0.006618801758058947,0.001
LD,g1,0.000386,0.386,1146665.5833333333,0.5508673009352961,14168.5,0.017976610394920673,0.001
LD,g1,0.000424,0.424,1146665.5833333333,0.5493608663724566,14168.5,0.016470175832081175,0.001
LD,g1,0.000467,0.467,1146665.5833333333,0.5488136896228193,14168.5,0.015922999082443805,0.001
LD,g1,0.000513,0.513,1146665.5833333333,0.5514132400434698,14168.5,0.018522549503094482,0.001
LD,g1,0.000564,0.5640000000000001,1146665.5833333333,0.550207863392638,14168.5,0.01731717285226266,0.001
LD,g1,0.000621,0.621,1146665.5833333333,0.5512746531421163,14168.5,0.018383962601740977,0.001
LD,g1,0.000683,0.683,1146665.5833333333,0.5506410454443258,14168.5,0.017750354903950327,0.001
LD,g1,0.000751,0.751,1146665.5833333333,0.5498392893205392,14168.5,0.01694859878016385,0.001
LD,g1,0.000826,0.826,1146665.5833333333,0.5511733361647738,14168.5,0.018282645624398408,0.001
LD,g1,0.000909,0.9089999999999999,1146665.5833333333,0.5503804205646093,14168.5,0.01748973002423392,0.001
LD,g1,0.001,1.0,1132497.0833333333,0.5328906905403753,0.0,0.0,0.001
LD,g1,0.0011,1.1,1136099.9166666667,0.5388150073935895,3602.8333333333335,0.005924316853214068,0.001
LD,g1,0.00121,1.21,1141947.4166666667,0.5410965054841775,9450.333333333334,0.008205814943802051,0.001
LD,g1,0.001331,1.331,1146665.5833333333,0.5523444489596475,14168.5,0.0194537584192722,0.001
LD,g1,0.001464,1.464,1146665.5833333333,0.5496380140238619,14168.5,0.01674732348348648,0.001
LD,g1,0.001611,1.611,1146665.5833333333,0.5519963792747272,14168.5,0.019105688734351877,0.001
LD,g1,0.001772,1.7719999999999998,1146665.5833333333,0.5498273401271261,14168.5,0.01693664958675062,0.001
LD,g1,0.001949,1.9489999999999998,1146665.5833333333,0.5505484430853258,14168.5,0.017657752544950417,0.001
LD,g1,0.002144,2.144,1146665.5833333333,0.5509216257214496,14168.5,0.018030935181074337,0.001
LD,g1,0.002358,2.3579999999999997,1146665.5833333333,0.5524585882463877,14168.5,0.01956789770601226,0.001
LD,g1,0.002594,2.594,1146665.5833333333,0.5515468260760666,14168.5,0.01865613553569123,0.001
LD,g1,0.002853,2.853,1146665.5833333333,0.5523701793347197,14168.5,0.019479488794344163,0.001
LD,g1,0.003138,3.138,1146665.5833333333,0.5521091040318624,14168.5,0.019218413491486997,0.001
LD,g1,0.003452,3.452,1146665.5833333333,0.5506239257444191,14168.5,0.01773323520404359,0.001
LD,g1,0.003798,3.798,1146665.5833333333,0.5501284382384274,14168.5,0.01723774769805206,0.001
LD,g1,0.004177,4.1770000000000005,1146665.5833333333,0.5485829998460302,14168.5,0.01569230930565485,0.001
LD,g1,0.004595,4.595,1146665.5833333333,0.5496577031579206,14168.5,0.016767012617545263,0.001
LD,g1,0.005054,5.054,1146665.5833333333,0.550643270424485,14168.5,0.017752579884109675,0.001
LD,g1,0.00556,5.56,1141947.4166666667,0.5398214140374259,9450.333333333334,0.006930723497050382,0.001
LD,g1,0.006116,6.116,1146665.5833333333,0.5514667187774367,14168.5,0.018576028237061348,0.001
LD,g1,0.006727,6.727,1146665.5833333333,0.549564400797076,14168.5,0.016673710256700575,0.001
LD,g1,0.0074,7.4,1136099.9166666667,0.5356164975112052,3602.8333333333335,0.002725806970829812,0.001
LD,g1,0.00814,8.139999999999999,1141947.4166666667,0.5390175387753543,9450.333333333334,0.006126848234978832,0.001
LD,g1,0.008954,8.954,1146665.5833333333,0.5506234327987628,14168.5,0.017732742258387307,0.001
LD,g1,0.00985,9.85,1141947.4166666667,0.5395530899385954,9450.333333333334,0.006662399398219961,0.001
LD,dg2,0.129973,0.10152538427529405,1149620.25,0.5482867978574179,9359.5,0.009780828057620622,1.280202
LD,dg2,0.142971,0.11167846949153336,1149620.25,0.5464993664729085,9359.5,0.007993396673111322,1.280202
LD,dg2,0.157268,0.12284623832801385,1149620.25,0.5475065171950482,9359.5,0.00900054739525094,1.280202
LD,dg2,0.172994,0.1351302372594325,1149620.25,0.5467483990581629,9359.5,0.008242429258365705,1.280202
LD,dg2,0.190294,0.1486437296614128,1149620.25,0.5478805923136753,9359.5,0.00937462251387805,1.280202
LD,dg2,0.209323,0.1635077901768627,1149620.25,0.5488222763208265,9359.5,0.01031630652102932,1.280202
LD,dg2,0.230256,0.17985911598325888,1149620.25,0.5492590052321803,9359.5,0.010753035432383104,1.280202
LD,dg2,0.253281,0.1978445589055477,1149620.25,0.5498851718772472,9359.5,0.01137920207744996,1.280202
LD,dg2,0.278609,0.21762893668342964,1149620.25,0.5465343718182603,9359.5,0.008028402018463035,1.280202
LD,dg2,0.30647,0.23939190846444547,1144965.0833333333,0.5395816588795131,4704.333333333333,0.0010756890797159746,1.280202
LD,dg2,0.337117,0.26333109931089,1149620.25,0.5470515386830058,9359.5,0.008545568883208676,1.280202
LD,dg2,0.370829,0.28966444357999754,1149620.25,0.546174117633731,9359.5,0.007668147833933853,1.280202
LD,dg2,0.407912,0.3186309660506701,1149620.25,0.5437156243771851,9359.5,0.0052096545773879606,1.280202
LD,dg2,0.448703,0.35049390643039147,1149620.25,0.5423207583207555,9359.5,0.0038147885209583823,1.280202
LD,dg2,0.493573,0.38554306273541206,1149620.25,0.5449941128210245,9359.5,0.006488143021227355,1.280202
LD,dg2,0.542931,0.4240979157976632,1149620.25,0.5470018797733609,9359.5,0.008495909973563726,1.280202
LD,dg2,0.597224,0.46650762926475664,1149620.25,0.546889784834894,9359.5,0.008383815035096933,1.280202
LD,dg2,0.656946,0.513158079740541,1149620.25,0.5462116167361462,9359.5,0.007705646936349009,1.280202
LD,dg2,0.722641,0.5644742001652864,1149620.25,0.5463078839455454,9359.5,0.007801914145748268,1.280202
LD,dg2,0.794905,0.6209215420691422,1149620.25,0.5435652602812628,9359.5,0.0050592904814657225,1.280202
LD,dg2,0.874395,0.6830133057126923,1149620.25,0.5444836595271071,9359.5,0.005977689727309961,1.280202
LD,dg2,0.961835,0.7513150268473257,1149620.25,0.5476777116975785,9359.5,0.009171741897781305,1.280202
LD,dg2,1.058018,0.8264461389686939,1144983.4166666667,0.5430353923913184,4722.666666666667,0.004529422591521208,1.280202
LD,dg2,1.16382,0.9090909090909091,1144983.4166666667,0.544111199791132,4722.666666666667,0.005605229991334819,1.280202
LD,dg2,1.280202,1.0,1140260.75,0.5385059697997971,0.0,0.0,1.280202
LD,dg2,1.408222,1.0999998437746543,1144983.5833333333,0.5414273204371342,4722.833333333333,0.0029213506373369502,1.280202
LD,dg2,1.549044,1.209999671926774,1144983.5833333333,0.5406339481368101,4722.833333333333,0.0021279783370130034,1.280202
LD,dg2,1.703949,1.3310001077954885,1144983.5833333333,0.5408359682946277,4722.833333333333,0.0023299984948305006,1.280202
LD,dg2,1.874344,1.46410019668771,1144983.5833333333,0.5394932641390554,4722.833333333333,0.0009872943392582416,1.280202
LD,dg2,2.061778,1.6105099039057897,1145114.25,0.542134613823806,4853.5,0.003628644024008948,1.280202
LD,dg2,2.267956,1.7715610505217143,1145114.25,0.5427356985464967,4853.5,0.004229728746699589,1.280202
LD,dg2,2.494752,1.9487174680245773,1145114.25,0.5389046787241574,4853.5,0.0003987089243602711,1.280202
LD,dg2,2.744227,2.1435890586016892,1145114.25,0.5387923743803718,4853.5,0.00028640458057462476,1.280202
LD,dg2,3.018649,2.3579474176731483,1145114.25,0.5426580248373877,4853.5,0.004152055037590548,1.280202
LD,dg2,3.320514,2.593742237553136,1145114.25,0.5440690392645483,4853.5,0.005563069464751168,1.280202
LD,dg2,3.652566,2.8531169299844867,1145114.25,0.5428261573955374,4853.5,0.0043201875957402285,1.280202
LD,dg2,4.017822,3.138428154306898,1144308.75,0.5383893639280756,4048.0,-0.0001166058717215664,1.280202
LD,dg2,4.419605,3.4522715946389706,1139590.5833333333,0.5316354035164884,-670.1666666666666,-0.0068705662833087695,1.280202
LD,dg2,4.861565,3.7974983635395034,1144308.75,0.5396003786206236,4048.0,0.0010944088208264164,1.280202
LD,dg2,5.347721,4.1772478093300895,1145114.25,0.5390739878499294,4853.5,0.000568018050132226,1.280202
LD,dg2,5.882494,4.594973293277155,1145114.25,0.5421727910109528,4853.5,0.0036668212111557095,1.280202
LD,dg2,6.470743,5.054470310154178,1144935.25,0.535951300972289,4674.5,-0.002554668827508081,1.280202
LD,dg2,7.117817,5.559917106831578,1144771.75,0.5397153013787169,4511.0,0.0012093315789197905,1.280202
LD,dg2,7.829599,6.115909051852754,1140037.25,0.5343160215549312,-223.5,-0.004189948244865978,1.280202
LD,dg2,8.612559,6.727500035150702,1145054.5833333333,0.5432223653238404,4793.833333333333,0.004716395524043238,1.280202
LD,dg2,9.473815,7.400250116778445,1145024.75,0.5383852592377317,4764.0,-0.00012071056206550135,1.280202
LD,dg2,10.421196,8.140274737892925,1144983.5833333333,0.5423851589555618,4722.833333333333,0.003879189155764684,1.280202
LD,dg2,11.463316,8.95430252413291,1144983.5833333333,0.5422169531063076,4722.833333333333,0.0037109833065103828,1.280202
LD,dg2,12.609647,9.849732307870164,1144983.4166666667,0.5435233234491318,4722.666666666667,0.005017353649334662,1.280202
LD,p3,0.062357,0.10152556170628461,1132193.6666666667,0.5462932130631211,-3801.0833333333335,0.007648421398812222,0.6142
LD,p3,0.068593,0.11167860631716055,1131970.75,0.5431614653133267,-4024.0,0.004516673649017894,0.6142
LD,p3,0.075452,0.12284597850862912,1131805.8333333333,0.5424751186132173,-4188.916666666667,0.003830326948908428,0.6142
LD,p3,0.082997,0.13513025073266038,1131629.0833333333,0.5362059602472834,-4365.666666666667,-0.0024388314170255276,0.6142
LD,p3,0.091297,0.1486437642461739,1131572.6666666667,0.5314724441356402,-4422.083333333333,-0.00717234752866866,0.6142
LD,p3,0.100427,0.16350862911103875,1131335.0,0.5289913447899935,-4659.75,-0.009653446874315316,0.6142
LD,p3,0.110469,0.17985835232823186,1130981.0833333333,0.5224916426326196,-5013.666666666667,-0.01615314903168923,0.6142
LD,p3,0.121516,0.19784435037447087,1130608.5,0.5118789097038768,-5386.25,-0.026765881960432048,0.6142
LD,p3,0.133668,0.21762943666558127,1130165.5,0.5091339620170012,-5829.25,-0.02951082964730768,0.6142
LD,p3,0.147035,0.23939270595897102,1129758.5833333333,0.5088607128826597,-6236.166666666667,-0.029784078781649213,0.6142
LD,p3,0.161738,0.263331162487789,1129921.8333333333,0.4983700517277065,-6072.916666666667,-0.04027473993660234,0.6142
LD,p3,0.177912,0.2896646043633995,1130463.5,0.4939328094790094,-5531.25,-0.04471198218529946,0.6142
LD,p3,0.195703,0.31863073917290785,1130605.75,0.48997565969779533,-5389.0,-0.04866913196651363,0.6142
LD,p3,0.215273,0.35049332464995114,1129103.25,0.48021060372052776,-6891.5,-0.05843418794378105,0.6142
LD,p3,0.236801,0.3855437968088571,1127993.75,0.47736515122670625,-8001.0,-0.061279640437602555,0.6142
LD,p3,0.260481,0.424098013676327,1128195.0,0.4831398084421497,-7799.75,-0.055504983222159104,0.6142
LD,p3,0.286529,0.4665076522305438,1126760.6666666667,0.4688150860677735,-9234.083333333334,-0.0698297055965353,0.6142
LD,p3,0.315182,0.5131585802670141,1124521.6666666667,0.4718751210412108,-11473.083333333334,-0.06676967062309806,0.6142
LD,p3,0.3467,0.5644741126668837,1110102.3333333333,0.47982693151215333,-25892.416666666668,-0.058817860152155545,0.6142
LD,p3,0.38137,0.6209215239335721,1117569.0833333333,0.47120954060057985,-18425.666666666668,-0.06743525106372901,0.6142
LD,p3,0.419507,0.6830136763269294,1125624.3333333333,0.4885789629851843,-10370.416666666666,-0.05006582867912456,0.6142
LD,p3,0.461458,0.7513155323998697,1130275.5833333333,0.505329858936645,-5719.166666666667,-0.03331493272766394,0.6142
LD,p3,0.507603,0.8264457831325303,1135563.8333333333,0.5176709410525513,-430.9166666666667,-0.020973850611757532,0.6142
LD,p3,0.558364,0.909091501139694,1141016.8333333333,0.5383254343635747,5022.083333333333,-0.00031935730073408736,0.6142
LD,p3,0.6142,1.0,1135994.75,0.5386447916643089,0.0,0.0,0.6142
LD,p3,0.67562,1.1,1147750.8333333333,0.547080514475328,11756.083333333334,0.008435722811019139,0.6142
LD,p3,0.743182,1.2100000000000002,1157187.0,0.5542091605459575,21192.25,0.015564368881648694,0.6142
LD,p3,0.8175,1.3309996743731685,1149799.75,0.5385635491497419,13805.0,-8.12425145669445e-05,0.6142
LD,p3,0.89925,1.4640996418104852,1157143.0833333333,0.5356884721505896,21148.333333333332,-0.0029563195137192835,0.6142
LD,p3,0.989175,1.6105096059915338,1162847.4166666667,0.5306433046222433,26852.666666666668,-0.008001487042065547,0.6142
LD,p3,1.088093,1.7715613806577664,1159866.1666666667,0.5123738044766178,23871.416666666668,-0.02627098718769103,0.6142
LD,p3,1.196902,1.9487170302832952,1150791.4166666667,0.5129586878090883,14796.666666666666,-0.02568610385522054,0.6142
LD,p3,1.316592,2.1435884076847933,1153520.25,0.5221260218163648,17525.5,-0.016518769847944037,0.6142
LD,p3,1.448251,2.357946922826441,1150660.75,0.5278256115172318,14666.0,-0.01081918014707702,0.6142
LD,p3,1.593077,2.5937430804298276,1151842.6666666667,0.5327463875573785,15847.916666666666,-0.005898404106930377,0.6142
LD,p3,1.752384,2.8531162487788992,1156046.1666666667,0.5229843719277755,20051.416666666668,-0.015660419736533298,0.6142
LD,p3,1.927623,3.1384288505372844,1158981.0833333333,0.4879195077678,22986.333333333332,-0.05072528389650882,0.6142
LD,p3,2.120385,3.4522712471507657,1155381.8333333333,0.5504217360183097,19387.083333333332,0.01177694435400086,0.6142
LD,p3,2.332423,3.7974975577987626,1154560.25,0.5708853959281831,18565.5,0.03224060426387413,0.6142
LD,p3,2.565666,4.17724845327255,1161398.8333333333,0.5162024029228616,25404.083333333332,-0.022442388741447227,0.6142
LD,p3,2.822232,4.59497232171931,1156424.3333333333,0.49615374366004567,20429.583333333332,-0.042491048004263156,0.6142
LD,p3,3.104456,5.054470856398567,1153528.4166666667,0.5324653584998301,17533.666666666668,-0.006179433164478766,0.6142
LD,p3,3.414901,5.559916965157929,1132818.3333333333,0.6983061920374177,-3176.4166666666665,0.15966140037310886,0.6142
LD,p3,3.756391,6.115908498860306,1142080.3333333333,0.6894931718921448,6085.583333333333,0.1508483802278359,0.6142
LD,p3,4.13203,6.727499185932921,1140541.1666666667,0.7001590427852414,4546.416666666667,0.16151425112093262,0.6142
LD,p3,4.545234,7.400250732660371,1147377.8333333333,0.6950732047038203,11383.083333333334,0.1564284130395114,0.6142
LD,p3,4.999757,8.140275154672745,1145984.9166666667,0.6971333699248475,9990.166666666666,0.15848857826053855,0.6142
LD,p3,5.499733,8.954303158580267,1154715.5,0.716523306663645,18720.75,0.17787851499933607,0.6142
LD,p3,6.049706,9.849732985998045,1148391.4166666667,0.6954121198394211,12396.666666666666,0.1567673281751122,0.6142
LD,d1,0.079627,0.1015262017085299,1139285.1666666667,0.5859654780519816,3185.25,0.050506123398444173,0.7843
LD,d1,0.087589,0.11167792936376386,1143204.1666666667,0.6061045577890423,7104.25,0.07064520313550482,0.7843
LD,d1,0.096348,0.12284584980237155,1145919.3333333333,0.6202502291745957,9819.416666666666,0.08479087452105827,0.7843
LD,d1,0.105983,0.13513068978707127,1151043.5833333333,0.6253133934174789,14943.666666666666,0.0898540387639415,0.7843
LD,d1,0.116581,0.14864337625908455,1151204.3333333333,0.6228073209631027,15104.416666666666,0.08734796630956526,0.7843
LD,d1,0.128239,0.1635075863827617,1156084.0833333333,0.6428735493845591,19984.166666666668,0.10741419473102165,0.7843
LD,d1,0.141063,0.17985847252326914,1165478.1666666667,0.6652648913047298,29378.25,0.12980553665119227,0.7843
LD,d1,0.15517,0.1978452122912151,1167581.75,0.6807652363448208,31481.833333333332,0.14530588169128336,0.7843
LD,d1,0.170687,0.21762973352033663,1171130.6666666667,0.6865818109667087,35030.75,0.15112245631317117,0.7843
LD,d1,0.187755,0.23939181435675125,1164311.4166666667,0.6749672740905787,28211.5,0.13950791943704127,0.7843
LD,d1,0.206531,0.2633316333035828,1156551.0833333333,0.6675914497356333,20451.166666666668,0.13213209508209584,0.7843
LD,d1,0.227184,0.2896646691317098,1166575.8333333333,0.69248459954481,30475.916666666668,0.1570252448912726,0.7843
LD,d1,0.249902,0.31863062603595566,1147938.5,0.6987503816663638,11838.583333333334,0.16329102701282644,0.7843
LD,d1,0.274892,0.35049343363508867,1166129.4166666667,0.6619450768223433,30029.5,0.12648572216880574,0.7843
LD,d1,0.302382,0.38554379701644775,1154975.25,0.6449341846094281,18875.333333333332,0.10947482995589064,0.7843
LD,d1,0.33262,0.42409792171363003,1143874.25,0.6275475359031202,7774.333333333333,0.09208818124958278,0.7843
LD,d1,0.365882,0.46650771388499296,1148368.9166666667,0.5848874398111331,12269.0,0.04942808515759577,0.7843
LD,d1,0.40247,0.5131582302690297,1142225.4166666667,0.5635146536389124,6125.5,0.028055298985374982,0.7843
LD,d1,0.442717,0.5644740532959327,1149279.1666666667,0.5470535030189047,13179.25,0.011594148365367244,0.7843
LD,d1,0.486989,0.6209218411322198,1151194.6666666667,0.5341904943255008,15094.75,-0.0012688603280366084,0.7843
LD,d1,0.535687,0.6830128777253602,1152373.6666666667,0.5408169828311634,16273.75,0.005357628177626019,0.7843
LD,d1,0.589256,0.7513145480045901,1152550.3333333333,0.5449691362360762,16450.416666666668,0.009509781582538781,0.7843
LD,d1,0.648182,0.8264465128139743,1151484.0,0.5498863943050872,15384.083333333334,0.014427039651549872,0.7843
LD,d1,0.713,0.9090909090909091,1135042.6666666667,0.5332642813796897,-1057.25,-0.0021950732738476772,0.7843
LD,d1,0.7843,1.0,1136099.9166666667,0.5354593546535374,0.0,0.0,0.7843
LD,d1,0.86273,1.1,1139789.75,0.5278443168443406,3689.8333333333335,-0.007615037809196821,0.7843
LD,d1,0.949003,1.21,1141284.6666666667,0.5189820006487623,5184.75,-0.016477354004775135,0.7843
LD,d1,1.043903,1.330999617493306,1127624.5,0.5069959331560219,-8475.416666666666,-0.028463421497515545,0.7843
LD,d1,1.148294,1.4641004717582558,1131425.3333333333,0.5037367349445696,-4674.583333333333,-0.031722619708967816,0.7843
LD,d1,1.263123,1.6105100089251563,1128990.8333333333,0.4977974435703567,-7109.083333333333,-0.03766191108318073,0.7843
LD,d1,1.389435,1.7715606273109779,1127054.25,0.49384975968681166,-9045.666666666666,-0.04160959496672576,0.7843
LD,d1,1.528379,1.9487173275532321,1124470.9166666667,0.48063989464958917,-11629.0,-0.05481946000394824,0.7843
LD,d1,1.681217,2.1435891878107864,1122447.5833333333,0.47165020902699895,-13652.333333333334,-0.06380914562653854,0.7843
LD,d1,1.849338,2.3579472140762463,1121338.5833333333,0.4856116685623328,-14761.333333333334,-0.04984768609120461,0.7843
LD,d1,2.034272,2.5937421904883338,1118674.8333333333,0.4804457615838567,-17425.083333333332,-0.05501359306968071,0.7843
LD,d1,2.237699,2.8531161545327044,1112981.0,0.4888519919286172,-23118.916666666668,-0.0466073627249202,0.7843
LD,d1,2.461469,3.138427897488206,1122516.4166666667,0.4955103204355913,-13583.5,-0.03994903421794616,0.7843
LD,d1,2.707616,3.452270814739258,1124986.8333333333,0.4999790410885483,-11113.083333333334,-0.03548031356498916,0.7843
LD,d1,2.978378,3.7974984062221093,1126496.6666666667,0.5024407029524439,-9603.25,-0.03301865170109352,0.7843
LD,d1,3.276216,4.177248501848782,1128337.5833333333,0.5105545675152853,-7762.333333333333,-0.024904787138252144,0.7843
LD,d1,3.603837,4.594972587020273,1130378.6666666667,0.5256065106225248,-5721.25,-0.009852844031012562,0.7843
LD,d1,3.964221,5.054470228228994,1132108.8333333333,0.5364012134530951,-3991.0833333333335,0.0009418587995577247,0.7843
LD,d1,4.360643,5.559917123549662,1132776.5833333333,0.551886585559617,-3323.3333333333335,0.016427230906079504,0.7843
LD,d1,4.796707,6.115908453397934,1134131.75,0.5639815937786491,-1968.1666666666667,0.02852223912511177,0.7843
LD,d1,5.276378,6.727499681244422,1135735.25,0.568913840448573,-364.6666666666667,0.03345448579503548,0.7843
LD,d1,5.804016,7.400249904373326,1136102.25,0.5779181711840137,2.3333333333333335,0.04245881653047612,0.7843
LD,d1,6.384418,8.140275404819585,1136280.5,0.5865331149998155,180.58333333333334,0.05107376034627804,0.7843
LD,d1,7.022859,8.954301925283692,1136826.1666666667,0.5919776088070997,726.25,0.05651825415356212,0.7843
LD,d1,7.725145,9.849732245314293,1138398.5833333333,0.5987189000448528,2298.6666666666665,0.06325954539131545,0.7843
LD,K6,0.050194,0.10152508090614887,1133298.5833333333,0.6356004757047004,-2750.1666666666665,0.10093506157466708,0.4944
LD,K6,0.055214,0.11167880258899676,1132520.3333333333,0.635161483609142,-3528.4166666666665,0.10049606947910884,0.4944
LD,K6,0.060735,0.12284587378640777,1131840.75,0.6330624377469474,-4208.0,0.09839702361691416,0.4944
LD,K6,0.066809,0.13513147249190938,1131390.6666666667,0.630871789330825,-4658.083333333333,0.09620637520079174,0.4944
LD,K6,0.073489,0.1486427993527508,1131241.9166666667,0.6271780906102435,-4806.833333333333,0.09251267648021037,0.4944
LD,K6,0.080838,0.16350728155339805,1130971.9166666667,0.6261716172628194,-5076.833333333333,0.09150620313278636,0.4944
LD,K6,0.088922,0.1798584142394822,1130297.0833333333,0.6242867971970743,-5751.666666666667,0.08962138306704102,0.4944
LD,K6,0.097814,0.19784385113268607,1127915.4166666667,0.6201369255115825,-8133.333333333333,0.08547151138154939,0.4944
LD,K6,0.107596,0.2176294498381877,1127183.0833333333,0.617266300245675,-8865.666666666666,0.08260088611564188,0.4944
LD,K6,0.118355,0.23939118122977346,1128606.1666666667,0.6147837453678829,-7442.583333333333,0.08011833123784982,0.4944
LD,K6,0.130191,0.26333131067961163,1129951.0833333333,0.609111511311479,-6097.666666666667,0.07444609718144582,0.4944
LD,K6,0.14321,0.28966423948220066,1126416.25,0.6000994217985688,-9632.5,0.06543400766853559,0.4944
LD,K6,0.157531,0.31863066343042074,1132145.0833333333,0.6003322947724616,-3903.6666666666665,0.06566688064242852,0.4944
LD,K6,0.173284,0.3504935275080906,1132504.3333333333,0.5954717933027619,-3544.4166666666665,0.060806379172728665,0.4944
LD,K6,0.190613,0.3855440938511327,1133195.25,0.5913745784418635,-2853.5,0.056709164311830346,0.4944
LD,K6,0.209674,0.42409789644012946,1134417.1666666667,0.5845428971230162,-1631.5833333333333,0.04987748299298301,0.4944
LD,K6,0.230641,0.46650687702265375,1135323.0,0.5766747599271048,-725.75,0.042009345797071634,0.4944
LD,K6,0.253705,0.5131573624595469,1137091.5833333333,0.5728824675264909,1042.8333333333333,0.03821705339645765,0.4944
LD,K6,0.279076,0.5644741100323625,1138298.0833333333,0.5674690241938791,2249.3333333333335,0.03280361006384599,0.4944
LD,K6,0.306984,0.6209223300970873,1139315.6666666667,0.5583534148031808,3266.9166666666665,0.023688000673147528,0.4944
LD,K6,0.337682,0.6830137540453074,1140603.0833333333,0.5548205586009604,4554.333333333333,0.020155144470927106,0.4944
LD,K6,0.37145,0.7513147249190939,1137746.25,0.5550646292466203,1697.5,0.020399215116587,0.4944
LD,K6,0.408595,0.8264461974110032,1144542.3333333333,0.5518983666957852,8493.583333333334,0.017232952565751896,0.4944
LD,K6,0.449455,0.9090918284789644,1145817.9166666667,0.5424003981774602,9769.166666666666,0.007734984047427017,0.4944
LD,K6,0.4944,1.0,1136048.75,0.5346654141300332,0.0,0.0,0.4944
LD,K6,0.54384,1.0999999999999999,1143117.5,0.5297786448174875,7068.75,-0.004886769312545762,0.4944
LD,K6,0.598224,1.21,1148046.5833333333,0.5204042111716308,11997.833333333334,-0.014261202958402303,0.4944
LD,K6,0.658046,1.3309991909385113,1147923.6666666667,0.5054474241009702,11874.916666666666,-0.02921799002906308,0.4944
LD,K6,0.723851,1.464099919093851,1147712.1666666667,0.4910966414565286,11663.416666666666,-0.043568772673504536,0.4944
LD,K6,0.796236,1.6105097087378641,1146994.1666666667,0.48181495452842316,10945.416666666666,-0.052850459601609966,0.4944
LD,K6,0.87586,1.771561488673139,1140371.5,0.5005581269428071,4322.75,-0.03410728718722599,0.4944
LD,K6,0.963446,1.9487176375404531,1144583.1666666667,0.5231046844309264,8534.416666666666,-0.011560729699106839,0.4944
LD,K6,1.05979,2.1435881877022656,1139634.9166666667,0.5445803937460407,3586.1666666666665,0.009914979616007569,0.4944
LD,K6,1.165769,2.357947006472492,1139045.25,0.5660217558717625,2996.5,0.031356341741729354,0.4944
LD,K6,1.282346,2.593741909385113,1138413.0833333333,0.5776178403837263,2364.3333333333335,0.0429524262536931,0.4944
LD,K6,1.410581,2.8531169093851134,1137386.75,0.5989957911410846,1338.0,0.06433037701105151,0.4944
LD,K6,1.551639,3.1384283980582524,1136041.4166666667,0.6099577184358738,-7.333333333333333,0.0752923043058406,0.4944
LD,K6,1.706803,3.45227144012945,1128688.25,0.6228090572459625,-7360.5,0.08814364311592937,0.4944
LD,K6,1.877483,3.7974979773462785,1132763.25,0.6258035536911576,-3285.5,0.09113813956112449,0.4944
LD,K6,2.065231,4.177247168284789,1131829.6666666667,0.621328892301999,-4219.083333333333,0.08666347817196578,0.4944
LD,K6,2.271755,4.594973705501618,1131196.0833333333,0.6212990326960899,-4852.666666666667,0.08663361856605672,0.4944
LD,K6,2.49893,5.054470064724919,1131144.25,0.6194821118919454,-4904.5,0.08481669776191221,0.4944
LD,K6,2.748823,5.55991707119741,1131228.5833333333,0.619108011256026,-4820.166666666667,0.08444259712599274,0.4944
LD,K6,3.023705,6.115908171521036,1131414.1666666667,0.6202400738221701,-4634.583333333333,0.08557465969213691,0.4944
LD,K6,3.326076,6.7275,1131582.0,0.6258333691107052,-4466.75,0.09116795498067197,0.4944
LD,K6,3.658684,7.400250809061489,1131664.1666666667,0.6323579661182829,-4384.583333333333,0.09769255198824973,0.4944
LD,K6,4.024552,8.140275080906148,1131013.4166666667,0.6398224329779469,-5035.333333333333,0.10515701884791369,0.4944
LD,K6,4.427007,8.95430218446602,1131131.5833333333,0.6458235877355909,-4917.166666666667,0.11115817360555769,0.4944
LD,K6,4.869708,9.849733009708737,1131160.4166666667,0.6493977869592314,-4888.333333333333,0.11473237282919817,0.4944
LD,dg1,0.001015,0.1015,1149620.25,0.5471533038053281,14242.166666666666,0.017284523053662255,0.01
LD,dg1,0.001117,0.1117,1149620.25,0.547308561432574,14242.166666666666,0.017439780680908124,0.01
LD,dg1,0.001228,0.12279999999999999,1149620.25,0.5481274344655702,14242.166666666666,0.01825865371390435,0.01
LD,dg1,0.001351,0.1351,1149620.25,0.5475733208820235,14242.166666666666,0.017704540130357632,0.01
LD,dg1,0.001486,0.14859999999999998,1149620.25,0.5458353701547587,14242.166666666666,0.015966589403092885,0.01
LD,dg1,0.001635,0.16349999999999998,1149620.25,0.547112384492421,14242.166666666666,0.017243603740755165,0.01
LD,dg1,0.001799,0.1799,1149620.25,0.5459545745597172,14242.166666666666,0.016085793808051373,0.01
LD,dg1,0.001978,0.1978,1149620.25,0.5462584833857922,14242.166666666666,0.01638970263412634,0.01
LD,dg1,0.002176,0.2176,1149620.25,0.546924460481499,14242.166666666666,0.017055679729833222,0.01
LD,dg1,0.002394,0.23939999999999997,1149620.25,0.5471344234558719,14242.166666666666,0.017265642704206035,0.01
LD,dg1,0.002633,0.2633,1149620.25,0.5474261375018492,14242.166666666666,0.0175573567501833,0.01
LD,dg1,0.002897,0.28969999999999996,1149620.25,0.5469697387794833,14242.166666666666,0.01710095802781747,0.01
LD,dg1,0.003186,0.3186,1149620.25,0.547114486596601,14242.166666666666,0.017245705844935223,0.01
LD,dg1,0.003505,0.3505,1149620.25,0.5469335233534943,14242.166666666666,0.017064742601828487,0.01
LD,dg1,0.003855,0.3855,1149620.25,0.5470707140237887,14242.166666666666,0.017201933272122816,0.01
LD,dg1,0.004241,0.4241,1149620.25,0.5449817586101586,14242.166666666666,0.015112977858492823,0.01
LD,dg1,0.004665,0.46649999999999997,1149620.25,0.5448092780267887,14242.166666666666,0.014940497275122838,0.01
LD,dg1,0.005132,0.5132,1149620.25,0.5475848671080429,14242.166666666666,0.01771608635637707,0.01
LD,dg1,0.005645,0.5645,1149620.25,0.5459065352883322,14242.166666666666,0.016037754536666393,0.01
LD,dg1,0.006209,0.6209,1149620.25,0.5467121764163037,14242.166666666666,0.01684339566463779,0.01
LD,dg1,0.00683,0.683,1144965.0833333333,0.5404488795961712,9587.0,0.010580098844505411,0.01
LD,dg1,0.007513,0.7513,1149620.25,0.5456673334477696,14242.166666666666,0.015798552696103724,0.01
LD,dg1,0.008264,0.8264,1149620.25,0.5466394250173708,14242.166666666666,0.016770644265704987,0.01
LD,dg1,0.009091,0.9091,1149620.25,0.5462232436601443,14242.166666666666,0.016354462908478362,0.01
LD,dg1,0.01,1.0,1135378.0833333333,0.5298687807516659,0.0,0.0,0.01
LD,dg1,0.011,1.0999999999999999,1134294.25,0.5359402883754681,-1083.8333333333333,0.006071507623802347,0.01
LD,dg1,0.0121,1.21,1140246.9166666667,0.5367977063689029,4868.833333333333,0.006928925617236977,0.01
LD,dg1,0.01331,1.331,1144965.0833333333,0.542384560152598,9587.0,0.01251577940093219,0.01
LD,dg1,0.014641,1.4641,1149620.25,0.5452253573636444,14242.166666666666,0.015356576611978581,0.01
LD,dg1,0.016105,1.6105,1149620.25,0.5476012562750011,14242.166666666666,0.017732475523335327,0.01
LD,dg1,0.017716,1.7715999999999998,1149620.25,0.5452818892978094,14242.166666666666,0.015413108546143611,0.01
LD,dg1,0.019487,1.9487,1149620.25,0.5460719522513403,14242.166666666666,0.016203171499674467,0.01
LD,dg1,0.021436,2.1436,1149620.25,0.5473713273942592,14242.166666666666,0.01750254664259332,0.01
LD,dg1,0.023579,2.3579,1149620.25,0.5476901294597384,14242.166666666666,0.017821348708072598,0.01
LD,dg1,0.025937,2.5937,1149620.25,0.5478679751828444,14242.166666666666,0.01799919443117844,0.01
LD,dg1,0.028531,2.8531,1149620.25,0.5484562199942085,14242.166666666666,0.018587439242542646,0.01
LD,dg1,0.031384,3.1384000000000003,1149620.25,0.5476273084683254,14242.166666666666,0.0177585277166596,0.01
LD,dg1,0.034523,3.4522999999999997,1149620.25,0.5465312398267552,14242.166666666666,0.016662459075089387,0.01
LD,dg1,0.037975,3.7975000000000003,1149620.25,0.5452712071967594,14242.166666666666,0.01540242644509345,0.01
LD,dg1,0.041772,4.177199999999999,1149620.25,0.5441641091456354,14242.166666666666,0.0142953283939695,0.01
LD,dg1,0.04595,4.595,1144965.0833333333,0.53937098073443,9587.0,0.00950219998276422,0.01
LD,dg1,0.050545,5.0545,1149620.25,0.5464559335488435,14242.166666666666,0.016587152797177623,0.01
LD,dg1,0.055599,5.5599,1149620.25,0.5476113546384331,14242.166666666666,0.017742573886767237,0.01
LD,dg1,0.061159,6.1159,1149620.25,0.5476642809321866,14242.166666666666,0.017795500180520663,0.01
LD,dg1,0.067275,6.7275,1149620.25,0.545219048390914,14242.166666666666,0.015350267639248147,0.01
LD,dg1,0.074002,7.4002,1149620.25,0.5434596456375965,14242.166666666666,0.013590864885930651,0.01
LD,dg1,0.081403,8.1403,1149620.25,0.5462411081639953,14242.166666666666,0.016372327412329357,0.01
LD,dg1,0.089543,8.9543,1149620.25,0.5463496094253623,14242.166666666666,0.016480828673696324,0.01
LD,dg1,0.098497,9.8497,1149620.25,0.5454878932861362,14242.166666666666,0.015619112534470412,0.01
LD,Cp5,0.046367,0.10152616597328662,1150214.75,0.5354245036727056,10722.333333333334,0.0025019475687936277,0.4567
LD,Cp5,0.051003,0.11167724983577841,1150224.5,0.5383074814163452,10732.083333333334,0.005384925312433286,0.4567
LD,Cp5,0.056104,0.12284650755419313,1150236.75,0.5378888128691498,10744.333333333334,0.004966256765238032,0.4567
LD,Cp5,0.061714,0.13513028246113423,1150230.9166666667,0.5372192418356625,10738.5,0.004296685731750664,0.4567
LD,Cp5,0.067886,0.14864462447996496,1150170.3333333333,0.5361170682711953,10677.916666666666,0.003194512167283392,0.4567
LD,Cp5,0.074674,0.16350777315524415,1150166.0833333333,0.5344035954125256,10673.666666666666,0.0014810393086137723,0.4567
LD,Cp5,0.082142,0.1798598642434859,1150160.9166666667,0.5387935731033996,10668.5,0.005871016999487814,0.4567
LD,Cp5,0.090356,0.19784541274359538,1150123.3333333333,0.5378366775299406,10630.916666666666,0.004914121426028696,0.4567
LD,Cp5,0.099391,0.21762864024523756,1150138.5,0.5381943453023915,10646.083333333334,0.005271789198479575,0.4567
LD,Cp5,0.10933,0.23939128530764178,1147043.0833333333,0.53059347538514,7550.666666666667,-0.0023290807187719142,0.4567
LD,Cp5,0.120263,0.26333041383840594,1150077.0833333333,0.5410291114918232,10584.666666666666,0.008106555387911293,0.4567
LD,Cp5,0.13229,0.2896649879570834,1147021.9166666667,0.5329120851175769,7529.5,-1.0470986335007574e-05,0.4567
LD,Cp5,0.145519,0.3186314867527918,1149971.1666666667,0.5386674897883422,10478.75,0.005744933684430307,0.4567
LD,Cp5,0.160071,0.35049485439019046,1149921.3333333333,0.5385879407212186,10428.916666666666,0.005665384617306747,0.4567
LD,Cp5,0.176078,0.38554412086709,1149851.9166666667,0.5375426701731377,10359.5,0.0046201140692257725,0.4567
LD,Cp5,0.193685,0.4240967812568426,1149844.75,0.5407117077130992,10352.333333333334,0.007789151609187343,0.4567
LD,Cp5,0.213054,0.46650755419312456,1149791.25,0.5419138981138344,10298.833333333334,0.00899134200992253,0.4567
LD,Cp5,0.234359,0.5131574337639588,1149721.5,0.5412641348897721,10229.083333333334,0.008341578785860199,0.4567
LD,Cp5,0.257795,0.5644733961024743,1149656.6666666667,0.5405859301873376,10164.25,0.007663374083425711,0.4567
LD,Cp5,0.283575,0.6209218305233195,1149572.5833333333,0.5434919186273022,10080.166666666666,0.01056936252339031,0.4567
LD,Cp5,0.311932,0.6830129187650537,1149541.8333333333,0.545715414894146,10049.416666666666,0.012792858790234063,0.4567
LD,Cp5,0.343125,0.7513137727173199,1149331.5,0.5446462694121827,9839.083333333334,0.011723713308270878,0.4567
LD,Cp5,0.377438,0.8264462447996497,1149045.0833333333,0.5415547424007026,9552.666666666666,0.008632186296790698,0.4567
LD,Cp5,0.415182,0.9090913072038538,1148699.3333333333,0.545935331138017,9206.916666666666,0.013012775034105093,0.4567
LD,Cp5,0.4567,1.0,1139492.4166666667,0.5329225561039119,0.0,0.0,0.4567
LD,Cp5,0.50237,1.0999999999999999,1144789.0833333333,0.5425805809700912,5296.666666666667,0.009658024866179346,0.4567
LD,Cp5,0.552607,1.21,1147342.0833333333,0.5518605537712539,7849.666666666667,0.018937997667342138,0.4567
LD,Cp5,0.607868,1.3310006568863586,1147100.6666666667,0.552451970663205,7608.25,0.01952941455929309,0.4567
LD,Cp5,0.668654,1.464098970878038,1147498.0833333333,0.5559761157409959,8005.666666666667,0.023053559637084053,0.4567
LD,Cp5,0.73552,1.6105101817385592,1145426.6666666667,0.5500991193214058,5934.25,0.01717656321749388,0.4567
LD,Cp5,0.809072,1.7715611999124152,1150203.75,0.5530838283109428,10711.333333333334,0.020161272207030918,0.4567
LD,Cp5,0.889979,1.9487168819794176,1154469.3333333333,0.5439320149253681,14976.916666666666,0.011009458821456292,0.4567
LD,Cp5,0.978977,2.143588789139479,1159487.0,0.5301563115027701,19994.583333333332,-0.0027662446011418504,0.4567
LD,Cp5,1.076875,2.3579483249397857,1167556.4166666667,0.5131781710046698,28064.0,-0.019744385099242163,0.4567
LD,Cp5,1.184562,2.593742062623166,1179837.5,0.5514416554534761,40345.083333333336,0.018519099349564232,0.4567
LD,Cp5,1.303018,2.8531158309612437,1166239.8333333333,0.5346900715019446,26747.416666666668,0.0017675153980326967,0.4567
LD,Cp5,1.43332,3.138427851981607,1160480.8333333333,0.5015887503269268,20988.416666666668,-0.03133380577698496,0.4567
LD,Cp5,1.576652,3.452270637179768,1160642.1666666667,0.5361134683669903,21149.75,0.0031909122630784195,0.4567
LD,Cp5,1.734317,3.797497262973506,1162441.8333333333,0.5872939855032037,22949.416666666668,0.05437142939929182,0.4567
LD,Cp5,1.907749,4.177247646157214,1161989.25,0.6265185027690915,22496.833333333332,0.09359594666517956,0.4567
LD,Cp5,2.098524,4.5949726297350555,1161237.0833333333,0.6186883365903526,21744.666666666668,0.08576578048644072,0.4567
LD,Cp5,2.308377,5.054471206481279,1160060.1666666667,0.6235103708431153,20567.75,0.09058781473920342,0.4567
LD,Cp5,2.539214,5.559916794394569,1159549.1666666667,0.6496960481212447,20056.75,0.11677349201733289,0.4567
LD,Cp5,2.793136,6.1159097876067445,1158302.25,0.6300231784487201,18809.833333333332,0.09710062234480832,0.4567
LD,Cp5,3.072449,6.727499452594702,1157672.5833333333,0.6422360293724186,18180.166666666668,0.10931347326850667,0.4567
LD,Cp5,3.379694,7.400249616816291,1160066.5,0.6376249351855646,20574.083333333332,0.10470237908165268,0.4567
LD,Cp5,3.717664,8.140275892270637,1156722.5,0.6504480396150855,17230.083333333332,0.1175254835111736,0.4567
LD,Cp5,4.08943,8.954302605649223,1155413.0833333333,0.6553830401321341,15920.666666666666,0.12246048402822225,0.4567
LD,Cp5,4.498373,9.849732866214145,1155416.75,0.6572731431075024,15924.333333333334,0.12435058700359052,0.4567
LD,k3,0.059078,0.1015260354012717,1121969.6666666667,0.5348705931495744,-13841.75,-0.005087884202628484,0.5819
LD,k3,0.064986,0.11167898264306583,1132915.3333333333,0.5163435235135716,-2896.0833333333335,-0.02361495383863117,0.5819
LD,k3,0.071484,0.12284584980237155,1150800.6666666667,0.5507555748314715,14989.25,0.010797097479268733,0.5819
LD,k3,0.078632,0.13512974737927477,1126672.5833333333,0.603757713611209,-9138.833333333334,0.06379923625900617,0.5819
LD,k3,0.086496,0.1486440969238701,1125040.4166666667,0.6149891809954102,-10771.0,0.07503070364320732,0.5819
LD,k3,0.095145,0.16350747551125622,1120267.0,0.6332386818073608,-15544.416666666666,0.09328020445515788,0.5819
LD,k3,0.10466,0.17985908231654926,1126953.0,0.6048531752356897,-8858.416666666666,0.06489469788348691,0.5819
LD,k3,0.115126,0.19784499054820417,1130854.9166666667,0.6282323925283909,-4956.5,0.08827391517618803,0.5819
LD,k3,0.126638,0.21762845849802373,1122465.1666666667,0.6243482347719076,-13346.25,0.08438975741970474,0.5819
LD,k3,0.139302,0.23939164804949306,1120461.0833333333,0.6277717698198086,-15350.333333333334,0.0878132924676059,0.5819
LD,k3,0.153232,0.2633304691527754,1117254.4166666667,0.652597342365682,-18557.0,0.1126388650134792,0.5819
LD,k3,0.168556,0.28966489087472075,1121735.4166666667,0.6551537548607935,-14076.0,0.11519527750859078,0.5819
LD,k3,0.185411,0.31863034885719194,1132106.1666666667,0.6572301505392033,-3705.25,0.11727167318700048,0.5819
LD,k3,0.203952,0.35049321189207766,1151645.5833333333,0.6629258240157353,15834.166666666666,0.12296734666353253,0.5819
LD,k3,0.224348,0.3855439078879533,1136101.3333333333,0.6588832602707567,289.9166666666667,0.1189247829185539,0.5819
LD,k3,0.246782,0.4240969238700808,1150207.6666666667,0.6644978504870459,14396.25,0.12453937313484315,0.5819
LD,k3,0.271461,0.4665079910637567,1157293.25,0.6542044740067108,21481.833333333332,0.11424599665450785,0.5819
LD,k3,0.298607,0.5131586183192989,1147420.1666666667,0.6165551155481448,11608.75,0.07659663819594197,0.5819
LD,k3,0.328467,0.5644732771953944,1139713.3333333333,0.5469046169947592,3901.9166666666665,0.0069461396425563775,0.5819
LD,k3,0.361314,0.6209211204674343,1146711.75,0.5082453623263018,10900.333333333334,-0.03171311502590112,0.5819
LD,k3,0.397446,0.6830142636191786,1151276.9166666667,0.4856238701908544,15465.5,-0.054334607161348504,0.5819
LD,k3,0.43719,0.7513146588760956,1150274.5,0.5070587781281499,14463.083333333334,-0.03289969922405295,0.5819
LD,k3,0.480909,0.826446124763705,1154659.8333333333,0.5285356690541106,18848.416666666668,-0.011422808298092177,0.5819
LD,k3,0.529,0.9090909090909092,1137468.6666666667,0.5312797186515723,1657.25,-0.008678758700630534,0.5819
LD,k3,0.5819,1.0,1135811.4166666667,0.5399584773522029,0.0,0.0,0.5819
LD,k3,0.64009,1.1,1135905.4166666667,0.5198855070409437,94.0,-0.02007297031125918,0.5819
LD,k3,0.704099,1.2100000000000002,1133951.5833333333,0.5015604319568142,-1859.8333333333333,-0.03839804539538872,0.5819
LD,k3,0.774509,1.3310001718508335,1128379.9166666667,0.491828744111004,-7431.5,-0.04812973324119887,0.5819
LD,k3,0.85196,1.4641003608867504,1121049.0833333333,0.4951158374946756,-14762.333333333334,-0.04484263985752729,0.5819
LD,k3,0.937156,1.6105103969754253,1122425.0,0.5050655791781679,-13386.416666666666,-0.034892898174034966,0.5819
LD,k3,1.030871,1.7715604055679672,1123178.0833333333,0.5109111116992741,-12633.333333333334,-0.029047365652928692,0.5819
LD,k3,1.133958,1.9487162742739303,1126342.25,0.5048141258770437,-9469.166666666666,-0.03514435147515917,0.5819
LD,k3,1.247354,2.1435882454029906,1128823.8333333333,0.5073097545288417,-6987.583333333333,-0.032648722823360975,0.5819
LD,k3,1.37209,2.35794810104829,1129002.1666666667,0.49994002769207935,-6809.25,-0.040018449660123544,0.5819
LD,k3,1.509299,2.593742911153119,1123569.5,0.49596201779625587,-12241.916666666666,-0.043996459555946894,0.5819
LD,k3,1.660229,2.8531173741192646,1131271.3333333333,0.4956767451105937,-4540.083333333333,-0.044281732241609174,0.5819
LD,k3,1.826251,3.13842756487369,1130959.5833333333,0.4858064968753521,-4851.833333333333,-0.054151980476850804,0.5819
LD,k3,2.008877,3.4522718680185602,1129993.0833333333,0.4823355123523518,-5818.333333333333,-0.05762296499985112,0.5819
LD,k3,2.209764,3.7974978518645814,1129317.3333333333,0.48987810058699327,-6494.083333333333,-0.050080376765209565,0.5819
LD,k3,2.430741,4.17724866815604,1128901.1666666667,0.50594463654451,-6910.25,-0.034013840807692784,0.5819
LD,k3,2.673815,4.594973363120811,1129201.6666666667,0.5083023606502978,-6609.75,-0.031656116701905115,0.5819
LD,k3,2.941196,5.054469840178725,1123292.6666666667,0.5165224266246496,-12518.75,-0.023436050727553077,0.5819
LD,k3,3.235316,5.559917511599932,1129693.0,0.51883382721439,-6118.416666666667,-0.02112465013781281,0.5819
LD,k3,3.558847,6.115908231654924,1129916.5,0.528874159308942,-5894.916666666667,-0.011084318043260849,0.5819
LD,k3,3.914732,6.727499570372917,1129987.3333333333,0.539205748899802,-5824.083333333333,-0.0007527284524008101,0.5819
LD,k3,4.306205,7.400249183708542,1129318.0833333333,0.5430594896740958,-6493.333333333333,0.0031010123218928876,0.5819
LD,k3,4.736826,8.140274961333562,1129472.0,0.5510293893504536,-6339.416666666667,0.011070911998250823,0.5819
LD,k3,5.210509,8.954303144870254,1130383.25,0.547267030249391,-5428.166666666667,0.007308552897188301,0.5819
LD,k3,5.731559,9.849731912699777,1130476.8333333333,0.5549955534936923,-5334.583333333333,0.015037076141489497,0.5819
LD,v3,0.112998,0.1015256064690027,1130696.8333333333,0.5463815949430187,-980.0,0.011126712706398442,1.113
LD,v3,0.124298,0.11167834681042228,1130473.4166666667,0.5445919132603952,-1203.4166666666667,0.009337031023774839,1.113
LD,v3,0.136728,0.12284636118598381,1130307.5,0.5421408048788859,-1369.3333333333333,0.006885922642265591,1.113
LD,v3,0.1504,0.13513027852650494,1120549.75,0.5417645748545973,-11127.083333333334,0.006509692617976977,1.113
LD,v3,0.16544,0.14864330637915543,1123125.0833333333,0.5395912218272979,-8551.75,0.004336339590677603,1.113
LD,v3,0.181984,0.163507637017071,1129833.1666666667,0.5293734123761971,-1843.6666666666667,-0.005881469860423168,1.113
LD,v3,0.200183,0.17985893980233603,1129477.25,0.5230537414746593,-2199.5833333333335,-0.012201140761960994,1.113
LD,v3,0.220201,0.19784456424079067,1129102.1666666667,0.5154583876415134,-2574.6666666666665,-0.019796494595106868,1.113
LD,v3,0.242221,0.21762893081761006,1128656.75,0.5107520772694245,-3020.0833333333335,-0.024502804967195754,1.113
LD,v3,0.266443,0.2393917340521114,1128247.4166666667,0.5119872248448429,-3429.4166666666665,-0.023267657391777396,1.113
LD,v3,0.293088,0.26333153638814016,1128408.0,0.500231304106005,-3268.8333333333335,-0.035023578130615275,1.113
LD,v3,0.322396,0.28966397124887694,1128947.6666666667,0.49011480027788606,-2729.1666666666665,-0.045140081958734236,1.113
LD,v3,0.354636,0.31863072776280327,1129087.0,0.4953593101554569,-2589.8333333333335,-0.03989557208116332,1.113
LD,v3,0.3901,0.3504941599281222,1117950.4166666667,0.4929838670136945,-13726.416666666666,-0.04227101522292572,1.113
LD,v3,0.42911,0.3855435759209344,1119371.9166666667,0.49000778606561485,-12304.916666666666,-0.04524709617100553,1.113
LD,v3,0.472021,0.4240979335130279,1126673.6666666667,0.489227662424407,-5003.166666666667,-0.0460272198122133,1.113
LD,v3,0.519223,0.466507637017071,1125240.8333333333,0.4695484682615156,-6436.0,-0.06570641397510477,1.113
LD,v3,0.571145,0.5131581311769992,1123000.8333333333,0.4825953832038712,-8676.0,-0.05265949903274905,1.113
LD,v3,0.628259,0.5644734950584007,1119774.25,0.476615893496845,-11902.583333333334,-0.058638988739775334,1.113
LD,v3,0.691085,0.6209209344115004,1120770.3333333333,0.47437273227075916,-10906.5,-0.060882149965861165,1.113
LD,v3,0.760194,0.6830134770889488,1124115.1666666667,0.472429235318804,-7561.666666666667,-0.06282564691781624,1.113
LD,v3,0.836213,0.751314465408805,1128773.9166666667,0.49906831710468763,-2902.9166666666665,-0.03618656513193263,1.113
LD,v3,0.919835,0.8264465408805031,1134070.1666666667,0.5110161835881977,2393.3333333333335,-0.02423869864842254,1.113
LD,v3,1.011818,0.9090907457322552,1133028.6666666667,0.5284453794315361,1351.8333333333333,-0.006809502805084161,1.113
LD,v3,1.113,1.0,1131676.8333333333,0.5352548822366203,0.0,0.0,1.113
LD,v3,1.2243,1.0999999999999999,1141977.9166666667,0.5452208281119163,10301.083333333334,0.00996594587529597,1.113
LD,v3,1.34673,1.21,1149929.75,0.5445313603670733,18252.916666666668,0.009276478130452978,1.113
LD,v3,1.481403,1.331,1149818.4166666667,0.5377753096465986,18141.583333333332,0.0025204274099782467,1.113
LD,v3,1.629543,1.464099730458221,1154035.75,0.5299638966569575,22358.916666666668,-0.00529098557966276,1.113
LD,v3,1.792498,1.6105103324348606,1152122.5833333333,0.516634103987563,20445.75,-0.01862077824905725,1.113
LD,v3,1.971747,1.7715606469002694,1156264.4166666667,0.520144489672858,24587.583333333332,-0.015110392563762398,1.113
LD,v3,2.168922,1.9487169811320753,1153438.75,0.5168237652953196,21761.916666666668,-0.018431116941300733,1.113
LD,v3,2.385814,2.1435884995507637,1149712.5,0.5325641294857323,18035.666666666668,-0.0026907527508880646,1.113
LD,v3,2.624396,2.357947888589398,1144499.5833333333,0.5365622339897255,12822.75,0.0013073517531051737,1.113
LD,v3,2.886835,2.59374213836478,1148080.8333333333,0.5431712543201579,16404.0,0.00791637208353758,1.113
LD,v3,3.175519,2.8531168014375563,1152410.25,0.5361040624226584,20733.416666666668,0.0008491801860380233,1.113
LD,v3,3.493071,3.1384285714285713,1155469.5833333333,0.5043384184660366,23792.75,-0.03091646377058378,1.113
LD,v3,3.842378,3.452271338724169,1151827.5,0.5593733864252691,20150.666666666668,0.02411850418864892,1.113
LD,v3,4.226616,3.797498652291105,1150274.25,0.5648522054380746,18597.416666666668,0.029597323201454268,1.113
LD,v3,4.649277,4.177247978436657,1157406.3333333333,0.5121032841224206,25729.5,-0.023151598114199645,1.113
LD,v3,5.114205,4.594973045822103,1153041.3333333333,0.4939423884584189,21364.5,-0.04131249377820134,1.113
LD,v3,5.625625,5.054469901168015,1150125.25,0.5367553597562829,18448.416666666668,0.001500477519662637,1.113
LD,v3,6.188188,5.559917340521114,1135841.5,0.7006674075511384,4164.666666666667,0.16541252531451814,1.113
LD,v3,6.807007,6.115909254267745,1141106.5833333333,0.6827217281266235,9429.75,0.14746684589000333,1.113
LD,v3,7.487707,6.727499550763702,1137024.5,0.700432168040518,5347.666666666667,0.16517728580389765,1.113
LD,v3,8.236478,7.400249775381851,1156855.9166666667,0.6978810491057281,25179.083333333332,0.1626261668691078,1.113
LD,v3,9.060126,8.140274932614556,1164289.5833333333,0.7011138574586683,32612.75,0.16585897522204798,1.113
LD,v3,9.966139,8.95430278526505,1159695.6666666667,0.7183794383849796,28018.833333333332,0.1831245561483595,1.113
LD,v3,10.962752,9.849732255166218,1142061.25,0.7045904674326154,10384.416666666666,0.1693355851959952,1.113
LD,de3,0.038224,0.10152456839309429,1149058.0,0.546539605603808,8916.166666666666,0.012309266684565398,0.3765
LD,de3,0.042047,0.11167861885790173,1149055.0833333333,0.5433331848024626,8913.25,0.009102845883220042,0.3765
LD,de3,0.046252,0.12284727755644091,1149054.5,0.5446509857471298,8912.666666666666,0.010420646827887218,0.3765
LD,de3,0.050877,0.13513147410358564,1149065.5,0.5445967694965886,8923.666666666666,0.010366430577345995,0.3765
LD,de3,0.055964,0.14864276228419654,1149062.4166666667,0.5454851173879621,8920.583333333334,0.011254778468719473,0.3765
LD,de3,0.061561,0.1635086321381142,1149061.0833333333,0.5459679973560893,8919.25,0.011737658436846765,0.3765
LD,de3,0.067717,0.17985922974767596,1149132.25,0.5427378194638192,8990.416666666666,0.008507480544576571,0.3765
LD,de3,0.074489,0.19784594953519255,1149142.75,0.5412075058940556,9000.916666666666,0.006977166974813061,0.3765
LD,de3,0.081937,0.2176281540504648,1149161.5833333333,0.5458862565922579,9019.75,0.011655917673015326,0.3765
LD,de3,0.090131,0.2393917662682603,1149152.4166666667,0.5459527009019949,9010.583333333334,0.01172236198275232,0.3765
LD,de3,0.099144,0.26333067729083665,1149156.3333333333,0.5446865656561831,9014.5,0.010456226736940457,0.3765
LD,de3,0.109059,0.2896653386454183,1149153.3333333333,0.5463160500506105,9011.5,0.012085711131367907,0.3765
LD,de3,0.119965,0.3186321381142098,1149149.0833333333,0.5471404530769223,9007.25,0.012910114157679758,0.3765
LD,de3,0.131961,0.35049402390438245,1149207.6666666667,0.5476426935261784,9065.833333333334,0.013412354606935925,0.3765
LD,de3,0.145157,0.3855431606905711,1149234.0833333333,0.5455459609480345,9092.25,0.01131562202879203,0.3765
LD,de3,0.159673,0.42409827357237717,1149241.75,0.5463026981542349,9099.916666666666,0.012072359234992438,0.3765
LD,de3,0.17564,0.46650730411686586,1143686.0833333333,0.5402309355268141,3544.25,0.006000596607571518,0.3765
LD,de3,0.193204,0.5131580345285525,1149312.5833333333,0.546949998875172,9170.75,0.012719659955929385,0.3765
LD,de3,0.212524,0.564472775564409,1149346.75,0.5487888637387098,9204.916666666666,0.014558524819467298,0.3765
LD,de3,0.233777,0.620921646746348,1149332.5,0.5459025180094187,9190.666666666666,0.011672179090176085,0.3765
LD,de3,0.257155,0.6830146082337318,1149411.1666666667,0.5465975136711737,9269.333333333334,0.012367174751931146,0.3765
LD,de3,0.28287,0.7513147410358566,1143857.25,0.5431233216315534,3715.4166666666665,0.008892982712310862,0.3765
LD,de3,0.311157,0.8264462151394423,1149496.4166666667,0.5477481790400333,9354.583333333334,0.013517840120790658,0.3765
LD,de3,0.342273,0.9090916334661354,1149521.6666666667,0.5452655548577663,9379.833333333334,0.011035215938523682,0.3765
LD,de3,0.3765,1.0,1140141.8333333333,0.5342303389192425,0.0,0.0,0.3765
LD,de3,0.41415,1.1,1144049.4166666667,0.5389389161294121,3907.5833333333335,0.004708577210169558,0.3765
LD,de3,0.455565,1.21,1149671.4166666667,0.5443040755125482,9529.583333333334,0.010073736593305719,0.3765
LD,de3,0.501121,1.3309986719787517,1149687.75,0.5470542477262182,9545.916666666666,0.012823908806975723,0.3765
LD,de3,0.551234,1.464100929614874,1149800.0833333333,0.5467998968532055,9658.25,0.012569557933962971,0.3765
LD,de3,0.606357,1.6105099601593627,1149883.8333333333,0.5440901343678309,9742.0,0.009859795448588393,0.3765
LD,de3,0.666993,1.7715617529880476,1149950.75,0.5439087376309778,9808.916666666666,0.009678398711735139,0.3765
LD,de3,0.733692,1.9487171314741036,1150064.5833333333,0.5433608333304103,9922.75,0.009130494411167756,0.3765
LD,de3,0.807061,2.1435883134130145,1150145.5,0.5424641917784953,10003.666666666666,0.008233852859252766,0.3765
LD,de3,0.887767,2.357946879150066,1150232.0833333333,0.5414999822222188,10090.25,0.007269643302976331,0.3765
LD,de3,0.976544,2.593742363877822,1150329.9166666667,0.5411069950034488,10188.083333333334,0.006876656084206271,0.3765
LD,de3,1.074198,2.8531155378486055,1141081.1666666667,0.5316336396437542,939.3333333333334,-0.002596699275488353,0.3765
LD,de3,1.181618,3.1384276228419656,1144983.1666666667,0.5420104551952111,4841.333333333333,0.007780116275968575,0.3765
LD,de3,1.29978,3.452270916334661,1145146.25,0.5401182856045912,5004.416666666667,0.005887946685348681,0.3765
LD,de3,1.429758,3.7974980079681275,1145286.0833333333,0.5378109479528634,5144.25,0.003580609033620822,0.3765
LD,de3,1.572734,4.17724833997344,1145402.0833333333,0.5384281066076361,5260.25,0.0041977676883936015,0.3765
LD,de3,1.730007,4.594972111553785,1145506.5833333333,0.5377274375047487,5364.75,0.0034970985855061107,0.3765
LD,de3,1.903008,5.054470119521913,1145672.3333333333,0.5393486088852758,5530.5,0.005118269966033133,0.3765
LD,de3,2.093309,5.5599176626826035,1146004.8333333333,0.5402489425870137,5863.0,0.006018603667771109,0.3765
LD,de3,2.30264,6.115909694555112,1146147.3333333333,0.5398800756484328,6005.5,0.005649736729190187,0.3765
LD,de3,2.532904,6.727500664010623,1142465.3333333333,0.5348254048162114,2323.5,0.000595065896968792,0.3765
LD,de3,2.786194,7.400249667994688,1146439.5833333333,0.5379230127591912,6297.75,0.0036926738399486645,0.3765
LD,de3,3.064814,8.140276228419655,1146654.4166666667,0.5369479536741345,6512.583333333333,0.002717614754891943,0.3765
LD,de3,3.371295,8.954302788844622,1146982.8333333333,0.5387422918902535,6841.0,0.004511952971010859,0.3765
LD,de3,3.708424,9.849731739707835,1147308.25,0.535658885508934,7166.416666666667,0.0014285465896914373,0.3765
LD,de5,3e-05,0.1,1134597.0833333333,0.5352566885532967,-5544.75,0.0007145781023089604,0.0003
LD,de5,3.4e-05,0.11333333333333334,1142091.0,0.5360222450091343,1949.1666666666667,0.001480134558146634,0.0003
LD,de5,3.7e-05,0.12333333333333334,1142102.25,0.5360456158505219,1960.4166666666667,0.0015035053995342273,0.0003
LD,de5,4.1e-05,0.1366666666666667,1141266.9166666667,0.5354400239301753,1125.0833333333333,0.0008979134791875972,0.0003
LD,de5,4.5e-05,0.15000000000000002,1141266.9166666667,0.5350564140726277,1125.0833333333333,0.0005143036216399555,0.0003
LD,de5,4.9e-05,0.16333333333333333,1141266.9166666667,0.5345291922432874,1125.0833333333333,-1.2918207700357565e-05,0.0003
LD,de5,5.4e-05,0.18000000000000002,1142072.4166666667,0.5357839507175254,1930.5833333333333,0.0012418402665376842,0.0003
LD,de5,5.9e-05,0.19666666666666668,1142072.4166666667,0.5377962419888064,1930.5833333333333,0.0032541315378185978,0.0003
LD,de5,6.5e-05,0.21666666666666667,1141923.25,0.5374509057014851,1781.4166666666667,0.0029087952504973924,0.0003
LD,de5,7.2e-05,0.24000000000000002,1141737.4166666667,0.5361036833783128,1595.5833333333333,0.0015615729273250611,0.0003
LD,de5,7.9e-05,0.26333333333333336,1141737.5,0.5347007402389307,1595.6666666666667,0.00015862978794295435,0.0003
LD,de5,8.7e-05,0.29000000000000004,1142042.6666666667,0.5355126174638707,1900.8333333333333,0.0009705070128830003,0.0003
LD,de5,9.6e-05,0.32000000000000006,1142012.8333333333,0.5369945046363183,1871.0,0.00245239418533047,0.0003
LD,de5,0.000105,0.35000000000000003,1149512.6666666667,0.545031777044799,9370.833333333334,0.010489666593811278,0.0003
LD,de5,0.000116,0.3866666666666667,1149512.6666666667,0.5453040679601746,9370.833333333334,0.010761957509186848,0.0003
LD,de5,0.000127,0.42333333333333334,1149512.8333333333,0.5451668640438466,9371.0,0.010624753592858888,0.0003
LD,de5,0.00014,0.4666666666666667,1143955.8333333333,0.5400988271863557,3814.0,0.00555671673536795,0.0003
LD,de5,0.000154,0.5133333333333334,1149512.6666666667,0.5448202166114579,9370.833333333334,0.010278106160470138,0.0003
LD,de5,0.000169,0.5633333333333334,1149512.6666666667,0.5449549548783242,9370.833333333334,0.010412844427336468,0.0003
LD,de5,0.000186,0.62,1149512.6666666667,0.5450234665106947,9370.833333333334,0.010481356059706968,0.0003
LD,de5,0.000205,0.6833333333333333,1149512.6666666667,0.5452956376349857,9370.833333333334,0.010753527183997977,0.0003
LD,de5,0.000225,0.75,1149512.6666666667,0.5459781506130122,9370.833333333334,0.011436040162024494,0.0003
LD,de5,0.000248,0.8266666666666668,1149512.6666666667,0.5446088276917799,9370.833333333334,0.010066717240792231,0.0003
LD,de5,0.000273,0.9100000000000001,1149512.6666666667,0.5447737726520826,9370.833333333334,0.010231662201094819,0.0003
LD,de5,0.0003,1.0,1140141.8333333333,0.5345421104509877,0.0,0.0,0.0003
LD,de5,0.00033,1.1,1144025.0,0.5408611702223546,3883.1666666666665,0.006319059771366829,0.0003
LD,de5,0.000363,1.21,1149584.1666666667,0.5450095819108418,9442.333333333334,0.010467471459854013,0.0003
LD,de5,0.000399,1.33,1149584.1666666667,0.5450161219616171,9442.333333333334,0.010474011510629285,0.0003
LD,de5,0.000439,1.4633333333333334,1149584.5833333333,0.5438448892386251,9442.75,0.00930277878763732,0.0003
LD,de5,0.000483,1.61,1149584.6666666667,0.5437502811785531,9442.833333333334,0.009208170727565348,0.0003
LD,de5,0.000531,1.7700000000000002,1149584.75,0.5453598335895057,9442.916666666666,0.010817723138518013,0.0003
LD,de5,0.000585,1.9500000000000002,1149584.75,0.5451299118272196,9442.916666666666,0.010587801376231823,0.0003
LD,de5,0.000643,2.1433333333333335,1149584.75,0.5439288932874216,9442.916666666666,0.009386782836433802,0.0003
LD,de5,0.000707,2.356666666666667,1149584.75,0.5433709432853576,9442.916666666666,0.008828832834369879,0.0003
LD,de5,0.000778,2.5933333333333337,1149585.0833333333,0.5431008646755905,9443.25,0.008558754224602736,0.0003
LD,de5,0.000856,2.8533333333333335,1149585.9166666667,0.5448953157696357,9444.083333333334,0.010353205318647992,0.0003
LD,de5,0.000942,3.14,1149579.1666666667,0.5441624520107117,9437.333333333334,0.009620341559723957,0.0003
LD,de5,0.001036,3.4533333333333336,1149579.25,0.5454792682528117,9437.416666666666,0.010937157801823824,0.0003
LD,de5,0.001139,3.7966666666666673,1149579.4166666667,0.5461899120991304,9437.583333333334,0.01164780164814259,0.0003
LD,de5,0.001253,4.176666666666667,1149584.25,0.5466463024765943,9442.416666666666,0.01210419202560655,0.0003
LD,de5,0.001378,4.593333333333334,1149584.5,0.5451732113181227,9442.666666666666,0.01063110086713498,0.0003
LD,de5,0.001516,5.053333333333334,1149586.5833333333,0.5461184122189104,9444.75,0.011576301767922662,0.0003
LD,de5,0.001668,5.5600000000000005,1149587.1666666667,0.5453944693410301,9445.333333333334,0.010852358890042416,0.0003
LD,de5,0.001835,6.116666666666667,1149587.25,0.5459954710336921,9445.416666666666,0.011453360582704334,0.0003
LD,de5,0.002018,6.726666666666667,1149588.0833333333,0.5459417446474396,9446.25,0.011399634196451949,0.0003
LD,de5,0.00222,7.400000000000001,1144030.0,0.5427311238081631,3888.1666666666665,0.008189013357175395,0.0003
LD,de5,0.002442,8.14,1149590.5,0.5442298149687204,9448.666666666666,0.009687704517732654,0.0003
LD,de5,0.002686,8.953333333333335,1149590.9166666667,0.545731956667939,9449.083333333334,0.011189846216951368,0.0003
LD,de5,0.002955,9.850000000000001,1149625.0833333333,0.5461612699826727,9483.25,0.011619159531684834,0.0003
LD,K14,0.152288,0.10152533333333334,1149730.0,0.5464500325859953,19934.583333333332,0.021408598646427662,1.5
LD,K14,0.167517,0.111678,1149730.0,0.5431824681890944,19934.583333333332,0.01814103424952679,1.5
LD,K14,0.184269,0.122846,1149730.0,0.5437389656425912,19934.583333333332,0.018697531703023556,1.5
LD,K14,0.202696,0.13513066666666665,1149730.0,0.5452400296838973,19934.583333333332,0.02019859574432963,1.5
LD,K14,0.222965,0.14864333333333332,1149730.0,0.5467836656642725,19934.583333333332,0.02174223172470488,1.5
LD,K14,0.245262,0.16350800000000001,1149730.0,0.5443793385521928,19934.583333333332,0.019337904612625235,1.5
LD,K14,0.269788,0.17985866666666664,1149730.0,0.5436992324009099,19934.583333333332,0.01865779846134233,1.5
LD,K14,0.296767,0.19784466666666667,1149730.0,0.5434811905804695,19934.583333333332,0.01843975664090196,1.5
LD,K14,0.326444,0.21762933333333334,1149730.0,0.5431781370584016,19934.583333333332,0.018136703118833853,1.5
LD,K14,0.359088,0.23939200000000002,1149730.0,0.5443503034201811,19934.583333333332,0.019308869480613538,1.5
LD,K14,0.394997,0.2633313333333333,1149730.0,0.5425247268831352,19934.583333333332,0.01748329294356755,1.5
LD,K14,0.434497,0.2896646666666667,1149730.0,0.5396260959620481,19934.583333333332,0.014584662022480552,1.5
LD,K14,0.477946,0.3186306666666667,1149730.0,0.538079102240081,19934.583333333332,0.01303766830051343,1.5
LD,K14,0.525741,0.350494,1149730.0,0.5439186674981317,19934.583333333332,0.01887723355856401,1.5
LD,K14,0.578315,0.38554333333333335,1149730.0,0.5432668493381493,19934.583333333332,0.018225415398581763,1.5
LD,K14,0.636146,0.4240973333333333,1149730.0,0.5433222855731877,19934.583333333332,0.018280851633620088,1.5
LD,K14,0.699761,0.46650733333333333,1149730.0,0.5423763410454221,19934.583333333332,0.01733490710585452,1.5
LD,K14,0.769737,0.513158,1149730.0,0.5404905697067749,19934.583333333332,0.0154491357672073,1.5
LD,K14,0.846711,0.564474,1149730.0,0.5413252561477521,19934.583333333332,0.016283822208184456,1.5
LD,K14,0.931382,0.6209213333333333,1149730.0,0.545230298792903,19934.583333333332,0.020188864853335375,1.5
LD,K14,1.02452,0.6830133333333334,1145088.5,0.5384831508456746,15293.083333333334,0.013441716906107007,1.5
LD,K14,1.126972,0.7513146666666667,1145088.5,0.5395650165562098,15293.083333333334,0.014523582616642198,1.5
LD,K14,1.239669,0.8264459999999999,1145088.5,0.5394224214770963,15293.083333333334,0.014380987537528598,1.5
LD,K14,1.363636,0.9090906666666667,1145088.5,0.5383003477385762,15293.083333333334,0.013258913799008518,1.5
LD,K14,1.5,1.0,1129795.4166666667,0.5250414339395676,0.0,0.0,1.5
LD,K14,1.65,1.0999999999999999,1130905.6666666667,0.5316316809495979,1110.25,0.006590247010030248,1.5
LD,K14,1.815,1.21,1134357.0833333333,0.5376621164966653,4561.666666666667,0.012620682557097687,1.5
LD,K14,1.9965,1.331,1140365.6666666667,0.5380614500742672,10570.25,0.013020016134699608,1.5
LD,K14,2.19615,1.4641,1145219.3333333333,0.5402335394599317,15423.916666666666,0.015192105520364096,1.5
LD,K14,2.415765,1.6105099999999999,1145219.3333333333,0.5368456879295983,15423.916666666666,0.011804253990030794,1.5
LD,K14,2.657341,1.7715606666666668,1145219.3333333333,0.5374754445949962,15423.916666666666,0.012434010655428577,1.5
LD,K14,2.923076,1.9487173333333334,1145219.3333333333,0.5402030836688504,15423.916666666666,0.015161649729282717,1.5
LD,K14,3.215383,2.1435886666666666,1145219.3333333333,0.5406015771595222,15423.916666666666,0.015560143219954617,1.5
LD,K14,3.536922,2.357948,1145219.3333333333,0.539185256443555,15423.916666666666,0.01414382250398738,1.5
LD,K14,3.890614,2.5937426666666665,1145219.3333333333,0.5380567504783342,15423.916666666666,0.013015316538766688,1.5
LD,K14,4.279675,2.8531166666666667,1144413.8333333333,0.5343026875720286,14618.416666666666,0.009261253632461044,1.5
LD,K14,4.707643,3.1384286666666665,1144413.8333333333,0.5305196873197079,14618.416666666666,0.005478253380140334,1.5
LD,K14,5.178407,3.4522713333333335,1145219.3333333333,0.5364151084514379,15423.916666666666,0.011373674511870316,1.5
LD,K14,5.696248,3.7974986666666664,1145219.3333333333,0.5383635019457637,15423.916666666666,0.013322068006196147,1.5
LD,K14,6.265872,4.177248,1145040.3333333333,0.5378710991880468,15244.916666666666,0.012829665248479255,1.5
LD,K14,6.892459,4.594972666666666,1145040.3333333333,0.5368630779379447,15244.916666666666,0.011821643998377096,1.5
LD,K14,7.581705,5.05447,1144876.25,0.5352507378663475,15080.833333333334,0.010209303926779859,1.5
LD,K14,8.339876,5.559917333333334,1145159.6666666667,0.5385771883033025,15364.25,0.013535754363734961,1.5
LD,K14,9.173864,6.115909333333334,1145129.8333333333,0.536790053356459,15334.416666666666,0.01174861941689139,1.5
LD,K14,10.09125,6.7275,1145088.3333333333,0.5384659074316742,15292.916666666666,0.013424473492106653,1.5
LD,K14,11.100375,7.40025,1145088.5,0.5390541065944925,15293.083333333334,0.014012672654924849,1.5
LD,K14,12.210412,8.140274666666667,1145088.5,0.540633129906788,15293.083333333334,0.015591695967220431,1.5
LD,K14,13.431454,8.954302666666667,1145088.5,0.5384295652168484,15293.083333333334,0.013388131277280843,1.5
LD,K14,14.774599,9.849732666666666,1145088.5,0.5324711239907151,15293.083333333334,0.007429690051147371,1.5
LD,p1,0.088043,0.1015255996309963,1145836.9166666667,0.5690753159826744,9842.166666666666,0.030924703654155877,0.8672
LD,p1,0.096847,0.11167781365313653,1144958.4166666667,0.5873550557697731,8963.666666666666,0.04920444344125458,0.8672
LD,p1,0.106532,0.1228459409594096,1144140.75,0.5871300397067715,8146.0,0.048979427378253095,0.8672
LD,p1,0.117185,0.13513030442804427,1143034.5,0.5883918150680516,7039.75,0.05024120273953319,0.8672
LD,p1,0.128904,0.14864391143911437,1142001.75,0.5880902778141444,6007.0,0.049939665485625846,0.8672
LD,p1,0.141794,0.16350784132841328,1141154.4166666667,0.5896023181133095,5159.666666666667,0.05145170578479111,0.8672
LD,p1,0.155974,0.17985931734317345,1140040.6666666667,0.5852622300537894,4045.9166666666665,0.04711161772527081,0.8672
LD,p1,0.171571,0.19784478782287823,1138658.4166666667,0.5795258623421485,2663.6666666666665,0.04137525001363002,0.8672
LD,p1,0.188728,0.21762915129151292,1137060.0,0.5699992336494888,1065.25,0.0318486213209703,0.8672
LD,p1,0.207601,0.2393922970479705,1135569.0,0.5630010801551996,-425.75,0.024850467826681055,0.8672
LD,p1,0.228361,0.2633314114391144,1134032.0,0.5493791350915077,-1962.75,0.011228522762989293,0.8672
LD,p1,0.251197,0.2896644372693727,1132674.5,0.5358516232692171,-3320.25,-0.0022989890593013984,0.8672
LD,p1,0.276317,0.31863122693726936,1131539.75,0.5309477931158543,-4455.0,-0.007202819212664187,0.8672
LD,p1,0.303948,0.35049354243542435,1131828.1666666667,0.5229890075340752,-4166.583333333333,-0.015161604794443279,0.8672
LD,p1,0.334343,0.3855431273062731,1131905.4166666667,0.5199952170227805,-4089.3333333333335,-0.018155395305737843,0.8672
LD,p1,0.367777,0.424097094095941,1132010.6666666667,0.5187917158422698,-3984.0833333333335,-0.019358896486248656,0.8672
LD,p1,0.404555,0.46650714944649446,1132393.1666666667,0.5038804863761598,-3601.5833333333335,-0.034270125952358683,0.8672
LD,p1,0.445011,0.5131584409594095,1134148.0,0.49284466905078855,-1846.75,-0.045305943277729875,0.8672
LD,p1,0.489512,0.5644741697416974,1136477.3333333333,0.4888275939691304,482.5833333333333,-0.04932301835938813,0.8672
LD,p1,0.538463,0.6209213560885609,1138546.0833333333,0.5055770114656551,2551.3333333333335,-0.03257360086286329,0.8672
LD,p1,0.592309,0.6830131457564576,1140508.75,0.5182181347897187,4514.0,-0.01993247753879973,0.8672
LD,p1,0.65154,0.7513145756457565,1137645.6666666667,0.5199743113766039,1650.9166666666667,-0.01817630095191457,0.8672
LD,p1,0.716694,0.8264460332103322,1143920.0,0.5320176526506578,7925.25,-0.006132959677860668,0.8672
LD,p1,0.788364,0.9090913284132841,1145383.0833333333,0.5408586643828703,9388.333333333334,0.002708052054351882,0.8672
LD,p1,0.8672,1.0,1135994.75,0.5381506123285185,0.0,0.0,0.8672
LD,p1,0.95392,1.1,1143281.8333333333,0.5505485629757436,7287.083333333333,0.012397950647225134,0.8672
LD,p1,1.049312,1.21,1144621.75,0.5550344465930886,8627.0,0.016883834264570224,0.8672
LD,p1,1.154243,1.3309997693726936,1145578.1666666667,0.5604479176139431,9583.416666666666,0.02229730528542459,0.8672
LD,p1,1.269668,1.4641005535055351,1146248.9166666667,0.5642019598533263,10254.166666666666,0.026051347524807922,0.8672
LD,p1,1.396634,1.6105096863468635,1146835.5,0.5680934310270325,10840.75,0.029942818698514017,0.8672
LD,p1,1.536298,1.7715613468634686,1141677.9166666667,0.5670986881481548,5683.166666666667,0.02894807581963633,0.8672
LD,p1,1.689927,1.9487165590405904,1148349.3333333333,0.5754142123733431,12354.583333333334,0.0372636000448246,0.8672
LD,p1,1.85892,2.143588560885609,1149088.6666666667,0.5812735825671244,13093.916666666666,0.04312297023860583,0.8672
LD,p1,2.044812,2.3579474169741697,1149632.3333333333,0.5826368551863282,13637.583333333334,0.044486242857809805,0.8672
LD,p1,2.249293,2.5937419280442806,1149696.75,0.5877213005674758,13702.0,0.049570688238957404,0.8672
LD,p1,2.474223,2.8531169280442805,1149680.5,0.5833883373458062,13685.75,0.045237725017287796,0.8672
LD,p1,2.721645,3.1384282749077492,1149664.0833333333,0.5840417016930624,13669.333333333334,0.045891089364543954,0.8672
LD,p1,2.99381,3.4522716789667895,1149392.1666666667,0.5843791175124474,13397.416666666666,0.04622850518392905,0.8672
LD,p1,3.293191,3.797498846863469,1149197.75,0.585090759352026,13203.0,0.046940147023507565,0.8672
LD,p1,3.62251,4.177248616236163,1148309.3333333333,0.5830186923717081,12314.583333333334,0.044868080043189734,0.8672
LD,p1,3.984761,4.594973477859779,1147484.0,0.5778916189380521,11489.25,0.039741006609533634,0.8672
LD,p1,4.383237,5.054470710332104,1146078.0833333333,0.5753099452458411,10083.333333333334,0.037159332917322756,0.8672
LD,p1,4.82156,5.559916974169742,1145614.25,0.5739506092952981,9619.5,0.035799996966779636,0.8672
LD,p1,5.303716,6.115908671586715,1145931.1666666667,0.5737868392143953,9936.416666666666,0.03563622688587683,0.8672
LD,p1,5.834088,6.727500000000001,1144977.3333333333,0.5843495482326087,8982.583333333334,0.04619893590409018,0.8672
LD,p1,6.417497,7.400250230627306,1123548.25,0.6361065728332382,-12446.5,0.09795596050471977,0.8672
LD,p1,7.059246,8.140274446494464,1121610.5833333333,0.6956082732036245,-14384.166666666666,0.15745766087510607,0.8672
LD,p1,7.765171,8.954302352398523,1126868.0833333333,0.6726203609051206,-9126.666666666666,0.13446974857660204,0.8672
LD,p1,8.541688,9.849732472324725,1007115.8333333334,0.7410641441842664,-128878.91666666667,0.20291353185574776,0.8672
LD,d3D,0.051027,0.10152606446478313,1158831.1666666667,0.5970535223504072,18907.333333333332,0.05982725693872348,0.5026
LD,d3D,0.056129,0.11167727815360126,1158222.6666666667,0.5991782036297285,18298.833333333332,0.06195193821804478,0.5026
LD,d3D,0.061742,0.12284520493434141,1157695.9166666667,0.598121969184797,17772.083333333332,0.06089570377311334,0.5026
LD,d3D,0.067917,0.13513131715081575,1157258.9166666667,0.5948881885606491,17335.083333333332,0.0576619231489654,0.5026
LD,d3D,0.074708,0.14864305610823714,1158162.8333333333,0.5867430058563153,18239.0,0.049516740444631634,0.5026
LD,d3D,0.082179,0.16350775964982092,1159146.75,0.5828435615018152,19222.916666666668,0.04561729609013145,0.5026
LD,d3D,0.090397,0.17985873458018303,1159989.25,0.574303551728586,20065.416666666668,0.03707728631690239,0.5026
LD,d3D,0.099437,0.1978452049343414,1161161.8333333333,0.5648256803593164,21238.0,0.027599414947632822,0.5026
LD,d3D,0.10938,0.2176283326701154,1159958.8333333333,0.5501489435864669,20035.0,0.012922678174783339,0.5026
LD,d3D,0.120318,0.2393911659371269,1164098.4166666667,0.5295061729509496,24174.583333333332,-0.00772009246073412,0.5026
LD,d3D,0.13235,0.26333068046159963,1161687.75,0.5170461143109814,21763.916666666668,-0.020180151100702298,0.5026
LD,d3D,0.145585,0.2896637485077596,1163111.9166666667,0.531317459257561,23188.083333333332,-0.005908806154122546,0.5026
LD,d3D,0.160144,0.3186311181854357,1161904.9166666667,0.5368515293029789,21981.083333333332,-0.0003747361087047633,0.5026
LD,d3D,0.176158,0.3504934341424592,1160804.8333333333,0.5383279978084662,20881.0,0.0011017323967825547,0.5026
LD,d3D,0.193774,0.38554317548746514,1160771.6666666667,0.5370888454094168,20847.833333333332,-0.00013742000226682483,0.5026
LD,d3D,0.213151,0.42409669717469156,1158447.9166666667,0.5361478751373848,18524.083333333332,-0.0010783902742987443,0.5026
LD,d3D,0.234467,0.46650815758058095,1157507.5833333333,0.5286556652997817,17583.75,-0.008570600111901897,0.5026
LD,d3D,0.257913,0.5131575805809788,1159201.6666666667,0.5207576346987796,19277.833333333332,-0.01646863071290404,0.5026
LD,d3D,0.283705,0.5644747313967369,1161219.5833333333,0.5124336186391244,21295.75,-0.024792646772559327,0.5026
LD,d3D,0.312075,0.6209212097095105,1164281.4166666667,0.5042603466573492,24357.583333333332,-0.03296591875433448,0.5026
LD,d3D,0.343283,0.6830143255073616,1166464.8333333333,0.5153039158619896,26541.0,-0.021922349549693947,0.5026
LD,d3D,0.377611,0.7513151611619577,1164006.25,0.5311001856045068,24082.416666666668,-0.006126079807176887,0.5026
LD,d3D,0.415372,0.8264464783127735,1162102.25,0.5449444135706533,22178.416666666668,0.0077181481589695495,0.5026
LD,d3D,0.456909,0.9090907282132908,1156777.6666666667,0.5477202508683415,16853.833333333332,0.010493985456657806,0.5026
LD,d3D,0.5026,1.0,1139923.8333333333,0.5372262654116836,0.0,0.0,0.5026
LD,d3D,0.55286,1.0999999999999999,1137443.1666666667,0.5232048357855414,-2480.6666666666665,-0.014021429626142242,0.5026
LD,d3D,0.608146,1.2099999999999997,1132822.4166666667,0.5018817749538778,-7101.416666666667,-0.03534449045780586,0.5026
LD,d3D,0.668961,1.33100079586152,1126298.1666666667,0.4739348843126106,-13625.666666666666,-0.06329138109907304,0.5026
LD,d3D,0.735857,1.464100676482292,1120817.4166666667,0.48125174344768906,-19106.416666666668,-0.055974521963994515,0.5026
LD,d3D,0.809442,1.610509351372861,1125447.9166666667,0.4893258560894404,-14475.916666666666,-0.047900409322243286,0.5026
LD,d3D,0.890387,1.7715618782331874,1128981.25,0.48981806656717425,-10942.583333333334,-0.04740819884450944,0.5026
LD,d3D,0.979425,1.948716673298846,1131021.1666666667,0.4970057761071777,-8902.666666666666,-0.04022048930450597,0.5026
LD,d3D,1.077368,2.143589335455631,1129218.0,0.498193075653864,-10705.833333333334,-0.03903318975781959,0.5026
LD,d3D,1.185105,2.3579486669319536,1130786.5833333333,0.48703076929314865,-9137.25,-0.05019549611853493,0.5026
LD,d3D,1.303615,2.593742538798249,1132723.75,0.49917625269701377,-7200.083333333333,-0.03805001271466983,0.5026
LD,d3D,1.433976,2.8531157978511734,1134819.6666666667,0.5075195774204185,-5104.166666666667,-0.029706687991265125,0.5026
LD,d3D,1.577374,3.138428173497811,1133659.8333333333,0.5270971252054163,-6264.0,-0.010129140206267309,0.5026
LD,d3D,1.735112,3.4522721846398725,1132747.5833333333,0.533280868293878,-7176.25,-0.003945397117805667,0.5026
LD,d3D,1.908623,3.7974990051730995,1132173.0833333333,0.540965171702401,-7750.75,0.003738906290717464,0.5026
LD,d3D,2.099485,4.17724830879427,1131735.9166666667,0.5499364191331237,-8187.916666666667,0.01271015372144016,0.5026
LD,d3D,2.309433,4.594972144846796,1131576.3333333333,0.5552644281427567,-8347.5,0.01803816273107295,0.5026
LD,d3D,2.540377,5.054470752089136,1131748.6666666667,0.5614309451088123,-8175.166666666667,0.02420467969712876,0.5026
LD,d3D,2.794414,5.55991643454039,1132067.6666666667,0.5703428578602839,-7856.166666666667,0.03311659244860043,0.5026
LD,d3D,3.073856,6.115909271786709,1132390.6666666667,0.5731913621802459,-7533.166666666667,0.035965096768562306,0.5026
LD,d3D,3.381241,6.727499005173099,1132732.3333333333,0.5742129766150977,-7191.5,0.03698671120341417,0.5026
LD,d3D,3.719366,7.400250696378829,1133067.0833333333,0.5808036771300454,-6856.75,0.0435774117183619,0.5026
LD,d3D,4.091302,8.140274572224431,1127070.25,0.5850443365132186,-12853.583333333334,0.04781807110153493,0.5026
LD,d3D,4.500432,8.954301631516115,1132678.0,0.5884865596504857,-7245.833333333333,0.051260294238802094,0.5026
LD,d3D,4.950476,9.849733386390767,1132905.6666666667,0.5906446048329786,-7018.166666666667,0.05341833942129514,0.5026
LD,de4,0.040407,0.1015251256281407,1147566.4166666667,0.5456662734363038,13221.0,0.010193959751256967,0.398
LD,de4,0.044448,0.11167839195979899,1147606.6666666667,0.5443305284712072,13261.25,0.008858214786160399,0.398
LD,de4,0.048893,0.1228467336683417,1147602.0833333333,0.5473362929774985,13256.666666666666,0.011863979292451698,0.398
LD,de4,0.053782,0.13513065326633167,1147586.3333333333,0.5487374525387798,13240.916666666666,0.013265138853732946,0.398
LD,de4,0.05916,0.14864321608040199,1142120.8333333333,0.5445859223183095,7775.416666666667,0.009113608633262613,0.398
LD,de4,0.065076,0.1635075376884422,1147695.8333333333,0.546942160075299,13350.416666666666,0.011469846390252262,0.398
LD,de4,0.071584,0.17985929648241203,1147695.0833333333,0.5463666446520314,13349.666666666666,0.01089433096698463,0.398
LD,de4,0.078742,0.19784422110552766,1147765.5,0.5444935972134557,13420.083333333334,0.009021283528408808,0.398
LD,de4,0.086616,0.21762814070351758,1147804.0833333333,0.5478895934205861,13458.666666666666,0.012417279735539197,0.398
LD,de4,0.095278,0.23939195979899497,1147805.0,0.5480220301831016,13459.583333333334,0.012549716498054772,0.398
LD,de4,0.104806,0.26333165829145727,1147902.0833333333,0.5468590381625027,13556.666666666666,0.011386724477455812,0.398
LD,de4,0.115286,0.28966331658291455,1147903.0833333333,0.5500381175385866,13557.666666666666,0.0145658038535397,0.398
LD,de4,0.126815,0.31863065326633166,1148001.1666666667,0.5497339668957467,13655.75,0.014261653210699887,0.398
LD,de4,0.139497,0.35049497487437187,1148067.9166666667,0.5473549855001983,13722.5,0.011882671815151485,0.398
LD,de4,0.153446,0.3855427135678392,1148105.3333333333,0.547087480812897,13759.916666666666,0.011615167127850148,0.398
LD,de4,0.168791,0.42409798994974873,1148204.0,0.5471081871714679,13858.583333333334,0.011635873486421052,0.398
LD,de4,0.18567,0.46650753768844216,1142757.5833333333,0.5433507618199228,8412.166666666666,0.007878448134875935,0.398
LD,de4,0.204237,0.5131582914572864,1148418.8333333333,0.5469104026039774,14073.416666666666,0.011438088918930583,0.398
LD,de4,0.224661,0.5644748743718593,1148528.5833333333,0.5476021150323094,14183.166666666666,0.012129801347262511,0.398
LD,de4,0.247127,0.6209221105527638,1148634.25,0.5454002863772839,14288.833333333334,0.009927972692237117,0.398
LD,de4,0.271839,0.6830125628140703,1148822.1666666667,0.5469523764880032,14476.75,0.011480062802956298,0.398
LD,de4,0.299023,0.7513140703517587,1148960.9166666667,0.5479178251637385,14615.5,0.012445511478691718,0.398
LD,de4,0.328926,0.8264472361809044,1149138.4166666667,0.5482306688130962,14793.0,0.012758355128049384,0.398
LD,de4,0.361818,0.9090904522613065,1149353.25,0.5472511490158364,15007.833333333334,0.011778835330789541,0.398
LD,de4,0.398,1.0,1134345.4166666667,0.5354723136850468,0.0,0.0,0.398
LD,de4,0.4378,1.1,1140434.6666666667,0.5320820711189439,6089.25,-0.0033902425661029856,0.398
LD,de4,0.48158,1.21,1144515.4166666667,0.5392845817688395,10170.0,0.0038122680837926657,0.398
LD,de4,0.529738,1.331,1150400.0833333333,0.5449475879524125,16054.666666666666,0.00947527426736556,0.398
LD,de4,0.582712,1.4641005025125629,1150732.25,0.5447001514690789,16386.833333333332,0.009227837784032022,0.398
LD,de4,0.640983,1.6105100502512562,1151036.5833333333,0.541284194009798,16691.166666666668,0.005811880324751217,0.398
LD,de4,0.705081,1.7715603015075374,1151462.5,0.541078168524686,17117.083333333332,0.005605854839639167,0.398
LD,de4,0.775589,1.9487160804020098,1151865.4166666667,0.5394821455985531,17520.0,0.004009831913506318,0.398
LD,de4,0.853148,2.1435879396984925,1152124.25,0.5418401025419349,17778.833333333332,0.006367788856888036,0.398
LD,de4,0.938463,2.3579472361809044,1152474.0,0.5394109205820394,18128.583333333332,0.0039386068969926025,0.398
LD,de4,1.032309,2.5937412060301503,1147385.8333333333,0.5367209717413746,13040.416666666666,0.0012486580563276877,0.398
LD,de4,1.13554,2.8531155778894473,1147821.5833333333,0.535599725573651,13476.166666666666,0.00012741188860414718,0.398
LD,de4,1.249094,3.1384271356783917,1148354.75,0.5329924831558058,14009.333333333334,-0.002479830529241056,0.398
LD,de4,1.374004,3.4522713567839194,1139649.0833333333,0.5244641826944847,5303.666666666667,-0.011008130990562165,0.398
LD,de4,1.511404,3.7974974874371856,1145886.0833333333,0.5287818533899636,11540.666666666666,-0.0066904602950831156,0.398
LD,de4,1.662545,4.177248743718593,1150186.6666666667,0.534461967075744,15841.25,-0.0010103466093028441,0.398
LD,de4,1.828799,4.594972361809045,1146848.9166666667,0.5288764134377333,12503.5,-0.006595900247313546,0.398
LD,de4,2.011679,5.054469849246231,1151255.6666666667,0.5342814445471947,16910.25,-0.0011908691378520464,0.398
LD,de4,2.212847,5.559917085427135,1151809.3333333333,0.53598660536384,17463.916666666668,0.0005142916787932347,0.398
LD,de4,2.434132,6.115909547738693,1152476.0,0.5297491252324579,18130.583333333332,-0.005723188452588873,0.398
LD,de4,2.677545,6.727499999999999,1153258.6666666667,0.529183899827152,18913.25,-0.0062884138578949795,0.398
LD,de4,2.945299,7.400248743718592,1150122.4166666667,0.5205391505037477,15777.0,-0.014933163181299234,0.398
LD,de4,3.239829,8.140273869346732,1154161.3333333333,0.5267111611184162,19815.916666666668,-0.008761152566630737,0.398
LD,de4,3.563812,8.954301507537687,1154062.8333333333,0.5237850684021261,19717.416666666668,-0.011687245282920774,0.398
LD,de4,3.920194,9.849733668341708,1154025.0833333333,0.5218641485919103,19679.666666666668,-0.013608165093136504,0.398
LD,p4,0.114318,0.10152575488454708,1156516.25,0.485167361689349,24005.5,-0.05095409517498125,1.126
LD,p4,0.12575,0.11167850799289522,1152142.5,0.4864336750238458,19631.75,-0.0496877818404844,1.126
LD,p4,0.138325,0.12284635879218474,1156803.6666666667,0.48689756236267595,24292.916666666668,-0.049223894501654236,1.126
LD,p4,0.152157,0.13513055062166962,1157013.5,0.49076163389328825,24502.75,-0.04535982297104205,1.126
LD,p4,0.167373,0.14864387211367674,1157298.5833333333,0.49372536382541177,24787.833333333332,-0.04239609303891847,1.126
LD,p4,0.18411,0.16350799289520426,1153164.4166666667,0.4895047460848285,20653.666666666668,-0.04661671077950182,1.126
LD,p4,0.202521,0.17985879218472473,1157942.1666666667,0.49567331594658,25431.416666666668,-0.04044814091775026,1.126
LD,p4,0.222773,0.19784458259325047,1157959.75,0.5000783402903524,25449.0,-0.03604311657397793,1.126
LD,p4,0.24505,0.21762877442273537,1153208.3333333333,0.49712610092216164,20697.583333333332,-0.03899535594216869,1.126
LD,p4,0.269555,0.23939165186500888,1157401.25,0.5056104951071241,24890.5,-0.030510961757206106,1.126
LD,p4,0.296511,0.2633312611012434,1157038.3333333333,0.5085039730792166,24527.583333333332,-0.027617483785113705,1.126
LD,p4,0.326162,0.289664298401421,1156696.1666666667,0.5130158924145279,24185.416666666668,-0.02310556444980222,1.126
LD,p4,0.358778,0.3186305506216697,1156058.8333333333,0.5141214227642853,23548.083333333332,-0.02200003410004502,1.126
LD,p4,0.394656,0.35049378330373004,1155652.75,0.5152973913129711,23142.0,-0.0208240655513591,1.126
LD,p4,0.434122,0.38554351687388994,1156031.5833333333,0.517835726442674,23520.833333333332,-0.018285730421656304,1.126
LD,p4,0.477534,0.4240976909413855,1156276.9166666667,0.5198384551164461,23766.166666666668,-0.016283001747884208,1.126
LD,p4,0.525287,0.46650710479573715,1156176.6666666667,0.5272677714663497,23665.916666666668,-0.008853685397980501,1.126
LD,p4,0.577816,0.513158081705151,1156484.4166666667,0.5237934144060182,23973.666666666668,-0.012328042458312047,1.126
LD,p4,0.635598,0.564474245115453,1155650.9166666667,0.5336999933419914,23140.166666666668,-0.0024214635223388328,1.126
LD,p4,0.699157,0.6209209591474246,1154222.1666666667,0.5338062927844701,21711.416666666668,-0.002315164079860201,1.126
LD,p4,0.769073,0.6830133214920072,1152609.6666666667,0.5300502576246879,20098.916666666668,-0.006071199239642351,1.126
LD,p4,0.84598,0.7513143872113677,1146848.5,0.5300524959328038,14337.75,-0.006068960931526535,1.126
LD,p4,0.930579,0.8264467140319717,1150000.3333333333,0.5413498214249743,17489.583333333332,0.005228364560644118,1.126
LD,p4,1.023636,0.9090905861456484,1143732.0833333333,0.5420984651562365,11221.333333333334,0.005977008291906209,1.126
LD,p4,1.126,1.0,1132510.75,0.5361214568643303,0.0,0.0,1.126
LD,p4,1.2386,1.1,1134592.8333333333,0.545487750636472,2082.0833333333335,0.00936629377214171,1.126
LD,p4,1.36246,1.2100000000000002,1138802.75,0.548922036418447,6292.0,0.01280057955411664,1.126
LD,p4,1.498706,1.3310000000000002,1137151.0833333333,0.5458139362610431,4640.333333333333,0.009692479396712769,1.126
LD,p4,1.648577,1.4641003552397869,1135468.0833333333,0.5443799348908877,2957.3333333333335,0.008258478026557483,1.126
LD,p4,1.813434,1.6105097690941388,1133861.0,0.5444919072768118,1350.25,0.00837045041248155,1.126
LD,p4,1.994778,1.771561278863233,1132558.5833333333,0.542225161179859,47.833333333333336,0.006103704315528748,1.126
LD,p4,2.194255,1.9487166962699825,1131736.5,0.5464137098388617,-774.25,0.010292252974531449,1.126
LD,p4,2.413681,2.1435888099467144,1130746.4166666667,0.5487737724556577,-1764.3333333333333,0.012652315591327437,1.126
LD,p4,2.655049,2.3579476021314387,1129497.0,0.5545560585660329,-3013.75,0.018434601701702663,1.126
LD,p4,2.920554,2.5937424511545295,1128525.75,0.5603433939441448,-3985.0,0.024221937079814532,1.126
LD,p4,3.212609,2.8531163410301956,1127490.25,0.5631976347104688,-5020.5,0.027076177846138482,1.126
LD,p4,3.53387,3.1384280639431616,1126626.8333333333,0.5646481021273632,-5883.916666666667,0.028526645263032873,1.126
LD,p4,3.887257,3.452270870337478,1125873.25,0.5685173156219817,-6637.5,0.032395858757651476,1.126
LD,p4,4.275983,3.797498223801066,1124531.3333333333,0.571718551194794,-7979.416666666667,0.03559709433046371,1.126
LD,p4,4.703581,4.177247779751332,1124005.1666666667,0.5745164063126812,-8505.583333333334,0.038394949448351,1.126
LD,p4,5.17394,4.594973357015986,1124350.3333333333,0.5789112936014997,-8160.416666666667,0.04278983673716946,1.126
LD,p4,5.691334,5.054470692717585,1123917.0,0.5824997174564415,-8593.75,0.046378260592111274,1.126
LD,p4,6.260467,5.559917406749556,1123496.5833333333,0.5819056673322437,-9014.166666666666,0.04578421046791348,1.126
LD,p4,6.886514,6.115909413854352,1123233.25,0.5842181834420682,-9277.5,0.04809672657773801,1.126
LD,p4,7.575165,6.727500000000001,1122688.25,0.5827775706068484,-9822.5,0.046656113742518046,1.126
LD,p4,8.332681,7.400249555950267,1122485.3333333333,0.5877924057900067,-10025.416666666666,0.051670948925676384,1.126
LD,p4,9.16595,8.140275310834815,1121912.5833333333,0.5880677379197219,-10598.166666666666,0.0519462810553916,1.126
LD,p4,10.082545,8.954302841918295,1121447.9166666667,0.5884264000178341,-11062.833333333334,0.05230494315350386,1.126
LD,p4,11.090799,9.849732682060392,1121026.0833333333,0.5885289987644763,-11484.666666666666,0.05240754190014601,1.126
LD,K9,0.182482,0.10152553688661399,1147450.6666666667,0.4627717263865718,11377.833333333334,-0.07362529045795255,1.7974
LD,K9,0.20073,0.11167797930343829,1143780.4166666667,0.47595097694298616,7707.583333333333,-0.0604460399015383,1.7974
LD,K9,0.220803,0.12284577723378212,1148024.9166666667,0.4890136862225853,11952.083333333334,-0.04738333062193914,1.7974
LD,K9,0.242884,0.13513074440859016,1148370.5,0.4956104876128597,12297.666666666666,-0.04078652923166473,1.7974
LD,K9,0.267172,0.148643596305775,1148859.0833333333,0.4965722651160717,12786.25,-0.039824751728452734,1.7974
LD,K9,0.293889,0.1635078446645154,1147513.3333333333,0.5034262784078533,11440.5,-0.03297073843667107,1.7974
LD,K9,0.323278,0.1798586847668855,1146601.6666666667,0.5051291920741215,10528.833333333334,-0.031267824770402845,1.7974
LD,K9,0.355606,0.19784466451541113,1146418.75,0.506160430594537,10345.916666666666,-0.030236586249987384,1.7974
LD,K9,0.391167,0.21762935351062643,1146064.0,0.5094803790503507,9991.166666666666,-0.026916637794173675,1.7974
LD,K9,0.430283,0.23939189941025926,1145487.8333333333,0.5112225377351574,9415.0,-0.02517447910936706,1.7974
LD,K9,0.473312,0.263331478802715,1145265.4166666667,0.5152774398877306,9192.583333333334,-0.021119576956793822,1.7974
LD,K9,0.520643,0.2896645154111494,1145258.5,0.5245064675521832,9185.666666666666,-0.011890549292341235,1.7974
LD,K9,0.572707,0.3186308000445087,1145383.3333333333,0.5263952368576127,9310.5,-0.010001779986911633,1.7974
LD,K9,0.629978,0.35049404695671527,1145764.25,0.5282554454619,9691.416666666666,-0.008141571382624549,1.7974
LD,K9,0.692976,0.38554356292422387,1145353.6666666667,0.5328943031627543,9280.833333333334,-0.003502713681770122,1.7974
LD,K9,0.762273,0.42409758540113496,1145572.8333333333,0.5330456518043181,9500.0,-0.0033513650402062964,1.7974
LD,K9,0.8385,0.4665071770334928,1135142.9166666667,0.5345563033890012,-929.9166666666666,-0.0018407134555232518,1.7974
LD,K9,0.92235,0.513157894736842,1141228.0833333333,0.5389084945308004,5155.25,0.0025114776862760293,1.7974
LD,K9,1.014585,0.5644736842105263,1141422.3333333333,0.537955206253463,5349.5,0.001558189408938741,1.7974
LD,K9,1.116044,0.6209213308111716,1141614.25,0.5401622222025718,5541.416666666667,0.0037652053580473632,1.7974
LD,K9,1.227648,0.6830132413486146,1141700.4166666667,0.5411612762490342,5627.583333333333,0.0047642594045098074,1.7974
LD,K9,1.350413,0.7513146767553133,1141844.5833333333,0.5401122142161014,5771.75,0.0037151973715770503,1.7974
LD,K9,1.485455,0.8264465338822743,1141969.5,0.5380393575681646,5896.666666666667,0.0016423407236401493,1.7974
LD,K9,1.634,0.909090909090909,1132588.1666666667,0.5335961543073896,-3484.6666666666665,-0.0028008625371348703,1.7974
LD,K9,1.7974,1.0,1136072.8333333333,0.5363970168445245,0.0,0.0,1.7974
LD,K9,1.97714,1.0999999999999999,1142211.0,0.5386774596645569,6138.166666666667,0.0022804428200325446,1.7974
LD,K9,2.174854,1.2099999999999997,1142315.6666666667,0.5410233348441572,6242.833333333333,0.004626317999632821,1.7974
LD,K9,2.392339,1.3309997774563258,1142406.0833333333,0.5440554640005636,6333.25,0.007658447156039157,1.7974
LD,K9,2.631573,1.4640998108378769,1142475.9166666667,0.5436643271661566,6403.083333333333,0.007267310321632359,1.7974
LD,K9,2.894731,1.6105101813730944,1142502.5833333333,0.5412487728775737,6429.75,0.004851756033049308,1.7974
LD,K9,3.184204,1.7715611438744852,1136444.0833333333,0.5413470662825067,371.25,0.004950049437982311,1.7974
LD,K9,3.502624,1.9487170357182595,1142521.9166666667,0.5443352143408741,6449.083333333333,0.007938197496349544,1.7974
LD,K9,3.852887,2.1435890731055967,1142553.3333333333,0.5443935400129629,6480.5,0.00799652316843851,1.7974
LD,K9,4.238175,2.3579475909647267,1141765.6666666667,0.5421816281546238,5692.833333333333,0.005784611310099432,1.7974
LD,K9,4.661993,2.593742628240792,1141762.75,0.5399457880423663,5689.916666666667,0.0035487711978418324,1.7974
LD,K9,5.128192,2.853116724157116,1142570.75,0.5457120162806988,6497.916666666667,0.009314999436174384,1.7974
LD,K9,5.641011,3.13842828530099,1142584.8333333333,0.5418741289383768,6512.0,0.005477112093852432,1.7974
LD,K9,6.205112,3.4522710581951705,1142440.9166666667,0.5445199545694578,6368.083333333333,0.008122937724933471,1.7974
LD,K9,6.825624,3.7974986091020364,1142449.8333333333,0.5444213371204477,6377.0,0.00802432027592336,1.7974
LD,K9,7.508186,4.177248247468565,1142294.1666666667,0.5410101637378838,6221.333333333333,0.004613146893359297,1.7974
LD,K9,8.259004,4.59497273839991,1133050.25,0.5379375360051656,-3022.5833333333335,0.001540519160641222,1.7974
LD,K9,9.084905,5.054470346055413,1136455.1666666667,0.5397411552605271,382.3333333333333,0.0033441384160027474,1.7974
LD,K9,9.993395,5.559917102481362,1142475.9166666667,0.5433321314335747,6403.083333333333,0.0069351145890503745,1.7974
LD,K9,10.992735,6.11590909090909,1142443.8333333333,0.5434315815421051,6371.0,0.007034564697580727,1.7974
LD,K9,12.092008,6.727499721820407,1136427.5,0.5440693651923564,354.6666666666667,0.007672348347832074,1.7974
LD,K9,13.301209,7.400249805274284,1142447.75,0.5456870649106274,6374.916666666667,0.009290048066102998,1.7974
LD,K9,14.63133,8.140274841437632,1142451.5833333333,0.5426598621402201,6378.75,0.006262845295695707,1.7974
LD,K9,16.094463,8.954302325581395,1142452.4166666667,0.5424308255778952,6379.583333333333,0.006033808733370884,1.7974
LD,K9,17.70391,9.849732947590965,1142452.5,0.5400951217757358,6379.666666666667,0.0036981049312113934,1.7974
LD,q4a,0.601813,0.10152554953860689,1148388.8333333333,0.5499981758500022,8097.833333333333,0.014909753505782821,5.9277
LD,q4a,0.661995,0.11167822258211449,1148388.8333333333,0.5496490827343471,8097.833333333333,0.014560660390127619,5.9277
LD,q4a,0.728194,0.12284596049057814,1148388.8333333333,0.5487843004955967,8097.833333333333,0.01369587815137722,5.9277
LD,q4a,0.801013,0.1351304890598377,1148388.8333333333,0.5501046209746077,8097.833333333333,0.015016198630388203,5.9277
LD,q4a,0.881115,0.1486436560554684,1148388.8333333333,0.551158817237,8097.833333333333,0.01607039489278045,5.9277
LD,q4a,0.969226,0.16350793731126745,1148388.8333333333,0.550181292248165,8097.833333333333,0.015092869903945566,5.9277
LD,q4a,1.066149,0.17985879852219244,1143974.3333333333,0.5433529726999556,3683.3333333333335,0.008264550355736144,5.9277
LD,q4a,1.172764,0.1978446952443612,1143974.5,0.5425270649200115,3683.5,0.007438642575792104,5.9277
LD,q4a,1.29004,0.21762909728899912,1143974.5,0.5436768828569679,3683.5,0.008588460512748447,5.9277
LD,q4a,1.419044,0.23939200701789903,1143974.5,0.5412465902746162,3683.5,0.006158167930396687,5.9277
LD,q4a,1.560949,0.2633313089393863,1143974.3333333333,0.5436724841976356,3683.3333333333335,0.008584061853416064,5.9277
LD,q4a,1.717044,0.28966445670327445,1143974.5,0.5402021350695094,3683.5,0.0051137127252899135,5.9277
LD,q4a,1.888748,0.31863083489380367,1143974.5,0.5430180609935638,3683.5,0.007929638649344253,5.9277
LD,q4a,2.077623,0.35049395212308315,1144105.0,0.5409301309683987,3814.0,0.005841708624179172,5.9277
LD,q4a,2.285385,0.38554329672554283,1144105.0,0.5458950003112312,3814.0,0.010806577967011621,5.9277
LD,q4a,2.513923,0.4240975420483493,1144105.0,0.5459270922980973,3814.0,0.010838669953877824,5.9277
LD,q4a,2.765316,0.4665074143428311,1144105.0,0.5428434901311796,3814.0,0.007755067786960103,5.9277
LD,q4a,3.041847,0.5131580545574169,1144105.0,0.541732145782018,3814.0,0.0066437234377985654,5.9277
LD,q4a,3.346032,0.5644739106230073,1144105.0,0.5416222163757806,3814.0,0.006533794031561124,5.9277
LD,q4a,3.680635,0.6209212679454089,1144105.0,0.5418247829092977,3814.0,0.006736360565078166,5.9277
LD,q4a,4.048699,0.6830134790896976,1139485.5,0.5303700223388291,-805.5,-0.004718400005390412,5.9277
LD,q4a,4.453569,0.7513148438686168,1143299.5,0.5380136922728525,3008.5,0.002925269928632901,5.9277
LD,q4a,4.898926,0.8264463451254281,1143299.5,0.5401809068417925,3008.5,0.005092484497573019,5.9277
LD,q4a,5.388818,0.9090908784182735,1144105.0,0.5441532588080757,3814.0,0.00906483646385628,5.9277
LD,q4a,5.9277,1.0,1140291.0,0.5350884223442195,0.0,0.0,5.9277
LD,q4a,6.52047,1.1,1143926.0,0.5418133544038604,3635.0,0.006724932059640892,5.9277
LD,q4a,7.172517,1.21,1143763.0833333333,0.5406703621793588,3472.0833333333335,0.0055819398351392435,5.9277
LD,q4a,7.889769,1.3310000506098487,1143832.25,0.5386246404536407,3541.25,0.0035362181094211464,5.9277
LD,q4a,8.678746,1.4641000725407831,1144114.5,0.5399213101525767,3823.5,0.004832887808357213,5.9277
LD,q4a,9.54662,1.6105099785751642,1144084.6666666667,0.5411818716127835,3793.6666666666665,0.006093449268564107,5.9277
LD,q4a,10.501282,1.7715609764326805,1144043.5,0.5440296731305408,3752.5,0.008941250786321289,5.9277
LD,q4a,11.55141,1.9487170403360496,1144043.5,0.54493177508492,3752.5,0.00984335274070052,5.9277
LD,q4a,12.706551,2.143588744369654,1144043.6666666667,0.542902327936523,3752.6666666666665,0.007813905592303577,5.9277
LD,q4a,13.977207,2.357947770636166,1144043.6666666667,0.5423677342147865,3752.6666666666665,0.007279311870566861,5.9277
LD,q4a,15.374927,2.5937424296101357,1144043.6666666667,0.5422416670906474,3752.6666666666665,0.00715324474642783,5.9277
LD,q4a,16.91242,2.853116723180998,1144043.6666666667,0.5438311295408002,3752.6666666666665,0.008742707196580685,5.9277
LD,q4a,18.603662,3.1384283954990977,1144043.6666666667,0.5429701258495211,3752.6666666666665,0.007881703505301577,5.9277
LD,q4a,20.464028,3.452271201309108,1140357.75,0.5343091426951556,66.75,-0.0007792796490639076,5.9277
LD,q4a,22.510431,3.7974983551799184,1144174.1666666667,0.545494092668223,3883.1666666666665,0.010405670324003477,5.9277
LD,q4a,24.761474,4.1772481738279605,1144174.1666666667,0.5405483160063608,3883.1666666666665,0.005459893662141345,5.9277
LD,q4a,27.237621,4.594972923730959,1144174.1666666667,0.5423662338129543,3883.1666666666665,0.007277811468734842,5.9277
LD,q4a,29.961384,5.0544703679336,1144174.5,0.5435786255783773,3883.5,0.008490203234157806,5.9277
LD,q4a,32.957522,5.559917337247161,1144174.5,0.5441320213926946,3883.5,0.009043599048475107,5.9277
LD,q4a,36.253274,6.115909037231979,1144174.5,0.544875240159126,3883.5,0.00978681781490646,5.9277
LD,q4a,39.878601,6.727499873475379,1144174.5,0.5419807715994104,3883.5,0.006892349255190879,5.9277
LD,q4a,43.866462,7.400250012652462,1143369.0,0.5406475145780927,3078.0,0.005559092233873279,5.9277
LD,q4a,48.253108,8.140274980177809,1143369.0833333333,0.5423416296386847,3078.0833333333335,0.0072532072944651955,5.9277
LD,q4a,53.078419,8.95430251193549,1144174.5833333333,0.5416044731031681,3883.5833333333335,0.006516050758948473,5.9277
LD,q4a,58.38626,9.849732611299492,1144174.5833333333,0.5438051218213722,3883.5833333333335,0.008716699477152636,5.9277
LD,K10,0.120704,0.10152578013289595,1181301.6666666667,0.488613533578013,40936.0,-0.05040560644438502,1.1889
LD,K10,0.132774,0.11167802170073177,1180315.75,0.48138718396792374,39950.083333333336,-0.05763195605447432,1.1889
LD,K10,0.146052,0.1228463285389856,1179699.6666666667,0.46861132302743164,39334.0,-0.07040781699496633,1.1889
LD,K10,0.160657,0.13513079317015728,1179271.0,0.47129311488083814,38905.333333333336,-0.06772602514155983,1.1889
LD,K10,0.176722,0.1486432837076289,1178447.8333333333,0.47029144820708096,38082.166666666664,-0.06872769181531709,1.1889
LD,K10,0.194395,0.16350828496929937,1176530.0833333333,0.4746261847363758,36164.416666666664,-0.06439295528602222,1.1889
LD,K10,0.213834,0.17985869290941206,1174269.3333333333,0.48013868618363426,33903.666666666664,-0.05888045383876381,1.1889
LD,K10,0.235218,0.19784506686853393,1172141.3333333333,0.48300154923931854,31775.666666666668,-0.056017590783079385,1.1889
LD,K10,0.258739,0.21762890066447976,1168929.5,0.48645650018903336,28563.833333333332,-0.05256263983336473,1.1889
LD,K10,0.284613,0.23939187484229119,1165797.8333333333,0.48936849664359544,25432.166666666668,-0.04965064337880252,1.1889
LD,K10,0.313075,0.26333165110606443,1162937.5833333333,0.4960602227847058,22571.916666666668,-0.0429589172376923,1.1889
LD,K10,0.344382,0.28966439565985364,1160389.0,0.49768773524895177,20023.333333333332,-0.04133140477344625,1.1889
LD,K10,0.37882,0.3186306670031121,1154202.3333333333,0.49586963635707776,13836.666666666666,-0.043149503665320325,1.1889
LD,K10,0.416702,0.35049373370342335,1156142.9166666667,0.5075003587764116,15777.25,-0.03151878124598636,1.1889
LD,K10,0.458372,0.38554293885103874,1154700.1666666667,0.5136976647626875,14334.5,-0.025321475259710596,1.1889
LD,K10,0.50421,0.42409790562705024,1148818.4166666667,0.5109696284307429,8452.75,-0.02804951159165504,1.1889
LD,K10,0.554631,0.4665076961897552,1152335.75,0.5237809164832603,11970.083333333334,-0.01523822353913773,1.1889
LD,K10,0.610094,0.5131583816973673,1151433.4166666667,0.5287313219176619,11067.75,-0.010287818104736066,1.1889
LD,K10,0.671103,0.5644738834216503,1150693.0833333333,0.5312617735671429,10327.416666666666,-0.007757366455255155,1.1889
LD,K10,0.738213,0.6209210194297249,1150046.0833333333,0.5350945463601007,9680.416666666666,-0.00392459366229748,1.1889
LD,K10,0.812035,0.6830137101522414,1149925.5833333333,0.5408359837927553,9559.916666666666,0.0018168437703574014,1.1889
LD,K10,0.893238,0.7513146606106484,1149415.4166666667,0.5416322285860095,9049.75,0.0026130885636114765,1.1889
LD,K10,0.982562,0.8264462948944402,1149383.0833333333,0.5424904350379824,9017.416666666666,0.003471295015584371,1.1889
LD,K10,1.080818,0.9090907561611574,1144827.0,0.5370638676663345,4461.333333333333,-0.0019552723560635477,1.1889
LD,K10,1.1889,1.0,1140365.6666666667,0.5390191400223979,0.0,0.0,1.1889
LD,K10,1.30779,1.0999999999999999,1145510.4166666667,0.5393203943224886,5144.75,0.0003012543000905643,1.1889
LD,K10,1.438569,1.21,1145888.25,0.5417039274380661,5522.583333333333,0.002684787415668022,1.1889
LD,K10,1.582426,1.3310000841113634,1145877.9166666667,0.5442920510365749,5512.25,0.005272911014176855,1.1889
LD,K10,1.740668,1.464099587854319,1145912.3333333333,0.5406561722878723,5546.666666666667,0.0016370322654743845,1.1889
LD,K10,1.914735,1.6105097148624778,1146010.6666666667,0.5438538049401432,5645.0,0.004834664917745248,1.1889
LD,K10,2.106209,1.771561106905543,1146420.3333333333,0.5508000515624429,6054.666666666667,0.011780911540044894,1.1889
LD,K10,2.31683,1.9487173017074606,1146826.25,0.5549575067247687,6460.583333333333,0.015938366702370716,1.1889
LD,K10,2.548513,2.1435890318782063,1146842.4166666667,0.5552373470111662,6476.75,0.016218206988768292,1.1889
LD,K10,2.803364,2.357947682731937,1146800.5833333333,0.5577193276714083,6434.916666666667,0.018700187649010314,1.1889
LD,K10,3.0837,2.5937421145596766,1142118.6666666667,0.5582646118660161,1753.0,0.019245471843618123,1.1889
LD,K10,3.39207,2.8531163260156447,1146785.0,0.5635013166270199,6419.333333333333,0.024482176604621774,1.1889
LD,K10,3.731278,3.1384287997308435,1146969.4166666667,0.5670470490513467,6603.75,0.028027909028948795,1.1889
LD,K10,4.104405,3.45227100681302,1141553.0,0.5647355811202158,1187.3333333333333,0.02571644109781791,1.1889
LD,K10,4.514846,3.7974985280511397,1146222.6666666667,0.5689233253216427,5857.0,0.029904185299244684,1.1889
LD,K10,4.96633,4.177247876188073,1146138.75,0.5707369094219421,5773.083333333333,0.03171776939954405,1.1889
LD,K10,5.462963,4.59497266380688,1146826.75,0.5738434935971396,6461.083333333333,0.03482435357474168,1.1889
LD,K10,6.00926,5.054470518967112,1146537.3333333333,0.5760387984267276,6171.666666666667,0.03701965840432945,1.1889
LD,K10,6.610186,5.559917570863823,1146561.5833333333,0.5785933093742339,6195.916666666667,0.03957416935183599,1.1889
LD,K10,7.271204,6.115908823282025,1141751.8333333333,0.5781668219105456,1386.1666666666667,0.039147681888147594,1.1889
LD,K10,7.998325,6.727500210278409,1146339.4166666667,0.5791010351452698,5973.75,0.040081895122871754,1.1889
LD,K10,8.798157,7.400249810749432,1146550.8333333333,0.5801577119751767,6185.166666666667,0.04113857195277865,1.1889
LD,K10,9.677973,8.140275044158464,1146449.25,0.578630718897107,6083.583333333333,0.03961157887470889,1.1889
LD,K10,10.64577,8.954302296240222,1146351.9166666667,0.5820703732917635,5986.25,0.04305123326936544,1.1889
LD,K10,11.710347,9.849732525864244,1146263.5,0.5837994010769281,5897.833333333333,0.044780261054530035,1.1889
LD,Cm9,0.088023,0.10152595155709343,1163766.1666666667,0.5137433427715857,29153.75,-0.01672888010584982,0.867
LD,Cm9,0.096825,0.11167820069204151,1163640.9166666667,0.5089838964993815,29028.5,-0.021488326378054073,0.867
LD,Cm9,0.106507,0.12284544405997694,1163550.0,0.5045100953098983,28937.583333333332,-0.025962127567537175,0.867
LD,Cm9,0.117158,0.13513033448673586,1163337.5833333333,0.4945902117219769,28725.166666666668,-0.035882011155458575,0.867
LD,Cm9,0.128874,0.14864359861591694,1163136.3333333333,0.49443761097763367,28523.916666666668,-0.036034611899801804,0.867
LD,Cm9,0.141761,0.16350749711649365,1163359.6666666667,0.497830481337078,28747.25,-0.03264174154035749,0.867
LD,Cm9,0.155938,0.17985928489042674,1163775.9166666667,0.4954167585784388,29163.5,-0.03505546429899676,0.867
LD,Cm9,0.171531,0.19784429065743944,1164679.8333333333,0.48879457749273597,30067.416666666668,-0.041677645384699515,0.867
LD,Cm9,0.188684,0.21762860438292964,1165912.0833333333,0.48019351611010314,31299.666666666668,-0.0502787067673324,0.867
LD,Cm9,0.207553,0.2393921568627451,1168377.5833333333,0.4976571815113648,33765.166666666664,-0.03281504136607071,0.867
LD,Cm9,0.228308,0.26333102652825835,1170722.1666666667,0.5416854777583006,36109.75,0.01121325488086499,0.867
LD,Cm9,0.251139,0.2896643598615917,1172044.5,0.5456289594064082,37432.083333333336,0.015156736528972722,0.867
LD,Cm9,0.276253,0.31863091118800463,1170089.0833333333,0.5242914949045266,35476.666666666664,-0.006180727972908852,0.867
LD,Cm9,0.303878,0.3504936562860438,1170554.5,0.4843253298290731,35942.083333333336,-0.04614689304836236,0.867
LD,Cm9,0.334266,0.3855432525951557,1182203.3333333333,0.5902517858181899,47590.916666666664,0.059779562940754434,0.867
LD,Cm9,0.367693,0.4240980392156863,1171092.4166666667,0.5144647833328253,36480.0,-0.01600743954461024,0.867
LD,Cm9,0.404462,0.46650749711649364,1160540.3333333333,0.5273409475064265,25927.916666666668,-0.0031312753710090826,0.867
LD,Cm9,0.444908,0.5131580161476356,1156256.0833333333,0.5384994507718488,21643.666666666668,0.008027227894413255,0.867
LD,Cm9,0.489399,0.5644740484429065,1152632.8333333333,0.5475789021103307,18020.416666666668,0.017106679232895078,0.867
LD,Cm9,0.538339,0.620921568627451,1150437.75,0.5554840668049872,15825.333333333334,0.02501184392755167,0.867
LD,Cm9,0.592173,0.6830138408304498,1149306.1666666667,0.5539325925512618,14693.75,0.02346036967382631,0.867
LD,Cm9,0.65139,0.7513148788927336,1145156.4166666667,0.5490872599174305,10544.0,0.018615037039994963,0.867
LD,Cm9,0.716529,0.8264463667820069,1149116.6666666667,0.5461565664165161,14504.25,0.015684343539080586,0.867
LD,Cm9,0.788182,0.9090911188004615,1149568.5833333333,0.544733975751319,14956.166666666666,0.014261752873883454,0.867
LD,Cm9,0.867,1.0,1134612.4166666667,0.5304722228774356,0.0,0.0,0.867
LD,Cm9,0.9537,1.1,1142013.8333333333,0.532113917414862,7401.416666666667,0.0016416945374265284,0.867
LD,Cm9,1.04907,1.21,1147064.3333333333,0.5380669280811251,12451.916666666666,0.007594705203689665,0.867
LD,Cm9,1.153977,1.331,1147365.4166666667,0.5413107999494348,12753.0,0.010838577071999237,0.867
LD,Cm9,1.269375,1.4641003460207611,1147577.8333333333,0.5394629004949544,12965.416666666666,0.008990677617518927,0.867
LD,Cm9,1.396312,1.6105098039215686,1147599.75,0.5380084063902322,12987.333333333334,0.0075361835127966586,0.867
LD,Cm9,1.535943,1.7715605536332182,1147695.1666666667,0.5370969986087922,13082.75,0.006624775731356752,0.867
LD,Cm9,1.689538,1.948717416378316,1147758.9166666667,0.5353039091066125,13146.5,0.004831686229177022,0.867
LD,Cm9,1.858491,2.1435882352941174,1147819.5833333333,0.5348413217202138,13207.166666666666,0.004369098842778252,0.867
LD,Cm9,2.044341,2.3579480968858135,1148025.8333333333,0.532281744922702,13413.416666666666,0.001809522045266465,0.867
LD,Cm9,2.248775,2.593742791234141,1148048.1666666667,0.5340831592420171,13435.75,0.0036109363645815593,0.867
LD,Cm9,2.473652,2.853116493656286,1148114.6666666667,0.5315800532847809,13502.25,0.001107830407345319,0.867
LD,Cm9,2.721017,3.138427912341407,1148168.5,0.5341495667150787,13556.083333333334,0.0036773438376431953,0.867
LD,Cm9,2.993119,3.4522710495963094,1148239.25,0.535096289219585,13626.833333333334,0.004624066342149412,0.867
LD,Cm9,3.292431,3.797498269896194,1148258.5833333333,0.5345429004728184,13646.166666666666,0.004070677595382849,0.867
LD,Cm9,3.621674,4.17724798154556,1148262.5833333333,0.5338751471123008,13650.166666666666,0.003402924234865277,0.867
LD,Cm9,3.983842,4.594973471741638,1148320.6666666667,0.5331157977925031,13708.25,0.002643574915067596,0.867
LD,Cm9,4.382226,5.0544705882352945,1147520.75,0.5318490957112909,12908.333333333334,0.001376872833855412,0.867
LD,Cm9,4.820448,5.559916955017301,1147536.9166666667,0.5300794427828808,12924.5,-0.00039278009455483615,0.867
LD,Cm9,5.302493,6.115908881199539,1148364.4166666667,0.5330979143537972,13752.0,0.002625691476361667,0.867
LD,Cm9,5.832742,6.727499423298731,1148368.8333333333,0.5330421982676206,13756.416666666666,0.0025699753901850253,0.867
LD,Cm9,6.416017,7.400250288350635,1148249.5,0.5304006497370015,13637.083333333334,-7.157314043405398e-05,0.867
LD,Cm9,7.057618,8.140274509803922,1148082.4166666667,0.5283582302562871,13470.0,-0.0021139926211484195,0.867
LD,Cm9,7.76338,8.954302191464821,1148069.75,0.5276620357364095,13457.333333333334,-0.002810187141026025,0.867
LD,Cm9,8.539718,9.849732410611304,1148338.75,0.5323153242405965,13726.333333333334,0.0018431013631609872,0.867
LD,K12,0.087312,0.10152558139534884,1149730.0,0.5428823995224444,14204.166666666666,0.012512406559770123,0.86
LD,K12,0.096043,0.11167790697674419,1149730.0,0.5423244132859381,14204.166666666666,0.011954420323263742,0.86
LD,K12,0.105648,0.12284651162790698,1149730.0,0.5436367932227997,14204.166666666666,0.013266800260125397,0.86
LD,K12,0.116212,0.13513023255813952,1149730.0,0.5462636514456207,14204.166666666666,0.015893658482946466,0.86
LD,K12,0.127834,0.14864418604651164,1149730.0,0.5441661561994974,14204.166666666666,0.013796163236823025,0.86
LD,K12,0.140617,0.16350813953488372,1149730.0,0.5424668321574034,14204.166666666666,0.012096839194729167,0.86
LD,K12,0.154679,0.17985930232558142,1149730.0,0.5427915397494893,14204.166666666666,0.012421546786815035,0.86
LD,K12,0.170146,0.19784418604651163,1149730.0,0.5423079571734597,14204.166666666666,0.011937964210785449,0.86
LD,K12,0.187161,0.21762906976744187,1149730.0,0.5437219937961606,14204.166666666666,0.013352000833486264,0.86
LD,K12,0.205877,0.2393918604651163,1149730.0,0.5440788451953552,14204.166666666666,0.013708852232680868,0.86
LD,K12,0.226465,0.2633313953488372,1149730.0,0.5447339724712542,14204.166666666666,0.0143639795085799,0.86
LD,K12,0.249111,0.2896639534883721,1149730.0,0.5440875489316553,14204.166666666666,0.013717555968980999,0.86
LD,K12,0.274023,0.3186313953488372,1149730.0,0.5422472130960557,14204.166666666666,0.011877220133381466,0.86
LD,K12,0.301425,0.3504941860465116,1149730.0,0.5438965380566411,14204.166666666666,0.01352654509396676,0.86
LD,K12,0.331567,0.38554302325581397,1149730.0,0.5449719607579396,14204.166666666666,0.014601967795265283,0.86
LD,K12,0.364724,0.42409767441860463,1149730.0,0.5417616191201305,14204.166666666666,0.011391626157456322,0.86
LD,K12,0.401196,0.46650697674418606,1149730.0,0.5422286494124627,14204.166666666666,0.01185865644978846,0.86
LD,K12,0.441316,0.5131581395348838,1149730.0,0.5409550158583705,14204.166666666666,0.01058502289569622,0.86
LD,K12,0.485448,0.5644744186046512,1149730.0,0.5403224939275552,14204.166666666666,0.0099525009648809,0.86
LD,K12,0.533992,0.6209209302325581,1149730.0,0.5451256310747684,14204.166666666666,0.0147556381120941,0.86
LD,K12,0.587392,0.6830139534883721,1149730.0,0.5434097261812779,14204.166666666666,0.013039733218603642,0.86
LD,K12,0.646131,0.7513151162790698,1149730.0,0.5423065834212206,14204.166666666666,0.011936590458546345,0.86
LD,K12,0.710744,0.826446511627907,1149730.0,0.5405596308713666,14204.166666666666,0.01018963790869228,0.86
LD,K12,0.781818,0.9090906976744186,1149730.0,0.5427510095444235,14204.166666666666,0.012381016581749116,0.86
LD,K12,0.86,1.0,1135525.8333333333,0.5303699929626743,0.0,0.0,0.86
LD,K12,0.946,1.0999999999999999,1134348.25,0.5337839856919356,-1177.5833333333333,0.0034139927292613412,0.86
LD,K12,1.0406,1.21,1140365.6666666667,0.5358713433195779,4839.833333333333,0.005501350356903588,0.86
LD,K12,1.14466,1.331,1145088.5,0.5360776171871505,9562.666666666666,0.0057076242244763304,0.86
LD,K12,1.259126,1.4641,1145088.3333333333,0.5407264341404554,9562.5,0.010356441177781173,0.86
LD,K12,1.385039,1.610510465116279,1145088.5,0.5385098928620192,9562.666666666666,0.00813989989934491,0.86
LD,K12,1.523542,1.771560465116279,1145088.3333333333,0.5399536540400941,9562.5,0.00958366107741973,0.86
LD,K12,1.675897,1.9487174418604651,1140365.6666666667,0.5365924580611514,4839.833333333333,0.006222465098477135,0.86
LD,K12,1.843486,2.1435883720930233,1145088.5,0.5362975891505056,9562.666666666666,0.005927596187831341,0.86
LD,K12,2.027835,2.3579476744186048,1145219.3333333333,0.5378255383699928,9693.5,0.007455545407318474,0.86
LD,K12,2.230619,2.593743023255814,1145219.3333333333,0.5407483660915521,9693.5,0.010378373128877858,0.86
LD,K12,2.45368,2.8531162790697673,1145219.3333333333,0.5375348669901615,9693.5,0.00716487402748725,0.86
LD,K12,2.699048,3.138427906976744,1145219.3333333333,0.5386918895146806,9693.5,0.008321896552006278,0.86
LD,K12,2.968953,3.452270930232558,1145219.3333333333,0.5389306284744518,9693.5,0.00856063551177754,0.86
LD,K12,3.265849,3.797498837209302,1145219.3333333333,0.5395996309913594,9693.5,0.009229638028685103,0.86
LD,K12,3.592433,4.177247674418605,1145219.3333333333,0.5384984258618278,9693.5,0.008128432899153631,0.86
LD,K12,3.951677,4.5949732558139535,1145219.3333333333,0.5388544593980007,9693.5,0.008484466435326363,0.86
LD,K12,4.346844,5.05446976744186,1144413.8333333333,0.5328633374878833,8888.0,0.0024933445252090605,0.86
LD,K12,4.781529,5.559917441860465,1144413.8333333333,0.5338059638462141,8888.0,0.0034359708835398814,0.86
LD,K12,5.259682,6.115909302325581,1145219.3333333333,0.5395000929629606,9693.5,0.009130100000286292,0.86
LD,K12,5.78565,6.727500000000001,1145219.3333333333,0.5364154297709717,9693.5,0.00604543680829737,0.86
LD,K12,6.364215,7.40025,1145040.3333333333,0.5367601561969285,9514.5,0.006390163234254287,0.86
LD,K12,7.000636,8.140274418604651,1144876.25,0.5331213113772283,9350.416666666666,0.0027513184145539125,0.86
LD,K12,7.7007,8.954302325581397,1140141.75,0.5314515396622684,4615.916666666667,0.0010815466995941585,0.86
LD,K12,8.47077,9.849732558139534,1145159.6666666667,0.5323936188743829,9633.833333333334,0.002023625911708571,0.86
LD,d2L,0.029615,0.10152553993829276,1156133.1666666667,0.5225726881313993,16231.25,-0.012794180673203296,0.2917
LD,d2L,0.032577,0.11167980802194034,1156103.25,0.521795577119707,16201.333333333334,-0.01357129168489557,0.2917
LD,d2L,0.035834,0.12284538909838874,1156071.3333333333,0.5207619941216857,16169.416666666666,-0.014604874682916907,0.2917
LD,d2L,0.039418,0.13513198491600958,1155987.0,0.5192148716320953,16085.083333333334,-0.016151997172507232,0.2917
LD,d2L,0.043359,0.14864244086390127,1155936.3333333333,0.5177170136993448,16034.416666666666,-0.017649855105257895,0.2917
LD,d2L,0.047695,0.16350702776825504,1155817.75,0.5152431074123007,15915.833333333334,-0.02012376139230195,0.2917
LD,d2L,0.052465,0.17985944463489886,1155782.9166666667,0.5181072972735705,15881.0,-0.017259571531032015,0.2917
LD,d2L,0.057711,0.19784367500857045,1155664.9166666667,0.51584817760641,15763.0,-0.019518691198192672,0.2917
LD,d2L,0.063482,0.2176276996914638,1155566.75,0.5166944296010471,15664.833333333334,-0.018672439203555564,0.2917
LD,d2L,0.069831,0.2393932122043195,1155470.5833333333,0.5176875759137006,15568.666666666666,-0.01767929289090196,0.2917
LD,d2L,0.076814,0.26333219060678775,1155263.8333333333,0.5168713994677162,15361.916666666666,-0.018495469336886432,0.2917
LD,d2L,0.084495,0.28966403839561194,1155118.75,0.5177953759884074,15216.833333333334,-0.0175714928161952,0.2917
LD,d2L,0.092945,0.3186321563249914,1155274.8333333333,0.5216353863139466,15372.916666666666,-0.013731482490656088,0.2917
LD,d2L,0.102239,0.3504936578676722,1155454.25,0.5256993774099851,15552.333333333334,-0.009667491394617478,0.2917
LD,d2L,0.112463,0.3855433664724031,1155708.75,0.5270992622163685,15806.833333333334,-0.008267606588234158,0.2917
LD,d2L,0.123709,0.42409667466575246,1155913.8333333333,0.5287076147580022,16011.916666666666,-0.006659254046600467,0.2917
LD,d2L,0.13608,0.4665066849502914,1150616.0833333333,0.5236144057338523,10714.166666666666,-0.011752463070750285,0.2917
LD,d2L,0.149688,0.5131573534453204,1156434.1666666667,0.5297970044916218,16532.25,-0.00556986431298076,0.2917
LD,d2L,0.164657,0.5644737744257798,1156775.4166666667,0.5312919569359787,16873.5,-0.004074911868623836,0.2917
LD,d2L,0.181123,0.6209221803222489,1157091.6666666667,0.5359470837937781,17189.75,0.0005802149891755241,0.2917
LD,d2L,0.199235,0.6830133699005827,1156797.75,0.5370957216141462,16895.833333333332,0.0017288528095435647,0.2917
LD,d2L,0.219159,0.7513164209804594,1155982.25,0.5424465557157778,16080.333333333334,0.007079686911175174,0.2917
LD,d2L,0.241074,0.8264449777168323,1154957.5833333333,0.5420639709297442,15055.666666666666,0.006697102125141611,0.2917
LD,d2L,0.265182,0.9090915323962975,1152536.1666666667,0.5462122118268985,12634.25,0.010845343022295811,0.2917
LD,d2L,0.2917,1.0,1139901.9166666667,0.5353668688046026,0.0,0.0,0.2917
LD,d2L,0.32087,1.0999999999999999,1139389.5,0.5318552378970489,-512.4166666666666,-0.003511630907553761,0.2917
LD,d2L,0.352957,1.21,1140580.5,0.5281710358151483,678.5833333333334,-0.007195832989454309,0.2917
LD,d2L,0.388253,1.331001028453891,1133875.75,0.5345951775443143,-6026.166666666667,-0.0007716912602883605,0.2917
LD,d2L,0.427078,1.464100102845389,1135969.5833333333,0.560109789347972,-3932.3333333333335,0.02474292054336939,0.2917
LD,d2L,0.469786,1.6105107987658551,1147652.75,0.5883960101486457,7750.833333333333,0.053029141344043164,0.2917
LD,d2L,0.516764,1.7715598217346589,1157944.0,0.608678254657308,18042.083333333332,0.0733113858527052,0.2917
LD,d2L,0.568441,1.9487178608159066,1165252.0833333333,0.624990154877918,25350.166666666668,0.08962328607331531,0.2917
LD,d2L,0.625285,2.1435893040795335,1171671.0833333333,0.6360807581313677,31769.166666666668,0.10071388932676507,0.2917
LD,d2L,0.687813,2.3579465203976686,1174825.4166666667,0.6410919870731123,34923.5,0.10572511826850972,0.2917
LD,d2L,0.756595,2.593743572163181,1178195.8333333333,0.6449909662054758,38293.916666666664,0.10962409740087316,0.2917
LD,d2L,0.832254,2.853116215289681,1178632.0833333333,0.6518989183049402,38730.166666666664,0.11653204950033752,0.2917
LD,d2L,0.91548,3.138429893726431,1175084.9166666667,0.6537052019262339,35183.0,0.11833833312163128,0.2917
LD,d2L,1.007028,3.4522728830990745,1175515.5,0.6578824898422416,35613.583333333336,0.12251562103763906,0.2917
LD,d2L,1.10773,3.7974974288652725,1175842.5833333333,0.6622206947721193,35940.666666666664,0.12685382596751674,0.2917
LD,d2L,1.218503,4.177247171751799,1173279.9166666667,0.6693197096142658,33378.0,0.13395284080966316,0.2917
LD,d2L,1.340354,4.594974288652725,1176872.8333333333,0.6625266426013107,36970.916666666664,0.1271597737967081,0.2917
LD,d2L,1.474389,5.054470346246143,1177055.0,0.7023836808530604,37153.083333333336,0.16701681204845772,0.2917
LD,d2L,1.621828,5.559917723688721,1134522.8333333333,0.7425511473930341,-5379.083333333333,0.2071842785884315,0.2917
LD,d2L,1.784011,6.11591018169352,1176592.4166666667,0.6875493006967061,36690.5,0.15218243189210348,0.2917
LD,d2L,1.962412,6.727500857044909,1114486.5833333333,0.6220380835374975,-25415.333333333332,0.08667121473289487,0.2917
LD,d2L,2.158653,7.4002502571134725,1114637.0833333333,0.621144047692814,-25264.833333333332,0.08577717888821146,0.2917
LD,d2L,2.374518,8.14027425437093,1114620.75,0.6199981552512309,-25281.166666666668,0.08463128644662828,0.2917
LD,d2L,2.61197,8.954302365443949,1114613.0,0.6192060458010081,-25288.916666666668,0.08383917699640553,0.2917
LD,d2L,2.873167,9.849732601988343,1114603.5,0.6184550545001319,-25298.416666666668,0.08308818569552937,0.2917
LD,k4,0.093911,0.10152540540540539,1177104.75,0.6775463396631141,45514.333333333336,0.14476280358952195,0.925
LD,k4,0.103302,0.11167783783783784,1181284.1666666667,0.6360732037281097,49693.75,0.10328966765451751,0.925
LD,k4,0.113633,0.12284648648648648,1182635.5833333333,0.6925569203737325,51045.166666666664,0.15977338430014035,0.925
LD,k4,0.124996,0.1351308108108108,1183073.75,0.7146025035493878,51483.333333333336,0.18181896747579565,0.925
LD,k4,0.137495,0.14864324324324324,1185228.3333333333,0.6942705727178885,53637.916666666664,0.16148703664429626,0.925
LD,k4,0.151245,0.1635081081081081,1186904.8333333333,0.7067512360952207,55314.416666666664,0.17396770002162862,0.925
LD,k4,0.166369,0.17985837837837837,1168850.3333333333,0.6374830598677281,37259.916666666664,0.104699523794136,0.925
LD,k4,0.183006,0.1978443243243243,1166363.0,0.6219531077904032,34772.583333333336,0.0891695717168111,0.925
LD,k4,0.201307,0.2176291891891892,1168269.5,0.6283299763638146,36679.083333333336,0.09554644029022248,0.925
LD,k4,0.221438,0.2393924324324324,1169326.0,0.6295745765866978,37735.583333333336,0.09679104051310561,0.925
LD,k4,0.243581,0.2633308108108108,1170066.8333333333,0.6254770613432021,38476.416666666664,0.0926935252696099,0.925
LD,k4,0.26794,0.28966486486486487,1166022.5833333333,0.6141286110418908,34432.166666666664,0.08134507496829863,0.925
LD,k4,0.294734,0.31863135135135134,1168870.5,0.6078277176979778,37280.083333333336,0.07504418162438568,0.925
LD,k4,0.324207,0.35049405405405404,1167761.5,0.599994530006496,36171.083333333336,0.06721099393290396,0.925
LD,k4,0.356628,0.3855437837837838,1166657.75,0.5916328771477011,35067.333333333336,0.05884934107410895,0.925
LD,k4,0.39229,0.4240972972972973,1159820.4166666667,0.5822513761766585,28230.0,0.04946784010306634,0.925
LD,k4,0.431519,0.466507027027027,1156976.1666666667,0.5769469739168172,25385.75,0.04416343784322491,0.925
LD,k4,0.474671,0.5131578378378379,1147390.0,0.5647094449993568,15799.583333333334,0.03192590892576469,0.925
LD,k4,0.522138,0.5644735135135135,1143275.75,0.5676689030477167,11685.333333333334,0.03488536697412455,0.925
LD,k4,0.574352,0.620921081081081,1143168.3333333333,0.5580950633581943,11577.916666666666,0.02531152728460212,0.925
LD,k4,0.631787,0.6830129729729729,1143408.0,0.5541916080047746,11817.583333333334,0.02140807193118241,0.925
LD,k4,0.694966,0.7513145945945945,1143896.75,0.5494894562045792,12306.333333333334,0.016705920130987085,0.925
LD,k4,0.764463,0.8264464864864864,1144391.25,0.5424316080515111,12800.833333333334,0.009648071977918912,0.925
LD,k4,0.840909,0.9090908108108108,1144877.5,0.5430115060312619,13287.083333333334,0.010227969957669789,0.925
LD,k4,0.925,1.0,1131590.4166666667,0.5327835360735921,0.0,0.0,0.925
LD,k4,1.0175,1.1,1136817.6666666667,0.535114632961319,5227.25,0.0023310968877268967,0.925
LD,k4,1.11925,1.21,1143741.25,0.5346712990625268,12150.833333333334,0.0018877629889346343,0.925
LD,k4,1.231175,1.3309999999999997,1145000.25,0.5306868753647422,13409.833333333334,-0.0020966607088499325,0.925
LD,k4,1.354292,1.4640994594594594,1146684.0,0.5246106496916654,15093.583333333334,-0.00817288638192674,0.925
LD,k4,1.489722,1.6105102702702703,1147812.5833333333,0.5165622616962203,16222.166666666666,-0.01622127437737177,0.925
LD,k4,1.638694,1.7715610810810811,1148983.75,0.5152209899977108,17393.333333333332,-0.01756254607588124,0.925
LD,k4,1.802563,1.9487167567567565,1150323.25,0.5151475066633948,18732.833333333332,-0.017636029410197308,0.925
LD,k4,1.98282,2.143589189189189,1151872.1666666667,0.5137170647954864,20281.75,-0.019066471278105818,0.925
LD,k4,2.181102,2.357948108108108,1146564.6666666667,0.5128577035067097,14974.25,-0.019925832566882528,0.925
LD,k4,2.399212,2.5937427027027025,1152041.3333333333,0.5092086175459493,20450.916666666668,-0.023574918527642947,0.925
LD,k4,2.639133,2.853116756756757,1152793.1666666667,0.5033229117841518,21202.75,-0.029460624289440396,0.925
LD,k4,2.903046,3.1384281081081076,1153624.1666666667,0.49843014022203597,22033.75,-0.034353395851556195,0.925
LD,k4,3.193351,3.452271351351351,1154448.4166666667,0.4952356313664293,22858.0,-0.03754790470716285,0.925
LD,k4,3.512686,3.797498378378378,1154863.6666666667,0.4919126714584845,23273.25,-0.04087086461510774,0.925
LD,k4,3.863955,4.177248648648648,1155419.3333333333,0.4881616765705425,23828.916666666668,-0.0446218595030497,0.925
LD,k4,4.25035,4.594972972972973,1155192.5833333333,0.4833591082109472,23602.166666666668,-0.04942442786264498,0.925
LD,k4,4.675385,5.05447027027027,1155819.9166666667,0.4827175879473747,24229.5,-0.05006594812621746,0.925
LD,k4,5.142924,5.559917837837838,1156812.3333333333,0.4801405789470337,25221.916666666668,-0.0526429571265584,0.925
LD,k4,5.657216,6.115909189189189,1156919.1666666667,0.4774481053589872,25328.75,-0.0553354307146049,0.925
LD,k4,6.222937,6.727499459459459,1156478.75,0.47698796816624106,24888.333333333332,-0.05579556790735107,0.925
LD,k4,6.845231,7.40024972972973,1156120.75,0.4732027614708552,24530.333333333332,-0.059580774602736926,0.925
LD,k4,7.529754,8.140274594594594,1155614.5833333333,0.47575452706279275,24024.166666666668,-0.05702900901079938,0.925
LD,k4,8.28273,8.954302702702703,1155507.75,0.47360617599005334,23917.333333333332,-0.0591773600835389,0.925
LD,k4,9.111003,9.849732972972973,1145799.8333333333,0.4739828213881145,14209.416666666666,-0.05880071468547767,0.925
LD,q1a,0.144836,0.10152530492079068,1149116.3333333333,0.5482387187579275,8960.5,0.012919625504932983,1.4266
LD,q1a,0.15932,0.11167811579980372,1143629.0833333333,0.5438908951432074,3473.25,0.00857180189021294,1.4266
LD,q1a,0.175252,0.12284592737978409,1149174.3333333333,0.5508750429203874,9018.5,0.015555949667392738,1.4266
LD,q1a,0.192777,0.13513037992429552,1149165.6666666667,0.5500028634678749,9009.833333333334,0.01468377021488032,1.4266
LD,q1a,0.212055,0.14864362820692553,1149165.6666666667,0.5529362397433353,9009.833333333334,0.017617146490340768,1.4266
LD,q1a,0.233261,0.16350834151128557,1149160.25,0.5528924837963527,9004.416666666666,0.01757339054335817,1.4266
LD,q1a,0.256587,0.17985910556568063,1149196.0,0.5515981814826,9040.166666666666,0.016279088229605554,1.4266
LD,q1a,0.282245,0.19784452544511427,1149196.0833333333,0.5523332876025774,9040.25,0.017014194349582946,1.4266
LD,q1a,0.31047,0.21762932847329314,1143641.8333333333,0.5412557354298383,3486.0,0.005936642176843763,1.4266
LD,q1a,0.341517,0.23939226132062247,1149191.8333333333,0.5497935551884848,9036.0,0.014474461935490346,1.4266
LD,q1a,0.375668,0.2633309967755502,1149175.8333333333,0.549143198485294,9020.0,0.013824105232299442,1.4266
LD,q1a,0.413235,0.28966423664657226,1149181.5,0.5501366997614855,9025.666666666666,0.014817606508490991,1.4266
LD,q1a,0.454559,0.3186310107948969,1149247.1666666667,0.5475384154284325,9091.333333333334,0.01221932217543803,1.4266
LD,q1a,0.500015,0.3504941819711201,1149278.5,0.5503445127919545,9122.666666666666,0.015025419538960102,1.4266
LD,q1a,0.550016,0.38554324968456466,1149278.5833333333,0.550875263018704,9122.75,0.015556169765709504,1.4266
LD,q1a,0.605018,0.42409785503995506,1149268.8333333333,0.5501500493683259,9113.0,0.014830956115331362,1.4266
LD,q1a,0.665519,0.46650707977008266,1149254.1666666667,0.5507059584080729,9098.333333333334,0.01538686515507845,1.4266
LD,q1a,0.732071,0.5131578578438245,1149324.0833333333,0.548933384776494,9168.25,0.013614291523499522,1.4266
LD,q1a,0.805279,0.5644742744988083,1149360.6666666667,0.5503692860658774,9204.833333333334,0.015050192812882918,1.4266
LD,q1a,0.885806,0.6209210710780877,1149358.1666666667,0.5506696782143643,9202.333333333334,0.015350584961369798,1.4266
LD,q1a,0.974387,0.6830134585728305,1149422.0833333333,0.5472121148480347,9266.25,0.011893021595040206,1.4266
LD,q1a,1.071826,0.7513150147203139,1143916.0,0.5420852199445567,3760.1666666666665,0.0067661266915622536,1.4266
LD,q1a,1.179008,0.8264460956119445,1143963.1666666667,0.542420615418602,3807.3333333333335,0.007101522165607489,1.4266
LD,q1a,1.296909,0.9090908453666059,1143991.4166666667,0.54461876226408,3835.5833333333335,0.00929966901108554,1.4266
LD,q1a,1.4266,1.0,1140155.8333333333,0.5353190932529945,0.0,0.0,1.4266
LD,q1a,1.56926,1.1,1144066.4166666667,0.5442788287011234,3910.5833333333335,0.008959735448128994,1.4266
LD,q1a,1.726186,1.21,1144113.5,0.5427990398278929,3957.6666666666665,0.007479946574898273,1.4266
LD,q1a,1.898805,1.3310002803869339,1144134.4166666667,0.5438433336886758,3978.5833333333335,0.008524240435681313,1.4266
LD,q1a,2.088685,1.4640999579419598,1144376.0833333333,0.543530848299345,4220.25,0.008211755046350475,1.4266
LD,q1a,2.297554,1.6105103042198232,1144457.9166666667,0.5442075316751708,4302.083333333333,0.008888438422176301,1.4266
LD,q1a,2.527309,1.7715610542548714,1144526.9166666667,0.5444249310777033,4371.083333333333,0.009105837824708843,1.4266
LD,q1a,2.78004,1.9487172297770923,1144623.8333333333,0.5406714068047161,4468.0,0.0053523135517216935,1.4266
LD,q1a,3.058044,2.1435889527548015,1144703.5,0.5417593663521137,4547.666666666667,0.006440273099119126,1.4266
LD,q1a,3.363848,2.3579475676433477,1144853.4166666667,0.54330561364194,4697.583333333333,0.007986520388945512,1.4266
LD,q1a,3.700233,2.5937424646011493,1144975.6666666667,0.5405946837198936,4819.833333333333,0.005275590466898998,1.4266
LD,q1a,4.070256,2.8531165007710637,1144340.3333333333,0.5369944787658075,4184.5,0.001675385512813062,1.4266
LD,q1a,4.477282,3.1384284312351043,1144524.25,0.5342624948156736,4368.416666666667,-0.0010565984373209953,1.4266
LD,q1a,4.92501,3.452271134165148,1144704.9166666667,0.5403321606698147,4549.083333333333,0.005013067416820245,1.4266
LD,q1a,5.417511,3.7974982475816628,1145685.25,0.5396228537984794,5529.416666666667,0.004303760545484915,1.4266
LD,q1a,5.959262,4.177248002243095,1145974.4166666667,0.5429600770019821,5818.583333333333,0.0076409837489876025,1.4266
LD,q1a,6.555188,4.594972662273938,1146116.9166666667,0.5429343093109104,5961.083333333333,0.00761521605791594,1.4266
LD,q1a,7.210707,5.0544700686947985,1146334.0,0.5397242546616023,6178.166666666667,0.0044051614086077955,1.4266
LD,q1a,7.931778,5.559917285854479,1146730.5833333333,0.5379899874911963,6574.75,0.002670894238201854,1.4266
LD,q1a,8.724956,6.115909154633394,1147451.75,0.5370361176567485,7295.916666666667,0.0017170244037540232,1.4266
LD,q1a,9.597451,6.727499649516332,1147966.75,0.5363940453980733,7810.916666666667,0.0010749521450788373,1.4266
LD,q1a,10.557197,7.400250245338567,1148508.3333333333,0.5382059688445843,8352.5,0.002886875591589779,1.4266
LD,q1a,11.612916,8.14027477919529,1149714.0,0.5390703491187793,9558.166666666666,0.0037512558657847583,1.4266
LD,q1a,12.774208,8.954302537501752,1151701.5,0.5336760234925645,11545.666666666666,-0.0016430697604300215,1.4266
LD,q1a,14.051629,9.849732931445395,1153981.25,0.5333352241277783,13825.416666666666,-0.001983869125216207,1.4266
LD,K2,0.163842,0.10152559177097534,1190928.5833333333,0.5960087323671467,54861.5,0.05478996005842152,1.6138
LD,K2,0.180226,0.11167802701697857,1189373.25,0.6253569334830192,53306.166666666664,0.08413816117429418,1.6138
LD,K2,0.198249,0.12284607758086505,1183697.8333333333,0.6170381825748773,47630.75,0.07581941026615217,1.6138
LD,K2,0.218074,0.1351307473044987,1172405.0833333333,0.6016232596250349,36338.0,0.06040448731630981,1.6138
LD,K2,0.239881,0.14864357417275997,1163954.0833333333,0.5602502988290745,27887.0,0.01903152652034934,1.6138
LD,K2,0.263869,0.1635078696244888,1156988.25,0.5235403839251188,20921.166666666668,-0.01767838838360622,1.6138
LD,K2,0.290256,0.17985871855248484,1151403.8333333333,0.4908789269251285,15336.75,-0.050339845383596586,1.6138
LD,K2,0.319282,0.19784483826992194,1146926.4166666667,0.46316196439926755,10859.333333333334,-0.0780568079094576,1.6138
LD,K2,0.35121,0.21762919816581983,1140007.5833333333,0.4610828500002848,3940.5,-0.08013592230844029,1.6138
LD,K2,0.386331,0.2393921179824018,1145492.75,0.4689673030812018,9425.666666666666,-0.07225146922752325,1.6138
LD,K2,0.424964,0.2633312678150948,1145967.4166666667,0.4851454618871665,9900.333333333334,-0.056073310421558525,1.6138
LD,K2,0.46746,0.28966414673441565,1141616.3333333333,0.4951387469044446,5549.25,-0.04608002540428052,1.6138
LD,K2,0.514206,0.3186305614078573,1146585.9166666667,0.5096768092283473,10518.833333333334,-0.03154196308037768,1.6138
LD,K2,0.565627,0.3504938654108316,1146705.25,0.5182119842068046,10638.166666666666,-0.023006788101920528,1.6138
LD,K2,0.62219,0.3855434378485562,1142041.6666666667,0.5256216860105934,5974.583333333333,-0.015597086298131732,1.6138
LD,K2,0.684409,0.4240977816334119,1146784.0833333333,0.5251176798635835,10717.0,-0.016101092445141723,1.6138
LD,K2,0.75285,0.4665076217623002,1142110.25,0.5319614818347376,6043.166666666667,-0.009257290473987554,1.6138
LD,K2,0.828135,0.5131583839385302,1146842.4166666667,0.5377071952964482,10775.333333333334,-0.003511577012276982,1.6138
LD,K2,0.910948,0.5644739125046474,1146882.0,0.5356737649933917,10814.916666666666,-0.005545007315333306,1.6138
LD,K2,1.002043,0.6209214276862065,1142163.1666666667,0.537773581794517,6096.083333333333,-0.003445190514208154,1.6138
LD,K2,1.102247,0.6830133845581857,1142166.5,0.5420199500727195,6099.416666666667,0.0008011777639943818,1.6138
LD,K2,1.212472,0.7513149089106457,1142143.9166666667,0.5415636004238285,6076.833333333333,0.000344828115103409,1.6138
LD,K2,1.333719,0.826446275870616,1142131.75,0.5419142288483076,6064.666666666667,0.0006954565395825377,1.6138
LD,K2,1.467091,0.9090909654232247,1142135.25,0.5371752285288233,6068.166666666667,-0.0040435437799018386,1.6138
LD,K2,1.6138,1.0,1136067.0833333333,0.5412187723087252,0.0,0.0,1.6138
LD,K2,1.77518,1.1,1142132.6666666667,0.5392964658125707,6065.583333333333,-0.0019223064961543985,1.6138
LD,K2,1.952698,1.2100000000000002,1136127.9166666667,0.5410140192777712,60.833333333333336,-0.00020475303095389882,1.6138
LD,K2,2.147968,1.3310001239310945,1142232.5,0.5399878386190552,6165.416666666667,-0.001230933689669959,1.6138
LD,K2,2.362765,1.4641002602552982,1142238.3333333333,0.54255299186619,6171.25,0.0013342195574649423,1.6138
LD,K2,2.599041,1.6105099764530924,1142223.5,0.5424822196091701,6156.416666666667,0.0012634473004449753,1.6138
LD,K2,2.858945,1.7715609121328542,1142245.25,0.5430664563654078,6178.166666666667,0.0018476840566826747,1.6138
LD,K2,3.14484,1.9487173131738753,1142251.5833333333,0.5393594773678099,6184.5,-0.001859294940915283,1.6138
LD,K2,3.459324,2.143589044491263,1142195.25,0.5414421349403661,6128.166666666667,0.00022336263164104975,1.6138
LD,K2,3.805256,2.3579477010782006,1142223.5833333333,0.5431947514027308,6156.5,0.00197597909400569,1.6138
LD,K2,4.185782,2.593742719048209,1141440.4166666667,0.5395643876157227,5373.333333333333,-0.001654384693002368,1.6138
LD,K2,4.60436,2.853116867021936,1141453.9166666667,0.5372806190995639,5386.833333333333,-0.003938153209161133,1.6138
LD,K2,5.064796,3.13842855372413,1136196.5833333333,0.5392937119784372,129.5,-0.0019250603302878773,1.6138
LD,K2,5.571275,3.4522710373032597,1142238.0833333333,0.5418296933740429,6171.0,0.0006109210653178302,1.6138
LD,K2,6.128403,3.797498450861321,1136049.25,0.5411591179289331,-17.833333333333332,-5.9654379792069744e-05,1.6138
LD,K2,6.741243,4.177248110050812,1142033.9166666667,0.5383174890746277,5966.833333333333,-0.002901283234097385,1.6138
LD,K2,7.415367,4.594972735159252,1141863.4166666667,0.5379575225807559,5796.333333333333,-0.003261249727969262,1.6138
LD,K2,8.156904,5.0544701945718185,1136096.5,0.5417919509455396,29.416666666666668,0.000573178636814442,1.6138
LD,K2,8.972595,5.559917585822284,1136096.5,0.5398122339555187,29.416666666666668,-0.0014065383532064768,1.6138
LD,K2,9.869854,6.1159090345767755,1142104.3333333333,0.5420853107491447,6037.25,0.0008665384404194879,1.6138
LD,K2,10.856839,6.727499690172265,1142071.1666666667,0.5430740577544557,6004.083333333333,0.0018552854457306127,1.6138
LD,K2,11.942523,7.4002497211550375,1142071.1666666667,0.5435318244944285,6004.083333333333,0.0023130521857034716,1.6138
LD,K2,13.136776,8.140275127029371,1142067.8333333333,0.544648496003043,6000.75,0.0034297236943179785,1.6138
LD,K2,14.450453,8.954302267939026,1142081.3333333333,0.539517587262579,6014.25,-0.001701185046146127,1.6138
LD,K2,15.895499,9.84973292849176,1142078.0,0.5442166920763131,6010.916666666667,0.0029979197675879996,1.6138
LD,Ak7,0.114216,0.10152533333333333,1144314.3333333333,0.5261238557802645,10000.666666666666,-0.012133046708660075,1.125
LD,Ak7,0.125638,0.11167822222222222,1143933.9166666667,0.5298905638125048,9620.25,-0.008366338676419957,1.125
LD,Ak7,0.138202,0.12284622222222222,1143199.9166666667,0.5310942472631887,8886.25,-0.0071626552257360405,1.125
LD,Ak7,0.152022,0.13513066666666665,1143244.9166666667,0.5305261153253439,8931.25,-0.007730787163580888,1.125
LD,Ak7,0.167224,0.14864355555555556,1144989.6666666667,0.5297983615180264,10676.0,-0.008458540970898237,1.125
LD,Ak7,0.183946,0.16350755555555554,1143315.5833333333,0.5284952344274155,9001.916666666666,-0.009761668061509151,1.125
LD,Ak7,0.202341,0.17985866666666667,1144926.75,0.5250523350340083,10613.083333333334,-0.013204567454916475,1.125
LD,Ak7,0.222575,0.19784444444444443,1144096.4166666667,0.5270552940780954,9782.75,-0.011201608410829317,1.125
LD,Ak7,0.244833,0.21762933333333334,1143517.3333333333,0.5271314891588107,9203.666666666666,-0.011125413330113984,1.125
LD,Ak7,0.269316,0.239392,1143589.0833333333,0.5302853802214914,9275.416666666666,-0.007971522267433298,1.125
LD,Ak7,0.296248,0.26333155555555554,1143769.6666666667,0.5301010756673707,9456.0,-0.008155826821553969,1.125
LD,Ak7,0.325872,0.289664,1143902.0,0.5310834619045877,9588.333333333334,-0.007173440584336953,1.125
LD,Ak7,0.35846,0.3186311111111111,1136785.75,0.5232749815677269,2472.0833333333335,-0.014981920921197748,1.125
LD,Ak7,0.394306,0.3504942222222222,1144331.9166666667,0.5300858641241448,10018.25,-0.008171038364779856,1.125
LD,Ak7,0.433736,0.3855431111111111,1144688.0,0.530490512197275,10374.333333333334,-0.007766390291649707,1.125
LD,Ak7,0.47711,0.42409777777777774,1137718.4166666667,0.523453529478164,3404.75,-0.014803373010760642,1.125
LD,Ak7,0.524821,0.46650755555555556,1145506.0833333333,0.5361934538088827,11192.416666666666,-0.002063448680042018,1.125
LD,Ak7,0.577303,0.5131582222222222,1146008.6666666667,0.5329097002523678,11695.0,-0.005347202236556797,1.125
LD,Ak7,0.635033,0.5644737777777777,1146508.4166666667,0.5365060341069084,12194.75,-0.0017508683820162037,1.125
LD,Ak7,0.698536,0.620920888888889,1147118.5833333333,0.5367575942616769,12804.916666666666,-0.0014993082272477347,1.125
LD,Ak7,0.76839,0.6830133333333334,1140361.1666666667,0.5307461460660473,6047.5,-0.007510756422877314,1.125
LD,Ak7,0.845229,0.7513146666666667,1148034.5833333333,0.5391934743705202,13720.916666666666,0.0009365718815955252,1.125
LD,Ak7,0.929752,0.8264462222222222,1148520.1666666667,0.541149314818528,14206.5,0.0028924123296033,1.125
LD,Ak7,1.022727,0.9090906666666666,1141879.3333333333,0.5383896026976471,7565.666666666667,0.00013270020872248786,1.125
LD,Ak7,1.125,1.0,1134313.6666666667,0.5382569024889247,0.0,0.0,1.125
LD,Ak7,1.2375,1.1,1140705.75,0.539198965975905,6392.083333333333,0.000942063486980412,1.125
LD,Ak7,1.36125,1.21,1143725.25,0.5402151484504566,9411.583333333334,0.001958245961531944,1.125
LD,Ak7,1.497375,1.331,1144361.25,0.5343051895391583,10047.583333333334,-0.003951712949766438,1.125
LD,Ak7,1.647112,1.4640995555555554,1144980.4166666667,0.5349295295523809,10666.75,-0.0033273729365436524,1.125
LD,Ak7,1.811824,1.6105102222222223,1145709.75,0.5398481323445194,11396.083333333334,0.0015912298555948075,1.125
LD,Ak7,1.993006,1.771560888888889,1146438.6666666667,0.5384049692571958,12125.0,0.00014806676827121742,1.125
LD,Ak7,2.192307,1.9487173333333334,1147333.75,0.5407895386111411,13020.083333333334,0.002532636122216464,1.125
LD,Ak7,2.411537,2.1435884444444446,1148124.25,0.5373823249123838,13810.583333333334,-0.0008745775765408673,1.125
LD,Ak7,2.652691,2.3579475555555556,1148867.25,0.5391184268247583,14553.583333333334,0.0008615243358336041,1.125
LD,Ak7,2.91796,2.593742222222222,1149627.5833333333,0.537324554360643,15313.916666666666,-0.0009323481282816718,1.125
LD,Ak7,3.209756,2.8531164444444443,1150401.9166666667,0.5370684067145938,16088.25,-0.0011884957743308704,1.125
LD,Ak7,3.530732,3.1384284444444446,1150846.5833333333,0.5372059892294575,16532.916666666668,-0.0010509132594672121,1.125
LD,Ak7,3.883805,3.452271111111111,1151298.5833333333,0.5385105195258685,16984.916666666668,0.00025361703694374665,1.125
LD,Ak7,4.272186,3.7974986666666664,1150846.1666666667,0.5359217062064187,16532.5,-0.0023351962825059933,1.125
LD,Ak7,4.699404,4.1772480000000005,1148681.5833333333,0.5326545400812409,14367.916666666666,-0.00560236240768372,1.125
LD,Ak7,5.169345,4.594973333333333,1152525.4166666667,0.5386813567326606,18211.75,0.0004244542437357908,1.125
LD,Ak7,5.686279,5.054470222222222,1152962.25,0.5389508540974237,18648.583333333332,0.0006939516084990364,1.125
LD,Ak7,6.254907,5.559917333333334,1153204.0833333333,0.5387116364880682,18890.416666666668,0.00045473399914356766,1.125
LD,Ak7,6.880398,6.115909333333333,1151020.8333333333,0.5361278627432277,16707.166666666668,-0.002129039745697068,1.125
LD,Ak7,7.568437,6.727499555555556,1153807.25,0.5354909300502324,19493.583333333332,-0.0027659724386923288,1.125
LD,Ak7,8.325281,7.400249777777778,1154380.5833333333,0.5417046058233277,20066.916666666668,0.003447703334403048,1.125
LD,Ak7,9.157809,8.140274666666667,1154651.1666666667,0.5390193287909991,20337.5,0.0007624263020744962,1.125
LD,Ak7,10.07359,8.954302222222221,1154931.0833333333,0.5381725633697415,20617.416666666668,-8.433911918316143e-05,1.125
LD,Ak7,11.080949,9.849732444444445,1155169.0,0.540325176125955,20855.333333333332,0.0020682736370302435,1.125
LD,K4,0.04061,0.10152499999999999,1126581.0,0.7655947027001181,4867.416666666667,0.2443100579162003,0.4
LD,K4,0.044671,0.1116775,1127480.6666666667,0.7640760788092917,5767.083333333333,0.24279143402537393,0.4
LD,K4,0.049138,0.122845,1125029.25,0.7258163811439061,3315.6666666666665,0.20453173635998814,0.4
LD,K4,0.054052,0.13513,1115558.3333333333,0.7163502241443235,-6155.25,0.1950655793604057,0.4
LD,K4,0.059457,0.1486425,1122457.3333333333,0.7263590598750583,743.75,0.20507441509114055,0.4
LD,K4,0.065403,0.1635075,1122982.9166666667,0.7642260326860592,1269.3333333333333,0.2429413879021413,0.4
LD,K4,0.071944,0.17985999999999996,1122557.5,0.7552530816414772,843.9166666666666,0.23396843685755928,0.4
LD,K4,0.079138,0.197845,1126254.4166666667,0.7731720970372736,4540.833333333333,0.25188745225335585,0.4
LD,K4,0.087052,0.21763,1131045.0,0.7552593280332744,9331.416666666666,0.2339746832493567,0.4
LD,K4,0.095757,0.23939249999999998,1127482.0833333333,0.7502477602799793,5768.5,0.2289631154960615,0.4
LD,K4,0.105332,0.26332999999999995,1127738.6666666667,0.7544270260818616,6025.083333333333,0.23314238129794382,0.4
LD,K4,0.115866,0.28966499999999995,1129520.0833333333,0.7581975024401736,7806.5,0.23691285765625567,0.4
LD,K4,0.127452,0.31863,1136805.4166666667,0.7312560225394367,15091.833333333334,0.20997137775551877,0.4
LD,K4,0.140198,0.35049499999999995,1138160.8333333333,0.6981632528512884,16447.25,0.17687860806737069,0.4
LD,K4,0.154217,0.38554249999999995,1136833.25,0.7311846150662658,15119.666666666666,0.20989997028234794,0.4
LD,K4,0.169639,0.4240975,1142899.0833333333,0.7289825273187412,21185.5,0.20769788253482338,0.4
LD,K4,0.186603,0.46650749999999996,1145358.0833333333,0.696037170370178,23644.5,0.17475252558626012,0.4
LD,K4,0.205263,0.5131574999999999,1163783.9166666667,0.6603978103919279,42070.333333333336,0.13911316560801001,0.4
LD,K4,0.22579,0.564475,1151350.9166666667,0.5745421359834394,29637.333333333332,0.053257491199521556,0.4
LD,K4,0.248369,0.6209224999999999,1150174.5833333333,0.5635767831522674,28461.0,0.04229213836834961,0.4
LD,K4,0.273205,0.6830124999999999,1157924.25,0.544950435034991,36210.666666666664,0.02366579025107308,0.4
LD,K4,0.300526,0.751315,1159043.5833333333,0.5306320144600506,37330.0,0.009347369676132802,0.4
LD,K4,0.330579,0.8264475,1159298.25,0.5379364377828199,37584.666666666664,0.01665179299890195,0.4
LD,K4,0.363636,0.90909,1154779.9166666667,0.5491033972092697,33066.333333333336,0.027818752425351968,0.4
LD,K4,0.4,1.0,1121713.5833333333,0.5212846447839178,0.0,0.0,0.4
LD,K4,0.44,1.0999999999999999,1118117.5833333333,0.49431370742750724,-3596.0,-0.026970937356410558,0.4
LD,K4,0.484,1.21,1116774.6666666667,0.4847189069658924,-4938.916666666667,-0.03656573781802538,0.4
LD,K4,0.5324,1.331,1113695.4166666667,0.45996883169119185,-8018.166666666667,-0.061315813092725956,0.4
LD,K4,0.58564,1.4641,1116922.75,0.473979644780792,-4790.833333333333,-0.047305000003125826,0.4
LD,K4,0.644204,1.6105099999999999,1126573.5,0.4996594360741107,4859.916666666667,-0.02162520870980718,0.4
LD,K4,0.708624,1.77156,1129502.75,0.5010637779064463,7789.166666666667,-0.020220866877471527,0.4
LD,K4,0.779487,1.9487175,1132967.0833333333,0.5154747908439378,11253.5,-0.005809853939980116,0.4
LD,K4,0.857436,2.1435899999999997,1134481.5,0.509603411174912,12767.916666666666,-0.011681233609005817,0.4
LD,K4,0.943179,2.3579475,1136869.0,0.520234148196519,15155.416666666666,-0.0010504965873986787,0.4
LD,K4,1.037497,2.5937424999999994,1128156.25,0.5319464349977006,6442.666666666667,0.010661790213782643,0.4
LD,K4,1.141247,2.8531174999999998,1134912.5833333333,0.5392051780353669,13199.0,0.017920533251449166,0.4
LD,K4,1.255371,3.1384274999999997,1135387.9166666667,0.5497171717044929,13674.333333333334,0.028432526920575046,0.4
LD,K4,1.380908,3.45227,1135980.5833333333,0.5599703775906462,14267.0,0.03868573280672835,0.4
LD,K4,1.518999,3.7974975,1126558.6666666667,0.5714455212968292,4845.083333333333,0.0501608765129114,0.4
LD,K4,1.670899,4.177247499999999,1129741.4166666667,0.5800266565869568,8027.833333333333,0.05874201180303893,0.4
LD,K4,1.837989,4.5949725,1136286.4166666667,0.5847540066791549,14572.833333333334,0.06346936189523698,0.4
LD,K4,2.021788,5.054469999999999,1136459.5,0.5888626704788508,14745.916666666666,0.06757802569493292,0.4
LD,K4,2.223967,5.5599175,1136467.5,0.5923558989719765,14753.916666666666,0.07107125418805862,0.4
LD,K4,2.446364,6.1159099999999995,1136514.5833333333,0.6012612417343833,14801.0,0.07997659695046551,0.4
LD,K4,2.691,6.727499999999999,1126955.75,0.6033700029300055,5242.166666666667,0.0820853581460877,0.4
LD,K4,2.9601,7.40025,1129912.6666666667,0.6050296268638594,8199.083333333334,0.08374498207994156,0.4
LD,K4,3.25611,8.140274999999999,1136273.4166666667,0.6056291342216695,14559.833333333334,0.08434448943775176,0.4
LD,K4,3.581721,8.954302499999999,1136243.8333333333,0.6091794079223959,14530.25,0.08789476313847804,0.4
LD,K4,3.939893,9.8497325,1136091.75,0.6110377404241439,14378.166666666666,0.0897530956402262,0.4
LD,kmpbc,727.126333,0.1015255980173136,1149463.0833333333,0.5335398404673153,4041.4166666666665,0.0008127990246845537,7162.0
LD,kmpbc,799.838966,0.11167815777715723,1149473.0,0.5334162001505297,4051.3333333333335,0.000689158707898957,7162.0
LD,kmpbc,879.822863,0.12284597361072326,1149766.5,0.5343132458750132,4344.833333333333,0.0015862044323824431,7162.0
LD,kmpbc,967.805149,0.13513057092990785,1149744.75,0.5338749285501371,4323.083333333333,0.0011478871075062496,7162.0
LD,kmpbc,1064.585664,0.1486436280368612,1149712.8333333333,0.5352255977360009,4291.166666666667,0.0024985562933700447,7162.0
LD,kmpbc,1171.04423,0.16350799078469702,1149708.5,0.5365133988133372,4286.833333333333,0.003786357370706419,7162.0
LD,kmpbc,1288.148653,0.1798587898631667,1149708.6666666667,0.5388185093769372,4287.0,0.006091467934306427,7162.0
LD,kmpbc,1416.963519,0.19784466894722144,1149731.5833333333,0.5356289291671406,4309.916666666667,0.002901887724509833,7162.0
LD,kmpbc,1558.659871,0.21762913585590618,1149795.6666666667,0.5380446436439972,4374.0,0.005317602201366363,7162.0
LD,kmpbc,1714.525858,0.2393920494275342,1149802.25,0.5350747029877069,4380.583333333333,0.002347661545076124,7162.0
LD,kmpbc,1885.978443,0.263331254258587,1149810.3333333333,0.5379115986143338,4388.666666666667,0.005184557171703047,7162.0
LD,kmpbc,2074.576288,0.2896643797821838,1149950.0,0.535107641328899,4528.333333333333,0.002380599886268329,7162.0
LD,kmpbc,2282.033916,0.31863081764870144,1149969.0,0.5400452824520854,4547.333333333333,0.007318241009454708,7162.0
LD,kmpbc,2510.237308,0.350493899469422,1149975.5833333333,0.5390849742140071,4553.916666666667,0.006357932771376455,7162.0
LD,kmpbc,2761.261039,0.3855432894442893,1149985.25,0.5367623960414498,4563.583333333333,0.004035354598819041,7162.0
LD,kmpbc,3037.387143,0.4240976184026808,1149986.75,0.5363720072350466,4565.083333333333,0.003644965792415874,7162.0
LD,kmpbc,3341.125857,0.46650738020106114,1149985.5833333333,0.5370518849415903,4563.916666666667,0.00432484349895947,7162.0
LD,kmpbc,3675.238443,0.513158118263055,1149974.4166666667,0.5360653730505487,4552.75,0.0033383316079178735,7162.0
LD,kmpbc,4042.762287,0.5644739300474728,1149169.4166666667,0.5327061759027232,3747.75,-2.086553990759965e-05,7162.0
LD,kmpbc,4447.038516,0.6209213230941077,1149177.75,0.5309109923937838,3756.0833333333335,-0.0018160490488469405,7162.0
LD,kmpbc,4891.742367,0.6830134553197431,1149176.6666666667,0.5346403971906338,3755.0,0.0019133557480030539,7162.0
LD,kmpbc,5380.916604,0.7513148008936051,1149990.8333333333,0.5381006617947057,4569.166666666667,0.005373620352074994,7162.0
LD,kmpbc,5919.008264,0.8264462809271154,1149990.8333333333,0.5380638890498707,4569.166666666667,0.005336847607239903,7162.0
LD,kmpbc,6510.909091,0.9090909091036025,1149841.8333333333,0.5376460451888545,4420.166666666667,0.004919003746223764,7162.0
LD,kmpbc,7162.0,1.0,1145421.6666666667,0.5327270414426307,0.0,0.0,7162.0
LD,kmpbc,7878.2,1.0999999999999999,1149942.9166666667,0.5356708454857139,4521.25,0.0029438040430831793,7162.0
LD,kmpbc,8666.02,1.21,1150003.3333333333,0.5361661853157094,4581.666666666667,0.003439143873078578,7162.0
LD,kmpbc,9532.622,1.331,1149982.0833333333,0.538179889351987,4560.416666666667,0.005452847909356249,7162.0
LD,kmpbc,10490.0,1.4646746718793633,1149941.0,0.5360164568656346,4519.333333333333,0.0032894154230038533,7162.0
LD,kmpbc,11530.0,1.6098855068416644,1149940.25,0.5383744740574562,4518.583333333333,0.005647432614825383,7162.0
LD,kmpbc,12690.0,1.7718514381457693,1149948.9166666667,0.5380198605382926,4527.25,0.00529281909566189,7162.0
LD,kmpbc,13960.0,1.9491762077631947,1149979.4166666667,0.5381339594593902,4557.75,0.005406918016759484,7162.0
LD,kmpbc,15350.0,2.1432560737224238,1149980.0833333333,0.5390907942231599,4558.416666666667,0.006363752780529096,7162.0
LD,kmpbc,16890.0,2.358279810108908,1149980.0,0.5369848933525637,4558.333333333333,0.004257851909932951,7162.0
LD,kmpbc,18580.0,2.5942474169226473,1149988.5833333333,0.537232829705497,4566.916666666667,0.004505788262866202,7162.0
LD,kmpbc,20430.0,2.8525551521921253,1149627.0833333333,0.539162618898959,4205.416666666667,0.006435577456328306,7162.0
LD,kmpbc,22480.0,3.138788048031276,1150115.5833333333,0.5368036013322565,4693.916666666667,0.004076559889625732,7162.0
LD,kmpbc,24730.0,3.4529461044401004,1150115.5833333333,0.5359828691945628,4693.916666666667,0.00325582775193207,7162.0
LD,kmpbc,27200.0,3.7978218374755657,1150115.75,0.5366882612069236,4694.083333333333,0.003961219764292821,7162.0
LD,kmpbc,29920.0,4.1776040212231225,1150115.6666666667,0.538301375822016,4694.0,0.005574334379385121,7162.0
LD,kmpbc,32910.0,4.595085171739737,1150115.5833333333,0.538892486071194,4693.916666666667,0.006165444628563295,7162.0
LD,kmpbc,36200.0,5.054454063110863,1150115.0,0.5381921876164358,4693.333333333333,0.005465146173805113,7162.0
LD,kmpbc,39820.0,5.559899469421949,1150115.0,0.5384624853824008,4693.333333333333,0.005735443939769991,7162.0
LD,kmpbc,43800.0,6.115610164758447,1149309.5,0.5356369234026772,3887.8333333333335,0.002909881960046425,7162.0
LD,kmpbc,48180.0,6.727171181234292,1149309.5,0.5358862781823094,3887.8333333333335,0.0031592367396787633,7162.0
LD,kmpbc,53000.0,7.400167550963418,1150115.0,0.5374522055976684,4693.333333333333,0.004725164155037616,7162.0
LD,kmpbc,58300.0,8.14018430605976,1150115.0,0.5377977499920961,4693.333333333333,0.005070708549465268,7162.0
LD,kmpbc,64130.0,8.954202736665735,1149965.8333333333,0.5356473373189993,4544.166666666667,0.0029202958763685136,7162.0
LD,kmpbc,70540.0,9.849204132923765,1150402.6666666667,0.534882833857686,4981.0,0.002155792415055304,7162.0
LD,dg4,0.177717,0.10152576862565427,1149620.25,0.5441505626335646,4636.666666666667,0.004426132354978425,1.750462
LD,dg4,0.195488,0.11167794559379181,1149620.25,0.5471143737723293,4636.666666666667,0.007389943493743195,1.750462
LD,dg4,0.215037,0.12284585440872182,1149620.25,0.5488891641691969,4636.666666666667,0.009164733890610649,1.750462
LD,dg4,0.236541,0.13513061123292022,1149620.25,0.5481578869727656,4636.666666666667,0.008433456694179395,1.750462
LD,dg4,0.260195,0.14864361522843683,1149620.25,0.5483380663841261,4636.666666666667,0.008613636105540001,1.750462
LD,dg4,0.286215,0.16350826239015756,1149620.25,0.5492649673701546,4636.666666666667,0.0095405370915685,1.750462
LD,dg4,0.314836,0.17985880299029627,1149620.25,0.5469879986698906,4636.666666666667,0.007263568391304404,1.750462
LD,dg4,0.34632,0.19784491180042757,1144965.0833333333,0.5403501153511324,-18.5,0.000625685072546317,1.750462
LD,dg4,0.380952,0.21762940298047032,1149620.25,0.5477908756209097,4636.666666666667,0.00806644534232361,1.750462
LD,dg4,0.419047,0.2393922290229665,1149620.25,0.5446266537366776,4636.666666666667,0.004902223458091465,1.750462
LD,dg4,0.460951,0.2633310520308353,1149620.25,0.5447309902082115,4636.666666666667,0.005006559929625416,1.750462
LD,dg4,0.507046,0.2896641001061434,1149620.25,0.5450389746969219,4636.666666666667,0.005314544418335704,1.750462
LD,dg4,0.557751,0.3186307386278594,1149620.25,0.5458905225450176,4636.666666666667,0.006166092266431389,1.750462
LD,dg4,0.613526,0.3504937553628699,1149620.25,0.5484874979521955,4636.666666666667,0.008763067673609367,1.750462
LD,dg4,0.674879,0.3855433594102586,1149620.25,0.5433018991903645,4636.666666666667,0.003577468911778403,1.750462
LD,dg4,0.742367,0.42409775247905984,1149620.25,0.5441873439732654,4636.666666666667,0.004462913694679198,1.750462
LD,dg4,0.816603,0.4665071278325379,1149620.25,0.5475266355923245,4636.666666666667,0.00780220531373831,1.750462
LD,dg4,0.898264,0.5131582405102195,1149620.25,0.547412828846017,4636.666666666667,0.00768839856743093,1.750462
LD,dg4,0.98809,0.5644738360501399,1144965.0833333333,0.5410159507218535,-18.5,0.0012915204432672929,1.750462
LD,dg4,1.086899,0.6209212196551539,1140260.75,0.5363976738167483,-4722.833333333333,-0.0033267564618378598,1.750462
LD,dg4,1.195589,0.6830133987484447,1144983.4166666667,0.544005731957023,-0.16666666666666666,0.004281301678436896,1.750462
LD,dg4,1.315148,0.7513147957510646,1144983.4166666667,0.5447563687087255,-0.16666666666666666,0.005031938430139373,1.750462
LD,dg4,1.446663,0.8264463895817219,1144983.5833333333,0.5384207833710725,0.0,-0.001303646907513556,1.750462
LD,dg4,1.591329,0.9090908571565678,1144983.4166666667,0.5441581384477444,-0.16666666666666666,0.0044337081691583164,1.750462
LD,dg4,1.750462,1.0,1144983.5833333333,0.5397244302785862,0.0,0.0,1.750462
LD,dg4,1.925508,1.0999998857444493,1144983.4166666667,0.5445094651026859,-0.16666666666666666,0.004785034824099856,1.750462
LD,dg4,2.118059,1.209999988574445,1145114.25,0.5444475789916511,130.66666666666666,0.0047231487130649785,1.750462
LD,dg4,2.329865,1.3310000445596648,1145114.25,0.5446174132103137,130.66666666666666,0.0048929829317275,1.750462
LD,dg4,2.562851,1.4640997633767543,1145114.25,0.5444704963478388,130.66666666666666,0.0047460660692527174,1.750462
LD,dg4,2.819137,1.6105102538644085,1145114.25,0.5435767226004738,130.66666666666666,0.003852292321887709,1.750462
LD,dg4,3.10105,1.7715608793564213,1145114.25,0.5432748623408888,130.66666666666666,0.0035504320623027386,1.750462
LD,dg4,3.411155,1.9487169672920635,1145114.25,0.5420236753747983,130.66666666666666,0.002299245096212312,1.750462
LD,dg4,3.752271,2.143588949660147,1145114.25,0.5414465736721366,130.66666666666666,0.0017221433935504977,1.750462
LD,dg4,4.127498,2.3579477874983863,1139590.5833333333,0.5341527268657074,-5393.0,-0.005571703412878761,1.750462
LD,dg4,4.540248,2.5937426805037758,1144308.75,0.5382423018882706,-674.8333333333334,-0.0014821283903155662,1.750462
LD,dg4,4.994272,2.85311649153195,1144308.75,0.5374747055342094,-674.8333333333334,-0.00224972474437668,1.750462
LD,dg4,5.4937,3.138428597707348,1140396.0833333333,0.5338653405923807,-4587.5,-0.005859089686205419,1.750462
LD,dg4,6.04307,3.452271457478083,1144935.25,0.538720602223226,-48.333333333333336,-0.0010038280553600436,1.750462
LD,dg4,6.647377,3.797498603225891,1144935.25,0.538146451648544,-48.333333333333336,-0.001577978630042091,1.750462
LD,dg4,7.312114,4.177248063654052,1144771.6666666667,0.5420090210322986,-211.91666666666666,0.0022845907537124566,1.750462
LD,dg4,8.043326,4.594973212786111,1145054.5833333333,0.5403739241296768,71.0,0.0006494938510906342,1.750462
LD,dg4,8.847658,5.054470191298068,1145054.5833333333,0.5385832997364152,71.0,-0.0011411305421709927,1.750462
LD,dg4,9.732424,5.559917324683426,1145024.75,0.5401012418545387,41.166666666666664,0.0003768115759524941,1.750462
LD,dg4,10.705666,6.115908828640668,1144983.5833333333,0.5401362457073742,0.0,0.0004118154287880797,1.750462
LD,dg4,11.776233,6.727499940015836,1144983.5833333333,0.5409548062047841,0.0,0.0012303759261980036,1.750462
LD,dg4,12.953856,7.400249762634093,1144983.4166666667,0.5446356037728074,-0.16666666666666666,0.004911173494221284,1.750462
LD,dg4,14.249242,8.140274967408605,1144983.5833333333,0.540517202347614,0.0,0.0007927720690279194,1.750462
LD,dg4,15.674166,8.954302349893913,1144983.5833333333,0.5409836873504329,0.0,0.0012592570718467273,1.750462
LD,dg4,17.241583,9.849732813394406,1144983.5833333333,0.5405581966433418,0.0,0.0008337663647556651,1.750462
LD,Am7,0.05587,0.10152644012356897,1160603.5833333333,0.5386203266395106,20124.083333333332,0.004712515196334079,0.5503
LD,Am7,0.061456,0.11167726694530256,1164269.9166666667,0.5408874945562533,23790.416666666668,0.006979683113076692,0.5503
LD,Am7,0.067602,0.12284572051608213,1164158.0,0.5398600507637706,23678.5,0.005952239320594049,0.5503
LD,Am7,0.074362,0.13512992912956567,1163961.1666666667,0.538603205399624,23481.666666666668,0.004695393956447413,0.5503
LD,Am7,0.081799,0.14864437579502088,1163753.5833333333,0.5412084820810276,23274.083333333332,0.007300670637850976,0.5503
LD,Am7,0.089978,0.16350717790296201,1163518.8333333333,0.5413143490978592,23039.333333333332,0.007406537654682595,0.5503
LD,Am7,0.098976,0.17985825913138287,1163323.9166666667,0.5410414020464241,22844.416666666668,0.0071335906032475764,0.5503
LD,Am7,0.108874,0.19784481192077047,1162988.25,0.5426515411228964,22508.75,0.00874372967971985,0.5503
LD,Am7,0.119761,0.21762856623659824,1162723.25,0.5432382086287464,22243.75,0.009330397185569725,0.5503
LD,Am7,0.131737,0.2393912411411957,1162347.1666666667,0.5432464627443753,21867.666666666668,0.009338651301198755,0.5503
LD,Am7,0.144911,0.2633309104125023,1161996.8333333333,0.5407115825952716,21517.333333333332,0.006803771152094971,0.5503
LD,Am7,0.159402,0.28966381973469013,1161604.0,0.5431484296867549,21124.5,0.009240618243578294,0.5503
LD,Am7,0.175343,0.3186316554606578,1161182.6666666667,0.5428996249420425,20703.166666666668,0.008991813498865844,0.5503
LD,Am7,0.192877,0.3504942758495366,1160663.5833333333,0.5433135075357584,20184.083333333332,0.00940569609258173,0.5503
LD,Am7,0.212164,0.38554243140105393,1160019.8333333333,0.5448752554479513,19540.333333333332,0.010967444004774785,0.5503
LD,Am7,0.233381,0.42409776485553335,1159472.4166666667,0.5442357677639164,18992.916666666668,0.010327956320739786,0.5503
LD,Am7,0.256719,0.4665073596220243,1158834.9166666667,0.5420186157130586,18355.416666666668,0.00811080426988194,0.5503
LD,Am7,0.282391,0.5131582773032891,1158180.4166666667,0.54340549306016,17700.916666666668,0.009497681616983352,0.5503
LD,Am7,0.31063,0.5644739233145557,1153818.0833333333,0.5380490806933743,13338.583333333334,0.004141269250197699,0.5503
LD,Am7,0.341693,0.6209213156460113,1156092.8333333333,0.5402311973243682,15613.333333333334,0.006323385881191625,0.5503
LD,Am7,0.375862,0.6830129020534254,1154837.4166666667,0.5399247452455289,14357.916666666666,0.006016933802352316,0.5503
LD,Am7,0.413449,0.7513156460112665,1153533.25,0.5385762932474124,13053.75,0.0046684818042357175,0.5503
LD,Am7,0.454793,0.8264455751408323,1152251.25,0.5364790652906645,11771.75,0.0025712538474878164,0.5503
LD,Am7,0.500273,0.9090914046883517,1151073.6666666667,0.5410976794029192,10594.166666666666,0.007189867959742589,0.5503
LD,Am7,0.5503,1.0,1140479.5,0.5339078114431767,0.0,0.0,0.5503
LD,Am7,0.60533,1.1,1145374.0833333333,0.5362076735092312,4894.583333333333,0.0022998620660545275,0.5503
LD,Am7,0.665863,1.21,1147882.1666666667,0.5363213127283991,7402.666666666667,0.002413501285222506,0.5503
LD,Am7,0.732449,1.330999454842813,1146840.1666666667,0.5314118661846806,6360.666666666667,-0.002495945258495983,0.5503
LD,Am7,0.805694,1.4640995820461566,1145772.5,0.5324403006530241,5293.0,-0.0014675107901525042,0.5503
LD,Am7,0.886264,1.6105106305651464,1145051.9166666667,0.532163074548233,4572.416666666667,-0.0017447368949435882,0.5503
LD,Am7,0.97489,1.7715609667454115,1141026.5,0.5225764151037275,547.0,-0.011331396339449037,0.5503
LD,Am7,1.072379,1.9487170634199527,1140728.6666666667,0.5249495007244112,249.16666666666666,-0.008958310718765525,0.5503
LD,Am7,1.179617,2.1435889514810103,1140441.0,0.5247409376243451,-38.5,-0.009166873818831476,0.5503
LD,Am7,1.297579,2.3579483917862984,1140919.75,0.5230370443134267,440.25,-0.010870767129749928,0.5503
LD,Am7,1.427336,2.593741595493367,1140232.4166666667,0.5220986229037247,-247.08333333333334,-0.011809188539451898,0.5503
LD,Am7,1.57007,2.853116481918953,1140137.0,0.5225832421882849,-342.5,-0.011324569254891606,0.5503
LD,Am7,1.727077,3.1384281301108485,1141861.1666666667,0.5243515063025627,1381.6666666666667,-0.00955630514061398,0.5503
LD,Am7,1.899785,3.4522714882791203,1142741.4166666667,0.5191533305040833,2261.9166666666665,-0.014754480939093364,0.5503
LD,Am7,2.089763,3.797497728511721,1141074.5,0.5228904243827156,595.0,-0.011017387060460987,0.5503
LD,Am7,2.29874,4.177248773396329,1140829.1666666667,0.5207390187327647,349.6666666666667,-0.013168792710411908,0.5503
LD,Am7,2.528614,4.594973650735962,1140941.75,0.5209094107821064,462.25,-0.0129984006610702,0.5503
LD,Am7,2.781475,5.054470288933309,1140052.25,0.5222573185563941,-427.25,-0.01165049288678241,0.5503
LD,Am7,3.059623,5.559918226421952,1140052.6666666667,0.5239616601240645,-426.8333333333333,-0.00994615131911214,0.5503
LD,Am7,3.365585,6.115909503906959,1140042.0833333333,0.5244270488140863,-437.4166666666667,-0.009480762629090311,0.5503
LD,Am7,3.702143,6.727499545702344,1140042.9166666667,0.5221244254755252,-436.5833333333333,-0.01178338596765141,0.5503
LD,Am7,4.072358,7.400250772306015,1139237.5,0.5191916973982146,-1242.0,-0.014716114044962128,0.5503
LD,Am7,4.479593,8.140274395784118,1139237.5,0.5167451665981269,-1242.0,-0.017162644845049757,0.5503
LD,Am7,4.927553,8.954303107395965,1139237.3333333333,0.5205120969495151,-1242.1666666666667,-0.01339571449366154,0.5503
LD,Am7,5.420308,9.849732872978375,1140042.8333333333,0.522813038188857,-436.6666666666667,-0.011094773254319632,0.5503
LD,d5L,0.514857,0.10152567439659252,1149268.6666666667,0.546223411197036,9217.583333333334,0.011617609233902038,5.0712
LD,d5L,0.566342,0.1116781038018615,1149268.6666666667,0.5463394019017443,9217.583333333334,0.011733599938610275,5.0712
LD,d5L,0.622977,0.12284607193563653,1149340.0,0.5472598235753029,9288.916666666666,0.012654021612168784,5.0712
LD,d5L,0.685274,0.1351305410948099,1149340.0,0.5463328389985495,9288.916666666666,0.011727037035415397,5.0712
LD,d5L,0.753802,0.14864371351948255,1149268.6666666667,0.5455096723900871,9217.583333333334,0.010903870426953058,5.0712
LD,d5L,0.829182,0.1635080454330336,1149268.6666666667,0.5485059276204424,9217.583333333334,0.013900125657308304,5.0712
LD,d5L,0.9121,0.17985881053793973,1139901.9166666667,0.536275005178374,-149.16666666666666,0.0016692032152399543,5.0712
LD,d5L,1.00331,0.19784469159173368,1143797.8333333333,0.542460253188068,3746.75,0.007854451224933981,5.0712
LD,d5L,1.103641,0.2176291607509071,1143798.0,0.5422300627380289,3746.9166666666665,0.0076242607748947255,5.0712
LD,d5L,1.214005,0.23939205710679917,1143798.0,0.5428246852710125,3746.9166666666665,0.008218883307878455,5.0712
LD,d5L,1.335405,0.263331164221486,1139916.25,0.5362772748146806,-134.83333333333334,0.0016714728515465442,5.0712
LD,d5L,1.468946,0.28966437923962773,1144524.8333333333,0.5521628285119902,4473.75,0.017557026548856058,5.0712
LD,d5L,1.615841,0.3186308960403849,1143798.0,0.5422744280610466,3746.9166666666665,0.007668626097912652,5.0712
LD,d5L,1.777425,0.3504939659252248,1143798.0,0.5364133484673149,3746.9166666666665,0.001807546504180894,5.0712
LD,d5L,1.955167,0.38554326392175425,1143797.8333333333,0.5426201713998755,3746.75,0.008014369436741525,5.0712
LD,d5L,2.150684,0.42409764947152545,1143928.0,0.5435921615729633,3876.9166666666665,0.008986359609829297,5.0712
LD,d5L,2.365752,0.46650733554188356,1143928.0,0.542457460599708,3876.9166666666665,0.007851658636573972,5.0712
LD,d5L,2.602327,0.5131580296576747,1143928.0,0.5435023450196804,3876.9166666666665,0.008896543056546302,5.0712
LD,d5L,2.86256,0.564473891781038,1143928.0,0.5436255863905114,3876.9166666666665,0.009019784427377367,5.0712
LD,d5L,3.148816,0.6209212809591418,1143928.0,0.5414352943604505,3876.9166666666665,0.006829492397316339,5.0712
LD,d5L,3.463698,0.6830134879318505,1140051.0833333333,0.5327937240502424,0.0,-0.0018120779128916464,5.0712
LD,d5L,3.810068,0.7513148761634326,1143928.0,0.5414682462624422,3876.9166666666665,0.006862444299308101,5.0712
LD,d5L,4.191074,0.8264462060261871,1143122.5,0.5391108987113289,3071.4166666666665,0.004505096748194863,5.0712
LD,d5L,4.610182,0.9090909449439974,1143122.5,0.5391958784243917,3071.4166666666665,0.004590076461257568,5.0712
LD,d5L,5.0712,1.0,1140051.0833333333,0.534605801963134,0.0,0.0,5.0712
LD,d5L,5.57832,1.0999999999999999,1143928.0,0.5413048737969476,3876.9166666666665,0.006699071833813584,5.0712
LD,d5L,6.136152,1.21,1143749.0,0.5425391727443075,3697.9166666666665,0.007933370781173574,5.0712
LD,d5L,6.749767,1.3309999605616027,1143749.0,0.5356369988330169,3697.9166666666665,0.001031196869882789,5.0712
LD,d5L,7.424744,1.4641000157753588,1143587.8333333333,0.5346283016181329,3536.75,2.2499654998953122e-05,5.0712
LD,d5L,8.167218,1.6105099384761004,1143868.3333333333,0.5416534528024429,3817.25,0.007047650839308935,5.0712
LD,d5L,8.98394,1.7715609717621077,1143897.9166666667,0.5425637343730697,3846.8333333333335,0.007957932409935697,5.0712
LD,d5L,9.882334,1.9487170689383184,1143838.5,0.542670897557716,3787.4166666666665,0.008065095594582036,5.0712
LD,d5L,10.870568,2.1435888941473418,1144400.3333333333,0.5391193838132456,4349.25,0.004513581850111646,5.0712
LD,d5L,11.957624,2.357947625808487,1144410.25,0.5416901903027894,4359.166666666667,0.007084388339655319,5.0712
LD,d5L,13.153387,2.5937425067045274,1143854.25,0.548325435225431,3803.1666666666665,0.013719633262296952,5.0712
LD,d5L,14.468725,2.85311661934059,1144441.25,0.5416868520245143,4390.166666666667,0.007081050061380305,5.0712
LD,d5L,15.915598,3.138428379870642,1143797.8333333333,0.5434443181710563,3746.75,0.008838516207922245,5.0712
LD,d5L,17.507158,3.4522712572961036,1143798.0,0.5396806347182963,3746.9166666666665,0.005074832755162249,5.0712
LD,d5L,19.257874,3.7974984224641113,1143798.0,0.5426093519678332,3746.9166666666665,0.008003550004699109,5.0712
LD,d5L,21.183661,4.177248185833728,1144700.3333333333,0.5514564240094965,4649.25,0.016850622046362406,5.0712
LD,d5L,23.302027,4.594972984697901,1140051.0833333333,0.5379491273986307,0.0,0.0033433254354966655,5.0712
LD,d5L,25.63223,5.0544703423252875,1143928.0,0.5445585964611556,3876.9166666666665,0.0099527944980215,5.0712
LD,d5L,28.195453,5.5599173765578165,1144683.75,0.5507944563068576,4632.666666666667,0.016188654343723657,5.0712
LD,d5L,31.014998,6.115909055056002,1140051.0833333333,0.5369822601166522,0.0,0.002376458153518085,5.0712
LD,d5L,34.116498,6.7275,1143928.0,0.5408232222103982,3876.9166666666665,0.006217420247264238,5.0712
LD,d5L,37.528148,7.400250039438397,1143928.0,0.5413336495455278,3876.9166666666665,0.006727847582393688,5.0712
LD,d5L,41.280962,8.140274885628648,1139245.5833333333,0.5349569733689847,-805.5,0.0003511714058506236,5.0712
LD,d5L,45.409059,8.954302531945102,1143122.5,0.5371767620885494,3071.4166666666665,0.0025709601254153467,5.0712
LD,d5L,49.949964,9.849732607666825,1133400.5833333333,0.5335082279324995,-6650.5,-0.001097574030634485,5.0712
LD,Gp6,1e-05,0.1,1133851.1666666667,0.5349287117304566,-6072.75,0.0001363602200912343,0.0001
LD,Gp6,1.1e-05,0.10999999999999999,1142757.0833333333,0.5379135302646816,2833.1666666666665,0.0031211787543162137,0.0001
LD,Gp6,1.2e-05,0.12,1142757.0833333333,0.5383611046549797,2833.1666666666665,0.003568753144614273,0.0001
LD,Gp6,1.4e-05,0.13999999999999999,1142757.0833333333,0.5349298966295826,2833.1666666666665,0.00013754511921718984,0.0001
LD,Gp6,1.5e-05,0.15,1142757.0833333333,0.5374741302025651,2833.1666666666665,0.0026817786921996267,0.0001
LD,Gp6,1.6e-05,0.15999999999999998,1142757.0833333333,0.536780838810408,2833.1666666666665,0.0019884873000425387,0.0001
LD,Gp6,1.8e-05,0.18,1142757.0833333333,0.5372134760797364,2833.1666666666665,0.0024211245693710193,0.0001
LD,Gp6,2e-05,0.2,1134000.75,0.5354119681867012,-5923.166666666667,0.0006196166763358749,0.0001
LD,Gp6,2.2e-05,0.21999999999999997,1142906.6666666667,0.5388718133412136,2982.75,0.0040794618308482205,0.0001
LD,Gp6,2.4e-05,0.24,1142906.6666666667,0.5354796311753218,2982.75,0.0006872796649564361,0.0001
LD,Gp6,2.6e-05,0.25999999999999995,1142906.6666666667,0.5373102280090821,2982.75,0.0025178764987167923,0.0001
LD,Gp6,2.9e-05,0.29,1142906.6666666667,0.5375562018279226,2982.75,0.0027638503175572058,0.0001
LD,Gp6,3.2e-05,0.31999999999999995,1142883.75,0.5379176953309238,2959.8333333333335,0.003125343820558494,0.0001
LD,Gp6,3.5e-05,0.35,1142883.75,0.5370237857717347,2959.8333333333335,0.002231434261369384,0.0001
LD,Gp6,3.9e-05,0.38999999999999996,1142883.75,0.5365753693737529,2959.8333333333335,0.0017830178633876093,0.0001
LD,Gp6,4.2e-05,0.41999999999999993,1142078.25,0.5345881395130568,2154.3333333333335,-0.00020421199730849549,0.0001
LD,Gp6,4.7e-05,0.47,1142078.25,0.5310458350354614,2154.3333333333335,-0.003746516474903955,0.0001
LD,Gp6,5.1e-05,0.51,1142883.75,0.5373572470354439,2959.8333333333335,0.002564895525078511,0.0001
LD,Gp6,5.6e-05,0.5599999999999999,1142883.75,0.5362136791922245,2959.8333333333335,0.001421327681859134,0.0001
LD,Gp6,6.2e-05,0.62,1142734.5833333333,0.5369610866359223,2810.6666666666665,0.002168735125556922,0.0001
LD,Gp6,6.8e-05,0.6799999999999999,1142734.5833333333,0.5357783985473534,2810.6666666666665,0.000986047036988032,0.0001
LD,Gp6,7.5e-05,0.7499999999999999,1142545.8333333333,0.5337871505585405,2621.9166666666665,-0.0010052009518248528,0.0001
LD,Gp6,8.3e-05,0.83,1142824.0833333333,0.5366923713267048,2900.1666666666665,0.0019000198163392952,0.0001
LD,Gp6,9.1e-05,0.91,1142794.25,0.5367284236121468,2870.3333333333335,0.001936072101781446,0.0001
LD,Gp6,0.0001,1.0,1139923.9166666667,0.5347923515103653,0.0,0.0,0.0001
LD,Gp6,0.00011,1.1,1145589.5833333333,0.5409607569954225,5665.666666666667,0.006168405485057075,0.0001
LD,Gp6,0.000121,1.21,1148880.6666666667,0.5454486044380632,8956.75,0.010656252927697812,0.0001
LD,Gp6,0.000133,1.33,1148880.6666666667,0.5451061394663796,8956.75,0.010313787956014231,0.0001
LD,Gp6,0.000146,1.46,1148880.6666666667,0.5439242099555665,8956.75,0.009131858445200999,0.0001
LD,Gp6,0.000161,1.61,1148880.6666666667,0.5447831056259255,8956.75,0.00999075411556006,0.0001
LD,Gp6,0.000177,1.7699999999999998,1148880.6666666667,0.5438386530409077,8956.75,0.00904630153054232,0.0001
LD,Gp6,0.000195,1.95,1148880.6666666667,0.5448608931772692,8956.75,0.010068541666903815,0.0001
LD,Gp6,0.000214,2.1399999999999997,1148880.6666666667,0.5448405049768966,8956.75,0.010048153466531309,0.0001
LD,Gp6,0.000236,2.36,1148880.6666666667,0.5451278511130341,8956.75,0.010335499602668718,0.0001
LD,Gp6,0.000259,2.59,1148880.6666666667,0.5451819139500668,8956.75,0.010389562439701358,0.0001
LD,Gp6,0.000285,2.8499999999999996,1148880.6666666667,0.5451827396652801,8956.75,0.010390388154914785,0.0001
LD,Gp6,0.000314,3.1399999999999997,1148880.6666666667,0.5444351841752654,8956.75,0.009642832664899978,0.0001
LD,Gp6,0.000345,3.4499999999999997,1148880.6666666667,0.5438947538413327,8956.75,0.009102402330967355,0.0001
LD,Gp6,0.00038,3.8,1145589.5833333333,0.5406232966428813,5665.666666666667,0.0058309451325159285,0.0001
LD,Gp6,0.000418,4.18,1148880.6666666667,0.5434967694208754,8956.75,0.00870441791051003,0.0001
LD,Gp6,0.00046,4.6,1145589.5833333333,0.5392946629028249,5665.666666666667,0.004502311392459435,0.0001
LD,Gp6,0.000505,5.05,1148880.6666666667,0.5445022880735542,8956.75,0.009709936563188757,0.0001
LD,Gp6,0.000556,5.56,1148880.6666666667,0.5446481673182278,8956.75,0.009855815807862489,0.0001
LD,Gp6,0.000612,6.12,1148880.6666666667,0.5447077005145613,8956.75,0.009915349004195892,0.0001
LD,Gp6,0.000673,6.7299999999999995,1148880.6666666667,0.5435701453728479,8956.75,0.008777793862482517,0.0001
LD,Gp6,0.00074,7.3999999999999995,1145589.5833333333,0.5390616214198832,5665.666666666667,0.004269269909517833,0.0001
LD,Gp6,0.000814,8.14,1148880.6666666667,0.5442468612921145,8956.75,0.00945450978174911,0.0001
LD,Gp6,0.000895,8.95,1148880.6666666667,0.5444567250186066,8956.75,0.009664373508241194,0.0001
LD,Gp6,0.000985,9.85,1148880.6666666667,0.5444317511761313,8956.75,0.009639399665765777,0.0001
LD,Gkp,0.120361,0.10152531321513554,1147741.25,0.5477772473981545,2440.5,0.0036111113916338275,1.185527
LD,Gkp,0.132397,0.11167776018597635,1147741.25,0.5478772457130627,2440.5,0.0037111097065420096,1.185527
LD,Gkp,0.145637,0.1228457892565922,1147741.25,0.5450344441844122,2440.5,0.0008683081778914914,1.185527
LD,Gkp,0.160201,0.13513062123426967,1147741.25,0.546866774638588,2440.5,0.0027006386320672835,1.185527
LD,Gkp,0.176221,0.14864359900702387,1147741.25,0.5461645958571585,2440.5,0.001998459850637818,1.185527
LD,Gkp,0.193843,0.1635078745570535,1147741.25,0.5464618097040569,2440.5,0.002295673697536249,1.185527
LD,Gkp,0.213227,0.17985840896074068,1147741.25,0.5488052022943096,2440.5,0.004639066287788957,1.185527
LD,Gkp,0.23455,0.19784450290883296,1145306.75,0.5417880763185167,6.0,-0.002378059688004077,1.185527
LD,Gkp,0.258005,0.21762895319971623,1147741.25,0.5472536569139569,2440.5,0.003087520907436192,1.185527
LD,Gkp,0.283806,0.23939227027305157,1147741.25,0.5473814318588365,2440.5,0.0032152958523158173,1.185527
LD,Gkp,0.312186,0.2633309911963203,1147741.25,0.5482210638562156,2440.5,0.004054927849694939,1.185527
LD,Gkp,0.343405,0.28966442771864326,1147741.25,0.5438300638588939,2440.5,-0.000336072147626848,1.185527
LD,Gkp,0.377745,0.3186304487371439,1147741.25,0.5419861877112748,2440.5,-0.0021799482952459073,1.185527
LD,Gkp,0.41552,0.350493915364222,1145306.75,0.5406499283457787,6.0,-0.003516207660742038,1.185527
LD,Gkp,0.457072,0.38554330690064414,1147741.25,0.5421224113257744,2440.5,-0.002043724680746271,1.185527
LD,Gkp,0.502779,0.4240974688893631,1147741.25,0.5452430722791178,2440.5,0.001076936272597186,1.185527
LD,Gkp,0.553057,0.4665073001289722,1147741.25,0.5466013135322951,2440.5,0.002435177525774416,1.185527
LD,Gkp,0.608363,0.5131582831938876,1147741.25,0.5455931103406435,2440.5,0.0014269743341227548,1.185527
LD,Gkp,0.669199,0.5644738584612582,1147741.25,0.5456766109130707,2440.5,0.0015104749065500227,1.185527
LD,Gkp,0.736119,0.6209213286580567,1147741.25,0.5448679673662752,2440.5,0.0007018313597545086,1.185527
LD,Gkp,0.809731,0.6830135458745351,1147741.25,0.5448622461435209,2440.5,0.000696110137000124,1.185527
LD,Gkp,0.890704,0.7513148161113159,1147741.25,0.5443005729306432,2440.5,0.00013443692412242378,1.185527
LD,Gkp,0.979774,0.8264459603197566,1147741.25,0.54259120363954,2440.5,-0.0015749323669807618,1.185527
LD,Gkp,1.077752,0.9090910624557687,1145300.75,0.5387349689210116,0.0,-0.005431167085509124,1.185527
LD,Gkp,1.185527,1.0,1145300.75,0.5441661360065208,0.0,0.0,1.185527
LD,Gkp,1.30408,1.100000253052018,1145300.75,0.5412220142102434,0.0,-0.0029441217962774178,1.185527
LD,Gkp,1.434488,1.2100002783572201,1145300.75,0.5388105835752216,0.0,-0.005355552431299167,1.185527
LD,Gkp,1.577936,1.33099963138756,1145300.75,0.5397411995545828,0.0,-0.0044249364519380234,1.185527
LD,Gkp,1.73573,1.4640999319290071,1145300.75,0.5405791784107142,0.0,-0.00358695759580648,1.185527
LD,Gkp,1.909303,1.6105099251219077,1139654.0833333333,0.5360249338328491,-5646.666666666667,-0.008141202173671655,1.185527
LD,Gkp,2.100233,1.7715606645820803,1145455.9166666667,0.5441297348178434,155.16666666666666,-3.640118867719496e-05,1.185527
LD,Gkp,2.310257,1.9487173214949975,1145455.9166666667,0.5444433678485724,155.16666666666666,0.00027723184205167656,1.185527
LD,Gkp,2.541282,2.143588463189788,1145455.9166666667,0.5429776848077045,155.16666666666666,-0.001188451198816239,1.185527
LD,Gkp,2.795411,2.357947984314149,1145455.9166666667,0.5406498246182881,155.16666666666666,-0.003516311388232607,1.185527
LD,Gkp,3.074952,2.593742698394891,1145455.9166666667,0.5389560374044636,155.16666666666666,-0.005210098602057085,1.185527
LD,Gkp,3.382447,2.853116799533035,1145455.9166666667,0.5427025301610564,155.16666666666666,-0.001463605845464298,1.185527
LD,Gkp,3.720692,3.1384287325383564,1145455.9166666667,0.5408521326774706,155.16666666666666,-0.003314003329050121,1.185527
LD,Gkp,4.092761,3.4522714370908467,1144650.4166666667,0.5384088929340751,-650.3333333333334,-0.005757243072445545,1.185527
LD,Gkp,4.502037,3.797498496449258,1144650.4166666667,0.5392214226777324,-650.3333333333334,-0.004944713328788319,1.185527
LD,Gkp,4.95224,4.177247755639475,1144650.4166666667,0.5401206788529948,-650.3333333333334,-0.004045457153525954,1.185527
LD,Gkp,5.447465,4.59497337471015,1145455.9166666667,0.5365008025956258,155.16666666666666,-0.007665333410894833,1.185527
LD,Gkp,5.992211,5.054470290427801,1145455.9166666667,0.54370134984859,155.16666666666666,-0.00046478615793078365,1.185527
LD,Gkp,6.591432,5.559917235119909,1145276.9166666667,0.541276138108237,-23.833333333333332,-0.002889997898283638,1.185527
LD,Gkp,7.250575,6.115908789930555,1145111.5833333333,0.5407213526341682,-189.16666666666666,-0.00344478337235248,1.185527
LD,Gkp,7.975633,6.7275000906769735,1145111.5833333333,0.5375929901527919,-189.16666666666666,-0.00657314585372885,1.185527
LD,Gkp,8.773196,7.4002498466926525,1139752.0,0.5326580508212212,-5548.75,-0.011508085185299463,1.185527
LD,Gkp,9.650516,8.140275168764608,1145366.4166666667,0.5419052340972835,65.66666666666667,-0.002260901909237214,1.185527
LD,Gkp,10.615567,8.954302179537033,1145300.75,0.5425617754128209,0.0,-0.001604360593699783,1.185527
LD,Gkp,11.677124,9.849732650542753,1145300.75,0.5413011741214021,0.0,-0.002864961885118635,1.185527
LD,K8,0.033118,0.10152667075413857,1149030.8333333333,0.4831347242143755,12982.083333333334,-0.05778876927293111,0.3262
LD,K8,0.036429,0.11167688534641326,1149042.1666666667,0.4889017481911058,12993.416666666666,-0.052021745296200746,0.3262
LD,K8,0.040072,0.12284488044144698,1149087.6666666667,0.49347389326752156,13038.916666666666,-0.047449600219785025,0.3262
LD,K8,0.04408,0.13513182096873086,1144467.4166666667,0.4997974342785118,8418.666666666666,-0.041126059208794696,0.3262
LD,K8,0.048488,0.14864500306560394,1149218.0,0.4943877977947198,13169.25,-0.04653569569258672,0.3262
LD,K8,0.053336,0.16350705088902515,1149287.75,0.48683409802555283,13239.0,-0.05408939546175367,0.3262
LD,K8,0.05867,0.17985898221949725,1144778.1666666667,0.49652743586387266,8729.416666666666,-0.04439605762343388,0.3262
LD,K8,0.064537,0.19784488044144696,1149627.8333333333,0.49520915609899024,13579.083333333334,-0.04571433738831632,0.3262
LD,K8,0.070991,0.21763028816676885,1149947.5,0.4917200980895223,13898.75,-0.04920339539778418,0.3262
LD,K8,0.07809,0.23939301042305336,1145681.3333333333,0.4978053341131656,9632.583333333334,-0.04311815937414099,0.3262
LD,K8,0.085899,0.2633323114653587,1150974.5833333333,0.4925575874301897,14925.833333333334,-0.0483659060571169,0.3262
LD,K8,0.094489,0.28966584917228694,1151711.5,0.49862473790257433,15662.75,-0.042298755584732235,0.3262
LD,K8,0.103937,0.31862967504598405,1152700.5,0.500048945066602,16651.75,-0.0408745484207046,0.3262
LD,K8,0.114331,0.35049356223175965,1153450.75,0.5013181352159491,17402.0,-0.03960535827135734,0.3262
LD,K8,0.125764,0.3855426118945432,1153334.1666666667,0.5072112521988775,17285.416666666668,-0.03371224128842912,0.3262
LD,K8,0.138341,0.42409871244635194,1153607.6666666667,0.5107283834138435,17558.916666666668,-0.03019511007346305,0.3262
LD,K8,0.152175,0.46650827713059473,1154001.5833333333,0.5135546740520747,17952.833333333332,-0.02736881943523183,0.3262
LD,K8,0.167392,0.5131575720416923,1154537.1666666667,0.5121447063656891,18488.416666666668,-0.02877878712161742,0.3262
LD,K8,0.184131,0.5644727161250767,1155257.3333333333,0.5210949556233153,19208.583333333332,-0.019828537863991358,0.3262
LD,K8,0.202545,0.6209227467811159,1155796.75,0.5251846391125904,19748.0,-0.0157388543747161,0.3262
LD,K8,0.222799,0.6830134886572655,1155315.0833333333,0.5301505976942484,19266.333333333332,-0.010772895793058105,0.3262
LD,K8,0.245079,0.7513151440833844,1153939.75,0.5320984923763191,17891.0,-0.008825001110987449,0.3262
LD,K8,0.269587,0.8264469650521153,1152313.0833333333,0.5345565662497097,16264.333333333334,-0.006366927237596918,0.3262
LD,K8,0.296545,0.9090895156345801,1149572.75,0.5367899614969497,13524.0,-0.004133531990356755,0.3262
LD,K8,0.3262,1.0,1136048.75,0.5409234934873065,0.0,0.0,0.3262
LD,K8,0.35882,1.0999999999999999,1139553.5,0.542399071249136,3504.75,0.0014755777618295034,0.3262
LD,K8,0.394702,1.21,1140756.4166666667,0.5320770240270983,4707.666666666667,-0.008846469460208265,0.3262
LD,K8,0.434172,1.3309993868792152,1138236.1666666667,0.5274378518593229,2187.4166666666665,-0.013485641627983639,0.3262
LD,K8,0.477589,1.464098712446352,1136570.0833333333,0.5238037001042878,521.3333333333334,-0.017119793383018722,0.3262
LD,K8,0.525348,1.6105088902513798,1135527.0833333333,0.5276319870284358,-521.6666666666666,-0.013291506458870722,0.3262
LD,K8,0.577883,1.7715603923973025,1134142.5833333333,0.5140635213441582,-1906.1666666666667,-0.026859972143148354,0.3262
LD,K8,0.635672,1.9487185775597793,1133809.1666666667,0.5214009641552663,-2239.5833333333335,-0.019522529332040305,0.3262
LD,K8,0.699239,2.1435898221949725,1133036.1666666667,0.5290459988661741,-3012.5833333333335,-0.011877494621132448,0.3262
LD,K8,0.769163,2.3579491109748623,1132496.8333333333,0.5335815474941178,-3551.9166666666665,-0.007341945993188853,0.3262
LD,K8,0.846079,2.593743102391171,1131541.8333333333,0.5355869445174685,-4506.916666666667,-0.0053365489698380215,0.3262
LD,K8,0.930687,2.853117719190681,1131248.3333333333,0.543002604403056,-4800.416666666667,0.0020791109157494345,0.3262
LD,K8,1.023755,3.1384273451870017,1125279.0833333333,0.544862667331628,-10769.666666666666,0.003939173844321538,0.3262
LD,K8,1.126131,3.4522716125076642,1123678.75,0.5495303141568538,-12370.0,0.008606820669547405,0.3262
LD,K8,1.238744,3.7974984671980385,1122610.1666666667,0.5493796963406662,-13438.583333333334,0.008456202853359629,0.3262
LD,K8,1.362618,4.177247087676273,1121851.5,0.5519608553140496,-14197.25,0.011037361826742947,0.3262
LD,K8,1.49888,4.594972409564685,1121439.4166666667,0.5494279742266378,-14609.333333333334,0.008504480739331327,0.3262
LD,K8,1.648768,5.054469650521153,1121321.25,0.5486174547414601,-14727.5,0.007693961254153466,0.3262
LD,K8,1.813645,5.559917228694053,1121457.25,0.5524280615025332,-14591.5,0.011504568015226665,0.3262
LD,K8,1.99501,6.11591048436542,1121495.9166666667,0.5531906549368047,-14552.833333333334,0.012267161449498187,0.3262
LD,K8,2.19451,6.727498467198039,1120568.1666666667,0.5505519414391209,-15480.583333333334,0.009628447951814298,0.3262
LD,K8,2.413962,7.400251379521767,1119705.0,0.5478174774337775,-16343.75,0.006893983946471033,0.3262
LD,K8,2.655358,8.140275904353159,1119034.6666666667,0.5475104724436499,-17014.083333333332,0.006586978956343396,0.3262
LD,K8,2.920893,8.954301042305334,1118432.25,0.5464064437737169,-17616.5,0.005482950286410391,0.3262
LD,K8,3.212983,9.849733292458614,1117957.25,0.5463464164972212,-18091.5,0.005422923009914611,0.3262
LD,q3a,0.907964,0.10152562841041239,1149512.6666666667,0.5488514492105816,9281.333333333334,0.01403844745123022,8.9432
LD,q3a,0.99876,0.11167814652473389,1143955.8333333333,0.5408599506371815,3724.5,0.006046948877830092,8.9432
LD,q3a,1.098636,0.12284596117720727,1143974.5,0.5424291630843304,3743.1666666666665,0.007616161324979109,8.9432
LD,q3a,1.2085,0.13513060202164773,1140155.8333333333,0.5378516701873562,-75.5,0.003038668428004839,8.9432
LD,q3a,1.32935,0.14864366222381253,1143974.3333333333,0.5455380682598497,3743.0,0.010725066500498334,8.9432
LD,q3a,1.462285,0.16350802844619378,1143974.5,0.5427345648370695,3743.1666666666665,0.007921563077718139,8.9432
LD,q3a,1.608513,0.1798587753824135,1143974.3333333333,0.5436123351573534,3743.0,0.008799333398002021,8.9432
LD,q3a,1.769364,0.197844619375615,1143974.5,0.5414331026448375,3743.1666666666665,0.006620100885486109,8.9432
LD,q3a,1.946301,0.21762914840325615,1140155.8333333333,0.5350439805882511,-75.5,0.00023097882889975643,8.9432
LD,q3a,2.140931,0.2393920520619018,1144105.0,0.5430626481733736,3873.6666666666665,0.008249646414022224,8.9432
LD,q3a,2.355024,0.263331246086412,1144105.0,0.5454590095434609,3873.6666666666665,0.010646007784109568,8.9432
LD,q3a,2.590526,0.2896643259683335,1144105.0,0.5446850753367184,3873.6666666666665,0.00987207357736708,8.9432
LD,q3a,2.849579,0.3186308032918866,1144105.0,0.5426957098606654,3873.6666666666665,0.00788270810131401,8.9432
LD,q3a,3.134537,0.35049389480275517,1144105.0,0.5425375430499393,3873.6666666666665,0.007724541290587879,8.9432
LD,q3a,3.447991,0.38554331782807055,1144105.0,0.5378954076281618,3873.6666666666665,0.0030824058688104414,8.9432
LD,q3a,3.79279,0.4240976384291977,1144105.0,0.5409225925913171,3873.6666666666665,0.006109590831965744,8.9432
LD,q3a,4.172069,0.46650740227211734,1143299.5,0.5391159797013155,3068.1666666666665,0.004302977941964141,8.9432
LD,q3a,4.589276,0.513158153681009,1143299.5,0.5411268548407445,3068.1666666666665,0.006313853081393178,8.9432
LD,q3a,5.048203,0.5644739019590304,1140291.0,0.5347327321096931,59.666666666666664,-8.026964965828405e-05,8.9432
LD,q3a,5.553024,0.6209213704266929,1144105.0,0.544463699927835,3873.6666666666665,0.009650698168483776,8.9432
LD,q3a,6.108326,0.6830134627426425,1143926.0,0.543183567137402,3694.6666666666665,0.00837056537805054,8.9432
LD,q3a,6.719159,0.7513148537436265,1143926.0,0.5410119266430969,3694.6666666666665,0.0061989248837455435,8.9432
LD,q3a,7.391074,0.8264462384828697,1143763.0833333333,0.5401299769485389,3531.75,0.005316975189187538,8.9432
LD,q3a,8.130182,0.9090909294212363,1144045.3333333333,0.5441088584174102,3814.0,0.009295856658058793,8.9432
LD,q3a,8.9432,1.0,1140231.3333333333,0.5348130017593514,0.0,0.0,8.9432
LD,q3a,9.83752,1.1,1144015.5,0.5423266214224193,3784.1666666666665,0.007513619663067868,8.9432
LD,q3a,10.821272,1.2100000000000002,1144043.5,0.5448465626132749,3812.1666666666665,0.010033560853923559,8.9432
LD,q3a,11.903399,1.3309999776366404,1144043.6666666667,0.5438424286809649,3812.3333333333335,0.009029426921613598,8.9432
LD,q3a,13.093739,1.4640999865819841,1144043.6666666667,0.5435153247176335,3812.3333333333335,0.008702322958282141,8.9432
LD,q3a,14.403113,1.6105099964218625,1144043.6666666667,0.5398820314759617,3812.3333333333335,0.005069029716610339,8.9432
LD,q3a,15.843424,1.7715609625190092,1144043.6666666667,0.5424023061191209,3812.3333333333335,0.0075893043597695204,8.9432
LD,q3a,17.427767,1.9487171258609894,1144043.6666666667,0.539714083637223,3812.3333333333335,0.004901081877871527,8.9432
LD,q3a,19.170543,2.1435887601753287,1144043.6666666667,0.5429573275038262,3812.3333333333335,0.008144325744474804,8.9432
LD,q3a,21.087598,2.3579477144646215,1144174.1666666667,0.5437112852391294,3942.8333333333335,0.00889828347977801,8.9432
LD,q3a,23.196358,2.593742508274443,1144174.1666666667,0.5445220294065043,3942.8333333333335,0.009709027647152904,8.9432
LD,q3a,25.515993,2.8531166696484482,1140358.0833333333,0.5385289092148834,126.75,0.0037159074555320193,8.9432
LD,q3a,28.067593,3.1384284148850523,1144174.5,0.5427634271654495,3943.1666666666665,0.00795042540609798,8.9432
LD,q3a,30.874352,3.452271222828518,1144174.5,0.5402154600075829,3943.1666666666665,0.005402458248231583,8.9432
LD,q3a,33.961787,3.79749832274801,1144174.5,0.5440969988720351,3943.1666666666665,0.009283997112683814,8.9432
LD,q3a,37.357966,4.177248188567851,1140358.1666666667,0.535022437564307,126.83333333333333,0.00020943580495554523,8.9432
LD,q3a,41.093762,4.594972940334556,1143369.0833333333,0.540973591117021,3137.75,0.006160589357669721,8.9432
LD,q3a,45.203139,5.054470323821452,1143369.0833333333,0.5418203639553779,3137.75,0.007007362196026601,8.9432
LD,q3a,49.723453,5.559917367385276,1143362.1666666667,0.5394831415997103,3130.8333333333335,0.004670139840358957,8.9432
LD,q3a,54.695798,6.115909070578764,1144167.6666666667,0.5407189037893084,3936.3333333333335,0.005905902029957046,8.9432
LD,q3a,60.165378,6.7275,1143988.6666666667,0.5417674941245391,3757.3333333333335,0.0069544923651877295,8.9432
LD,q3a,66.181915,7.400249910546561,1143988.6666666667,0.543057639091365,3757.3333333333335,0.008244637332013674,8.9432
LD,q3a,72.800107,8.140274957509616,1143824.0833333333,0.5412439709141657,3592.75,0.006430969154814318,8.9432
LD,q3a,80.080118,8.954302486805618,1144106.5833333333,0.5419833149844996,3875.25,0.007170313225148254,8.9432
LD,q3a,88.088129,9.84973264603274,1144106.3333333333,0.5429217274648854,3875.0,0.008108725705534068,8.9432
LD,q1b,0.362954,0.1015255944055944,1144102.6666666667,0.5407225721294958,9659.25,0.004698490826541289,3.575
LD,q1b,0.399249,0.11167804195804196,1144218.5,0.5400901233044256,9775.083333333334,0.004066042001471056,3.575
LD,q1b,0.439174,0.12284587412587412,1144274.25,0.5376904215138606,9830.833333333334,0.0016663402109061143,3.575
LD,q1b,0.483092,0.13513062937062936,1144322.5833333333,0.5383057748817339,9879.166666666666,0.0022816935787793404,3.575
LD,q1b,0.531401,0.14864363636363637,1144437.4166666667,0.5404058032382174,9994.0,0.0043817219352627335,3.575
LD,q1b,0.584541,0.16350797202797202,1144575.5,0.5386745329362653,10132.083333333334,0.002650451633310791,3.575
LD,q1b,0.642995,0.17985874125874124,1144764.25,0.5392045201208479,10320.833333333334,0.0031804388178932885,3.575
LD,q1b,0.707295,0.19784475524475523,1144921.5833333333,0.5375419963380336,10478.166666666666,0.0015179150350789945,3.575
LD,q1b,0.778024,0.2176290909090909,1145055.0,0.5369253395231735,10611.583333333334,0.0009012582202188498,3.575
LD,q1b,0.855827,0.23939216783216782,1145245.5,0.5417804795130746,10802.083333333334,0.005756398210120121,3.575
LD,q1b,0.941409,0.26333118881118883,1145407.75,0.5386004596324828,10964.333333333334,0.0025763783295283025,3.575
LD,q1b,1.03555,0.28966433566433564,1141022.3333333333,0.5345759853337358,6578.916666666667,-0.0014480959692186786,3.575
LD,q1b,1.139105,0.3186307692307692,1141280.5833333333,0.5363219520027595,6837.166666666667,0.0002978706998048586,3.575
LD,q1b,1.253016,0.35049398601398596,1141536.75,0.5369325560921551,7093.333333333333,0.0009084747892004197,3.575
LD,q1b,1.378317,0.3855432167832168,1141792.4166666667,0.5348583269072513,7349.0,-0.0011657543957032483,3.575
LD,q1b,1.516149,0.42409762237762233,1142127.8333333333,0.5377338796944807,7684.416666666667,0.0017097983915260833,3.575
LD,q1b,1.667764,0.4665074125874126,1142430.25,0.5338087057486354,7986.833333333333,-0.0022153755543191564,3.575
LD,q1b,1.83454,0.5131580419580419,1142809.5833333333,0.5350468988837017,8366.166666666666,-0.0009771824192527367,3.575
LD,q1b,2.017994,0.5644738461538461,1143175.5833333333,0.5370665984852563,8732.166666666666,0.0010425171823018238,3.575
LD,q1b,2.219794,0.6209213986013985,1143432.5833333333,0.5400526155115267,8989.166666666666,0.004028534208572188,3.575
LD,q1b,2.441773,0.6830134265734266,1143714.8333333333,0.535353586866815,9271.416666666666,-0.0006704944361394979,3.575
LD,q1b,2.68595,0.7513146853146853,1144070.3333333333,0.5414005995352024,9626.916666666666,0.005376518232247792,3.575
LD,q1b,2.954545,0.8264461538461538,1144340.5833333333,0.5406812863566043,9897.166666666666,0.004657205053649767,3.575
LD,q1b,3.25,0.9090909090909091,1130559.6666666667,0.5301347705926992,-3883.75,-0.005889310710255308,3.575
LD,q1b,3.575,1.0,1134443.4166666667,0.5360240813029545,0.0,0.0,3.575
LD,q1b,3.9325,1.0999999999999999,1140910.6666666667,0.5378534357057981,6467.25,0.0018293544028435416,3.575
LD,q1b,4.32575,1.21,1145210.3333333333,0.5419507543573049,10766.916666666666,0.005926673054350379,3.575
LD,q1b,4.758325,1.331,1145714.4166666667,0.5394137279059585,11271.0,0.003389646603004041,3.575
LD,q1b,5.234158,1.4641001398601396,1147049.75,0.5444421184560111,12606.333333333334,0.008418037153056548,3.575
LD,q1b,5.757573,1.61050993006993,1147538.3333333333,0.541270739875164,13094.916666666666,0.005246658572209582,3.575
LD,q1b,6.333331,1.771561118881119,1148001.25,0.5456727365028374,13557.833333333334,0.009648655199882922,3.575
LD,q1b,6.966664,1.9487172027972026,1148603.75,0.5425767757705809,14160.333333333334,0.0065526944676263426,3.575
LD,q1b,7.66333,2.143588811188811,1149056.9166666667,0.5413895272584522,14613.5,0.005365445955497705,3.575
LD,q1b,8.429663,2.3579476923076923,1149984.75,0.5428593950977356,15541.333333333334,0.006835313794781084,3.575
LD,q1b,9.272629,2.5937423776223776,1150724.25,0.5450220194524505,16280.833333333334,0.008997938149495963,3.575
LD,q1b,10.199892,2.853116643356643,1151431.6666666667,0.5464890212908118,16988.25,0.010464939987857275,3.575
LD,q1b,11.219881,3.138428251748252,1152077.9166666667,0.5495386974537503,17634.5,0.01351461615079567,3.575
LD,q1b,12.34187,3.4522713286713285,1152453.9166666667,0.5488475149829459,18010.5,0.012823433679991392,3.575
LD,q1b,13.576057,3.7974984615384613,1152883.25,0.54888912170733,18439.833333333332,0.012865040404375416,3.575
LD,q1b,14.933662,4.177248111888112,1153296.0833333333,0.5478479966320675,18852.666666666668,0.011823915329112986,3.575
LD,q1b,16.427028,4.594972867132867,1149112.75,0.5437759328366439,14669.333333333334,0.00775185153368944,3.575
LD,q1b,18.069731,5.0544702097902094,1154313.3333333333,0.5508365414359085,19869.916666666668,0.014812460132954,3.575
LD,q1b,19.876704,5.559917202797203,1154866.0,0.550741310313602,20422.583333333332,0.01471722901064739,3.575
LD,q1b,21.864375,6.11590909090909,1155567.1666666667,0.5531568871457401,21123.75,0.01713280584278551,3.575
LD,q1b,24.050812,6.72749986013986,1156154.0833333333,0.5526067511933549,21710.666666666668,0.01658266989040034,3.575
LD,q1b,26.455894,7.4002500699300695,1156790.75,0.5532818292558356,22347.333333333332,0.01725774795288107,3.575
LD,q1b,29.101483,8.140274965034966,1157344.4166666667,0.5543162308185151,22901.0,0.018292149515560602,3.575
LD,q1b,32.011631,8.954302377622378,1157355.6666666667,0.5564923218043877,22912.25,0.020468240501433227,3.575
LD,q1b,35.212794,9.849732587412587,1157377.4166666667,0.5663660243979799,22934.0,0.030341943095025248,3.575
LD,Ap3,0.03927,0.1015253360910031,1136904.9166666667,0.5202409685461895,-2191.75,-0.01760695083944705,0.3868
LD,Ap3,0.043197,0.11167786970010342,1141683.8333333333,0.5297444569237505,2587.1666666666665,-0.008103462461886054,0.3868
LD,Ap3,0.047517,0.1228464322647363,1141715.25,0.52811628280689,2618.5833333333335,-0.009731636578746502,0.3868
LD,Ap3,0.052269,0.13513185108583248,1141701.5,0.5328812887196569,2604.8333333333335,-0.0049666306659797155,0.3868
LD,Ap3,0.057495,0.14864270941054808,1142029.75,0.529040512086123,2933.0833333333335,-0.008807407299513506,0.3868
LD,Ap3,0.063245,0.16350827300930712,1141698.8333333333,0.5311135290693993,2602.1666666666665,-0.006734390316237136,0.3868
LD,Ap3,0.069569,0.17985780765253365,1142110.75,0.5266666003041723,3014.0833333333335,-0.01118131908146421,0.3868
LD,Ap3,0.076526,0.19784384694932783,1141784.9166666667,0.529972258344375,2688.25,-0.007875661041261436,0.3868
LD,Ap3,0.084179,0.21762926577042402,1142748.3333333333,0.526063444045989,3651.6666666666665,-0.011784475339647521,0.3868
LD,Ap3,0.092597,0.23939245087900726,1141763.25,0.5319016210615145,2666.5833333333335,-0.005946298324122014,0.3868
LD,Ap3,0.101857,0.26333247156153056,1141751.75,0.5307703027576435,2655.0833333333335,-0.007077616627992972,0.3868
LD,Ap3,0.112042,0.28966390899689765,1142318.75,0.5254327919016842,3222.0833333333335,-0.012415127483952201,0.3868
LD,Ap3,0.123246,0.3186297828335057,1142172.75,0.5316150463375205,3076.0833333333335,-0.006232873048115965,0.3868
LD,Ap3,0.135571,0.35049379524301966,1142037.25,0.53309581531019,2940.5833333333335,-0.004752104075446527,0.3868
LD,Ap3,0.149128,0.3855429162357808,1142714.3333333333,0.523583192893012,3617.6666666666665,-0.014264726492624558,0.3868
LD,Ap3,0.164041,0.4240977249224405,1142808.0,0.5275658600431522,3711.3333333333335,-0.010282059342484273,0.3868
LD,Ap3,0.180445,0.46650723888314377,1143014.1666666667,0.5289053278498224,3917.5,-0.008942591535814207,0.3868
LD,Ap3,0.19849,0.5131592554291624,1137911.9166666667,0.5225398439269238,-1184.75,-0.01530807545871272,0.3868
LD,Ap3,0.218339,0.5644751809720786,1143077.75,0.5383062228926803,3981.0833333333335,0.0004583035070436596,0.3868
LD,Ap3,0.240172,0.6209203722854189,1143575.6666666667,0.5357895840586856,4479.0,-0.002058335326950924,0.3868
LD,Ap3,0.26419,0.6830144777662874,1139406.1666666667,0.5262778020862516,309.5,-0.011570117299384971,0.3868
LD,Ap3,0.290609,0.7513159255429163,1145124.1666666667,0.5383289213101868,6027.5,0.0004810019245503154,0.3868
LD,Ap3,0.319669,0.8264451913133403,1146087.5833333333,0.5406370758461614,6990.916666666667,0.0027891564605248367,0.3868
LD,Ap3,0.351636,0.9090899689762152,1146983.1666666667,0.5441464098862814,7886.5,0.006298490500644793,0.3868
LD,Ap3,0.3868,1.0,1139096.6666666667,0.5378479193856366,0.0,0.0,0.3868
LD,Ap3,0.42548,1.1,1145010.75,0.5351062785240667,5914.083333333333,-0.002741640861569953,0.3868
LD,Ap3,0.468028,1.21,1151108.25,0.5436531681878431,12011.583333333334,0.005805248802206647,0.3868
LD,Ap3,0.514831,1.3310005170630819,1153143.5833333333,0.5448290592480022,14046.916666666666,0.0069811398623656025,0.3868
LD,Ap3,0.566314,1.4641003102378491,1155646.9166666667,0.544851353997954,16550.25,0.007003434612317468,0.3868
LD,Ap3,0.622945,1.6105093071354706,1157249.6666666667,0.5466261394413562,18153.0,0.00877822005571959,0.3868
LD,Ap3,0.68524,1.7715615305067218,1154901.4166666667,0.5393162049776165,15804.75,0.0014682855919798028,0.3868
LD,Ap3,0.753764,1.948717683557394,1160998.1666666667,0.5440233954731207,21901.5,0.00617547608748419,0.3868
LD,Ap3,0.82914,2.14358841778697,1158719.0,0.5405403351592223,19622.333333333332,0.002692415773585727,0.3868
LD,Ap3,0.912054,2.3579472595656674,1164269.4166666667,0.547829079041672,25172.75,0.009981159656035419,0.3868
LD,Ap3,1.00326,2.593743536711479,1163463.25,0.5409592458727125,24366.583333333332,0.003111326487075979,0.3868
LD,Ap3,1.103586,2.853117890382627,1164710.25,0.5400210840667061,25613.583333333332,0.0021731646810695393,0.3868
LD,Ap3,1.213944,3.138428128231644,1164413.1666666667,0.5420736970318194,25316.5,0.004225777646182954,0.3868
LD,Ap3,1.335339,3.452272492244054,1164110.6666666667,0.5476735386221024,25014.0,0.009825619236465891,0.3868
LD,Ap3,1.468872,3.7974974146845915,1163793.5833333333,0.5511752290233296,24696.916666666668,0.013327309637693074,0.3868
LD,Ap3,1.61576,4.177249224405378,1163483.1666666667,0.556932729684199,24386.5,0.019084810298562516,0.3868
LD,Ap3,1.777336,4.5949741468459155,1163032.9166666667,0.5535561703995481,23936.25,0.015708251013911555,0.3868
LD,Ap3,1.955069,5.054470010341261,1162250.4166666667,0.5420339807994438,23153.75,0.004186061413807164,0.3868
LD,Ap3,2.150576,5.559917269906929,1161119.5833333333,0.5405848706084541,22022.916666666668,0.002736951222817474,0.3868
LD,Ap3,2.365634,6.115910031023786,1159845.0,0.5347312877552235,20748.333333333332,-0.003116631630413045,0.3868
LD,Ap3,2.602197,6.7275,1153962.5833333333,0.5500015155203722,14865.916666666666,0.01215359613473573,0.3868
LD,Ap3,2.862417,7.400250775594624,1156772.8333333333,0.5589138496714962,17676.166666666668,0.021065930285859586,0.3868
LD,Ap3,3.148658,8.1402740434333,1155023.6666666667,0.5621613907681494,15927.0,0.024313471382512913,0.3868
LD,Ap3,3.463524,8.954301964839711,1153176.3333333333,0.5616472696991405,14079.666666666666,0.023799350313503873,0.3868
LD,Ap3,3.809877,9.849733712512927,1151522.3333333333,0.5584000035209566,12425.666666666666,0.02055208413532016,0.3868
LD,k2,0.035534,0.1015257142857143,1142017.25,0.69777290830781,15565.5,0.17133635908036918,0.35
LD,k2,0.039087,0.11167714285714285,1142416.9166666667,0.6970016609113988,15965.166666666666,0.17056511168395805,0.35
LD,k2,0.042996,0.1228457142857143,1153557.0,0.6930413357525561,27105.25,0.1666047865251152,0.35
LD,k2,0.047296,0.13513142857142857,1154158.75,0.6871172798674708,27707.0,0.1606807306400299,0.35
LD,k2,0.052025,0.14864285714285716,1154724.0833333333,0.6786778855251537,28272.333333333332,0.1522413362977129,0.35
LD,k2,0.057228,0.16350857142857145,1155120.4166666667,0.675076574052465,28668.666666666668,0.14864002482502414,0.35
LD,k2,0.062951,0.17986,1155534.5833333333,0.6699533360238136,29082.833333333332,0.14351678679637261,0.35
LD,k2,0.069246,0.1978457142857143,1155883.5833333333,0.6633780090554695,29431.833333333332,0.1369414598280286,0.35
LD,k2,0.07617,0.21762857142857145,1154510.4166666667,0.6577949238872177,28058.666666666668,0.13135837465977676,0.35
LD,k2,0.083787,0.2393914285714286,1156524.25,0.6425239867318734,30072.5,0.11608743750443239,0.35
LD,k2,0.092166,0.2633314285714286,1156871.9166666667,0.6251132198256034,30420.166666666668,0.09867667059816254,0.35
LD,k2,0.101383,0.2896657142857143,1157412.3333333333,0.6049295209524055,30960.583333333332,0.07849297172496457,0.35
LD,k2,0.111521,0.31863142857142857,1158450.75,0.5788430500987358,31999.0,0.052406500871294885,0.35
LD,k2,0.122673,0.35049428571428576,1157708.8333333333,0.5608786765124189,31257.083333333332,0.03444212728497789,0.35
LD,k2,0.13494,0.3855428571428572,1155476.5,0.5466353398287551,29024.75,0.020198790601314204,0.35
LD,k2,0.148434,0.4240971428571429,1156144.25,0.5281949243467383,29692.5,0.0017583751192974256,0.35
LD,k2,0.163278,0.4665085714285715,1153320.8333333333,0.5147345622072595,26869.083333333332,-0.011701987020181312,0.35
LD,k2,0.179605,0.5131571428571429,1150271.0833333333,0.5228061916620608,23819.333333333332,-0.0036303575653801414,0.35
LD,k2,0.197566,0.5644742857142857,1147299.1666666667,0.5187313250652944,20847.416666666668,-0.007705224162146575,0.35
LD,k2,0.217322,0.62092,1143450.5,0.4997924417354975,16998.75,-0.02664410749194346,0.35
LD,k2,0.239055,0.6830142857142857,1140783.9166666667,0.48360216176051535,14332.166666666666,-0.04283438746692553,0.35
LD,k2,0.26296,0.7513142857142858,1139108.25,0.48746393135835026,12656.5,-0.03897261786909065,0.35
LD,k2,0.289256,0.8264457142857143,1144036.6666666667,0.5119751905413371,17584.916666666668,-0.014461358686103895,0.35
LD,k2,0.318182,0.9090914285714287,1144862.25,0.5317588524080313,18410.5,0.005322303180590525,0.35
LD,k2,0.35,1.0,1126451.75,0.5264365492274409,0.0,0.0,0.35
LD,k2,0.385,1.1,1131737.8333333333,0.5460805700363509,5286.083333333333,0.019644020808910017,0.35
LD,k2,0.4235,1.21,1134674.9166666667,0.5623427107230733,8223.166666666666,0.03590616149563231,0.35
LD,k2,0.46585,1.331,1138257.8333333333,0.5660625448036906,11806.083333333334,0.039625995576249705,0.35
LD,k2,0.512435,1.4641,1139775.4166666667,0.577101238151123,13323.666666666666,0.050664688923682054,0.35
LD,k2,0.563678,1.6105085714285716,1138139.9166666667,0.5826455796788043,11688.166666666666,0.0562090304513633,0.35
LD,k2,0.620046,1.77156,1136762.0833333333,0.5868711028157195,10310.333333333334,0.06043455358827851,0.35
LD,k2,0.682051,1.9487171428571428,1135304.1666666667,0.5942797830647316,8852.416666666666,0.0678432338372907,0.35
LD,k2,0.750256,2.143588571428572,1133843.5833333333,0.5933761512231593,7391.833333333333,0.06693960199571851,0.35
LD,k2,0.825282,2.3579485714285715,1133168.5833333333,0.5943507715529768,6716.833333333333,0.06791422232553576,0.35
LD,k2,0.90781,2.5937428571428573,1129574.8333333333,0.5853575327979068,3123.0833333333335,0.05892098357046585,0.35
LD,k2,0.998591,2.853117142857143,1133950.0833333333,0.5949779728505262,7498.333333333333,0.06854142362308543,0.35
LD,k2,1.09845,3.1384285714285713,1130438.5,0.6035365746614774,3986.75,0.0771000254340365,0.35
LD,k2,1.208295,3.4522714285714287,1130184.0833333333,0.62798737020303,3732.3333333333335,0.1015508209755891,0.35
LD,k2,1.329124,3.797497142857143,1134809.8333333333,0.6820889282284791,8358.083333333334,0.15565237900103804,0.35
LD,k2,1.462037,4.177248571428572,1159892.5,0.7262134510966658,33440.75,0.19977690186922484,0.35
LD,k2,1.608241,4.594974285714286,1151267.6666666667,0.6561206000292574,24815.916666666668,0.12968405080181647,0.35
LD,k2,1.769065,5.054471428571429,1153400.75,0.7107349074968298,26949.0,0.18429835826938892,0.35
LD,k2,1.945971,5.559917142857143,1145091.75,0.5466594797935401,18640.0,0.020222930566099095,0.35
LD,k2,2.140568,6.115908571428572,1145093.25,0.5443339914659411,18641.5,0.01789744223850015,0.35
LD,k2,2.354625,6.7275,1144879.0,0.5420081827242738,18427.25,0.015571633496832882,0.35
LD,k2,2.590087,7.400248571428572,1144599.6666666667,0.541310273388508,18147.916666666668,0.014873724161067072,0.35
LD,k2,2.849096,8.140274285714286,1140402.4166666667,0.5435506795317288,13950.666666666666,0.017114130304287895,0.35
LD,k2,3.134006,8.954302857142856,1143781.5833333333,0.5423860786743844,17329.833333333332,0.01594952944694349,0.35
LD,k2,3.447406,9.84973142857143,1143236.5833333333,0.5491589533262745,16784.833333333332,0.022722404098833665,0.35
LD,Bm8,0.078459,0.10152562111801242,1167565.1666666667,0.605213186364488,26066.5,0.07173270269067822,0.7728
LD,Bm8,0.086305,0.11167831262939959,1168004.25,0.5928738586535522,26505.583333333332,0.05939337497974245,0.7728
LD,Bm8,0.094935,0.12284549689440993,1167843.0833333333,0.5977462867922164,26344.416666666668,0.06426580311840663,0.7728
LD,Bm8,0.104429,0.13513069358178054,1168255.6666666667,0.591074879782408,26757.0,0.05759439610859824,0.7728
LD,Bm8,0.114872,0.1486438923395445,1168671.1666666667,0.5822986729364504,27172.5,0.04881818926264056,0.7728
LD,Bm8,0.126359,0.1635080227743271,1169069.75,0.5717881067792733,27571.083333333332,0.03830762310546346,0.7728
LD,Bm8,0.138995,0.17985895445134575,1168949.0,0.5594146824144178,27450.333333333332,0.025934198740608084,0.7728
LD,Bm8,0.152894,0.1978442028985507,1168820.0,0.5504750490694129,27321.333333333332,0.016994565395603133,0.7728
LD,Bm8,0.168184,0.2176293995859213,1168726.1666666667,0.5459670017891097,27227.5,0.012486518115299985,0.7728
LD,Bm8,0.185002,0.23939182194616976,1168248.8333333333,0.5371811392969755,26750.166666666668,0.003700655623165766,0.7728
LD,Bm8,0.203502,0.2633307453416149,1167447.6666666667,0.5259963104862363,25949.0,-0.007484173187573569,0.7728
LD,Bm8,0.223853,0.28966485507246376,1166574.3333333333,0.5025264735189336,25075.666666666668,-0.03095401015487621,0.7728
LD,Bm8,0.246238,0.3186309523809524,1167178.5833333333,0.43699658709896205,25679.916666666668,-0.09648389657484778,0.7728
LD,Bm8,0.270862,0.35049430641821944,1168992.75,0.45087169062454785,27494.083333333332,-0.08260879304926187,0.7728
LD,Bm8,0.297948,0.38554347826086954,1169252.75,0.5168558176344621,27754.083333333332,-0.01662466603934769,0.7728
LD,Bm8,0.327743,0.4240980848861283,1170960.5,0.49463610512708023,29461.833333333332,-0.038844378546729626,0.7728
LD,Bm8,0.360517,0.4665075051759834,1162647.75,0.5240722890652266,21149.083333333332,-0.00940819460858324,0.7728
LD,Bm8,0.396569,0.5131586438923396,1160031.25,0.5354482949855125,18532.583333333332,0.001967811311702705,0.7728
LD,Bm8,0.436225,0.5644733436853001,1157589.3333333333,0.538800895221813,16090.666666666666,0.005320411548003066,0.7728
LD,Bm8,0.479848,0.6209213250517598,1155060.0,0.539654798301099,13561.333333333334,0.006174314627289105,0.7728
LD,Bm8,0.527833,0.6830137163561076,1152852.75,0.5439349543645198,11354.083333333334,0.010454470690709983,0.7728
LD,Bm8,0.580616,0.7513146997929606,1151500.25,0.5442539037990134,10001.583333333334,0.010773420125203612,0.7728
LD,Bm8,0.638678,0.8264466873706003,1150786.3333333333,0.5441581059573822,9287.666666666666,0.010677622283572469,0.7728
LD,Bm8,0.702545,0.909090320910973,1150344.25,0.5427485293112091,8845.583333333334,0.009268045637399367,0.7728
LD,Bm8,0.7728,1.0,1141498.6666666667,0.5334804836738098,0.0,0.0,0.7728
LD,Bm8,0.85008,1.0999999999999999,1145821.4166666667,0.5424707929476317,4322.75,0.008990309273821892,0.7728
LD,Bm8,0.935088,1.21,1149718.5,0.5444308163981967,8219.833333333334,0.0109503327243869,0.7728
LD,Bm8,1.028597,1.3310002587991718,1141101.4166666667,0.53727990565199,-397.25,0.003799421978180173,0.7728
LD,Bm8,1.131456,1.4640993788819876,1145433.0833333333,0.5437243307648975,3934.4166666666665,0.01024384709108773,0.7728
LD,Bm8,1.244602,1.61050983436853,1140976.8333333333,0.5344239241412995,-521.8333333333334,0.0009434404674896757,0.7728
LD,Bm8,1.369062,1.7715605590062111,1145315.5,0.5424691031110298,3816.8333333333335,0.008988619437220088,0.7728
LD,Bm8,1.505969,1.9487176501035195,1145322.4166666667,0.5421504337790676,3823.75,0.00866995010525782,0.7728
LD,Bm8,1.656565,2.1435882505175985,1145272.9166666667,0.5418214646251305,3774.25,0.008340980951320706,0.7728
LD,Bm8,1.822222,2.3579477225672876,1145264.9166666667,0.5449205950984237,3766.25,0.011440111424613847,0.7728
LD,Bm8,2.004444,2.5937422360248443,1145346.6666666667,0.5398511378350471,3848.0,0.006370654161237351,0.7728
LD,Bm8,2.204889,2.8531172360248447,1145343.0,0.5423185764271289,3844.3333333333335,0.008838092753319093,0.7728
LD,Bm8,2.425377,3.1384277950310557,1145348.5833333333,0.5420659122339043,3849.9166666666665,0.008585428560094616,0.7728
LD,Bm8,2.667915,3.4522709627329187,1145341.25,0.5409386947422734,3842.5833333333335,0.007458211068463634,0.7728
LD,Bm8,2.934707,3.7974987060041405,1145335.0833333333,0.5408896827588604,3836.4166666666665,0.007409199085050684,0.7728
LD,Bm8,3.228177,4.1772476708074535,1145285.1666666667,0.5438228313929951,3786.5,0.010342347719185463,0.7728
LD,Bm8,3.550995,4.5949728260869565,1145289.0,0.5416871659016896,3790.3333333333335,0.008206682227879902,0.7728
LD,Bm8,3.906095,5.054470755693582,1140829.5833333333,0.5343431627015223,-669.0833333333334,0.000862679027712504,0.7728
LD,Bm8,4.296704,5.55991718426501,1139956.5,0.5315391019104658,-1542.1666666666667,-0.0019413817633438524,0.7728
LD,Bm8,4.726375,6.115909679089026,1144399.75,0.5368419269488501,2901.0833333333335,0.0033614432750403525,0.7728
LD,Bm8,5.199012,6.727499999999999,1145206.0,0.541765994539762,3707.3333333333335,0.008285510865952342,0.7728
LD,Bm8,5.718913,7.4002497412008275,1145213.0,0.5400016464091417,3714.3333333333335,0.006521162735331913,0.7728
LD,Bm8,6.290804,8.140274327122153,1140585.8333333333,0.5343809904669176,-912.8333333333334,0.0009005067931078617,0.7728
LD,Bm8,6.919885,8.954302536231884,1145037.0833333333,0.5406964475242442,3538.4166666666665,0.0072159638504344,0.7728
LD,Bm8,7.611873,9.849732142857142,1144865.6666666667,0.538581644211375,3367.0,0.005101160537565218,0.7728
LD,q3b,0.567518,0.10152560868709637,1149609.1666666667,0.5505409265402758,9213.083333333334,0.013995189253908644,5.5899
LD,q3b,0.62427,0.11167820533462136,1144954.0,0.5416798753167064,4557.916666666667,0.005134138030339371,5.5899
LD,q3b,0.686697,0.1228460258680835,1149609.1666666667,0.5503661754211799,9213.083333333334,0.013820438134812827,5.5899
LD,q3b,0.755366,0.13513050322903808,1149609.1666666667,0.5499477664650525,9213.083333333334,0.013402029178685474,5.5899
LD,q3b,0.830903,0.1486436251095726,1149609.1666666667,0.5513518493997897,9213.083333333334,0.014806112113422606,5.5899
LD,q3b,0.913993,0.16350793395230684,1149609.1666666667,0.5522011634787537,9213.083333333334,0.015655426192386673,5.5899
LD,q3b,1.005393,0.1798588525733913,1144972.5,0.5437124434102395,4576.416666666667,0.0071667061238724905,5.5899
LD,q3b,1.105932,0.19784468416250736,1144972.5,0.5448102345467972,4576.416666666667,0.008264497260430123,5.5899
LD,q3b,1.216525,0.21762911679994276,1144972.5,0.5460872146458837,4576.416666666667,0.009541477359516678,5.5899
LD,q3b,1.338178,0.23939211792697546,1144972.5,0.5453666063970107,4576.416666666667,0.008820869110643706,5.5899
LD,q3b,1.471995,0.2633311866044115,1144972.5,0.5405270094726299,4576.416666666667,0.003981272186262809,5.5899
LD,q3b,1.619195,0.2896643947118911,1144972.5,0.5447479361305194,4576.416666666667,0.00820219884415239,5.5899
LD,q3b,1.781114,0.3186307447360418,1144972.5,0.543284252445153,4576.416666666667,0.006738515158786031,5.5899
LD,q3b,1.959226,0.350493926546092,1144972.5,0.5450584547228315,4576.416666666667,0.008512717436464553,5.5899
LD,q3b,2.155148,0.38554321186425516,1145103.1666666667,0.5465305308361282,4707.083333333333,0.009984793549761293,5.5899
LD,q3b,2.370663,0.42409756882949606,1145103.1666666667,0.5427626124760114,4707.083333333333,0.006216875189644394,5.5899
LD,q3b,2.60773,0.46650745093829943,1145103.1666666667,0.5417973872042756,4707.083333333333,0.005251649917908534,5.5899
LD,q3b,2.868503,0.5131581960321294,1140385.0,0.5372212872829992,-11.083333333333334,0.0006755499966322557,5.5899
LD,q3b,3.155353,0.5644739619671192,1145103.1666666667,0.5454535946540459,4707.083333333333,0.008907857367678832,5.5899
LD,q3b,3.470888,0.6209213044956081,1145103.1666666667,0.5393988266832616,4707.083333333333,0.0028530893968944926,5.5899
LD,q3b,3.817977,0.6830134707239843,1145103.1666666667,0.5429785702907254,4707.083333333333,0.0064328330043583,5.5899
LD,q3b,4.199775,0.7513148714646057,1144297.6666666667,0.53951705726907,3901.5833333333335,0.0029713199827029655,5.5899
LD,q3b,4.619752,0.826446269164028,1144308.9166666667,0.5398514335040309,3912.8333333333335,0.003305696217663865,5.5899
LD,q3b,5.081727,0.9090908603016153,1145114.25,0.5429138442258499,4718.166666666667,0.006368106939482855,5.5899
LD,q3b,5.5899,1.0,1140396.0833333333,0.536545737286367,0.0,0.0,5.5899
LD,q3b,6.14889,1.0999999999999999,1145034.3333333333,0.5418826750591329,4638.25,0.005336937772765958,5.5899
LD,q3b,6.763779,1.21,1145034.3333333333,0.5397352038515463,4638.25,0.003189466565179313,5.5899
LD,q3b,7.440157,1.3310000178894077,1144841.0,0.5361818405300873,4444.916666666667,-0.0003638967562796432,5.5899
LD,q3b,8.184173,1.4641000733465714,1145123.8333333333,0.5423587135327392,4727.75,0.00581297624637217,5.5899
LD,q3b,9.00259,1.6105100270130055,1145094.0,0.5432363204799576,4697.916666666667,0.006690583193590699,5.5899
LD,q3b,9.902849,1.771561029714306,1145094.0,0.5435698706682146,4697.916666666667,0.0070241333818475415,5.5899
LD,q3b,10.893134,1.9487171505751444,1145052.8333333333,0.5442506863443869,4656.75,0.0077049490580198,5.5899
LD,q3b,11.982447,2.1435887940750282,1145053.1666666667,0.5448680450700537,4657.083333333333,0.008322307783686589,5.5899
LD,q3b,13.180692,2.357947727150754,1145089.25,0.5446563850898286,4693.166666666667,0.00811064780346161,5.5899
LD,q3b,14.498761,2.593742464087014,1145089.25,0.5401400751428608,4693.166666666667,0.0035943378564937587,5.5899
LD,q3b,15.948637,2.853116692606308,1145089.25,0.5429981642214173,4693.166666666667,0.006452426935050252,5.5899
LD,q3b,17.543501,3.1384284155351616,1145089.25,0.5411329331362631,4693.166666666667,0.0045871958498960586,5.5899
LD,q3b,19.297851,3.4522712391992703,1145089.0,0.5439386434338414,4692.916666666667,0.007392906147474278,5.5899
LD,q3b,21.227636,3.7974983452297892,1145219.6666666667,0.5460348912343099,4823.583333333333,0.009489153947942966,5.5899
LD,q3b,23.3504,4.177248251310399,1145212.8333333333,0.5448032257216228,4816.75,0.008257488435255691,5.5899
LD,q3b,25.68544,4.5949730764414385,1145212.5833333333,0.5442341403626444,4816.5,0.007688403076277374,5.5899
LD,q3b,28.253983,5.054470205191507,1140492.5833333333,0.5372494730730347,96.5,0.0007037357866677141,5.5899
LD,q3b,31.079382,5.5599173509365105,1145266.1666666667,0.5418935066747365,4870.083333333333,0.00534776938836944,5.5899
LD,q3b,34.18732,6.1159090502513465,1145266.1666666667,0.5410741546180907,4870.083333333333,0.004528417331723637,5.5899
LD,q3b,37.606052,6.72749995527648,1145301.8333333333,0.5406586809507024,4905.75,0.004112943664335271,5.5899
LD,q3b,41.366657,7.400249915025313,1144507.3333333333,0.5404983105088833,4111.25,0.003952573222516298,5.5899
LD,q3b,45.503323,8.140274960196068,1144493.25,0.5411493991118262,4097.166666666667,0.00460366182545921,5.5899
LD,q3b,50.053655,8.954302402547452,1145303.8333333333,0.5422543462493999,4907.75,0.005708608963032963,5.5899
LD,q3b,55.059021,9.849732732249235,1140652.3333333333,0.5360715471186981,256.25,-0.0004741901676689475,5.5899
LD,kmcc,1361.052167,0.10149531446681581,1146505.75,0.5411766312834092,5718.166666666667,0.008959827661389771,13410.0
LD,kmcc,1497.157383,0.11164484586129754,1146499.8333333333,0.5373168501787365,5712.25,0.005100046556717068,13410.0
LD,kmcc,1646.873122,0.12280933049962714,1146481.25,0.5385520151593847,5693.666666666667,0.006335211537365141,13410.0
LD,kmcc,1811.560434,0.13509026353467563,1146507.0833333333,0.5421401342586428,5719.5,0.009923330636623309,13410.0
LD,kmcc,1992.716477,0.1485992898583147,1146421.0,0.5407851035293135,5633.416666666667,0.008568299907294094,13410.0
LD,kmcc,2191.988125,0.1634592188665175,1146576.25,0.5426266398582421,5788.666666666667,0.010409836236222639,13410.0
LD,kmcc,2411.186938,0.17980514079045487,1146592.3333333333,0.5410301476196576,5804.75,0.008813343997638215,13410.0
LD,kmcc,2652.305631,0.19778565480984342,1146592.1666666667,0.5429095348248428,5804.583333333333,0.010692731202823297,13410.0
LD,kmcc,2917.536194,0.2175642202833706,1146594.0,0.5410974313955362,5806.416666666667,0.008880627773516678,13410.0
LD,kmcc,3209.289814,0.23932064235645042,1146606.5,0.5423085472696559,5818.916666666667,0.010091743647636561,13410.0
LD,kmcc,3530.218795,0.26325270656226696,1146601.1666666667,0.5425198202783825,5813.583333333333,0.010303016656363092,13410.0
LD,kmcc,3883.240675,0.2895779772557793,1146601.1666666667,0.541751109979752,5813.583333333333,0.009534306357732539,13410.0
LD,kmcc,4271.564742,0.31853577494407154,1145804.0833333333,0.538803685570405,5016.5,0.006586881948385646,13410.0
LD,kmcc,4698.721216,0.3503893524235645,1145777.3333333333,0.5379021455088718,4989.75,0.0056853418868523615,13410.0
LD,kmcc,5168.593338,0.38542828769574944,1146584.5,0.5423400344682451,5796.916666666667,0.010123230846225665,13410.0
LD,kmcc,5685.452672,0.42397111648023866,1146572.5833333333,0.5409815074832899,5785.0,0.008764703861270373,13410.0
LD,kmcc,6253.997939,0.4663682281133482,1139106.0833333333,0.5337246470470287,-1681.5,0.0015078434250092032,13410.0
LD,kmcc,6879.397733,0.5130050509321402,1143825.75,0.5336183041963977,3038.1666666666665,0.0014015005743782765,13410.0
LD,kmcc,7567.337506,0.5643055560029828,1146239.25,0.5379636183656554,5451.666666666667,0.005746814743636031,13410.0
LD,kmcc,8324.071257,0.6207361116331096,1146527.8333333333,0.5411484917176356,5740.25,0.00893168809561611,13410.0
LD,kmcc,9156.478383,0.6828097228187919,1146505.6666666667,0.5414792017975817,5718.083333333333,0.009262398175562283,13410.0
LD,kmcc,10070.0,0.7509321401938852,1146434.9166666667,0.5412322199001882,5647.333333333333,0.009015416278168709,13410.0
LD,kmcc,11080.0,0.8262490678598061,1146436.6666666667,0.5418964923313829,5649.083333333333,0.009679688709363476,13410.0
LD,kmcc,12190.0,0.9090231170768084,1146435.5,0.5436200663939036,5647.916666666667,0.011403262771884118,13410.0
LD,kmcc,13410.0,1.0,1140787.5833333333,0.5322168036220195,0.0,0.0,13410.0
LD,kmcc,14750.0,1.0999254287844893,1146360.4166666667,0.5374284445161316,5572.833333333333,0.005211640894111978,13410.0
LD,kmcc,16220.0,1.209545115585384,1146361.3333333333,0.5440146034205683,5573.75,0.011797799798548761,13410.0
LD,kmcc,17840.0,1.3303504847129008,1146366.9166666667,0.5391101256500621,5579.333333333333,0.006893322028042613,13410.0
LD,kmcc,19630.0,1.4638329604772558,1146380.5833333333,0.5415026313948809,5593.0,0.009285827772861474,13410.0
LD,kmcc,21590.0,1.609992542878449,1146537.6666666667,0.5435843497498122,5750.083333333333,0.011367546127792755,13410.0
LD,kmcc,23750.0,1.7710663683818046,1146546.25,0.5403506468272435,5758.666666666667,0.008133843205224062,13410.0
LD,kmcc,26120.0,1.947800149142431,1146546.1666666667,0.5429538931259258,5758.583333333333,0.010737089503906283,13410.0
LD,kmcc,28740.0,2.1431767337807606,1140954.0833333333,0.5323978693750246,166.5,0.0001810657530051385,13410.0
LD,kmcc,31610.0,2.3571961222967937,1146543.0833333333,0.5428385847436573,5755.5,0.010621781121637855,13410.0
LD,kmcc,34770.0,2.592841163310962,1146543.0833333333,0.5377575052677533,5755.5,0.005540701645733864,13410.0
LD,kmcc,38250.0,2.8523489932885906,1146551.4166666667,0.5419461837957144,5763.833333333333,0.009729380173694837,13410.0
LD,kmcc,42070.0,3.1372110365398957,1145745.8333333333,0.5391648945507763,4958.25,0.006948090928756821,13410.0
LD,kmcc,46280.0,3.4511558538404175,1145744.3333333333,0.540540124649619,4956.75,0.008323321027599528,13410.0
LD,kmcc,50910.0,3.796420581655481,1146549.75,0.5415345968210168,5762.166666666667,0.00931779319899731,13410.0
LD,kmcc,56000.0,4.175988068605518,1146615.4166666667,0.544927595693692,5827.833333333333,0.012710792071672444,13410.0
LD,kmcc,61600.0,4.5935868754660705,1146369.8333333333,0.5416595493581234,5582.25,0.009442745736104005,13410.0
LD,kmcc,67760.0,5.052945563012677,1146538.3333333333,0.5372547353820606,5750.75,0.005037931760041127,13410.0
LD,kmcc,74540.0,5.558538404175988,1146186.9166666667,0.5379001024979649,5399.333333333333,0.0056832988759454766,13410.0
LD,kmcc,81990.0,6.114093959731544,1148529.3333333333,0.5374600800337898,7741.75,0.005243276411770294,13410.0
LD,kmcc,90190.0,6.7255779269202085,1150623.75,0.5284598135752016,9836.166666666666,-0.0037569900468179263,13410.0
LD,kmcc,99210.0,7.39821029082774,1150688.5,0.5278500984834723,9900.916666666666,-0.004366705138547182,13410.0
LD,kmcc,109100.0,8.13571961222968,1149478.9166666667,0.5338215908970998,8691.333333333334,0.0016047872750803438,13410.0
LD,kmcc,120000.0,8.94854586129754,1149492.5833333333,0.5250313094091218,8705.0,-0.007185494212897696,13410.0
LD,kmcc,132000.0,9.843400447427292,1149141.9166666667,0.5247577878121196,8354.333333333334,-0.007459015809899883,13410.0
LD,dg3,0.001015,0.1015,1149620.25,0.5471510775144378,18823.666666666668,0.017548447540368096,0.01
LD,dg3,0.001117,0.1117,1149620.25,0.5473064225039835,18823.666666666668,0.01770379252991385,0.01
LD,dg3,0.001228,0.12279999999999999,1149620.25,0.5481274344655702,18823.666666666668,0.01852480449150054,0.01
LD,dg3,0.001351,0.1351,1149620.25,0.5475733208820235,18823.666666666668,0.017970690907953824,0.01
LD,dg3,0.001486,0.14859999999999998,1149620.25,0.5458353701547587,18823.666666666668,0.01623274018068908,0.01
LD,dg3,0.001635,0.16349999999999998,1149620.25,0.547112384492421,18823.666666666668,0.01750975451835136,0.01
LD,dg3,0.001799,0.1799,1149620.25,0.5459545745597172,18823.666666666668,0.016351944585647565,0.01
LD,dg3,0.001978,0.1978,1149620.25,0.5462584833857922,18823.666666666668,0.016655853411722533,0.01
LD,dg3,0.002176,0.2176,1149620.25,0.546924460481499,18823.666666666668,0.017321830507429414,0.01
LD,dg3,0.002394,0.23939999999999997,1149620.25,0.5471344234558719,18823.666666666668,0.017531793481802227,0.01
LD,dg3,0.002633,0.2633,1149620.25,0.5474239183988092,18823.666666666668,0.017821288424739484,0.01
LD,dg3,0.002897,0.28969999999999996,1149620.25,0.546967669804089,18823.666666666668,0.017365039830019264,0.01
LD,dg3,0.003186,0.3186,1149620.25,0.5471190148226389,18823.666666666668,0.017516384848569145,0.01
LD,dg3,0.003505,0.3505,1149620.25,0.5469335233534943,18823.666666666668,0.017330893379424683,0.01
LD,dg3,0.003855,0.3855,1149620.25,0.5470685036172346,18823.666666666668,0.01746587364316492,0.01
LD,dg3,0.004241,0.4241,1149620.25,0.5449817586101586,18823.666666666668,0.015379128636089015,0.01
LD,dg3,0.004665,0.46649999999999997,1149620.25,0.5448071685047728,18823.666666666668,0.015204538530703146,0.01
LD,dg3,0.005132,0.5132,1149620.25,0.5475871398449669,18823.666666666668,0.017984509870897242,0.01
LD,dg3,0.005645,0.5645,1149620.25,0.5459044551779105,18823.666666666668,0.016301825203840842,0.01
LD,dg3,0.006209,0.6209,1149620.25,0.5467099991571228,18823.666666666668,0.01710736918305315,0.01
LD,dg3,0.00683,0.683,1144965.0833333333,0.5404488795961712,14168.5,0.010846249622101603,0.01
LD,dg3,0.007513,0.7513,1149620.25,0.5456673334477696,18823.666666666668,0.016064703473699916,0.01
LD,dg3,0.008264,0.8264,1149620.25,0.5466348967913331,18823.666666666668,0.017032266817263452,0.01
LD,dg3,0.009091,0.9091,1149620.25,0.5462254328089561,18823.666666666668,0.016622802834886513,0.01
LD,dg3,0.01,1.0,1130796.5833333333,0.5296026299740696,0.0,0.0,0.01
LD,dg3,0.011,1.0999999999999999,1134294.25,0.5359402883754681,3497.6666666666665,0.00633765840139854,0.01
LD,dg3,0.0121,1.21,1140246.9166666667,0.5367977063689029,9450.333333333334,0.00719507639483317,0.01
LD,dg3,0.01331,1.331,1144965.0833333333,0.5423820773975362,14168.5,0.012779447423466483,0.01
LD,dg3,0.014641,1.4641,1149620.25,0.5452253573636444,18823.666666666668,0.015622727389574773,0.01
LD,dg3,0.016105,1.6105,1149620.25,0.5476034546047946,18823.666666666668,0.018000824630724954,0.01
LD,dg3,0.017716,1.7715999999999998,1149620.25,0.5452818892978094,18823.666666666668,0.015679259323739803,0.01
LD,dg3,0.019487,1.9487,1149620.25,0.5460719522513403,18823.666666666668,0.01646932227727066,0.01
LD,dg3,0.021436,2.1436,1149620.25,0.5473713273942592,18823.666666666668,0.01776869742018951,0.01
LD,dg3,0.023579,2.3579,1149620.25,0.5476901294597384,18823.666666666668,0.01808749948566879,0.01
LD,dg3,0.025937,2.5937,1149620.25,0.547865894805165,18823.666666666668,0.01826326483109537,0.01
LD,dg3,0.028531,2.8531,1149620.25,0.5484539860978727,18823.666666666668,0.018851356123802992,0.01
LD,dg3,0.031384,3.1384000000000003,1149620.25,0.5476273084683254,18823.666666666668,0.01802467849425579,0.01
LD,dg3,0.034523,3.4522999999999997,1149620.25,0.5465334593994501,18823.666666666668,0.016930829425380305,0.01
LD,dg3,0.037975,3.7975000000000003,1149620.25,0.5452712071967594,18823.666666666668,0.015668577222689644,0.01
LD,dg3,0.041772,4.177199999999999,1149620.25,0.5441641091456354,18823.666666666668,0.014561479171565694,0.01
LD,dg3,0.04595,4.595,1144965.0833333333,0.53937098073443,14168.5,0.009768350760360414,0.01
LD,dg3,0.050545,5.0545,1149620.25,0.5464538385358685,18823.666666666668,0.01685120856179879,0.01
LD,dg3,0.055599,5.5599,1149620.25,0.5476113546384331,18823.666666666668,0.01800872466436343,0.01
LD,dg3,0.061159,6.1159,1149620.25,0.5476642809321866,18823.666666666668,0.01806165095811686,0.01
LD,dg3,0.067275,6.7275,1149620.25,0.545219048390914,18823.666666666668,0.015616418416844339,0.01
LD,dg3,0.074002,7.4002,1149620.25,0.5434551174115588,18823.666666666668,0.013852487437489116,0.01
LD,dg3,0.081403,8.1403,1149620.25,0.546234455226328,18823.666666666668,0.01663182525225837,0.01
LD,dg3,0.089543,8.9543,1149620.25,0.5463450811993243,18823.666666666668,0.01674245122525479,0.01
LD,dg3,0.098497,9.8497,1149620.25,0.5454878932861362,18823.666666666668,0.015885263312066605,0.01
LD,K7,0.244545,0.10152571926765476,1149284.75,0.6200638919416718,13086.833333333334,0.08227550317637039,2.4087
LD,K7,0.268999,0.11167808361356747,1148848.25,0.6128351761814567,12650.333333333334,0.07504678741615525,2.4087
LD,K7,0.295899,0.1228459334910948,1148439.0833333333,0.6074677071979447,12241.166666666666,0.06967931843264329,2.4087
LD,K7,0.325489,0.1351305683563748,1148074.9166666667,0.6027297916665494,11877.0,0.06494140290124793,2.4087
LD,K7,0.358038,0.14864366670818285,1147396.5,0.5962257871344094,11198.583333333334,0.058437398369108016,2.4087
LD,K7,0.393842,0.16350811641134222,1146537.4166666667,0.5904836494983058,10339.5,0.05269526073300449,2.4087
LD,K7,0.433226,0.17985884502013533,1145369.9166666667,0.5832026212037195,9172.0,0.04541423243841814,2.4087
LD,K7,0.476548,0.1978444804251256,1143603.75,0.5807774598152575,7405.833333333333,0.042989071049956196,2.4087
LD,K7,0.524203,0.21762901149997924,1141659.4166666667,0.5655478989343944,5461.5,0.027759510169092994,2.4087
LD,K7,0.576624,0.239392203263171,1139750.6666666667,0.5605663799047915,3552.75,0.022777991139490177,2.4087
LD,K7,0.634286,0.2633312575248059,1137857.5,0.5495133444175636,1659.5833333333333,0.011724955652262115,2.4087
LD,K7,0.697715,0.28966454934196867,1135184.75,0.5411436857620492,-1013.1666666666666,0.0033552969967477106,2.4087
LD,K7,0.767486,0.3186307966953128,1132493.75,0.53458442565555,-3704.1666666666665,-0.003203963109751342,2.4087
LD,K7,0.844235,0.35049404242952625,1129277.6666666667,0.5184755334409269,-6920.25,-0.019312855324374507,2.4087
LD,K7,0.928658,0.3855432390916262,1125875.0833333333,0.5018766957676862,-10322.833333333334,-0.035911692997615284,2.4087
LD,K7,1.021524,0.42409764603312994,1117221.5833333333,0.47814445652068843,-18976.333333333332,-0.059643932244613,2.4087
LD,K7,1.123676,0.4665072445717606,1116808.5,0.47242135941977287,-19389.416666666668,-0.06536702934552853,2.4087
LD,K7,1.236044,0.513158135093619,1120307.5,0.4833268562665085,-15890.416666666666,-0.05446153249879287,2.4087
LD,K7,1.359648,0.5644737825382986,1123496.0,0.4885182397482601,-12701.916666666666,-0.04927014901704132,2.4087
LD,K7,1.495613,0.6209212438244697,1126411.5,0.4924961320970427,-9786.416666666666,-0.04529225666825871,2.4087
LD,K7,1.645175,0.6830136588201104,1130133.5833333333,0.5011938263183812,-6064.333333333333,-0.0365945624469201,2.4087
LD,K7,1.809692,0.7513148171212688,1133337.6666666667,0.512723146992044,-2860.25,-0.025065241773257363,2.4087
LD,K7,1.990661,0.8264462158010545,1136391.1666666667,0.5170409860883531,193.25,-0.02074740267694818,2.4087
LD,K7,2.189727,0.9090907958649894,1139685.6666666667,0.5283694792410256,3487.75,-0.009418909524275765,2.4087
LD,K7,2.4087,1.0,1136197.9166666667,0.5377883887653013,0.0,0.0,2.4087
LD,K7,2.64957,1.1,1144781.25,0.5429014555629016,8583.333333333334,0.005113066797600198,2.4087
LD,K7,2.914527,1.21,1146920.0833333333,0.5505870882004665,10722.166666666666,0.012798699435165197,2.4087
LD,K7,3.20598,1.3310001245485115,1148525.4166666667,0.5489410886159446,12327.5,0.01115269985064321,2.4087
LD,K7,3.526578,1.4641001370033628,1149084.3333333333,0.5447360462861545,12886.416666666666,0.006947657520853208,2.4087
LD,K7,3.879235,1.6105098185743347,1149597.0833333333,0.5442066108253875,13399.166666666666,0.006418222060086076,2.4087
LD,K7,4.267159,1.771561008012621,1149377.75,0.5467156509085411,13179.833333333334,0.008927262143239708,2.4087
LD,K7,4.693875,1.9487171503300535,1149853.6666666667,0.5486233482745656,13655.75,0.010834959509264266,2.4087
LD,K7,5.163262,2.143588657782206,1150782.4166666667,0.5503999686269726,14584.5,0.01261157986167121,2.4087
LD,K7,5.679589,2.3579478556897913,1150341.5,0.5480625226340949,14143.583333333334,0.0102741338687935,2.4087
LD,K7,6.247547,2.5937422676132353,1149729.1666666667,0.548521188836487,13531.25,0.010732800071185692,2.4087
LD,K7,6.872302,2.8531166189230706,1143252.5,0.5478898880147364,7054.583333333333,0.010101499249435117,2.4087
LD,K7,7.559532,3.1384281977830364,1148831.9166666667,0.550708481059674,12634.0,0.012920092294372585,2.4087
LD,K7,8.315486,3.4522713496907045,1148821.3333333333,0.5522792531918201,12623.416666666666,0.014490864426518748,2.4087
LD,K7,9.147034,3.7974982355627516,1148560.5833333333,0.5510009851473795,12362.666666666666,0.013212596382078112,2.4087
LD,K7,10.061738,4.17724830821605,1148384.3333333333,0.5532208113480664,12186.416666666666,0.01543242258276504,2.4087
LD,K7,11.067911,4.594972806908291,1148278.1666666667,0.5540293957726025,12080.25,0.016241007007301078,2.4087
LD,K7,12.174703,5.054470461244654,1148203.0833333333,0.5543109355291019,12005.166666666666,0.016522546763800595,2.4087
LD,K7,13.392173,5.5599173828206085,1148159.8333333333,0.5568503330837165,11961.916666666666,0.019061944318415024,2.4087
LD,K7,14.73139,6.1159089965541575,1148073.0,0.5533374763784921,11875.083333333334,0.01554908761319059,2.4087
LD,K7,16.204529,6.727499896209574,1148082.5,0.5558454864872143,11884.583333333334,0.01805709772191293,2.4087
LD,K7,17.824982,7.4002499273467,1141893.0,0.554224147751983,5695.083333333333,0.016435758986681676,2.4087
LD,K7,19.60748,8.14027483704903,1147969.75,0.5556022372613966,11771.833333333334,0.017813848496095176,2.4087
LD,K7,21.568228,8.954302320753934,1148056.25,0.5582638639127918,11858.333333333334,0.020475475147490402,2.4087
LD,K7,23.725051,9.849732635861669,1148005.8333333333,0.5575474194944788,11807.916666666666,0.01975903072917734,2.4087
LD,p1L,0.024143,0.10152649285113541,1144596.0,0.536073087258818,4694.083333333333,-0.0016355957660359743,0.2378
LD,p1L,0.026557,0.11167788057190917,1144684.6666666667,0.5374243000348039,4782.75,-0.0002843829900498844,0.2378
LD,p1L,0.029213,0.12284693019343985,1144757.1666666667,0.5383884719751798,4855.25,0.0006797889503259343,0.2378
LD,p1L,0.032134,0.13513036164844408,1144761.25,0.538244006952825,4859.333333333333,0.0005353239279711023,0.2378
LD,p1L,0.035347,0.14864171572750212,1144854.4166666667,0.5373442048575438,4952.5,-0.0003644781673101116,0.2378
LD,p1L,0.038882,0.16350714886459208,1144933.3333333333,0.5373110261993727,5031.416666666667,-0.00039765682548129067,0.2378
LD,p1L,0.04277,0.17985702270815812,1140834.4166666667,0.5309414728865992,932.5,-0.006767210138254672,0.2378
LD,p1L,0.047047,0.1978427249789739,1145119.0833333333,0.535357963753738,5217.166666666667,-0.00235071927111589,0.2378
LD,p1L,0.051752,0.21762825904121108,1145191.0,0.5388974870199238,5289.083333333333,0.001188803995069737,0.2378
LD,p1L,0.056927,0.23939024390243901,1145347.0833333333,0.5385169771243317,5445.166666666667,0.0008082940994776447,0.2378
LD,p1L,0.06262,0.26333052985702265,1141266.1666666667,0.5362654228705793,1364.25,-0.0014432601542745764,0.2378
LD,p1L,0.068882,0.289663582842725,1145659.5,0.5394508168938089,5757.583333333333,0.001742133868955063,0.2378
LD,p1L,0.07577,0.3186291000841043,1141657.75,0.5343687458883122,1755.8333333333333,-0.0033399371365417283,0.2378
LD,p1L,0.083347,0.35049201009251474,1146067.3333333333,0.5410271199046127,6165.416666666667,0.0033184368797588106,0.2378
LD,p1L,0.091682,0.385542472666106,1146289.0,0.5426871345769214,6387.083333333333,0.004978451552067488,0.2378
LD,p1L,0.10085,0.42409587888982336,1142316.3333333333,0.5399781237495005,2414.4166666666665,0.0022694407246465764,0.2378
LD,p1L,0.110935,0.4665054667788057,1146724.6666666667,0.5446815879692064,6822.75,0.006972904944352469,0.2378
LD,p1L,0.122029,0.5131581160639193,1146931.3333333333,0.5461387718048554,7029.416666666667,0.008430088780001463,0.2378
LD,p1L,0.134232,0.5644743481917577,1147056.9166666667,0.5443978943830222,7155.0,0.0066892113581682915,0.2378
LD,p1L,0.147655,0.6209209419680404,1147292.6666666667,0.5422186030909514,7390.75,0.004509920066097452,0.2378
LD,p1L,0.162421,0.6830151387720774,1147333.9166666667,0.5460545858256608,7432.0,0.00834590280080691,0.2378
LD,p1L,0.178663,0.7513162321278385,1147439.8333333333,0.5454808784919657,7537.916666666667,0.007772195467111692,0.2378
LD,p1L,0.196529,0.8264465937762826,1147570.25,0.5492841921827086,7668.333333333333,0.011575509157854666,0.2378
LD,p1L,0.216182,0.9090916736753575,1147912.4166666667,0.554366458214139,8010.5,0.016657775189285007,0.2378
LD,p1L,0.2378,1.0,1139901.9166666667,0.5377086830248539,0.0,0.0,0.2378
LD,p1L,0.26158,1.0999999999999999,1144224.1666666667,0.5461138683337474,4322.25,0.008405185308893484,0.2378
LD,p1L,0.287738,1.21,1149167.75,0.5469301843381412,9265.833333333334,0.009221501313287389,0.2378
LD,p1L,0.316512,1.3310008410428933,1149758.3333333333,0.5500688935681054,9856.416666666666,0.012360210543251463,0.2378
LD,p1L,0.348163,1.4641000841042893,1150015.25,0.545916376177593,10113.333333333334,0.008207693152739079,0.2378
LD,p1L,0.382979,1.6105088309503786,1150534.0833333333,0.5467645579783059,10632.166666666666,0.009055874953451948,0.2378
LD,p1L,0.421277,1.7715601345668628,1151282.3333333333,0.545025637837523,11380.416666666666,0.007316954812669095,0.2378
LD,p1L,0.463405,1.948717409587889,1152255.0833333333,0.5352408517668003,12353.166666666666,-0.0024678312580535913,0.2378
LD,p1L,0.509745,2.143587047939445,1152395.5833333333,0.5339326545049015,12493.666666666666,-0.0037760285199524937,0.2378
LD,p1L,0.56072,2.357947855340622,1148036.5833333333,0.527105881011834,8134.666666666667,-0.010602802013020015,0.2378
LD,p1L,0.616792,2.5937426408746846,1152656.25,0.525372255151229,12754.333333333334,-0.012336427873624989,0.2378
LD,p1L,0.678471,2.85311606391926,1153126.1666666667,0.5183482602956128,13224.25,-0.019360422729241166,0.2378
LD,p1L,0.746318,3.138427249789739,1152786.9166666667,0.5178227843008427,12885.0,-0.019885898724011235,0.2378
LD,p1L,0.82095,3.452270815811606,1146412.75,0.5131719721413045,6510.833333333333,-0.02453671088354935,0.2378
LD,p1L,0.903045,3.7974978973927667,1149147.0833333333,0.5136687872015634,9245.166666666666,-0.024039895823290507,0.2378
LD,p1L,0.99335,4.177249789739276,1144275.9166666667,0.5186132729598073,4374.0,-0.019095410065046513,0.2378
LD,p1L,1.092685,4.594974768713204,1143489.5833333333,0.5223431382227971,3587.6666666666665,-0.015365544802056827,0.2378
LD,p1L,1.201953,5.054470142977292,1142025.6666666667,0.5316008812828196,2123.75,-0.006107801742034337,0.2378
LD,p1L,1.322148,5.559915895710682,1140954.4166666667,0.5382721978737529,1052.5,0.0005635148488989846,0.2378
LD,p1L,1.454363,6.115908326324643,1143146.75,0.5374313150611896,3244.8333333333335,-0.00027736796366426936,0.2378
LD,p1L,1.599799,6.727497897392767,1143707.6666666667,0.5432445797068833,3805.75,0.005535896682029325,0.2378
LD,p1L,1.759779,7.40024810765349,1152278.0,0.5343503733700418,12376.083333333334,-0.003358309654812227,0.2378
LD,p1L,1.935757,8.140273338940286,1159090.3333333333,0.5092487861406662,19188.416666666668,-0.028459896884187836,0.2378
LD,p1L,2.129333,8.954301934398654,1166442.0,0.543007865538396,26540.083333333332,0.005299182513542065,0.2378
LD,p1L,2.342266,9.849730866274179,1168404.4166666667,0.578931335483264,28502.5,0.041222652458410114,0.2378
LD,g2,0.018275,0.10152777777777777,1146665.5833333333,0.5522042454809815,20199.5,0.025884448221922318,0.18
LD,g2,0.020102,0.11167777777777778,1146665.5833333333,0.5528641789894673,20199.5,0.02654438173040813,0.18
LD,g2,0.022112,0.12284444444444445,1146665.5833333333,0.5546995330717741,20199.5,0.028379735812714902,0.18
LD,g2,0.024324,0.13513333333333333,1146665.5833333333,0.5511346751606038,20199.5,0.02481487790154462,0.18
LD,g2,0.026756,0.14864444444444444,1146665.5833333333,0.5511536228274393,20199.5,0.02483382556838019,0.18
LD,g2,0.029431,0.16350555555555554,1146665.5833333333,0.5515859360471246,20199.5,0.025266138788065485,0.18
LD,g2,0.032375,0.1798611111111111,1146665.5833333333,0.5522647100955523,20199.5,0.025944912836493177,0.18
LD,g2,0.035612,0.19784444444444443,1146665.5833333333,0.5526228749740874,20199.5,0.02630307771502811,0.18
LD,g2,0.039173,0.21762777777777778,1146665.5833333333,0.5514754847257367,20199.5,0.025155687466677446,0.18
LD,g2,0.043091,0.23939444444444444,1146665.5833333333,0.549771218759101,20199.5,0.02345142150004174,0.18
LD,g2,0.0474,0.2633333333333333,1136099.9166666667,0.5343380719102084,9633.833333333334,0.008018274651149284,0.18
LD,g2,0.05214,0.2896666666666667,1141947.4166666667,0.5406187131504009,15481.333333333334,0.014298915891341793,0.18
LD,g2,0.057354,0.3186333333333334,1146665.5833333333,0.5501432779687682,20199.5,0.023823480709708873,0.18
LD,g2,0.063089,0.3504944444444445,1146665.5833333333,0.5512240081935543,20199.5,0.02490421093449524,0.18
LD,g2,0.069398,0.38554444444444447,1146665.5833333333,0.5512673764022126,20199.5,0.024947579143153376,0.18
LD,g2,0.076338,0.42410000000000003,1146665.5833333333,0.5497447137798365,20199.5,0.023424916520777207,0.18
LD,g2,0.083971,0.4665055555555556,1146665.5833333333,0.5510808612007372,20199.5,0.02476106394167804,0.18
LD,g2,0.092368,0.5131555555555556,1146665.5833333333,0.552387075725317,20199.5,0.026067278466257764,0.18
LD,g2,0.101605,0.5644722222222223,1146665.5833333333,0.5526071998088606,20199.5,0.026287402549801487,0.18
LD,g2,0.111766,0.6209222222222223,1146665.5833333333,0.5525284321613358,20199.5,0.02620863490227668,0.18
LD,g2,0.122942,0.6830111111111111,1146665.5833333333,0.5539848222639902,20199.5,0.027665025004931055,0.18
LD,g2,0.135237,0.7513166666666666,1146665.5833333333,0.5536748581097973,20199.5,0.027355060850738123,0.18
LD,g2,0.14876,0.8264444444444445,1141947.4166666667,0.5380196306543726,15481.333333333334,0.011699833395313433,0.18
LD,g2,0.163636,0.909088888888889,1146665.5833333333,0.552645920860347,20199.5,0.026326123601287804,0.18
LD,g2,0.18,1.0,1126466.0833333333,0.5263197972590592,0.0,0.0,0.18
LD,g2,0.198,1.1,1132497.0833333333,0.5339220679566465,6031.0,0.007602270697587427,0.18
LD,g2,0.2178,1.21,1136099.9166666667,0.5393026025898449,9633.833333333334,0.012982805330785671,0.18
LD,g2,0.23958,1.331,1141947.4166666667,0.5421497611981922,15481.333333333334,0.01582996393913309,0.18
LD,g2,0.263538,1.4641,1146665.5833333333,0.5536379947371487,20199.5,0.027318197478089435,0.18
LD,g2,0.289892,1.610511111111111,1146665.5833333333,0.5534730083107401,20199.5,0.027153211051680975,0.18
LD,g2,0.318881,1.7715611111111114,1146665.5833333333,0.5534325808928715,20199.5,0.027112783633812355,0.18
LD,g2,0.350769,1.9487166666666667,1146665.5833333333,0.550989975922432,20199.5,0.024670178663372816,0.18
LD,g2,0.385846,2.143588888888889,1146665.5833333333,0.5516314848132883,20199.5,0.025311687554229124,0.18
LD,g2,0.424431,2.35795,1146665.5833333333,0.5480983792435038,20199.5,0.021778581984444694,0.18
LD,g2,0.466874,2.5937444444444444,1146665.5833333333,0.5477076058792228,20199.5,0.02138780862016375,0.18
LD,g2,0.513561,2.853116666666667,1146665.5833333333,0.5537093255055291,20199.5,0.027389528246469907,0.18
LD,g2,0.564917,3.138427777777778,1146665.5833333333,0.5500808193321168,20199.5,0.023761022073057664,0.18
LD,g2,0.621409,3.452272222222222,1146665.5833333333,0.5517253643348261,20199.5,0.02540556707576694,0.18
LD,g2,0.68355,3.7975,1141947.4166666667,0.5408330545880292,15481.333333333334,0.014513257328970028,0.18
LD,g2,0.751905,4.177250000000001,1146665.5833333333,0.5505187837032416,20199.5,0.0241989864441824,0.18
LD,g2,0.827095,4.594972222222222,1146665.5833333333,0.5513292581186554,20199.5,0.02500946085959631,0.18
LD,g2,0.909805,5.0544722222222225,1146665.5833333333,0.5512297040700083,20199.5,0.024909906810949123,0.18
LD,g2,1.000785,5.559916666666667,1141970.75,0.5394545433095815,15504.666666666666,0.013134746050522386,0.18
LD,g2,1.100864,6.115911111111112,1141970.75,0.5417590672583054,15504.666666666666,0.015439269999246136,0.18
LD,g2,1.21095,6.7275,1141970.75,0.5435190880610091,15504.666666666666,0.017199290801949957,0.18
LD,g2,1.332045,7.40025,1141970.75,0.5423564741681323,15504.666666666666,0.016036676909073132,0.18
LD,g2,1.465249,8.140272222222222,1141970.75,0.5403922045403489,15504.666666666666,0.014072407281289667,0.18
LD,g2,1.611774,8.9543,1141970.75,0.5408502159240262,15504.666666666666,0.014530418664967043,0.18
LD,g2,1.772952,9.849733333333335,1141970.75,0.5388311929622754,15504.666666666666,0.01251139570321618,0.18
LD,kmpac,13.909007,0.10152559854014599,1153943.8333333333,0.5578119407234733,14618.583333333334,0.022438108846131833,137.0
LD,kmpac,15.299908,0.1116781605839416,1155411.0,0.5436619742281138,16085.75,0.008288142350772354,137.0
LD,kmpac,16.829898,0.1228459708029197,1155395.0833333333,0.5421712985717738,16069.833333333334,0.00679746669443231,137.0
LD,kmpac,18.512888,0.1351305693430657,1153400.75,0.5412139771199799,14075.5,0.005840145242638391,137.0
LD,kmpac,20.364177,0.14864362773722628,1155146.5,0.5339449632990334,15821.25,-0.001428868578308114,137.0
LD,kmpac,22.400595,0.1635079927007299,1154786.8333333333,0.5304279214432359,15461.583333333334,-0.004945910434105555,137.0
LD,kmpac,24.640654,0.1798587883211679,1152876.25,0.5341641831812733,13551.0,-0.0012096486960681552,137.0
LD,kmpac,27.10472,0.1978446715328467,1152739.0,0.5349809932736539,13413.75,-0.00039283860368760637,137.0
LD,kmpac,29.815192,0.21762913868613137,1152573.3333333333,0.537728696161952,13248.083333333334,0.002354864284610505,137.0
LD,kmpac,32.796711,0.23939205109489053,1152676.9166666667,0.540634977959831,13351.666666666666,0.005261146082489547,137.0
LD,kmpac,36.076382,0.2633312554744526,1152285.4166666667,0.5347116992821627,12960.166666666666,-0.0006621325951788511,137.0
LD,kmpac,39.68402,0.28966437956204377,1151364.3333333333,0.5370162101910485,12039.083333333334,0.0016423783137070602,137.0
LD,kmpac,43.652422,0.3186308175182482,1151222.0833333333,0.5340902325192386,11896.833333333334,-0.0012835993581028216,137.0
LD,kmpac,48.017664,0.350493897810219,1151096.8333333333,0.5333146242945586,11771.583333333334,-0.0020592075827829035,137.0
LD,kmpac,52.819431,0.38554329197080295,1151780.75,0.5379583407845026,12455.5,0.0025845089071610725,137.0
LD,kmpac,58.101374,0.4240976204379562,1151652.8333333333,0.5372254013704026,12327.583333333334,0.001851569493061117,137.0
LD,kmpac,63.911511,0.4665073795620438,1151396.4166666667,0.5369029700815491,12071.166666666666,0.0015291382042075623,137.0
LD,kmpac,70.302662,0.5131581167883211,1151050.5833333333,0.533912293113808,11725.333333333334,-0.0014615387635336652,137.0
LD,kmpac,77.332928,0.5644739270072993,1150929.25,0.532885270620875,11604.0,-0.0024885612564664685,137.0
LD,kmpac,85.066221,0.6209213211678832,1151131.5833333333,0.5366813649637766,11806.333333333334,0.0013075330864351087,137.0
LD,kmpac,93.572843,0.6830134525547445,1150977.3333333333,0.5366633458181805,11652.083333333334,0.0012895139408390655,137.0
LD,kmpac,102.930128,0.751314802919708,1150086.8333333333,0.5394868572194703,10761.583333333334,0.004113025342128808,137.0
LD,kmpac,113.22314,0.8264462773722627,1150689.25,0.5403192994389123,11364.0,0.004945467561570882,137.0
LD,kmpac,124.545455,0.9090909124087592,1150589.75,0.5370822213238539,11264.5,0.0017083894465124427,137.0
LD,kmpac,137.0,1.0,1139325.25,0.5353738318773414,0.0,0.0,137.0
LD,kmpac,150.7,1.0999999999999999,1147720.5833333333,0.5383322491634375,8395.333333333334,0.002958417286095962,137.0
LD,kmpac,165.77,1.21,1149601.8333333333,0.538870753850793,10276.583333333334,0.003496921973451463,137.0
LD,kmpac,182.347,1.331,1150222.0,0.538959774555229,10896.75,0.0035859426778875325,137.0
LD,kmpac,200.5817,1.4641000000000002,1150242.0,0.538732594533848,10916.75,0.003358762656506614,137.0
LD,kmpac,220.63987,1.61051,1149360.25,0.5405411200982368,10035.0,0.0051672882208954425,137.0
LD,kmpac,242.703857,1.771561,1150108.25,0.5370553031633966,10783.0,0.0016814712860551695,137.0
LD,kmpac,266.974243,1.9487171021897811,1150010.4166666667,0.538114378479566,10685.166666666666,0.0027405466022244565,137.0
LD,kmpac,293.671667,2.1435888102189784,1149984.0,0.5388308544024515,10658.75,0.0034570225251100615,137.0
LD,kmpac,323.038834,2.357947693430657,1149872.5833333333,0.5398451519613598,10547.333333333334,0.004471320084018349,137.0
LD,kmpac,355.342717,2.5937424598540146,1149832.1666666667,0.5385320730626555,10506.916666666666,0.003158241185314011,137.0
LD,kmpac,390.876989,2.853116708029197,1149739.8333333333,0.5376143567576609,10414.583333333334,0.002240524880319376,137.0
LD,kmpac,429.964688,3.138428379562044,1148902.75,0.5364456163791197,9577.5,0.0010717845017782595,137.0
LD,kmpac,472.961156,3.4522712116788323,1148830.9166666667,0.5340791311844408,9505.666666666666,-0.0012947006929006633,137.0
LD,kmpac,520.257272,3.797498335766423,1149505.0,0.539768638170213,10179.75,0.00439480629287158,137.0
LD,kmpac,572.282999,4.177248167883212,1149498.1666666667,0.5380954910621507,10172.916666666666,0.0027216591848092018,137.0
LD,kmpac,629.511299,4.59497298540146,1149253.1666666667,0.5391139445023546,9927.916666666666,0.00374011262501317,137.0
LD,kmpac,692.462429,5.054470284671533,1149234.25,0.5371388682261663,9909.0,0.0017650363488248184,137.0
LD,kmpac,761.708672,5.559917313868613,1148903.4166666667,0.5344917998576464,9578.166666666666,-0.00088203201969513,137.0
LD,kmpac,837.879539,6.115909043795621,1148382.4166666667,0.5381544185915363,9057.166666666666,0.0027805867141948715,137.0
LD,kmpac,921.667493,6.72749994890511,1149257.9166666667,0.5440237346921707,9932.666666666666,0.008649902814829266,137.0
LD,kmpac,1013.834242,7.400249941605839,1148989.75,0.538925187237941,9664.5,0.003551355360599593,137.0
LD,kmpac,1115.217667,8.140274941605838,1148943.0,0.5406384186001986,9617.75,0.005264586722857188,137.0
LD,kmpac,1226.739433,8.954302430656934,1148873.9166666667,0.5392634698069454,9548.666666666666,0.003889637929603895,137.0
LD,kmpac,1349.413377,9.849732678832117,1148855.0833333333,0.5380742155064284,9529.833333333334,0.002700383629086959,137.0
LD,de2,0.048133,0.10152499472685088,1104239.4166666667,0.6767631095476584,-35902.416666666664,0.14598266846175892,0.4741
LD,de2,0.052947,0.11167897068129086,1104608.9166666667,0.6648088885198667,-35532.916666666664,0.13402844743396727,0.4741
LD,de2,0.058241,0.12284539126766504,1105494.5,0.668464264898866,-34647.333333333336,0.13768382381296643,0.4741
LD,de2,0.064065,0.13512971946846655,1135010.3333333333,0.6208168652284616,-5131.5,0.09003642414256215,0.4741
LD,de2,0.070472,0.14864374604513816,1136854.3333333333,0.6239808150546148,-3287.5,0.09320037396871532,0.4741
LD,de2,0.077519,0.163507698797722,1141507.0,0.6240079503892456,1365.1666666666667,0.09322750930334615,0.4741
LD,de2,0.085271,0.17985867960345917,1155239.9166666667,0.5992018010843064,15098.083333333334,0.068421359998407,0.4741
LD,de2,0.093798,0.19784433663784012,1155004.25,0.6435265304308763,14862.416666666666,0.1127460893449767,0.4741
LD,de2,0.103178,0.2176291921535541,1154456.0833333333,0.557983912618058,14314.25,0.027203471532158473,0.4741
LD,de2,0.113496,0.23939253322083948,1155544.4166666667,0.5612190224592983,15402.583333333334,0.030438581373398926,0.4741
LD,de2,0.124845,0.2633305209871335,1157183.6666666667,0.5613634833208291,17041.833333333332,0.030583042234929636,0.4741
LD,de2,0.13733,0.2896646277156718,1153557.9166666667,0.5641823409938289,13416.083333333334,0.03340189990792936,0.4741
LD,de2,0.151063,0.318631090487239,1158588.4166666667,0.5673161935120543,18446.583333333332,0.03653575242615484,0.4741
LD,de2,0.166169,0.3504935667580679,1157803.0,0.5654062820680487,17661.166666666668,0.03462584098214915,0.4741
LD,de2,0.182786,0.38554313435983967,1157506.3333333333,0.5700938212952945,17364.5,0.03931338020939502,0.4741
LD,de2,0.201065,0.4240982914996836,1157015.6666666667,0.5694073848639193,16873.833333333332,0.038626943778019784,0.4741
LD,de2,0.221171,0.46650706601982705,1156121.8333333333,0.5709951234046292,15980.0,0.04021468231872973,0.4741
LD,de2,0.243288,0.5131575616958447,1154394.9166666667,0.5665340458188034,14253.083333333334,0.03575360473290393,0.4741
LD,de2,0.267617,0.5644737397173591,1153214.1666666667,0.562068622605839,13072.333333333334,0.03128818151993962,0.4741
LD,de2,0.294379,0.62092174646699,1152398.9166666667,0.5589756045710728,12257.083333333334,0.028195163485173286,0.4741
LD,de2,0.323817,0.6830141320396541,1151321.5833333333,0.5565710423293534,11179.75,0.025790601243453976,0.4741
LD,de2,0.356198,0.7513140687618646,1150551.0,0.5527914654685757,10409.166666666666,0.02201102438267623,0.4741
LD,de2,0.391818,0.826445897489981,1150074.5,0.550886477028852,9932.666666666666,0.020106035942952554,0.4741
LD,de2,0.431,0.9090909090909091,1134543.75,0.5360113871555626,-5598.083333333333,0.005230946069663123,0.4741
LD,de2,0.4741,1.0,1140141.8333333333,0.5307804410858994,0.0,0.0,0.4741
LD,de2,0.52151,1.1,1143978.9166666667,0.5413257564867464,3837.0833333333335,0.010545315400846947,0.4741
LD,de2,0.573661,1.21,1149672.5,0.5395682998766708,9530.666666666666,0.008787858790771338,0.4741
LD,de2,0.631027,1.330999789074035,1149924.25,0.5389240149561677,9782.416666666666,0.008143573870268178,0.4741
LD,de2,0.69413,1.4641004007593335,1144699.5833333333,0.5298455591319401,4557.75,-0.0009348819539594192,0.4741
LD,de2,0.763543,1.6105104408352666,1150636.3333333333,0.5307101162320805,10494.5,-7.032485381896121e-05,0.4741
LD,de2,0.839897,1.7715608521408985,1150961.5833333333,0.5289172982724536,10819.75,-0.0018631428134458967,0.4741
LD,de2,0.923887,1.9487175701328834,1151517.1666666667,0.5249714424235745,11375.333333333334,-0.005808998662324936,0.4741
LD,de2,1.016275,2.143587850664417,1146733.75,0.5176906292724323,6591.916666666667,-0.013089811813467198,0.4741
LD,de2,1.117903,2.3579476903606835,1143841.3333333333,0.5103767140832355,3699.5,-0.02040372700266403,0.4741
LD,de2,1.229693,2.5937418266188565,1148023.8333333333,0.5211655578678199,7882.0,-0.009614883218079648,0.4741
LD,de2,1.352663,2.853117485762497,1148727.6666666667,0.5224523431377112,8585.833333333334,-0.008328097948188312,0.4741
LD,de2,1.487929,3.138428601560852,1149752.9166666667,0.5187286554836135,9611.083333333334,-0.012051785602286027,0.4741
LD,de2,1.636722,3.4522716726429024,1150835.8333333333,0.522344964093288,10694.0,-0.008435476992611407,0.4741
LD,de2,1.800394,3.7974984180552624,1150844.5,0.5202357757997899,10702.666666666666,-0.010544665286109553,0.4741
LD,de2,1.980433,4.177247416156929,1150735.8333333333,0.5190231277190699,10594.0,-0.011757313366829567,0.4741
LD,de2,2.178477,4.5949736342543765,1150729.9166666667,0.5178347902707023,10588.083333333334,-0.012945650815197126,0.4741
LD,de2,2.396324,5.054469521198059,1150537.4166666667,0.5150427010447042,10395.583333333334,-0.01573774004119539,0.4741
LD,de2,2.635957,5.559917738873655,1150767.0,0.5107146080439834,10625.166666666666,-0.020065833041916042,0.4741
LD,de2,2.899552,6.115908036279266,1151340.0833333333,0.5069491246368133,11198.25,-0.023831316449086277,0.4741
LD,de2,3.189508,6.727500527314912,1152017.75,0.5027201956938976,11875.916666666666,-0.02806024539200187,0.4741
LD,de2,3.508459,7.400251001898334,1152546.6666666667,0.503293630404339,12404.833333333334,-0.027486810681560375,0.4741
LD,de2,3.859304,8.140274203754482,1149526.5833333333,0.4963136939038812,9384.75,-0.03446674718201833,0.4741
LD,de2,4.245235,8.95430288968572,1152784.5833333333,0.4985929873672556,12642.75,-0.03218745371864385,0.4741
LD,de2,4.669758,9.849732124024467,1153237.9166666667,0.4994664786211422,13096.083333333334,-0.03131396246475721,0.4741
LD,kd,0.710679,0.10152557142857142,1144698.5833333333,0.5420188413750848,24321.833333333332,0.027857365077895786,7.0
LD,kd,0.781747,0.11167814285714285,1144767.0,0.5406419437543265,24390.25,0.026480467457137474,7.0
LD,kd,0.859922,0.122846,1144754.3333333333,0.5460368861164312,24377.583333333332,0.03187540981924206,7.0
LD,kd,0.945914,0.13513057142857143,1144776.4166666667,0.5424532782315243,24399.666666666668,0.028291801934335326,7.0
LD,kd,1.040505,0.14864357142857143,1140969.6666666667,0.5413423629505018,20592.916666666668,0.027180886653312735,7.0
LD,kd,1.144556,0.163508,1140958.5,0.5408531115529294,20581.75,0.02669163525574028,7.0
LD,kd,1.259012,0.17985885714285715,1140953.5,0.5447961936745618,20576.75,0.03063471737737265,7.0
LD,kd,1.384913,0.1978447142857143,1141029.1666666667,0.5426650017247805,20652.416666666668,0.028503525427591492,7.0
LD,kd,1.523404,0.21762914285714285,1135247.0833333333,0.5439779365387027,14870.333333333334,0.029816460241513704,7.0
LD,kd,1.675744,0.239392,1141028.9166666667,0.5395911964113552,20652.166666666668,0.025429720114166204,7.0
LD,kd,1.843319,0.2633312857142857,1141104.0,0.5426012129246728,20727.25,0.028439736627483753,7.0
LD,kd,2.027651,0.2896644285714286,1141375.8333333333,0.5514383467561859,20999.083333333332,0.0372768704589968,7.0
LD,kd,2.230416,0.31863085714285716,1141267.5833333333,0.5440223793968707,20890.833333333332,0.0298609030996817,7.0
LD,kd,2.453457,0.3504938571428572,1141475.3333333333,0.5485916330713357,21098.583333333332,0.03443015677414662,7.0
LD,kd,2.698803,0.3855432857142857,1135428.3333333333,0.5474063019980716,15051.583333333334,0.03324482570088267,7.0
LD,kd,2.968683,0.4240975714285714,1141338.3333333333,0.5423041669729789,20961.583333333332,0.028142690675789877,7.0
LD,kd,3.265552,0.4665074285714286,1141448.4166666667,0.5433798384790149,21071.666666666668,0.029218362181825885,7.0
LD,kd,3.592107,0.5131581428571429,1141435.6666666667,0.5436561004887126,21058.916666666668,0.02949462419152356,7.0
LD,kd,3.951318,0.564474,1141534.5,0.543204725378368,21157.75,0.0290432490811789,7.0
LD,kd,4.346449,0.6209212857142857,1140726.75,0.5348768577181798,20350.0,0.020715381420990747,7.0
LD,kd,4.781094,0.6830134285714287,1140834.8333333333,0.5356085142210544,20458.083333333332,0.021447037923865358,7.0
LD,kd,5.259204,0.7513148571428572,1135848.0833333333,0.5426184865510588,15471.333333333334,0.028457010253869746,7.0
LD,kd,5.785124,0.8264462857142857,1141752.0833333333,0.5396188519686496,21375.333333333332,0.025457375671460458,7.0
LD,kd,6.363636,0.9090908571428571,1141704.3333333333,0.5388195021591516,21327.583333333332,0.024658025861962574,7.0
LD,kd,7.0,1.0,1120376.75,0.514161476297189,0.0,0.0,7.0
LD,kd,7.7,1.1,1120966.5,0.5195185745269004,589.75,0.005357098229711347,7.0
LD,kd,8.47,1.2100000000000002,1126761.75,0.5218776795424321,6385.0,0.007716203245243099,7.0
LD,kd,9.317,1.331,1131967.4166666667,0.53089554958048,11590.666666666666,0.016734073283291045,7.0
LD,kd,10.2487,1.4641,1142129.5,0.5385812248268406,21752.75,0.024419748529651498,7.0
LD,kd,11.27357,1.6105099999999999,1142233.25,0.5406949800687565,21856.5,0.026533503771567508,7.0
LD,kd,12.400927,1.771561,1142347.25,0.5386572436768099,21970.5,0.024495767379620743,7.0
LD,kd,13.64102,1.9487171428571428,1136663.4166666667,0.538770336338075,16286.666666666666,0.02460886004088601,7.0
LD,kd,15.005122,2.143588857142857,1142571.0,0.5396630307776784,22194.25,0.02550155448048938,7.0
LD,kd,16.505634,2.3579477142857144,1142682.75,0.5388894214873697,22306.0,0.024727945190180806,7.0
LD,kd,18.156197,2.5937424285714283,1142831.9166666667,0.5402991404893539,22455.166666666668,0.02613766419216479,7.0
LD,kd,19.971817,2.8531167142857146,1142957.0833333333,0.537478148537543,22580.333333333332,0.02331667224035408,7.0
LD,kd,21.968999,3.138428428571429,1137403.9166666667,0.5393546038501339,17027.166666666668,0.025193127552944783,7.0
LD,kd,24.165899,3.4522712857142857,1143303.6666666667,0.5371597585772615,22926.916666666668,0.022998282280072353,7.0
LD,kd,26.582488,3.797498285714286,1143481.75,0.5396094532523038,23105.0,0.025447976955114682,7.0
LD,kd,29.240737,4.177248142857143,1143601.3333333333,0.5368386910462046,23224.583333333332,0.022677214749015562,7.0
LD,kd,32.164811,4.594973,1143782.5,0.5379168024549861,23405.75,0.02375532615779709,7.0
LD,kd,35.381292,5.054470285714286,1143923.0,0.5387867204093869,23546.25,0.024625244112197926,7.0
LD,kd,38.919421,5.559917285714286,1144097.1666666667,0.5365215501396754,23720.416666666668,0.022360073842486266,7.0
LD,kd,42.811363,6.115909,1143461.8333333333,0.5353079147361516,23085.083333333332,0.021146438438962484,7.0
LD,kd,47.0925,6.7275,1143612.1666666667,0.531298483314839,23235.416666666668,0.017137007017649964,7.0
LD,kd,51.80175,7.40025,1144568.75,0.536749459500146,24192.0,0.022587983202956814,7.0
LD,kd,56.981925,8.140274999999999,1144805.5,0.5365260534769339,24428.75,0.022364577179744983,7.0
LD,kd,62.680117,8.95430242857143,1144825.4166666667,0.5365766622030507,24448.666666666668,0.02241518590586153,7.0
LD,kd,68.948129,9.849732714285713,1144973.3333333333,0.5340918631663544,24596.583333333332,0.019930386869165328,7.0
LD,v4,0.253936,0.10152566767951383,1155101.25,0.48209821745764386,18960.166666666668,-0.05992805099949436,2.5012
LD,v4,0.279329,0.11167799456260995,1155196.0833333333,0.4819548855702913,19055.0,-0.0600713828868468,2.5012
LD,v4,0.307262,0.12284583399968015,1155390.5833333333,0.4831293196235907,19249.5,-0.058896948833547506,2.5012
LD,v4,0.337989,0.13513073724612187,1155602.5,0.4863958699482562,19461.416666666668,-0.05563039850888199,2.5012
LD,v4,0.371787,0.14864345114345115,1155889.4166666667,0.49161504512317117,19748.333333333332,-0.05041122333396695,2.5012
LD,v4,0.408966,0.1635079162002239,1156238.9166666667,0.4883491357216121,20097.833333333332,-0.053677132735526094,2.5012
LD,v4,0.449863,0.17985886774348314,1156538.0,0.48928657617737786,20396.916666666668,-0.05273969227976036,2.5012
LD,v4,0.494849,0.1978446345754038,1156557.5833333333,0.4942005535238348,20416.5,-0.04782571493330332,2.5012
LD,v4,0.544334,0.21762913801375341,1156307.4166666667,0.4960378015017557,20166.333333333332,-0.045988466955382494,2.5012
LD,v4,0.598767,0.23939189189189192,1156014.25,0.5002568388409995,19873.166666666668,-0.04176942961613874,2.5012
LD,v4,0.658644,0.2633312010235087,1155647.9166666667,0.5020269095609201,19506.833333333332,-0.03999935889621803,2.5012
LD,v4,0.724509,0.28966456101071486,1155310.0833333333,0.5018298644136748,19169.0,-0.04019640404346328,2.5012
LD,v4,0.796959,0.31863065728450346,1154677.4166666667,0.5032240393953867,18536.333333333332,-0.0388022290617514,2.5012
LD,v4,0.876655,0.350493762993763,1154264.0,0.5057101394162761,18122.916666666668,-0.036316129040862254,2.5012
LD,v4,0.964321,0.38554333919718536,1154650.3333333333,0.5107910214601307,18509.25,-0.031235246997007526,2.5012
LD,v4,1.060753,0.4240976331360947,1148926.25,0.5112299765554172,12785.166666666666,-0.030796291901720996,2.5012
LD,v4,1.166828,0.4665072765072765,1148882.0833333333,0.5127445935066195,12741.0,-0.02928167495051866,2.5012
LD,v4,1.283511,0.5131580841196226,1149267.0833333333,0.5169808739985117,13126.0,-0.02504539445862645,2.5012
LD,v4,1.411862,0.5644738525507756,1148508.5833333333,0.5205074185923385,12367.5,-0.02151884986479959,2.5012
LD,v4,1.553048,0.6209211578442347,1147109.6666666667,0.523968902949689,10968.583333333334,-0.018057365507449113,2.5012
LD,v4,1.708353,0.6830133535902767,1145546.5,0.5209008618634624,9405.416666666666,-0.02112540659367579,2.5012
LD,v4,1.879189,0.7513149688149688,1144561.8333333333,0.526183913742454,8420.75,-0.015842354714684138,2.5012
LD,v4,2.067107,0.8264461058691829,1143072.75,0.5311225977945654,6931.666666666667,-0.01090367066257275,2.5012
LD,v4,2.273818,0.9090908363985287,1141281.0833333333,0.536951037129633,5140.0,-0.0050752313275051935,2.5012
LD,v4,2.5012,1.0,1136141.0833333333,0.5420262684571382,0.0,0.0,2.5012
LD,v4,2.75132,1.1,1137800.4166666667,0.5436513385773553,1659.3333333333333,0.0016250701202172129,2.5012
LD,v4,3.026452,1.21,1135723.5,0.5410395586740147,-417.5833333333333,-0.000986709783123559,2.5012
LD,v4,3.329097,1.3309999200383817,1131034.6666666667,0.5435808228397249,-5106.416666666667,0.0015545543825866426,2.5012
LD,v4,3.662007,1.4641000319846476,1131934.6666666667,0.5371769185654222,-4206.416666666667,-0.004849349891715917,2.5012
LD,v4,4.028208,1.6105101551255399,1129405.4166666667,0.5325544464034511,-6735.666666666667,-0.009471822053687124,2.5012
LD,v4,4.431028,1.7715608507916203,1128065.5,0.5288429414603039,-8075.583333333333,-0.013183326996834383,2.5012
LD,v4,4.874131,1.9487170158324005,1127091.6666666667,0.5292340373851102,-9049.416666666666,-0.012792231072028046,2.5012
LD,v4,5.361544,2.1435886774348316,1126873.75,0.5386122410556767,-9267.333333333334,-0.003414027401461475,2.5012
LD,v4,5.897699,2.35794778506317,1123060.25,0.5420986603960246,-13080.833333333334,7.23919388863949e-05,2.5012
LD,v4,6.487469,2.593742603550296,1124399.0833333333,0.5478348788373668,-11742.0,0.0058086103802286,2.5012
LD,v4,7.136216,2.853116903886135,1123176.5,0.5581311846867721,-12964.583333333334,0.01610491622963402,2.5012
LD,v4,7.849837,3.138428354389893,1122275.5833333333,0.5599132983731524,-13865.5,0.01788702991601417,2.5012
LD,v4,8.634821,3.45227130977131,1121757.5833333333,0.5694806911176188,-14383.5,0.02745442266048052,2.5012
LD,v4,9.498303,3.7974984007676316,1118736.3333333333,0.5711713920923859,-17404.75,0.0291451236352477,2.5012
LD,v4,10.448133,4.177248120901967,1120583.3333333333,0.5788186618961945,-15557.75,0.03679239343905628,2.5012
LD,v4,11.492946,4.594972813049736,1120102.1666666667,0.5840032889351288,-16038.916666666666,0.04197702047799052,2.5012
LD,v4,12.642241,5.054470254277947,1119656.5,0.587485606884443,-16484.583333333332,0.045459338427304825,2.5012
LD,v4,13.906465,5.559917239724933,1119372.5833333333,0.5892777017896283,-16768.5,0.04725143333249027,2.5012
LD,v4,15.297112,6.115909163601471,1119096.75,0.5912093626320601,-17044.333333333332,0.049183094174921886,2.5012
LD,v4,16.826823,6.727500000000001,1118711.8333333333,0.5931249608175555,-17429.25,0.0510986923604173,2.5012
LD,v4,18.509505,7.400249880057573,1118225.9166666667,0.5953877642242679,-17915.166666666668,0.05336149576712975,2.5012
LD,v4,20.360456,8.140275067967377,1117792.0833333333,0.5968321331639445,-18349.0,0.054805864706806214,2.5012
LD,v4,22.396501,8.954302334879259,1117347.8333333333,0.5988856574209463,-18793.25,0.05685938896380824,2.5012
LD,v4,24.636151,9.849732528386376,1116913.5,0.5980447468962741,-19227.583333333332,0.05601847843913591,2.5012
LD,dp6,0.001015,0.1015,1149620.25,0.5509319787263047,18823.666666666668,0.021399264803142037,0.01
LD,dp6,0.001117,0.1117,1149620.25,0.5510904524141872,18823.666666666668,0.021557738491024474,0.01
LD,dp6,0.001228,0.12279999999999999,1149620.25,0.5519014913806692,18823.666666666668,0.022368777457506556,0.01
LD,dp6,0.001351,0.1351,1149620.25,0.5513512677990436,18823.666666666668,0.021818553875881008,0.01
LD,dp6,0.001486,0.14859999999999998,1149620.25,0.5496426286885856,18823.666666666668,0.02010991476542286,0.01
LD,dp6,0.001635,0.16349999999999998,1149620.25,0.5508902599818427,18823.666666666668,0.021357546058679944,0.01
LD,dp6,0.001799,0.1799,1149620.25,0.5497523295598042,18823.666666666668,0.020219615636641486,0.01
LD,dp6,0.001978,0.1978,1149620.25,0.5500694669730631,18823.666666666668,0.020536753049900363,0.01
LD,dp6,0.002176,0.2176,1149620.25,0.5507457716930056,18823.666666666668,0.021213057769843013,0.01
LD,dp6,0.002394,0.23939999999999997,1149620.25,0.5509410685914508,18823.666666666668,0.021408354668288044,0.01
LD,dp6,0.002633,0.2633,1149620.25,0.5512157919003993,18823.666666666668,0.021683077977236592,0.01
LD,dp6,0.002897,0.28969999999999996,1149620.25,0.550798523568804,18823.666666666668,0.021265809645641287,0.01
LD,dp6,0.003186,0.3186,1149620.25,0.5509521208902517,18823.666666666668,0.021419406967088984,0.01
LD,dp6,0.003505,0.3505,1149620.25,0.5507585754853601,18823.666666666668,0.021225861562197412,0.01
LD,dp6,0.003855,0.3855,1149620.25,0.5509209895664836,18823.666666666668,0.0213882756433209,0.01
LD,dp6,0.004241,0.4241,1149620.25,0.5488171647963637,18823.666666666668,0.019284450873200965,0.01
LD,dp6,0.004665,0.46649999999999997,1149620.25,0.5486273467338835,18823.666666666668,0.019094632810720796,0.01
LD,dp6,0.005132,0.5132,1149620.25,0.5513511553590983,18823.666666666668,0.02181844143593555,0.01
LD,dp6,0.005645,0.5645,1149620.25,0.5497141075101267,18823.666666666668,0.02018139358696396,0.01
LD,dp6,0.006209,0.6209,1149620.25,0.5505096087579447,18823.666666666668,0.020976894834782062,0.01
LD,dp6,0.00683,0.683,1144965.0833333333,0.5402350838074361,14168.5,0.010702369884273375,0.01
LD,dp6,0.007513,0.7513,1149620.25,0.5494423164387395,18823.666666666668,0.019909602515576746,0.01
LD,dp6,0.008264,0.8264,1149620.25,0.5504761629363175,18823.666666666668,0.02094344901315474,0.01
LD,dp6,0.009091,0.9091,1149620.25,0.550084003275033,18823.666666666668,0.02055128935187033,0.01
LD,dp6,0.01,1.0,1130796.5833333333,0.5295327139231628,0.0,0.0,0.01
LD,dp6,0.011,1.0999999999999999,1134294.25,0.5363246611358052,3497.6666666666665,0.006791947212642545,0.01
LD,dp6,0.0121,1.21,1140246.9166666667,0.5366029540984809,9450.333333333334,0.0070702401753182,0.01
LD,dp6,0.01331,1.331,1144965.0833333333,0.5423327311906132,14168.5,0.012800017267450475,0.01
LD,dp6,0.014641,1.4641,1149620.25,0.5491087362792942,18823.666666666668,0.019576022356131467,0.01
LD,dp6,0.016105,1.6105,1149620.25,0.5514278789157964,18823.666666666668,0.021895164992633637,0.01
LD,dp6,0.017716,1.7715999999999998,1149620.25,0.5491453103253449,18823.666666666668,0.019612596402182093,0.01
LD,dp6,0.019487,1.9487,1149620.25,0.5499792988324114,18823.666666666668,0.020446584909248694,0.01
LD,dp6,0.021436,2.1436,1149620.25,0.5511529072029294,18823.666666666668,0.021620193279766692,0.01
LD,dp6,0.023579,2.3579,1149620.25,0.5515035921899173,18823.666666666668,0.021970878266754684,0.01
LD,dp6,0.025937,2.5937,1149620.25,0.5516421279725939,18823.666666666668,0.022109414049431213,0.01
LD,dp6,0.028531,2.8531,1149620.25,0.5522391573719502,18823.666666666668,0.02270644344878751,0.01
LD,dp6,0.031384,3.1384000000000003,1149620.25,0.5513764109071302,18823.666666666668,0.02184369698396747,0.01
LD,dp6,0.034523,3.4522999999999997,1149620.25,0.5502805851354682,18823.666666666668,0.02074787121230547,0.01
LD,dp6,0.037975,3.7975000000000003,1149620.25,0.5490833609972924,18823.666666666668,0.019550647074129717,0.01
LD,dp6,0.041772,4.177199999999999,1149620.25,0.5479626775300349,18823.666666666668,0.01842996360687223,0.01
LD,dp6,0.04595,4.595,1144965.0833333333,0.5392103962933882,14168.5,0.00967768237022551,0.01
LD,dp6,0.050545,5.0545,1149620.25,0.5502530688273409,18823.666666666668,0.02072035490417823,0.01
LD,dp6,0.055599,5.5599,1149620.25,0.5513817586557033,18823.666666666668,0.02184904473254055,0.01
LD,dp6,0.061159,6.1159,1149620.25,0.5514401689258929,18823.666666666668,0.021907455002730197,0.01
LD,dp6,0.067275,6.7275,1149620.25,0.5490612737205369,18823.666666666668,0.019528559797374206,0.01
LD,dp6,0.074002,7.4002,1149620.25,0.5472848823567064,18823.666666666668,0.017752168433543592,0.01
LD,dp6,0.081403,8.1403,1149620.25,0.5500498020684719,18823.666666666668,0.020517088145309236,0.01
LD,dp6,0.089543,8.9543,1149620.25,0.550214962154916,18823.666666666668,0.020682248231753308,0.01
LD,dp6,0.098497,9.8497,1149620.25,0.5493582577402298,18823.666666666668,0.019825543817067037,0.01
LD,p2,0.079779,0.1015258335454314,1142569.3333333333,0.5625885719634294,6574.583333333333,0.025159263579618285,0.7858
LD,p2,0.087757,0.11167854415881903,1142571.6666666667,0.5617869764978162,6576.916666666667,0.024357668114005027,0.7858
LD,p2,0.096532,0.12284550776278952,1142578.8333333333,0.557781033804084,6584.083333333333,0.020351725420272897,0.7858
LD,p2,0.106186,0.13513107660982437,1142595.3333333333,0.5572388624119986,6600.583333333333,0.019809554028187477,0.7858
LD,p2,0.116804,0.14864342071773987,1142512.3333333333,0.5575814048889477,6517.583333333333,0.02015209650513669,0.7858
LD,p2,0.128485,0.16350852634258078,1142522.75,0.5569613514073274,6528.0,0.019532043023516216,0.7858
LD,p2,0.141333,0.17985874268261642,1142519.75,0.5575935065839573,6525.0,0.020164198200146182,0.7858
LD,p2,0.155466,0.1978442351743446,1142488.5833333333,0.5581221550539953,6493.833333333333,0.020692846670184218,0.7858
LD,p2,0.171013,0.217629167727157,1136452.0833333333,0.550839335641387,457.3333333333333,0.013410027257575887,0.7858
LD,p2,0.188114,0.23939170272333926,1137363.3333333333,0.5657644040921932,1368.5833333333333,0.028335095708382135,0.7858
LD,p2,0.206926,0.26333163654874014,1133630.0,0.7024918479570555,-2364.75,0.16506253957324443,0.7858
LD,p2,0.227618,0.2896640366505472,1141453.25,0.5790119797662131,5458.5,0.04158267138240202,0.7858
LD,p2,0.25038,0.3186306948332909,1137900.1666666667,0.559987139768857,1905.4166666666667,0.022557831385045884,0.7858
LD,p2,0.275418,0.35049376431662,1144734.4166666667,0.5608141038412823,8739.666666666666,0.023384795457471196,0.7858
LD,p2,0.30296,0.385543395265971,1142461.6666666667,0.5542479509192498,6466.916666666667,0.016818642535438716,0.7858
LD,p2,0.333256,0.42409773479256807,1149647.0,0.5619392866631394,13652.25,0.024509978279328364,0.7858
LD,p2,0.366582,0.4665080173072028,1152264.75,0.5659606776006448,16270.0,0.02853136921683369,0.7858
LD,p2,0.40324,0.5131585645202341,1148859.5833333333,0.5612942044880221,12864.833333333334,0.023864896104211098,0.7858
LD,p2,0.443564,0.5644744209722575,1154301.0833333333,0.5676192797369471,18306.333333333332,0.03018997135313604,0.7858
LD,p2,0.48792,0.6209213540341053,1150055.25,0.5633872801675804,14060.5,0.025957971783769296,0.7858
LD,p2,0.536712,0.6830134894375158,1154589.25,0.5707958378700629,18594.5,0.033366529486251774,0.7858
LD,p2,0.590383,0.7513145838635784,1154702.6666666667,0.5742439253718282,18707.916666666668,0.03681461698801725,0.7858
LD,p2,0.649421,0.8264456604734028,1152033.9166666667,0.5631814036850694,16039.166666666666,0.02575209530125837,0.7858
LD,p2,0.714364,0.9090913718503435,1149777.9166666667,0.5548570192873487,13783.166666666666,0.01742771090353758,0.7858
LD,p2,0.7858,1.0,1135994.75,0.537429308383811,0.0,0.0,0.7858
LD,p2,0.86438,1.0999999999999999,1138936.6666666667,0.5263753264655474,2941.9166666666665,-0.011053981918263641,0.7858
LD,p2,0.950818,1.21,1139466.1666666667,0.5144445394656972,3471.4166666666665,-0.022984768918113796,0.7858
LD,p2,1.0459,1.3310002545176889,1124544.6666666667,0.4878784827556972,-11450.083333333334,-0.04955082562811391,0.7858
LD,p2,1.15049,1.4641002799694578,1127831.0,0.4878351205441936,-8163.75,-0.049594187839617575,0.7858
LD,p2,1.265539,1.6105103079664036,1123967.0833333333,0.4926055196422808,-12027.666666666666,-0.04482378874153034,0.7858
LD,p2,1.392093,1.7715614660218884,1122121.1666666667,0.4974398079052121,-13873.583333333334,-0.03998950047859893,0.7858
LD,p2,1.531302,1.9487172308475438,1116088.6666666667,0.5064237714459846,-19906.083333333332,-0.031005536937826428,0.7858
LD,p2,1.684432,2.143588699414609,1121265.25,0.5154881760419918,-14729.5,-0.021941132341819297,0.7858
LD,p2,1.852875,2.3579473148383814,1124859.5833333333,0.52000941779341,-11135.166666666666,-0.01741989059040115,0.7858
LD,p2,2.038163,2.593742682616442,1127315.1666666667,0.5364713216216994,-8679.583333333334,-0.0009579867621117381,0.7858
LD,p2,2.241979,2.8531165691015525,1130561.9166666667,0.5531219858851514,-5432.833333333333,0.01569267750134032,0.7858
LD,p2,2.466177,3.138428353270552,1131728.9166666667,0.5688932887573799,-4265.833333333333,0.031463980373568796,0.7858
LD,p2,2.712795,3.4522715703741405,1132681.9166666667,0.5809054658950367,-3312.8333333333335,0.04347615751122563,0.7858
LD,p2,2.984074,3.7974980911173324,1133756.0833333333,0.591121012891483,-2238.6666666666665,0.05369170450767191,0.7858
LD,p2,3.282482,4.177248663782133,1134814.25,0.5967782252631023,-1180.5,0.05934891687929117,0.7858
LD,p2,3.61073,4.594973275642658,1136575.0833333333,0.6038829793651583,580.3333333333334,0.06645367098134729,0.7858
LD,p2,3.971803,5.054470603206923,1133893.6666666667,0.6103595617139063,-2101.0833333333335,0.0729302533300951,0.7858
LD,p2,4.368983,5.559917281751082,1138738.8333333333,0.6125201425726159,2744.0833333333335,0.07509083418880473,0.7858
LD,p2,4.805881,6.115908628149656,1139869.8333333333,0.6146999948103401,3875.0833333333335,0.07727068642652901,0.7858
LD,p2,5.286469,6.727499363705777,1141575.3333333333,0.6149320676564959,5580.583333333333,0.07750275927268471,0.7858
LD,p2,5.815116,7.400249427335199,1142265.9166666667,0.6133594807831723,6271.166666666667,0.07593017239936121,0.7858
LD,p2,6.396628,8.140274879104098,1142618.5833333333,0.6152941004692216,6623.833333333333,0.07786479208541051,0.7858
LD,p2,7.036291,8.954302621532197,1142784.0,0.6162012567651521,6789.25,0.07877194838134098,0.7858
LD,p2,7.73992,9.84973275642657,1143011.5,0.6169608888878553,7016.75,0.07953158050404414,0.7858
LD,d5D,0.044712,0.1015258855585831,1148774.6666666667,0.5431870988784516,8850.833333333334,0.011021721163314383,0.4404
LD,d5D,0.049183,0.11167801998183469,1148774.6666666667,0.5457750502930413,8850.833333333334,0.01360967257790401,0.4404
LD,d5D,0.054101,0.12284514078110809,1148774.6666666667,0.5463722030371733,8850.833333333334,0.014206825322035987,0.4404
LD,d5D,0.059512,0.13513169845594913,1148774.6666666667,0.5481897567482861,8850.833333333334,0.016024379033148756,0.4404
LD,d5D,0.065463,0.1486444141689373,1148832.6666666667,0.548560424765134,8908.833333333334,0.01639504704999678,0.4404
LD,d5D,0.072009,0.16350817438692097,1148774.6666666667,0.5458969310482026,8850.833333333334,0.013731553333065388,0.4404
LD,d5D,0.07921,0.17985921889191644,1145593.25,0.5414468004801151,5669.416666666667,0.009281422764977685,0.4404
LD,d5D,0.087131,0.19784514078110807,1148774.6666666667,0.5465670071467956,8850.833333333334,0.014401629431658366,0.4404
LD,d5D,0.095844,0.21762942779291553,1148774.6666666667,0.5463997583918263,8850.833333333334,0.014234380676689048,0.4404
LD,d5D,0.105428,0.23939146230699362,1148774.6666666667,0.5476543237451873,8850.833333333334,0.015488946030050086,0.4404
LD,d5D,0.115971,0.2633310626702997,1148774.6666666667,0.5486941351293022,8850.833333333334,0.01652875741416493,0.4404
LD,d5D,0.127568,0.2896639418710263,1148774.6666666667,0.5481464904019288,8850.833333333334,0.015981112686791466,0.4404
LD,d5D,0.140325,0.3186307901907357,1148774.6666666667,0.5470920108102688,8850.833333333334,0.014926633095131545,0.4404
LD,d5D,0.154358,0.35049500454132604,1148774.6666666667,0.5476454130317876,8850.833333333334,0.01548003531665034,0.4404
LD,d5D,0.169793,0.38554268846503176,1148774.6666666667,0.5470805069204953,8850.833333333334,0.014915129205358072,0.4404
LD,d5D,0.186773,0.42409854677565845,1148774.6666666667,0.5466289131665283,8850.833333333334,0.014463535451391044,0.4404
LD,d5D,0.20545,0.46650772025431425,1145593.25,0.5431510568497089,5669.416666666667,0.010985679134571547,0.4404
LD,d5D,0.225995,0.5131584922797456,1148774.6666666667,0.5501375566977331,8850.833333333334,0.01797217898259586,0.4404
LD,d5D,0.248594,0.5644732061762034,1148774.6666666667,0.5469403225904812,8850.833333333334,0.014774944875343901,0.4404
LD,d5D,0.273454,0.6209218891916439,1148774.6666666667,0.5462549159824058,8850.833333333334,0.014089538267268581,0.4404
LD,d5D,0.300799,0.6830131698455949,1148774.6666666667,0.5463823668218621,8850.833333333334,0.014216989106724948,0.4404
LD,d5D,0.330879,0.7513147138964577,1148774.6666666667,0.5475308610954083,8850.833333333334,0.01536548338027093,0.4404
LD,d5D,0.363967,0.8264464123524068,1148774.6666666667,0.5476500456401147,8850.833333333334,0.015484667924977324,0.4404
LD,d5D,0.400364,0.9090917347865577,1148774.6666666667,0.5446686727331397,8850.833333333334,0.01250329501800245,0.4404
LD,d5D,0.4404,1.0,1139923.8333333333,0.5321653777151373,0.0,0.0,0.4404
LD,d5D,0.48444,1.0999999999999999,1145593.25,0.5384778064191581,5669.416666666667,0.006312428704020813,0.4404
LD,d5D,0.532884,1.21,1148774.6666666667,0.5488413567269638,8850.833333333334,0.016675979011826426,0.4404
LD,d5D,0.586172,1.3309990917347865,1148774.6666666667,0.547789530575716,8850.833333333334,0.015624152860578722,0.4404
LD,d5D,0.64479,1.464100817438692,1145593.25,0.5387139184611365,5669.416666666667,0.006548540745999236,0.4404
LD,d5D,0.709269,1.6105108991825614,1148774.6666666667,0.5456214629811537,8850.833333333334,0.013456085266016474,0.4404
LD,d5D,0.780195,1.7715599455040871,1148774.6666666667,0.5458227068592064,8850.833333333334,0.013657329144069122,0.4404
LD,d5D,0.858215,1.9487170753860126,1148774.6666666667,0.5490554309600452,8850.833333333334,0.01689005324490796,0.4404
LD,d5D,0.944037,2.1435899182561307,1148774.6666666667,0.544030881711843,8850.833333333334,0.01186550399670582,0.4404
LD,d5D,1.03844,2.3579473206176202,1145587.0,0.5428749799119998,5663.166666666667,0.010709602196862547,0.4404
LD,d5D,1.142284,2.5937420526793824,1145587.0,0.5447193849829168,5663.166666666667,0.01255400726777961,0.4404
LD,d5D,1.256513,2.8531176203451407,1145587.0,0.5460235440190423,5663.166666666667,0.013858166303905064,0.4404
LD,d5D,1.382164,3.1384287011807444,1145587.0,0.545827827425454,5663.166666666667,0.013662449710316696,0.4404
LD,d5D,1.52038,3.4522706630336057,1145587.0,0.5456349592198514,5663.166666666667,0.013469581504714214,0.4404
LD,d5D,1.672418,3.7974977293369663,1145587.0,0.5424787733286252,5663.166666666667,0.01031339561348781,0.4404
LD,d5D,1.83966,4.17724795640327,1145587.0,0.544365276742531,5663.166666666667,0.012199899027393749,0.4404
LD,d5D,2.023626,4.594972752043597,1145742.4166666667,0.5457138287785318,5818.583333333333,0.013548451063394576,0.4404
LD,d5D,2.225989,5.05447093551317,1145742.4166666667,0.5471628065343083,5818.583333333333,0.014997428819170988,0.4404
LD,d5D,2.448588,5.55991825613079,1145742.4166666667,0.5413718172814309,5818.583333333333,0.009206439566293745,0.4404
LD,d5D,2.693446,6.1159082652134416,1145742.4166666667,0.5438671093263855,5818.583333333333,0.011701731611248184,0.4404
LD,d5D,2.962791,6.7275,1145742.4166666667,0.5443536611363887,5818.583333333333,0.012188283421251445,0.4404
LD,d5D,3.25907,7.400249772933696,1145742.4166666667,0.5446472549522888,5818.583333333333,0.01248187723715155,0.4404
LD,d5D,3.584977,8.140274750227066,1145742.4166666667,0.5430293711533779,5818.583333333333,0.010863993438240608,0.4404
LD,d5D,3.943475,8.954302906448682,1145742.4166666667,0.5412240364909825,5818.583333333333,0.009058658775845246,0.4404
LD,d5D,4.337822,9.849732061762035,1144907.0833333333,0.5406286376056051,4983.25,0.008463259890467792,0.4404
LD,q2,0.05855,0.10152592335703138,1149498.0,0.5317742063135428,13398.083333333334,-0.004512096936471162,0.5767
LD,q2,0.064405,0.11167851569273453,1154098.5833333333,0.5357580537990941,17998.666666666668,-0.0005282494509197821,0.5767
LD,q2,0.070845,0.12284550026010058,1153924.75,0.5364303422046239,17824.833333333332,0.00014403895460989488,0.5767
LD,q2,0.07793,0.13513091728801804,1148947.1666666667,0.5284951989604786,12847.25,-0.007791104289535398,0.5767
LD,q2,0.085723,0.14864400901681982,1153425.5,0.5399063452340094,17325.583333333332,0.003620041983995468,0.5767
LD,q2,0.094295,0.16350788971735739,1153109.5,0.5394224786109397,17009.583333333332,0.0031361753609257617,0.5767
LD,q2,0.103725,0.17985954569100052,1152870.3333333333,0.5411955149966783,16770.416666666668,0.004909211746664227,0.5767
LD,q2,0.114097,0.19784463325819318,1152588.5,0.5405739237439869,16488.583333333332,0.004287620493972947,0.5767
LD,q2,0.125507,0.21762961678515694,1152285.8333333333,0.543320317538834,16185.916666666666,0.007034014288820094,0.5767
LD,q2,0.138057,0.23939136466100228,1151935.75,0.5429336051240575,15835.833333333334,0.006647301874043526,0.5767
LD,q2,0.151863,0.26333102132824693,1151604.0,0.5442747282745863,15504.083333333334,0.007988425024572384,0.5767
LD,q2,0.167049,0.2896636032599272,1151322.0,0.5407855961666639,15222.083333333334,0.004499292916649855,0.5767
LD,q2,0.183754,0.3186301369863014,1150983.6666666667,0.5428030892111136,14883.75,0.006516785961099679,0.5767
LD,q2,0.20213,0.3504941910872204,1145908.6666666667,0.5381500686083139,9808.75,0.001863765358299981,0.5767
LD,q2,0.222343,0.38554361019594247,1150294.25,0.5466423464989058,14194.333333333334,0.010356043248891722,0.5767
LD,q2,0.244577,0.4240974510143922,1149872.9166666667,0.5415447370656731,13773.0,0.005258433815659047,0.5767
LD,q2,0.269035,0.46650771631697596,1149536.9166666667,0.5457131249691135,13437.0,0.009426821719099485,0.5767
LD,q2,0.295938,0.5131576209467661,1149194.4166666667,0.5466815287724666,13094.5,0.010395225522452672,0.5767
LD,q2,0.325532,0.5644737298422057,1148862.9166666667,0.5479579648077858,12763.0,0.011671661557771773,0.5767
LD,q2,0.358085,0.6209207560256632,1148474.9166666667,0.5463572487278612,12375.0,0.010070945477847149,0.5767
LD,q2,0.393894,0.6830136986301371,1148102.5,0.5461590810138274,12002.583333333334,0.009872777763813392,0.5767
LD,q2,0.433283,0.7513143748916248,1147735.3333333333,0.5455494310587432,11635.416666666666,0.009263127808729158,0.5767
LD,q2,0.476612,0.8264470261834576,1147382.25,0.5422394754592518,11282.333333333334,0.005953172209237791,0.5767
LD,q2,0.524273,0.9090913820010404,1147026.5,0.5465467418843433,10926.583333333334,0.010260438634329239,0.5767
LD,q2,0.5767,1.0,1136099.9166666667,0.536286303250014,0.0,0.0,0.5767
LD,q2,0.63437,1.1,1141669.0,0.5372973040114145,5569.083333333333,0.0010110007614005472,0.5767
LD,q2,0.697807,1.21,1146062.5,0.5445522025778107,9962.583333333334,0.008265899327796653,0.5767
LD,q2,0.767588,1.3310005202011446,1145690.8333333333,0.5431933734299454,9590.916666666666,0.0069070701799314365,0.5767
LD,q2,0.844346,1.4640991850182072,1145443.1666666667,0.5422793077483599,9343.25,0.00599300449834587,0.5767
LD,q2,0.928781,1.6105097971215536,1145163.0833333333,0.546132011068365,9063.166666666666,0.009845707818350943,0.5767
LD,q2,1.021659,1.7715606034333278,1140165.75,0.5401412140978749,4065.8333333333335,0.003854910847860891,0.5767
LD,q2,1.123825,1.948716837177042,1139913.9166666667,0.541660446972661,3814.0,0.005374143722647079,0.5767
LD,q2,1.236208,2.1435893878966534,1139685.5833333333,0.5408501650361197,3585.6666666666665,0.004563861786105711,0.5767
LD,q2,1.359828,2.357946939483267,1139394.6666666667,0.538687035431105,3294.75,0.0024007321810910107,0.5767
LD,q2,1.495811,2.5937419802323567,1139068.3333333333,0.5356590488476954,2968.4166666666665,-0.0006272544023186629,0.5767
LD,q2,1.645392,2.853116004855211,1138705.0,0.5353992855245585,2605.0833333333335,-0.0008870177254555282,0.5767
LD,q2,1.809932,3.138428992543784,1138413.6666666667,0.5365674421860859,2313.75,0.00028113893607197477,0.5767
LD,q2,1.990925,3.4522715449973993,1138166.9166666667,0.5353693249465993,2067.0,-0.0009169783034147505,0.5767
LD,q2,2.190017,3.7974978324952318,1137975.8333333333,0.535639455292062,1875.9166666666667,-0.0006468479579519829,0.5767
LD,q2,2.409019,4.177248135945899,1137803.4166666667,0.5306670445386494,1703.5,-0.005619258711364548,0.5767
LD,q2,2.649921,4.59497312294087,1137605.3333333333,0.5299203433800839,1505.4166666666667,-0.006365959869930095,0.5767
LD,q2,2.914913,5.054470261834576,1137365.6666666667,0.5301582916536608,1265.75,-0.006128011596353206,0.5767
LD,q2,3.206404,5.5599167678168895,1131230.3333333333,0.5279787138565086,-4869.583333333333,-0.008307589393505371,0.5767
LD,q2,3.527045,6.115909485000867,1137020.1666666667,0.528148177433581,920.25,-0.008138125816433047,0.5767
LD,q2,3.879749,6.727499566499046,1136905.3333333333,0.5247551944757166,805.4166666666666,-0.01153110877429736,0.5767
LD,q2,4.267724,7.400249696549333,1135974.0,0.5225876998896936,-125.91666666666667,-0.013698603360320425,0.5767
LD,q2,4.694497,8.140275706606555,1129889.5,0.5209087397193737,-6210.416666666667,-0.015377563530640376,0.5767
LD,q2,5.163946,8.95430206346454,1136555.0833333333,0.5273308183870599,455.1666666666667,-0.008955484862954175,0.5767
LD,q2,5.680341,9.84973296341252,1136459.9166666667,0.5249465825444272,360.0,-0.011339720705586873,0.5767
LD,v2,0.170786,0.10152538342646535,1161460.4166666667,0.5838149668908204,25449.666666666668,0.042275042439151846,1.6822
LD,v2,0.187865,0.11167815955296637,1160539.5,0.5821312531347279,24528.75,0.04059132868305951,1.6822
LD,v2,0.206651,0.1228456782784449,1159530.5,0.5813351762781693,23519.75,0.03979525182650092,1.6822
LD,v2,0.227317,0.13513078111996196,1158511.0833333333,0.5816721353738653,22500.333333333332,0.04013221092219684,1.6822
LD,v2,0.250048,0.14864344311021283,1157290.1666666667,0.5831155359943269,21279.416666666668,0.04157561154265852,1.6822
LD,v2,0.275053,0.16350790631316134,1156158.75,0.5831800857487529,20148.0,0.041640161297084484,1.6822
LD,v2,0.302558,0.1798585186065866,1154947.5,0.5813663831804025,18936.75,0.03982645872873397,1.6822
LD,v2,0.332814,0.1978444893591725,1121839.0833333333,0.7726207962531974,-14171.666666666666,0.23108087180152884,1.6822
LD,v2,0.366096,0.21762929497087147,1131033.5833333333,0.621367345586458,-4977.166666666667,0.07982742113478973,1.6822
LD,v2,0.402705,0.23939186779217692,1134515.4166666667,0.6037140631436669,-1495.3333333333333,0.0621741386919985,1.6822
LD,v2,0.442976,0.2633313518012127,1140707.9166666667,0.5988358649197943,4697.166666666667,0.057295940468125826,1.6822
LD,v2,0.487273,0.28966413030555227,1142736.3333333333,0.5549319029706105,6725.583333333333,0.013391978518942018,1.6822
LD,v2,0.536001,0.3186309594578528,1144424.4166666667,0.5566502304374407,8413.666666666666,0.015110305985772232,1.6822
LD,v2,0.589601,0.3504939959576745,1146268.0833333333,0.5596669751704413,10257.333333333334,0.018127050718772946,1.6822
LD,v2,0.648561,0.3855433361074784,1148575.9166666667,0.5716237589553785,12565.166666666666,0.030083834503710116,1.6822
LD,v2,0.713417,0.4240976102722625,1151068.3333333333,0.5791137419358869,15057.583333333334,0.03757381748421849,1.6822
LD,v2,0.784759,0.4665075496373796,1152735.5833333333,0.5821091941353382,16724.833333333332,0.04056926968366977,1.6822
LD,v2,0.863235,0.5131583640470813,1153485.25,0.5820645283750971,17474.5,0.04052460392342863,1.6822
LD,v2,0.949558,0.5644739032219712,1154476.8333333333,0.5789229958865133,18466.083333333332,0.03738307143484495,1.6822
LD,v2,1.044514,0.6209214124360956,1148880.6666666667,0.5716663677869568,12869.916666666666,0.03012644333528829,1.6822
LD,v2,1.148965,0.6830133158958507,1148638.1666666667,0.5689282070341238,12627.416666666666,0.027388282582455358,1.6822
LD,v2,1.263862,0.7513149447152538,1148340.5833333333,0.5721581033567884,12329.833333333334,0.030618178905120003,1.6822
LD,v2,1.390248,0.826446320294852,1145962.5,0.5600673058883979,9951.75,0.0185273814367294,1.6822
LD,v2,1.529273,0.9090910712162645,1142901.3333333333,0.5510434035191937,6890.583333333333,0.009503479067525161,1.6822
LD,v2,1.6822,1.0,1136010.75,0.5415399244516684,0.0,0.0,1.6822
LD,v2,1.85042,1.1,1135342.8333333333,0.5222934602264038,-667.9166666666666,-0.019246464225264687,1.6822
LD,v2,2.035462,1.21,1130476.25,0.5022268046123047,-5534.5,-0.03931311983936373,1.6822
LD,v2,2.239008,1.330999881108073,1126155.5,0.48840925598062324,-9855.25,-0.05313066847104522,1.6822
LD,v2,2.462909,1.4640999881108072,1122183.3333333333,0.47706503085440327,-13827.416666666666,-0.06447489359726515,1.6822
LD,v2,2.7092,1.6105100463678517,1115843.3333333333,0.494836449464489,-20167.416666666668,-0.04670347498717931,1.6822
LD,v2,2.98012,1.771561051004637,1115964.1666666667,0.49147634485668146,-20046.583333333332,-0.05006357959498698,1.6822
LD,v2,3.278132,1.9487171561051004,1117039.25,0.5033402978878038,-18971.5,-0.03819962656386464,1.6822
LD,v2,3.605945,2.1435887528236837,1121128.5,0.5088898778061907,-14882.25,-0.03265004664547782,1.6822
LD,v2,3.96654,2.35794792533587,1124631.25,0.522202028791216,-11379.5,-0.019337895660452468,1.6822
LD,v2,4.363194,2.593742717869457,1125932.25,0.5415739148611832,-10078.5,3.3990409514748445e-05,1.6822
LD,v2,4.799513,2.853116751872548,1128755.75,0.5654900072601065,-7255.0,0.02395008280843793,1.6822
LD,v2,5.279464,3.1384282487219117,1130517.1666666667,0.5839242254119442,-5493.583333333333,0.04238430096027585,1.6822
LD,v2,5.807411,3.4522714302698847,1131663.75,0.6022026179887571,-4347.0,0.06066269353708856,1.6822
LD,v2,6.388152,3.7974985138509094,1132539.6666666667,0.612979106134632,-3471.0833333333335,0.07143918168296358,1.6822
LD,v2,7.026967,4.177248246344074,1133275.4166666667,0.6250372312044137,-2735.3333333333335,0.08349730675274529,1.6822
LD,v2,7.729664,4.5949732493163715,1133522.1666666667,0.6327367132807692,-2488.5833333333335,0.09119678882910072,1.6822
LD,v2,8.50263,5.054470336464155,1134032.4166666667,0.6351112580789775,-1978.3333333333333,0.09357133362730903,1.6822
LD,v2,9.352893,5.559917370110569,1134208.9166666667,0.6387290230888504,-1801.8333333333333,0.09718909863718189,1.6822
LD,v2,10.288182,6.115908928783736,1134162.5833333333,0.6409451501356546,-1848.1666666666667,0.09940522568398613,1.6822
LD,v2,11.317,6.727499702770182,1131149.9166666667,0.6461327120413366,-4860.833333333333,0.10459278758966807,1.6822
LD,v2,12.4487,7.400249673047201,1134244.75,0.6465538392639771,-1766.0,0.10501391481230866,1.6822
LD,v2,13.69357,8.14027464035192,1134342.6666666667,0.6452115438293953,-1668.0833333333333,0.10367161937772684,1.6822
LD,v2,15.062928,8.954302698846748,1134311.5,0.6452563980483538,-1699.25,0.1037164735966855,1.6822
LD,v2,16.56922,9.849732493163716,1134216.9166666667,0.6452484421407941,-1793.8333333333333,0.10370851768912566,1.6822
LD,d2D,0.037686,0.10152478448275862,1172197.25,0.5741821549685833,32273.416666666668,0.03775414718270632,0.3712
LD,d2D,0.041455,0.11167834051724139,1171406.0,0.5656081905926419,31482.166666666668,0.02918018280676496,0.3712
LD,d2D,0.0456,0.1228448275862069,1161915.8333333333,0.5592410812528366,21992.0,0.022813073466959533,0.3712
LD,d2D,0.05016,0.1351293103448276,1166910.75,0.5607316042233433,26986.916666666668,0.02430359643746637,0.3712
LD,d2D,0.055177,0.1486449353448276,1169381.8333333333,0.5740650845361276,29458.0,0.03763707675025072,0.3712
LD,d2D,0.060694,0.16350754310344828,1168568.3333333333,0.5906822475377976,28644.5,0.0542542397519206,0.3712
LD,d2D,0.066764,0.17985991379310348,1167743.8333333333,0.5991372036026892,27820.0,0.06270919581681227,0.3712
LD,d2D,0.07344,0.19784482758620692,1163715.75,0.5962781033088494,23791.916666666668,0.05985009552297246,0.3712
LD,d2D,0.080784,0.21762931034482758,1166102.6666666667,0.5962643088787484,26178.833333333332,0.05983630109287132,0.3712
LD,d2D,0.088862,0.23939116379310346,1164611.1666666667,0.5800842324963262,24687.333333333332,0.04365622471044923,0.3712
LD,d2D,0.097749,0.2633324353448276,1163579.5833333333,0.5425956707229976,23655.75,0.0061676629371206215,0.3712
LD,d2D,0.107523,0.28966325431034484,1162685.75,0.4616452308624548,22761.916666666668,-0.07478277692342215,0.3712
LD,d2D,0.118276,0.3186314655172414,1161408.5833333333,0.46346915293617513,21484.75,-0.07295885484970187,0.3712
LD,d2D,0.130103,0.3504929956896552,1159373.0,0.470149679893133,19449.166666666668,-0.06627832789274393,0.3712
LD,d2D,0.143114,0.38554418103448274,1157253.5,0.49336696792603524,17329.666666666668,-0.04306103985984172,0.3712
LD,d2D,0.157425,0.4240975215517242,1155315.4166666667,0.4973817696693557,15391.583333333334,-0.039046238116521255,0.3712
LD,d2D,0.173168,0.46650862068965515,1152653.9166666667,0.49651519886672496,12730.083333333334,-0.03991280891915202,0.3712
LD,d2D,0.190484,0.5131573275862069,1147767.0,0.4947900540792971,7843.166666666667,-0.0416379537065798,0.3712
LD,d2D,0.209533,0.564474676724138,1143332.6666666667,0.4765535618346754,3408.8333333333335,-0.05987444595120162,0.3712
LD,d2D,0.230486,0.6209213362068966,1135965.0,0.48785199145896313,-3958.8333333333335,-0.04857601632691382,0.3712
LD,d2D,0.253535,0.6830145474137932,1130372.4166666667,0.48694667042615397,-9551.416666666666,-0.04948133735972299,0.3712
LD,d2D,0.278888,0.7513146551724139,1134854.6666666667,0.5001067856661704,-5069.166666666667,-0.036321222119706516,0.3712
LD,d2D,0.306777,0.8264466594827587,1139733.1666666667,0.5061810899572178,-190.66666666666666,-0.03024691782865922,0.3712
LD,d2D,0.337455,0.9090921336206897,1144893.25,0.5240451261243699,4969.416666666667,-0.012382881661507037,0.3712
LD,d2D,0.3712,1.0,1139923.8333333333,0.5364280077858768,0.0,0.0,0.3712
LD,d2D,0.40832,1.1,1148586.5833333333,0.5527003007125044,8662.75,0.016272292926627425,0.3712
LD,d2D,0.449152,1.21,1153094.8333333333,0.5642536455119621,13171.0,0.02782563772608519,0.3712
LD,d2D,0.494067,1.3309994612068965,1153921.3333333333,0.5733469761771378,13997.5,0.036918968391260826,0.3712
LD,d2D,0.543474,1.4641002155172416,1152717.25,0.5729018582161538,12793.416666666666,0.03647385043027684,0.3712
LD,d2D,0.597821,1.610509159482759,1150153.75,0.5720697620566288,10229.916666666666,0.035641754270751926,0.3712
LD,d2D,0.657603,1.771559806034483,1147526.5833333333,0.572772974431372,7602.75,0.036344966645494935,0.3712
LD,d2D,0.723364,1.9487176724137933,1144313.9166666667,0.5680350730248629,4390.083333333333,0.03160706523898593,0.3712
LD,d2D,0.7957,2.1435883620689657,1131372.1666666667,0.5586287862871738,-8551.666666666666,0.02220077850129687,0.3712
LD,d2D,0.87527,2.357947198275862,1131347.25,0.5658507994969821,-8576.583333333334,0.029422791711105206,0.3712
LD,d2D,0.962797,2.5937419181034485,1127735.0,0.5712096335833894,-12188.833333333334,0.03478162579751246,0.3712
LD,d2D,1.059077,2.853116918103449,1116888.75,0.5708827124398907,-23035.083333333332,0.0344547046540139,0.3712
LD,d2D,1.164985,3.138429418103448,1109969.5833333333,0.57502197682487,-29954.25,0.03859396903899313,0.3712
LD,d2D,1.281483,3.4522710129310346,1105813.3333333333,0.5805561518285834,-34110.5,0.04412814404270652,0.3712
LD,d2D,1.409631,3.7974973060344834,1105858.5,0.6357443831887908,-34065.333333333336,0.09931637540291377,0.3712
LD,d2D,1.550595,4.177249461206896,1112721.9166666667,0.6897459401124887,-27201.916666666668,0.1533179323266118,0.3712
LD,d2D,1.705654,4.594973060344828,1112536.1666666667,0.7059161300224474,-27387.666666666668,0.16948812223657048,0.3712
LD,d2D,1.876219,5.054469288793104,1097088.3333333333,0.7128212060788467,-42835.5,0.1763931982929697,0.3712
LD,d2D,2.063841,5.559916487068966,1132402.0833333333,0.5103978969615156,-7521.75,-0.026030110824361286,0.3712
LD,d2D,2.270225,6.1159078663793105,1132540.75,0.5085365922458162,-7383.083333333333,-0.027891415540060815,0.3712
LD,d2D,2.497248,6.7275,1132687.25,0.5132082249966902,-7236.583333333333,-0.02321978278918682,0.3712
LD,d2D,2.746973,7.400250538793104,1132832.75,0.5167154169168092,-7091.083333333333,-0.019712590869067643,0.3712
LD,d2D,3.02167,8.14027478448276,1132921.8333333333,0.5122298363259867,-7002.0,-0.024198171459890245,0.3712
LD,d2D,3.323837,8.954302262931035,1133024.8333333333,0.5117931088436792,-6899.0,-0.024634898942197708,0.3712
LD,d2D,3.656221,9.849733297413794,1133142.6666666667,0.5113753399810775,-6781.166666666667,-0.025052667804799384,0.3712
LD,v5,0.011462,0.10152347209920283,1145280.9166666667,0.5426224622964031,9289.0,0.0016137403003553448,0.1129
LD,v5,0.012608,0.11167404782993799,1145280.9166666667,0.5436649594795365,9289.0,0.002656237483488718,0.1129
LD,v5,0.013869,0.12284322409211691,1145280.9166666667,0.5433260390568647,9289.0,0.0023173170608168925,0.1129
LD,v5,0.015256,0.13512843224092116,1145280.9166666667,0.5442237617626486,9289.0,0.0032150397666008044,0.1129
LD,v5,0.016782,0.1486448184233835,1145280.9166666667,0.5420167973068275,9289.0,0.001008075310779714,0.1129
LD,v5,0.01846,0.16350752878653677,1139183.0833333333,0.5374036980009823,3191.1666666666665,-0.003605023995065506,0.1129
LD,v5,0.020306,0.17985828166519044,1145280.9166666667,0.5431960550515987,9289.0,0.0021873330555508184,0.1129
LD,v5,0.022337,0.1978476527900797,1145280.9166666667,0.5443704184778579,9289.0,0.003361696481810089,0.1129
LD,v5,0.02457,0.21762621789193978,1139183.0833333333,0.5370411066149905,3191.1666666666665,-0.003967615381057342,0.1129
LD,v5,0.027027,0.23938883968113372,1145280.9166666667,0.541738732234846,9289.0,0.0007300102387982436,0.1129
LD,v5,0.02973,0.2633303808680248,1139183.0833333333,0.538164625554833,3191.1666666666665,-0.002844096441214722,0.1129
LD,v5,0.032703,0.2896634189548273,1145280.9166666667,0.5424925753852871,9289.0,0.0014838533892391852,0.1129
LD,v5,0.035973,0.3186271036315323,1145280.9166666667,0.5422681754953814,9289.0,0.0012594534993336792,0.1129
LD,v5,0.039571,0.3504960141718335,1145280.9166666667,0.5422669329778386,9289.0,0.0012582109817907694,0.1129
LD,v5,0.043528,0.38554472984942423,1145280.9166666667,0.5416863320105159,9289.0,0.0006776100144680978,0.1129
LD,v5,0.047881,0.4241009743135518,1145280.9166666667,0.5391070681026792,9289.0,-0.001901653893368586,0.1129
LD,v5,0.052669,0.46651018600531446,1145280.9166666667,0.5433569773254634,9289.0,0.0023482553294155717,0.1129
LD,v5,0.057936,0.5131620903454385,1145280.9166666667,0.5412314064717479,9289.0,0.00022268447570001718,0.1129
LD,v5,0.063729,0.5644729849424269,1145280.9166666667,0.5417284400178431,9289.0,0.0007197180217954069,0.1129
LD,v5,0.070102,0.6209211691762622,1145280.9166666667,0.5408542839736227,9289.0,-0.00015443802242521656,0.1129
LD,v5,0.077112,0.6830115146147033,1145280.9166666667,0.5401344210750217,9289.0,-0.0008743009210260277,0.1129
LD,v5,0.084823,0.7513108945969884,1145280.9166666667,0.5415347655121029,9289.0,0.0005260435160550451,0.1129
LD,v5,0.093306,0.8264481842338353,1145280.9166666667,0.5426434758973104,9289.0,0.0016347539012626644,0.1129
LD,v5,0.102636,0.9090876882196635,1145280.9166666667,0.544108480326682,9289.0,0.0030997583306341483,0.1129
LD,v5,0.1129,1.0,1135991.9166666667,0.5410087219960479,0.0,0.0,0.1129
LD,v5,0.12419,1.0999999999999999,1139183.0833333333,0.5392453980755559,3191.1666666666665,-0.001763323920491879,0.1129
LD,v5,0.136609,1.21,1145280.9166666667,0.5434432269188889,9289.0,0.002434504922841141,0.1129
LD,v5,0.15027,1.3310008857395925,1139183.0833333333,0.5392487304485157,3191.1666666666665,-0.0017599915475321009,0.1129
LD,v5,0.165297,1.4641009743135518,1145280.9166666667,0.5437420227198827,9289.0,0.0027333007238348472,0.1129
LD,v5,0.181827,1.6105137289636846,1145280.9166666667,0.5443098473771769,9289.0,0.0033011253811291072,0.1129
LD,v5,0.200009,1.7715589016829052,1145280.9166666667,0.5429471742769377,9289.0,0.0019384522808899944,0.1129
LD,v5,0.22001,1.9487156775907883,1139183.0833333333,0.5406651068829724,3191.1666666666665,-0.0003436151130753462,0.1129
LD,v5,0.242011,2.143587245349867,1145280.9166666667,0.5435186788126375,9289.0,0.0025099568165897757,0.1129
LD,v5,0.266212,2.3579450841452614,1145280.9166666667,0.5450643179031983,9289.0,0.004055595907150396,0.1129
LD,v5,0.292834,2.5937466784765277,1145280.9166666667,0.5445768073430467,9289.0,0.0035680853469988727,0.1129
LD,v5,0.322117,2.8531178033658104,1145280.9166666667,0.545543096171968,9289.0,0.004534374175920082,0.1129
LD,v5,0.354329,3.138432240921169,1145280.9166666667,0.5428894321149617,9289.0,0.0018807101189138586,0.1129
LD,v5,0.389761,3.452267493356953,1145280.9166666667,0.5420646647925246,9289.0,0.001055942796476722,0.1129
LD,v5,0.428738,3.7975022143489814,1145280.9166666667,0.5407388821913058,9289.0,-0.00026983980474197994,0.1129
LD,v5,0.471611,4.177245349867139,1145280.9166666667,0.5396146418107088,9289.0,-0.001394080185338949,0.1129
LD,v5,0.518772,4.59496899911426,1145280.9166666667,0.5422711133373249,9289.0,0.0012623913412771286,0.1129
LD,v5,0.57065,5.054472984942427,1139237.4166666667,0.5384182145527605,3245.5,-0.002590507443287371,0.1129
LD,v5,0.627715,5.55992028343667,1145660.5833333333,0.5472973062429011,9668.666666666666,0.006288584246853163,0.1129
LD,v5,0.690486,6.115907883082374,1145390.6666666667,0.5466202371367894,9398.75,0.005611515140741578,0.1129
LD,v5,0.759535,6.727502214348981,1145350.0,0.5416077850017236,9358.083333333334,0.0005990630056758317,0.1129
LD,v5,0.835488,7.400248007085917,1145338.75,0.5424654638583807,9346.833333333334,0.0014567418623329202,0.1129
LD,v5,0.919037,8.140274579273694,1145685.25,0.548064953820201,9693.333333333334,0.0070562318241532045,0.1129
LD,v5,1.010941,8.954304694419841,1140052.25,0.5466136920594634,4060.3333333333335,0.005604970063415556,0.1129
LD,v5,1.112035,9.849734278122233,1139872.25,0.5552710859141545,3880.3333333333335,0.01426236391810671,0.1129
LD,Bp4,0.042103,0.1015264046298529,1147314.25,0.5453212611042768,7962.166666666667,0.010769045658373869,0.4147
LD,Bp4,0.046313,0.11167832167832167,1147309.4166666667,0.5444368849127031,7957.333333333333,0.009884669466800194,0.4147
LD,Bp4,0.050944,0.12284543043163733,1147308.9166666667,0.5448820386953367,7956.833333333333,0.01032982324943372,0.4147
LD,Bp4,0.056039,0.1351314203038341,1147308.0833333333,0.5459496393347033,7956.0,0.011397423888800329,0.4147
LD,Bp4,0.061643,0.14864480347238967,1147301.3333333333,0.5452732858510856,7949.25,0.010721070405182683,0.4147
LD,Bp4,0.067807,0.16350856040511214,1147307.25,0.543826955570767,7955.166666666667,0.009274740124864123,0.4147
LD,Bp4,0.074587,0.17985772847841813,1147306.1666666667,0.5427458180487962,7954.083333333333,0.00819360260289323,0.4147
LD,Bp4,0.082046,0.19784422474077645,1147386.5,0.5458319754141003,8034.416666666667,0.011279759968197403,0.4147
LD,Bp4,0.090251,0.21762961176754278,1147385.75,0.5465966897141447,8033.666666666667,0.012044474268241642,0.4147
LD,Bp4,0.099276,0.2393923318061249,1147394.9166666667,0.5458524772078343,8042.833333333333,0.011300261761931293,0.4147
LD,Bp4,0.109203,0.26333011815770435,1147429.5833333333,0.5476483733793647,8077.5,0.013096157933461769,0.4147
LD,Bp4,0.120124,0.28966481794068,1147435.8333333333,0.5485843642479434,8083.75,0.014032148802040558,0.4147
LD,Bp4,0.132136,0.3186303351820593,1147431.1666666667,0.5491766385360414,8079.083333333333,0.014624423090138403,0.4147
LD,Bp4,0.14535,0.3504943332529539,1144374.5,0.5399854528299662,5022.416666666667,0.005433237384063251,0.4147
LD,Bp4,0.159885,0.38554376657824935,1147440.5,0.5480481737917682,8088.416666666667,0.013495958345865255,0.4147
LD,Bp4,0.175873,0.4240969375452134,1147515.3333333333,0.5456511045972996,8163.25,0.011098889151396682,0.4147
LD,Bp4,0.193461,0.4665083192669399,1147556.5,0.546827672145929,8204.416666666666,0.012275456700026036,0.4147
LD,Bp4,0.212807,0.5131589100554618,1147570.4166666667,0.5491813789971153,8218.333333333334,0.014629163551212363,0.4147
LD,Bp4,0.234087,0.5644731130938027,1147572.3333333333,0.5469299679424287,8220.25,0.012377752496525748,0.4147
LD,Bp4,0.257496,0.6209211478176996,1147679.75,0.5464191989092466,8327.666666666666,0.011866983463343658,0.4147
LD,Bp4,0.283246,0.6830142271521582,1147679.0833333333,0.5490789020724832,8327.0,0.014526686626580335,0.4147
LD,Bp4,0.31157,0.751314203038341,1144742.0,0.5427693531484289,5389.916666666667,0.008217137702525976,0.4147
LD,Bp4,0.342727,0.8264456233421751,1147943.4166666667,0.5466272919518856,8591.333333333334,0.012075076505982654,0.4147
LD,Bp4,0.377,0.9090909090909091,1134377.25,0.5330517283353121,-4974.833333333333,-0.001500487110590809,0.4147
LD,Bp4,0.4147,1.0,1139352.0833333333,0.5345522154459029,0.0,0.0,0.4147
LD,Bp4,0.45617,1.1,1145498.6666666667,0.5401148442347858,6146.583333333333,0.005562628788882963,0.4147
LD,Bp4,0.501787,1.21,1148917.9166666667,0.5479934375997313,9565.833333333334,0.01344122215382835,0.4147
LD,Bp4,0.551966,1.3310007234145165,1149656.5833333333,0.549178476431421,10304.5,0.014626260985518133,0.4147
LD,Bp4,0.607162,1.464099348926935,1150853.6666666667,0.5458339605736349,11501.583333333334,0.011281745127731974,0.4147
LD,Bp4,0.667879,1.6105112129250059,1152855.75,0.5447389760857833,13503.666666666666,0.010186760639880332,0.4147
LD,Bp4,0.734666,1.771560163973957,1155460.8333333333,0.54038714643518,16108.75,0.005834930989277102,0.4147
LD,Bp4,0.808133,1.9487171449240415,1157935.9166666667,0.5391260034027849,18583.833333333332,0.00457378795688194,0.4147
LD,Bp4,0.888946,2.143588136001929,1161122.75,0.5246530494905058,21770.666666666668,-0.009899165955397008,0.4147
LD,Bp4,0.977841,2.3579479141548108,1168384.0,0.4883417916720986,29031.916666666668,-0.04621042377380428,0.4147
LD,Bp4,1.075625,2.5937424644321196,1158424.9166666667,0.48166017027267455,19072.833333333332,-0.0528920451732284,0.4147
LD,Bp4,1.183188,2.853117916566192,1164187.25,0.49125633109632294,24835.166666666668,-0.04329588434957998,0.4147
LD,Bp4,1.301506,3.138427779117434,1166658.6666666667,0.5373515299398235,27306.583333333332,0.0027993144939205405,0.4147
LD,Bp4,1.431657,3.4522715215818662,1163487.1666666667,0.5951555793696703,24135.083333333332,0.060603363923767355,0.4147
LD,Bp4,1.574823,3.79749939715457,1161633.8333333333,0.6209710213326017,22281.75,0.08641880588669881,0.4147
LD,Bp4,1.732305,4.17724861345551,1156865.8333333333,0.6687954744851057,17513.75,0.1342432590392028,0.4147
LD,Bp4,1.905535,4.5949722691102,1159211.5,0.68994299055437,19859.416666666668,0.15539077510846722,0.4147
LD,Bp4,2.096089,5.054470701712081,1158186.25,0.7114263993503931,18834.166666666668,0.1768741839044902,0.4147
LD,Bp4,2.305698,5.559918013021461,1154268.0833333333,0.7241345964902995,14916.0,0.18958238104439654,0.4147
LD,Bp4,2.536267,6.11590788521823,1156898.5,0.7233651152891124,17546.416666666668,0.18881289984320948,0.4147
LD,Bp4,2.789894,6.727499397154569,1156285.6666666667,0.7358891852346492,16933.583333333332,0.20133696978874624,0.4147
LD,Bp4,3.068884,7.40025078369906,1155717.0,0.7386802391697792,16364.916666666666,0.20412802372387628,0.4147
LD,Bp4,3.375772,8.140274897516276,1155232.25,0.7417793275497918,15880.166666666666,0.20722711210388886,0.4147
LD,Bp4,3.713349,8.95430190499156,1154748.5833333333,0.7398506654793021,15396.5,0.20529845003339928,0.4147
LD,Bp4,4.084684,9.849732336628888,1153559.8333333333,0.7403947431660628,14207.75,0.20584252772015996,0.4147
LD,K3,0.226148,0.10152547699214365,1142579.1666666667,0.5525102996519274,6381.25,0.010445401795731788,2.2275
LD,K3,0.248763,0.11167811447811449,1142579.1666666667,0.5559012651700398,6381.25,0.013836367313844244,2.2275
LD,K3,0.273639,0.12284579124579126,1142579.1666666667,0.554269824856476,6381.25,0.012204927000280355,2.2275
LD,K3,0.301003,0.1351304152637486,1142581.8333333333,0.5536684342993498,6383.916666666667,0.011603536443154169,2.2275
LD,K3,0.331104,0.14864377104377105,1142581.8333333333,0.5530553541510905,6383.916666666667,0.010990456294894832,2.2275
LD,K3,0.364214,0.16350796857463523,1142581.8333333333,0.5550796467352804,6383.916666666667,0.013014748879084723,2.2275
LD,K3,0.400635,0.17985858585858586,1142581.5833333333,0.5567014999382264,6383.666666666667,0.014636602082030778,2.2275
LD,K3,0.440699,0.1978446689113356,1142581.5833333333,0.5586862026464209,6383.666666666667,0.01662130479022539,2.2275
LD,K3,0.484769,0.21762918069584736,1167479.5833333333,0.6387367579414708,31281.666666666668,0.09667186008527524,2.2275
LD,K3,0.533246,0.2393921436588103,1147591.3333333333,0.5776605600741233,11393.416666666666,0.03559566221792765,2.2275
LD,K3,0.58657,0.263331088664422,1139644.25,0.5432879533670097,3446.3333333333335,0.0012230555108142156,2.2275
LD,K3,0.645227,0.2896641975308642,1145510.9166666667,0.5435120060893935,9313.0,0.0014471082331978247,2.2275
LD,K3,0.70975,0.3186307519640853,1140573.5833333333,0.5419405876669176,4375.666666666667,-0.0001243101892780818,2.2275
LD,K3,0.780725,0.3504938271604938,1145310.5,0.5439754107214044,9112.583333333334,0.001910512865208852,2.2275
LD,K3,0.858798,0.3855434343434343,1145248.0,0.5463122238211219,9050.083333333334,0.004247325964926246,2.2275
LD,K3,0.944677,0.42409741863075195,1145377.25,0.5414174144817657,9179.333333333334,-0.0006474833744299172,2.2275
LD,K3,1.039145,0.46650729517396183,1140986.3333333333,0.5466380965803067,4788.416666666667,0.00457319872411104,2.2275
LD,K3,1.14306,0.5131582491582491,1141141.6666666667,0.5443142522098431,4943.75,0.0022493543536475924,2.2275
LD,K3,1.257366,0.564474074074074,1141273.0,0.5439168675991665,5075.083333333333,0.0018519697429709159,2.2275
LD,K3,1.383102,0.6209212121212121,1135470.1666666667,0.5434685541530229,-727.75,0.0014036562968272326,2.2275
LD,K3,1.521412,0.6830132435465769,1141573.8333333333,0.5442195597206264,5375.916666666667,0.00215466186443089,2.2275
LD,K3,1.673554,0.7513149270482604,1141737.1666666667,0.5413714652922692,5539.25,-0.0006934325639263994,2.2275
LD,K3,1.840909,0.8264462401795735,1141866.9166666667,0.5407728016258333,5669.0,-0.0012920962303623422,2.2275
LD,K3,2.025,0.9090909090909091,1132702.0833333333,0.5369261841465689,-3495.8333333333335,-0.0051387137096267355,2.2275
LD,K3,2.2275,1.0,1136197.9166666667,0.5420648978561956,0.0,0.0,2.2275
LD,K3,2.45025,1.1,1142346.75,0.5412307999202862,6148.833333333333,-0.0008340979359092912,2.2275
LD,K3,2.695275,1.21,1142446.5,0.5428582330402675,6248.583333333333,0.0007933351840718935,2.2275
LD,K3,2.964802,1.3309997755331089,1136500.5833333333,0.5389018817310066,302.6666666666667,-0.0031630161251890443,2.2275
LD,K3,3.261283,1.4641001122334456,1142591.5833333333,0.543243656265378,6393.666666666667,0.0011787584091823844,2.2275
LD,K3,3.587411,1.6105099887766554,1142655.3333333333,0.5390738189283596,6457.416666666667,-0.002991078927836075,2.2275
LD,K3,3.946152,1.7715609427609427,1142661.3333333333,0.5391434723901462,6463.416666666667,-0.0029214254660494634,2.2275
LD,K3,4.340767,1.9487169472502803,1141932.9166666667,0.5337792584659178,5735.0,-0.00828563939027783,2.2275
LD,K3,4.774844,2.1435887766554433,1141988.5833333333,0.5310611333477123,5790.666666666667,-0.011003764508483319,2.2275
LD,K3,5.252328,2.357947474747475,1142786.4166666667,0.5437038021571788,6588.5,0.0016389043009833089,2.2275
LD,K3,5.777561,2.593742312008979,1142784.0833333333,0.5355338123508279,6586.166666666667,-0.006531085505367795,2.2275
LD,K3,6.355317,2.8531164983164983,1142650.5,0.5420196016084137,6452.583333333333,-4.5296247781934085e-05,2.2275
LD,K3,6.990849,3.138428282828283,1142656.9166666667,0.5394644742854494,6459.0,-0.0026004235707462555,2.2275
LD,K3,7.689934,3.4522711560044894,1142551.8333333333,0.5372585346571871,6353.916666666667,-0.0048063631990084565,2.2275
LD,K3,8.458928,3.797498540965208,1142810.25,0.538516588167579,6612.333333333333,-0.003548309688616654,2.2275
LD,K3,9.30482,4.177248035914702,1142783.5833333333,0.5390682009859922,6585.666666666667,-0.0029966968702033934,2.2275
LD,K3,10.235302,4.594972839506173,1142754.5,0.5425641643248655,6556.583333333333,0.0004992664686699899,2.2275
LD,K3,11.258833,5.054470482603816,1142780.1666666667,0.543503176985201,6582.25,0.001438279129005432,2.2275
LD,K3,12.384716,5.559917396184062,1142791.0833333333,0.5411724862793289,6593.166666666667,-0.0008924115768667862,2.2275
LD,K3,13.623187,6.1159088664422,1142787.6666666667,0.5429884818190911,6589.75,0.0009235839628955004,2.2275
LD,K3,14.985506,6.727499887766554,1142798.5,0.5391800223057666,6600.583333333333,-0.002884875550429137,2.2275
LD,K3,16.484057,7.400250056116723,1142798.4166666667,0.5379557928080448,6600.5,-0.004109105048150828,2.2275
LD,K3,18.132462,8.140274747474747,1142795.0,0.5430841504263674,6597.083333333333,0.001019252570171723,2.2275
LD,K3,19.945709,8.954302581369248,1142798.5,0.5389271201231278,6600.583333333333,-0.0031377777330678,2.2275
LD,K3,21.94028,9.849732884399552,1142927.6666666667,0.5409614207190772,6729.75,-0.001103477137118447,2.2275
LD,de1,0.000223,0.10136363636363636,1149523.5833333333,0.5460640732791807,9381.75,0.01011368123457517,0.0022
LD,de1,0.000246,0.11181818181818182,1149523.75,0.5445791216867574,9381.916666666666,0.00862872964215187,0.0022
LD,de1,0.00027,0.12272727272727273,1143967.5,0.5404588309695185,3825.6666666666665,0.0045084389249128816,0.0022
LD,de1,0.000297,0.135,1149524.3333333333,0.5450298619512607,9382.5,0.009079469906655166,0.0022
LD,de1,0.000327,0.14863636363636362,1149524.3333333333,0.5450847640735522,9382.5,0.009134372028946652,0.0022
LD,de1,0.00036,0.16363636363636364,1143967.5,0.540508270772566,3825.6666666666665,0.004557878727960402,0.0022
LD,de1,0.000396,0.17999999999999997,1149524.3333333333,0.5448733572876542,9382.5,0.008922965243048633,0.0022
LD,de1,0.000435,0.19772727272727272,1149524.3333333333,0.5438590316770043,9382.5,0.007908639632398748,0.0022
LD,de1,0.000479,0.2177272727272727,1149524.9166666667,0.5429808011243286,9383.083333333334,0.007030409079723031,0.0022
LD,de1,0.000527,0.23954545454545453,1149525.0833333333,0.5450156752876727,9383.25,0.00906528324306713,0.0022
LD,de1,0.000579,0.2631818181818182,1149526.0,0.5442392438611041,9384.166666666666,0.00828885181649853,0.0022
LD,de1,0.000637,0.2895454545454545,1149526.9166666667,0.544425278395238,9385.083333333334,0.008474886350632427,0.0022
LD,de1,0.000701,0.3186363636363636,1149527.5,0.5436251322480773,9385.666666666666,0.0076747402034717345,0.0022
LD,de1,0.000771,0.3504545454545454,1149513.8333333333,0.5431234471324008,9372.0,0.00717305508779519,0.0022
LD,de1,0.000848,0.38545454545454544,1149514.3333333333,0.5440090427003845,9372.5,0.00805865065577896,0.0022
LD,de1,0.000933,0.4240909090909091,1149510.4166666667,0.5450037072045147,9368.583333333334,0.009053315159909203,0.0022
LD,de1,0.001026,0.4663636363636363,1149509.0833333333,0.5457717433224406,9367.25,0.009821351277835002,0.0022
LD,de1,0.001129,0.5131818181818182,1149511.9166666667,0.5464847053320842,9370.083333333334,0.01053431328747865,0.0022
LD,de1,0.001242,0.5645454545454546,1149517.5,0.5457284095348739,9375.666666666666,0.0097780174902684,0.0022
LD,de1,0.001366,0.6209090909090909,1149518.0,0.5456372873296184,9376.166666666666,0.009686895285012709,0.0022
LD,de1,0.001503,0.6831818181818181,1149518.3333333333,0.5458135021647813,9376.5,0.009863110120175664,0.0022
LD,de1,0.001653,0.7513636363636363,1149513.6666666667,0.5457722966659759,9371.833333333334,0.009821904621370439,0.0022
LD,de1,0.001818,0.8263636363636363,1149512.4166666667,0.5459217485108958,9370.583333333334,0.009971356466290243,0.0022
LD,de1,0.002,0.9090909090909091,1134333.25,0.5351073187320131,-5808.583333333333,-0.0008430733125925349,0.0022
LD,de1,0.0022,1.0,1140141.8333333333,0.5359503920446055,0.0,0.0,0.0022
LD,de1,0.00242,1.0999999999999999,1144019.8333333333,0.5409077400851408,3878.0,0.004957348040535177,0.0022
LD,de1,0.002662,1.21,1149586.6666666667,0.5458925925577662,9444.833333333334,0.009942200513160712,0.0022
LD,de1,0.002928,1.3309090909090908,1149590.0833333333,0.5463720424074195,9448.25,0.010421650362814006,0.0022
LD,de1,0.003221,1.4640909090909089,1149569.0,0.5466746977491957,9427.166666666666,0.0107243057045902,0.0022
LD,de1,0.003543,1.6104545454545454,1149605.1666666667,0.5450145827903005,9463.333333333334,0.009064190745694894,0.0022
LD,de1,0.003897,1.7713636363636363,1149586.9166666667,0.5450492789694842,9445.083333333334,0.009098886924878619,0.0022
LD,de1,0.004287,1.9486363636363635,1149589.9166666667,0.5437926759162033,9448.083333333334,0.007842283871597652,0.0022
LD,de1,0.004716,2.1436363636363636,1149583.9166666667,0.5425660169421563,9442.083333333334,0.006615624897550816,0.0022
LD,de1,0.005187,2.3577272727272724,1149598.9166666667,0.5452395343124555,9457.083333333334,0.009289142267849862,0.0022
LD,de1,0.005706,2.5936363636363637,1149599.0,0.5437793838905846,9457.166666666666,0.007828991845978933,0.0022
LD,de1,0.006277,2.853181818181818,1149581.75,0.5441222535176736,9439.916666666666,0.008171861473068023,0.0022
LD,de1,0.006905,3.1386363636363632,1149641.5833333333,0.5444608576930331,9499.75,0.008510465648427437,0.0022
LD,de1,0.007595,3.452272727272727,1149673.5,0.5437212233997737,9531.666666666666,0.007770831355168095,0.0022
LD,de1,0.008355,3.7977272727272724,1149654.0,0.5452700090453027,9512.166666666666,0.009319617000697064,0.0022
LD,de1,0.00919,4.177272727272727,1144101.0,0.540442091598106,3959.1666666666665,0.004491699553500307,0.0022
LD,de1,0.010109,4.595,1149649.75,0.5454287283167923,9507.916666666666,0.009478336272186805,0.0022
LD,de1,0.01112,5.054545454545454,1144172.0,0.5423722946200845,4030.1666666666665,0.006421902575478931,0.0022
LD,de1,0.012232,5.56,1149730.5833333333,0.5474575525272684,9588.75,0.01150716048266276,0.0022
LD,de1,0.013455,6.11590909090909,1149725.5833333333,0.5446414927248289,9583.75,0.008691100680223385,0.0022
LD,de1,0.0148,6.7272727272727275,1140422.8333333333,0.5331125122061372,281.0,-0.0028378798384682638,0.0022
LD,de1,0.016281,7.400454545454545,1149814.75,0.5455051650946142,9672.916666666666,0.009554773050008717,0.0022
LD,de1,0.017909,8.140454545454546,1149796.6666666667,0.5432543959366083,9654.833333333334,0.007304003892002743,0.0022
LD,de1,0.019699,8.95409090909091,1149860.9166666667,0.5444461677049376,9719.083333333334,0.008495775660332059,0.0022
LD,de1,0.021669,9.849545454545455,1149873.25,0.5451609865482289,9731.416666666666,0.009210594503623215,0.0022
LD,dg5,0.108395,0.10152567153806312,1149620.25,0.5480123776029187,4636.666666666667,0.007503027619017851,1.067661
LD,dg5,0.119234,0.11167777037842537,1149620.25,0.548919518246788,4636.666666666667,0.008410168262887254,1.067661
LD,dg5,0.131158,0.12284610939240077,1149620.25,0.5495084383332446,4636.666666666667,0.008999088349343773,1.067661
LD,dg5,0.144274,0.1351309076570185,1149620.25,0.5446873332132928,4636.666666666667,0.004177983229392067,1.067661
LD,dg5,0.158701,0.14864362377196508,1149620.25,0.5473215252386887,4636.666666666667,0.006812175254787935,1.067661
LD,dg5,0.174571,0.16350789248647277,1149620.25,0.5445632831541539,4636.666666666667,0.004053933170253117,1.067661
LD,dg5,0.192028,0.17985858807243124,1149620.25,0.5490011079706205,4636.666666666667,0.008491757986719667,1.067661
LD,dg5,0.211231,0.197844634205052,1149620.25,0.5505550361824388,4636.666666666667,0.010045686198537934,1.067661
LD,dg5,0.232354,0.21762900396286838,1149620.25,0.5495947452305461,4636.666666666667,0.00908539524664532,1.067661
LD,dg5,0.25559,0.23939246633528807,1144965.0833333333,0.5433392922132952,-18.5,0.0028299422293944034,1.067661
LD,dg5,0.281149,0.26333171296881686,1149620.25,0.5486173198191309,4636.666666666667,0.008107969835230109,1.067661
LD,dg5,0.309263,0.28966404130149925,1149620.25,0.5478465692229899,4636.666666666667,0.007337219239089032,1.067661
LD,dg5,0.34019,0.3186311010704709,1144965.0833333333,0.539992404127405,-18.5,-0.0005169458564958743,1.067661
LD,dg5,0.374209,0.350494211177518,1149620.25,0.5450271255090415,4636.666666666667,0.004517775525140766,1.067661
LD,dg5,0.41163,0.38554372595795855,1144965.0833333333,0.5402446686995174,-18.5,-0.0002646812843834871,1.067661
LD,dg5,0.452792,0.4240971619268663,1149620.25,0.5454671462668413,4636.666666666667,0.004957796282940592,1.067661
LD,dg5,0.498072,0.46650762742106344,1149620.25,0.5443776388827929,4636.666666666667,0.0038682888988920785,1.067661
LD,dg5,0.547879,0.5131582028377921,1149620.25,0.5440808157566046,4636.666666666667,0.0035714657727037393,1.067661
LD,dg5,0.602667,0.5644741167842602,1149620.25,0.5468130382187399,4636.666666666667,0.006303688234839085,1.067661
LD,dg5,0.662933,0.6209208728238645,1149620.25,0.5477149214244453,4636.666666666667,0.007205571440544595,1.067661
LD,dg5,0.729227,0.6830136157450726,1149620.25,0.5469083262354997,4636.666666666667,0.006398976251598891,1.067661
LD,dg5,0.80215,0.7513152583076463,1144965.0833333333,0.5424564045540609,-18.5,0.0019470545701600246,1.067661
LD,dg5,0.882364,0.826445847511523,1149620.25,0.5479154197800121,4636.666666666667,0.00740606979611122,1.067661
LD,dg5,0.970601,0.9090909942388081,1149620.25,0.5449166972500326,4636.666666666667,0.004407347266131799,1.067661
LD,dg5,1.067661,1.0,1144983.5833333333,0.5405093499839008,0.0,0.0,1.067661
LD,dg5,1.174427,1.0999999063373114,1144983.5833333333,0.5396683590598448,0.0,-0.0008409909240560028,1.067661
LD,dg5,1.29187,1.2100001779591087,1144983.5833333333,0.5438681247377969,0.0,0.003358774753896158,1.067661
LD,dg5,1.421057,1.3310001957550197,1144983.5833333333,0.5419366959941522,0.0,0.0014273460102512774,1.067661
LD,dg5,1.563162,1.4640995596917,1144983.4166666667,0.5435644369796008,-0.16666666666666666,0.0030550869956999425,1.067661
LD,dg5,1.719479,1.6105102649623804,1144983.5833333333,0.5403102585236422,0.0,-0.00019909146025863986,1.067661
LD,dg5,1.891427,1.7715613851213072,1144983.5833333333,0.5424314117397007,0.0,0.0019220617557999347,1.067661
LD,dg5,2.080569,1.9487168679946165,1145114.25,0.5422210863053315,130.66666666666666,0.0017117363214306791,1.067661
LD,dg5,2.288626,2.1435886484567668,1145114.25,0.5446068821667499,130.66666666666666,0.004097532182849102,1.067661
LD,dg5,2.517489,2.3579478879531988,1145114.25,0.5419646122037367,130.66666666666666,0.0014552622198359493,1.067661
LD,dg5,2.769238,2.5937427704112075,1145114.25,0.5408214303941277,130.66666666666666,0.0003120804102268911,1.067661
LD,dg5,3.046161,2.853116298150818,1145114.25,0.5401989222208292,130.66666666666666,-0.00031042776307165415,1.067661
LD,dg5,3.350778,3.1384287709300986,1145114.25,0.541940904472804,130.66666666666666,0.0014315544889031788,1.067661
LD,dg5,3.685855,3.452270898721598,1145114.25,0.5422801490879656,130.66666666666666,0.001770799104064839,1.067661
LD,dg5,4.054441,3.797498456907202,1144308.75,0.5361991449073338,-674.8333333333334,-0.004310205076567014,1.067661
LD,dg5,4.459885,4.177248208935233,1144308.75,0.5371630869906715,-674.8333333333334,-0.0033462629932292745,1.067661
LD,dg5,4.905873,4.594972561515312,1144308.75,0.5383231567941416,-674.8333333333334,-0.002186193189759276,1.067661
LD,dg5,5.396461,5.054470473305666,1145114.25,0.5412652266386866,130.66666666666666,0.0007558766547858068,1.067661
LD,dg5,5.936107,5.559917426973543,1145114.25,0.5430340321184448,130.66666666666666,0.0025246821345439965,1.067661
LD,dg5,6.529718,6.115909450658964,1144935.25,0.5422068488405328,-48.333333333333336,0.0016974988566319793,1.067661
LD,dg5,7.182689,6.727499646423349,1144771.75,0.5407110205608076,-211.83333333333334,0.00020167057690673174,1.067661
LD,dg5,7.900958,7.400249704728374,1144771.75,0.5381736490437289,-211.83333333333334,-0.0023357009401719364,1.067661
LD,dg5,8.691054,8.140274862526589,1145054.5833333333,0.5420208620372252,71.0,0.0015115120533244393,1.067661
LD,dg5,9.560159,8.954301974128493,1145024.75,0.541817179420545,41.166666666666664,0.0013078294366441108,1.067661
LD,dg5,10.516175,9.84973226520403,1144983.4166666667,0.5436497945877814,-0.16666666666666666,0.0031404446038806044,1.067661
LD,q4b,0.90906,0.10152557516193879,1144954.0,0.5415147143034696,10570.25,0.00599022375337611,8.954
LD,q4b,0.999966,0.11167813267813267,1148432.3333333333,0.5491536727823277,14048.583333333334,0.013629182232234083,8.954
LD,q4b,1.099963,0.12284599061871788,1144972.5,0.5431572401265,10588.75,0.007632749576406417,8.954
LD,q4b,1.209959,0.13513055617601072,1144972.5,0.5445256723216924,10588.75,0.009001181771598801,8.954
LD,q4b,1.330955,0.14864362296180478,1144972.5,0.5443560766438693,10588.75,0.008831586093775776,8.954
LD,q4b,1.464051,0.16350804109895017,1144972.5,0.5399655939241713,10588.75,0.00444110337407765,8.954
LD,q4b,1.610456,0.17985883404065223,1144972.5,0.5428453906312195,10588.75,0.007320900081125893,8.954
LD,q4b,1.771501,0.19784465043555952,1140249.6666666667,0.5335666367307786,5865.916666666667,-0.0019578538193149586,8.954
LD,q4b,1.948651,0.21762910431092247,1144972.5,0.5421745621474124,10588.75,0.00665007159731885,8.954
LD,q4b,2.143516,0.23939200357382173,1145103.1666666667,0.54460160627724,10719.416666666666,0.009077115727146414,8.954
LD,q4b,2.357868,0.26333124860397583,1145103.1666666667,0.5434522380869112,10719.416666666666,0.007927747536817742,8.954
LD,q4b,2.593655,0.2896643958007594,1145103.1666666667,0.5449767797731421,10719.416666666666,0.009452289223048527,8.954
LD,q4b,2.85302,0.3186307795398704,1145103.1666666667,0.5455633174353357,10719.416666666666,0.01003882688524215,8.954
LD,q4b,3.138322,0.3504938574938575,1145103.1666666667,0.5455915308922538,10719.416666666666,0.010067040342160225,8.954
LD,q4b,3.452155,0.3855433325887871,1145103.1666666667,0.5432964305851578,10719.416666666666,0.007771940035064179,8.954
LD,q4b,3.79737,0.4240976100067009,1145103.1666666667,0.5398163555489649,10719.416666666666,0.004291864998871298,8.954
LD,q4b,4.177107,0.466507371007371,1144297.6666666667,0.5385046788408028,9913.916666666666,0.0029801882907092105,8.954
LD,q4b,4.594818,0.513158141612687,1144297.6666666667,0.5395908271118343,9913.916666666666,0.004066336561740759,8.954
LD,q4b,5.0543,0.5644739781103416,1140385.0,0.5349877288743006,6001.25,-0.0005367616757929738,8.954
LD,q4b,5.55973,0.6209213759213759,1145103.1666666667,0.5434610011822064,10719.416666666666,0.007936510632112759,8.954
LD,q4b,6.115702,0.6830134018315835,1140235.8333333333,0.536154781912385,5852.083333333333,0.0006302913622913131,8.954
LD,q4b,6.727273,0.7513148313602859,1144954.0,0.5403027354644291,10570.25,0.004778244914335474,8.954
LD,q4b,7.4,0.8264462809917356,1130195.4166666667,0.5222301893920783,-4188.333333333333,-0.013294301158015229,8.954
LD,q4b,8.14,0.9090909090909091,1130886.0833333333,0.5294410400780192,-3497.6666666666665,-0.006083450472074398,8.954
LD,q4b,8.954,1.0,1134383.75,0.5355244905500935,0.0,0.0,8.954
LD,q4b,9.8494,1.0999999999999999,1140373.4166666667,0.5331732213074422,5989.666666666667,-0.0023512692426514346,8.954
LD,q4b,10.83434,1.2099999999999997,1145052.8333333333,0.5431887677969064,10669.083333333334,0.007664277246812771,8.954
LD,q4b,11.917774,1.331,1145052.8333333333,0.5444055777456023,10669.083333333334,0.008881087195508694,8.954
LD,q4b,13.109551,1.464099955327228,1145052.8333333333,0.5449095456819303,10669.083333333334,0.00938505513183672,8.954
LD,q4b,14.420507,1.6105100513736876,1145052.8333333333,0.5409010348196134,10669.083333333334,0.005376544269519797,8.954
LD,q4b,15.862557,1.7715609783337056,1145052.8333333333,0.5449635455687584,10669.083333333334,0.00943905501866485,8.954
LD,q4b,17.448813,1.9487171096716551,1145052.8333333333,0.5388013638569801,10669.083333333334,0.003276873306886391,8.954
LD,q4b,19.193694,2.1435887871342416,1145089.25,0.5443577390812574,10705.5,0.008833248531163832,8.954
LD,q4b,21.113064,2.357947732856824,1145219.9166666667,0.5472442191313812,10836.166666666666,0.011719728581287753,8.954
LD,q4b,23.22437,2.593742461469734,1145219.9166666667,0.5452851303739651,10836.166666666666,0.00976063982387157,8.954
LD,q4b,25.546807,2.8531167076167074,1145219.9166666667,0.5438544923888474,10836.166666666666,0.00833000183875382,8.954
LD,q4b,28.101488,3.1384284118829573,1145219.75,0.5456531032822682,10836.0,0.0101286127321747,8.954
LD,q4b,30.911636,3.452271163725709,1145219.6666666667,0.5439243470614258,10835.916666666666,0.008399856511332163,8.954
LD,q4b,34.0028,3.797498324771052,1145212.75,0.5412300405354843,10829.0,0.005705549985390662,8.954
LD,q4b,37.40308,4.177248157248157,1145212.8333333333,0.5397020652079151,10829.083333333334,0.004177574657821481,8.954
LD,q4b,41.143388,4.594972972972973,1144405.3333333333,0.5398791865256217,10021.583333333334,0.004354695975528187,8.954
LD,q4b,45.257727,5.0544702926066565,1144391.3333333333,0.5403643449951416,10007.583333333334,0.004839854445048003,8.954
LD,q4b,49.7835,5.5599173553719,1144460.6666666667,0.5386673467875346,10076.916666666666,0.0031428562374410107,8.954
LD,q4b,54.76185,6.115909090909091,1145265.6666666667,0.5394327948418127,10881.916666666666,0.003908304291719122,8.954
LD,q4b,60.238035,6.7275,1140434.5,0.5361302015252043,6050.75,0.0006057109751107422,8.954
LD,q4b,66.261838,7.400249944159034,1145163.5833333333,0.5435052107058881,10779.833333333334,0.007980720155794494,8.954
LD,q4b,72.888022,8.140274960911325,1140226.8333333333,0.5344113104054408,5843.083333333333,-0.0011131801446529292,8.954
LD,q4b,80.176824,8.95430243466607,1145244.1666666667,0.5415416559557932,10860.416666666666,0.006017165405699586,8.954
LD,q4b,88.194506,9.849732633459906,1145313.4166666667,0.5425665580141005,10929.666666666666,0.007042067464006781,8.954
LD,d3L,0.055139,0.10152642238998343,1126909.25,0.49417755410290704,-12992.666666666666,-0.03977143316658347,0.5431
LD,d3L,0.060652,0.11167740747560301,1126990.8333333333,0.4900991767636383,-12911.083333333334,-0.04384981050585219,0.5431
LD,d3L,0.066718,0.12284662124838887,1127183.9166666667,0.48846923177406626,-12718.0,-0.045479755495424136,0.5431
LD,d3L,0.073389,0.1351298103480022,1127331.9166666667,0.48870719182835815,-12570.0,-0.045241795441132354,0.5431
LD,d3L,0.080728,0.1486429755109556,1127443.5,0.48961938066835065,-12458.416666666666,-0.04432960660113979,0.5431
LD,d3L,0.088801,0.16350764131835757,1127660.8333333333,0.4926128453869451,-12241.083333333334,-0.04133614188254533,0.5431
LD,d3L,0.097681,0.17985822132204013,1128104.3333333333,0.48909630002846916,-11797.583333333334,-0.04485268724102134,0.5431
LD,d3L,0.107449,0.19784385932609094,1128649.0,0.49067487587142816,-11252.916666666666,-0.04327411139806229,0.5431
LD,d3L,0.118194,0.21762842938685323,1129216.0833333333,0.4970384454098205,-10685.833333333334,-0.036910541859670055,0.5431
LD,d3L,0.130014,0.2393923770944577,1129848.25,0.4961849218062917,-10053.666666666666,-0.03776406546319879,0.5431
LD,d3L,0.143015,0.2633308782912907,1130497.6666666667,0.4954306926481717,-9404.25,-0.03851829462131881,0.5431
LD,d3L,0.157317,0.2896648867611858,1131243.75,0.49761839434651406,-8658.166666666666,-0.03633059292297642,0.5431
LD,d3L,0.173048,0.318630086540232,1132244.9166666667,0.4968076114022479,-7657.0,-0.0371413758672427,0.5431
LD,d3L,0.190353,0.35049346345056154,1133343.9166666667,0.5043731101607659,-6558.0,-0.029575877108724558,0.5431
LD,d3L,0.209389,0.3855440986926901,1134965.8333333333,0.5078069388405521,-4936.083333333333,-0.026142048428938452,0.5431
LD,d3L,0.230327,0.42409685140858033,1136683.9166666667,0.5132197616881237,-3218.0,-0.020729225581366806,0.5431
LD,d3L,0.25336,0.4665070889338979,1132333.0,0.5100516788620558,-7568.916666666667,-0.02389730840743473,0.5431
LD,d3L,0.278696,0.5131577978272878,1139012.1666666667,0.5184923846457633,-889.75,-0.015456602623727065,0.5431
LD,d3L,0.306566,0.5644743141226294,1140158.0833333333,0.5229112843839191,256.1666666666667,-0.011037702885571368,0.5431
LD,d3L,0.337222,0.6209206407659731,1141552.4166666667,0.5262733485079041,1650.5,-0.007675638761586427,0.5431
LD,d3L,0.370945,0.683014177867796,1143001.75,0.5262806997434021,3099.8333333333335,-0.007668287526088354,0.5431
LD,d3L,0.408039,0.7513146750138096,1144604.25,0.5312425981779682,4702.333333333333,-0.002706389091522247,0.5431
LD,d3L,0.448843,0.8264463266433437,1146377.5833333333,0.5354495254048931,6475.666666666667,0.0015005381354026663,0.5431
LD,d3L,0.493727,0.9090904069232185,1147911.9166666667,0.5401083189444624,8010.0,0.0061593316749719755,0.5431
LD,d3L,0.5431,1.0,1139901.9166666667,0.5339489872694906,0.0,0.0,0.5431
LD,d3L,0.59741,1.0999999999999999,1145243.9166666667,0.5402892303596526,5342.0,0.006340243090162188,0.5431
LD,d3L,0.657151,1.21,1152265.75,0.5490605790438203,12363.833333333334,0.015111591774329886,0.5431
LD,d3L,0.722866,1.3309998158718468,1153787.0,0.5515541673800542,13885.083333333334,0.017605180110563733,0.5431
LD,d3L,0.795153,1.4641005339716442,1155326.0833333333,0.5532518397243026,15424.166666666666,0.01930285245481216,0.5431
LD,d3L,0.874668,1.610510034984349,1156708.0833333333,0.552728855696036,16806.166666666668,0.0187798684265455,0.5431
LD,d3L,0.962135,1.7715614067390903,1157426.4166666667,0.5575967276152127,17524.5,0.023647740345722246,0.5431
LD,d3L,1.058348,1.9487166267722336,1152680.0833333333,0.5534907935385899,12778.166666666666,0.019541806269099432,0.5431
LD,d3L,1.164183,2.143588657705763,1153295.6666666667,0.5535648739396207,13393.75,0.019615886670130218,0.5431
LD,d3L,1.280601,2.35794697109188,1150022.0833333333,0.5495135095063904,10120.166666666666,0.015564522236899914,0.5431
LD,d3L,1.408662,2.593743325354447,1154405.3333333333,0.5539067934090682,14503.416666666666,0.0199578061395778,0.5431
LD,d3L,1.549528,2.853117289633585,1154901.6666666667,0.5562200308510047,14999.75,0.022271043581514216,0.5431
LD,d3L,1.70448,3.1384275455717177,1155387.6666666667,0.5544534699919931,15485.75,0.020504482722502538,0.5431
LD,d3L,1.874928,3.4522703001288892,1155744.3333333333,0.5569079530237766,15842.416666666666,0.022958965754286086,0.5431
LD,d3L,2.062421,3.797497698398085,1156222.9166666667,0.5592570314743547,16321.0,0.02530804420486421,0.5431
LD,d3L,2.268663,4.1772472841097406,1156475.0,0.5611540119653504,16573.083333333332,0.027205024695859947,0.5431
LD,d3L,2.49553,4.594973301417786,1156716.6666666667,0.560634052044544,16814.75,0.026685064775053457,0.5431
LD,d3L,2.745083,5.054470631559566,1156937.3333333333,0.5599280260496561,17035.416666666668,0.025979038780165692,0.5431
LD,d3L,3.019591,5.559917142331062,1157044.5833333333,0.5629388771839859,17142.666666666668,0.028989889914495543,0.5431
LD,d3L,3.32155,6.1159086724360145,1157029.25,0.5658267502635101,17127.333333333332,0.03187776299401968,0.5431
LD,d3L,3.653705,6.7274995396796164,1153156.1666666667,0.5601447489513033,13254.25,0.026195761681812823,0.5431
LD,d3L,4.019076,7.400250414288345,1156215.5,0.5638613808144158,16313.583333333334,0.02991239354492528,0.5431
LD,d3L,4.420983,8.140274350948259,1156164.5,0.5631565244643504,16262.583333333334,0.029207537194859856,0.5431
LD,d3L,4.863082,8.954303074940158,1156144.8333333333,0.5645330008250923,16242.916666666666,0.03058401355560178,0.5431
LD,d3L,5.34939,9.849733014177867,1156877.4166666667,0.566656823508291,16975.5,0.03270783623880059,0.5431
