Parameter_Value,CLm,P97m,P51m,ELm,Parameter,Source CSV,CLm_delta,P97m_delta,P51m_delta,ELm_delta,FoldChange
0.1142163,24,24,24,24,Ak7,period_data_Ak7.csv,0,0,0,0,0.1015256
0.12563793,24,24,24.11111111,24,Ak7,period_data_Ak7.csv,0,0,0.111111111,0,0.11167816
0.13820172,24,24,24,24,Ak7,period_data_Ak7.csv,0,0,0,0,0.122845973
0.15202189,24,24,24,24,Ak7,period_data_Ak7.csv,0,0,0,0,0.135130569
0.16722408,24,24,24,24.11111111,Ak7,period_data_Ak7.csv,0,0,0,0.111111111,0.148643627
0.18394649,24,24,24,24,Ak7,period_data_Ak7.csv,0,0,0,0,0.163507991
0.20234114,24.11111111,24.11111111,24.11111111,24,Ak7,period_data_Ak7.csv,0.111111111,0.111111111,0.111111111,0,0.179858791
0.22257525,24,23.88888889,23.88888889,24,Ak7,period_data_Ak7.csv,0,-0.111111111,-0.111111111,0,0.197844667
0.24483278,24,24,24,24,Ak7,period_data_Ak7.csv,0,0,0,0,0.217629138
0.26931606,24,24,24,24,Ak7,period_data_Ak7.csv,0,0,0,0,0.239392053
0.29624766,24,24,24,24,Ak7,period_data_Ak7.csv,0,0,0,0,0.263331253
0.32587243,24,24,24,24,Ak7,period_data_Ak7.csv,0,0,0,0,0.289664382
0.35845967,24,24,24,24,Ak7,period_data_Ak7.csv,0,0,0,0,0.318630818
0.39430564,24,24,24,24,Ak7,period_data_Ak7.csv,0,0,0,0,0.350493902
0.4337362,24,24,24,24,Ak7,period_data_Ak7.csv,0,0,0,0,0.385543289
0.47710982,24,24,24,24,Ak7,period_data_Ak7.csv,0,0,0,0,0.424097618
0.5248208,24,24,24,24,Ak7,period_data_Ak7.csv,0,0,0,0,0.466507378
0.57730288,24,24,24,24,Ak7,period_data_Ak7.csv,0,0,0,0,0.513158116
0.63503317,24,24,24,24,Ak7,period_data_Ak7.csv,0,0,0,0,0.564473929
0.69853649,24,24,24,24,Ak7,period_data_Ak7.csv,0,0,0,0,0.620921324
0.76839014,24,24,24,24,Ak7,period_data_Ak7.csv,0,0,0,0,0.683013458
0.84522915,24,24,24,24,Ak7,period_data_Ak7.csv,0,0,0,0,0.7513148
0.92975207,24,24,24,24,Ak7,period_data_Ak7.csv,0,0,0,0,0.826446284
1.02272727,24,24,24,24,Ak7,period_data_Ak7.csv,0,0,0,0,0.909090907
1.125,24,24,24,24,Ak7,period_data_Ak7.csv,0,0,0,0,1
1.2375,24,24,24,24,Ak7,period_data_Ak7.csv,0,0,0,0,1.1
1.36125,24,24,24,24,Ak7,period_data_Ak7.csv,0,0,0,0,1.21
1.497375,24,24,24,24,Ak7,period_data_Ak7.csv,0,0,0,0,1.331
1.6471125,24,24,24,24,Ak7,period_data_Ak7.csv,0,0,0,0,1.4641
1.81182375,24,24,24,24,Ak7,period_data_Ak7.csv,0,0,0,0,1.61051
1.99300613,24,24,24,24,Ak7,period_data_Ak7.csv,0,0,0,0,1.771561004
2.19230674,24,24,24,24,Ak7,period_data_Ak7.csv,0,0,0,0,1.948717102
2.41153741,24,24,24,24,Ak7,period_data_Ak7.csv,0,0,0,0,2.143588809
2.65269115,24,24,24,24,Ak7,period_data_Ak7.csv,0,0,0,0,2.357947689
2.91796027,24,24,24,24,Ak7,period_data_Ak7.csv,0,0,0,0,2.593742462
3.20975629,24,24,24,24,Ak7,period_data_Ak7.csv,0,0,0,0,2.853116702
3.53073192,24,24,24,24,Ak7,period_data_Ak7.csv,0,0,0,0,3.138428373
3.88380512,24,24,24,24,Ak7,period_data_Ak7.csv,0,0,0,0,3.452271218
4.27218563,24,24,24,24,Ak7,period_data_Ak7.csv,0,0,0,0,3.797498338
4.69940419,24,24,24,24,Ak7,period_data_Ak7.csv,0,0,0,0,4.177248169
5.16934461,24,24,24,24,Ak7,period_data_Ak7.csv,0,0,0,0,4.594972987
5.68627907,24,24,24,24,Ak7,period_data_Ak7.csv,0,0,0,0,5.054470284
6.25490698,24,24,24,24,Ak7,period_data_Ak7.csv,0,0,0,0,5.559917316
6.88039768,24,24,24,24,Ak7,period_data_Ak7.csv,0,0,0,0,6.115909049
7.56843744,24,24,24,24,Ak7,period_data_Ak7.csv,0,0,0,0,6.727499947
8.32528119,24,24,24,24,Ak7,period_data_Ak7.csv,0,0,0,0,7.400249947
9.15780931,24,24,24,24,Ak7,period_data_Ak7.csv,0,0,0,0,8.140274942
10.07359024,24,24,24,24,Ak7,period_data_Ak7.csv,0,0,0,0,8.954302436
11.08094926,24,24,24,24,Ak7,period_data_Ak7.csv,0,0,0,0,9.849732676
0.05586954,24,24,24,24,Am7,period_data_Am7.csv,0,0,0,0,0.101525604
0.06145649,24,24,24,24,Am7,period_data_Am7.csv,0,0,0,0,0.111678157
0.06760214,24,24,24,24,Am7,period_data_Am7.csv,0,0,0,0,0.122845975
0.07436235,24,24,24,24,Am7,period_data_Am7.csv,0,0,0,0,0.135130565
0.08179859,24,24,24,24,Am7,period_data_Am7.csv,0,0,0,0,0.148643631
0.08997845,24,24,24,24,Am7,period_data_Am7.csv,0,0,0,0,0.163507996
0.09897629,24,24,24,24,Am7,period_data_Am7.csv,0,0,0,0,0.179858786
0.10887392,24,24,24,24,Am7,period_data_Am7.csv,0,0,0,0,0.197844667
0.11976131,24,24,24,24,Am7,period_data_Am7.csv,0,0,0,0,0.21762913
0.13173744,24,24,24,24,Am7,period_data_Am7.csv,0,0,0,0,0.239392041
0.14491119,24,24,24,24,Am7,period_data_Am7.csv,0,0,0,0,0.263331256
0.15940231,24,24,24,24,Am7,period_data_Am7.csv,0,0,0,0,0.289664383
0.17534254,24,24,24,24,Am7,period_data_Am7.csv,0,0,0,0,0.31863082
0.19287679,24,24,24,24,Am7,period_data_Am7.csv,0,0,0,0,0.350493894
0.21216447,24,24,24,24,Am7,period_data_Am7.csv,0,0,0,0,0.385543285
0.23338092,24,24,24,24,Am7,period_data_Am7.csv,0,0,0,0,0.424097619
0.25671901,24,24,24,24,Am7,period_data_Am7.csv,0,0,0,0,0.466507378
0.28239091,24,24,24,24,Am7,period_data_Am7.csv,0,0,0,0,0.513158114
0.31063,24,24,24,24,Am7,period_data_Am7.csv,0,0,0,0,0.564473923
0.341693,24,24,24,24,Am7,period_data_Am7.csv,0,0,0,0,0.620921316
0.3758623,24,24,24,24,Am7,period_data_Am7.csv,0,0,0,0,0.683013447
0.41344853,24,24,24,24,Am7,period_data_Am7.csv,0,0,0,0,0.751314792
0.45479339,24,24,24,24,Am7,period_data_Am7.csv,0,0,0,0,0.826446284
0.50027273,24,24,24,24,Am7,period_data_Am7.csv,0,0,0,0,0.909090914
0.5503,24,24,24,24,Am7,period_data_Am7.csv,0,0,0,0,1
0.60533,24,24,24,24,Am7,period_data_Am7.csv,0,0,0,0,1.1
0.665863,24,24,24,24,Am7,period_data_Am7.csv,0,0,0,0,1.21
0.7324493,24,24,24,24,Am7,period_data_Am7.csv,0,0,0,0,1.331
0.80569423,24,24,24,24,Am7,period_data_Am7.csv,0,0,0,0,1.4641
0.88626365,24,24,24,24,Am7,period_data_Am7.csv,0,0,0,0,1.610509995
0.97489002,24,24,24,24,Am7,period_data_Am7.csv,0,0,0,0,1.771561003
1.07237902,24,24,24,24,Am7,period_data_Am7.csv,0,0,0,0,1.9487171
1.17961692,24,24,24,24,Am7,period_data_Am7.csv,0,0,0,0,2.143588806
1.29757861,24.11111111,24.11111111,24.11111111,24,Am7,period_data_Am7.csv,0.111111111,0.111111111,0.111111111,0,2.357947683
1.42733648,24,24,24,24,Am7,period_data_Am7.csv,0,0,0,0,2.593742468
1.57007012,24,24,24,24,Am7,period_data_Am7.csv,0,0,0,0,2.8531167
1.72707714,24,24.11111111,24,24,Am7,period_data_Am7.csv,0,0.111111111,0,0,3.138428385
1.89978485,24,24,24,24,Am7,period_data_Am7.csv,0,0,0,0,3.452271216
2.08976333,23.88888889,24,24,24,Am7,period_data_Am7.csv,-0.111111111,0,0,0,3.797498328
2.29873967,24,24,24.11111111,24,Am7,period_data_Am7.csv,0,0,0.111111111,0,4.177248174
2.52861363,24,24,24,24,Am7,period_data_Am7.csv,0,0,0,0,4.594972978
2.781475,24,24,24,24,Am7,period_data_Am7.csv,0,0,0,0,5.054470289
3.0596225,24,24,24,24,Am7,period_data_Am7.csv,0,0,0,0,5.559917318
3.36558475,24,24,24,24,Am7,period_data_Am7.csv,0,0,0,0,6.11590905
3.70214322,24,24,24,24,Am7,period_data_Am7.csv,0,0,0,0,6.727499945
4.07235754,24,24,24,24,Am7,period_data_Am7.csv,0,0,0,0,7.400249936
4.4795933,24,24,24,24,Am7,period_data_Am7.csv,0,0,0,0,8.140274941
4.92755263,24,24,24,24,Am7,period_data_Am7.csv,0,0,0,0,8.954302435
5.42030789,24,24,24,24,Am7,period_data_Am7.csv,0,0,0,0,9.849732673
0.0392701,24,24,24,24,Ap3,period_data_Ap3.csv,0,0,0,0,0.101525595
0.04319711,24,24,24,24,Ap3,period_data_Ap3.csv,0,0,0,0,0.111678154
0.04751682,24,24,24,24,Ap3,period_data_Ap3.csv,0,0,0,0,0.122845967
0.0522685,24,24,24,24,Ap3,period_data_Ap3.csv,0,0,0,0,0.135130558
0.05749536,24,24.11111111,24.11111111,24,Ap3,period_data_Ap3.csv,0,0.111111111,0.111111111,0,0.14864364
0.06324489,24,24,24,24,Ap3,period_data_Ap3.csv,0,0,0,0,0.163507989
0.06956938,24,24,24,24,Ap3,period_data_Ap3.csv,0,0,0,0,0.17985879
0.07652632,24,24,24,24,Ap3,period_data_Ap3.csv,0,0,0,0,0.197844674
0.08417895,24,24,24,24,Ap3,period_data_Ap3.csv,0,0,0,0,0.217629137
0.09259684,24,24,24,24,Ap3,period_data_Ap3.csv,0,0,0,0,0.239392037
0.10185653,24,24,24,24,Ap3,period_data_Ap3.csv,0,0,0,0,0.263331256
0.11204218,24,24,24,24,Ap3,period_data_Ap3.csv,0,0,0,0,0.289664374
0.1232464,24,24,24,24,Ap3,period_data_Ap3.csv,0,0,0,0,0.318630817
0.13557104,24,24,24,24,Ap3,period_data_Ap3.csv,0,0,0,0,0.350493899
0.14912814,24,24,24,24,Ap3,period_data_Ap3.csv,0,0,0,0,0.385543278
0.16404096,24,24,24,24,Ap3,period_data_Ap3.csv,0,0,0,0,0.424097622
0.18044505,24,24,24,24,Ap3,period_data_Ap3.csv,0,0,0,0,0.466507368
0.19848956,24,24,24,24,Ap3,period_data_Ap3.csv,0,0,0,0,0.513158118
0.21833852,24,24,24,24,Ap3,period_data_Ap3.csv,0,0,0,0,0.56447394
0.24017237,24,24,24,24,Ap3,period_data_Ap3.csv,0,0,0,0,0.620921329
0.2641896,24,24,24,24,Ap3,period_data_Ap3.csv,0,0,0,0,0.683013444
0.29060856,24,24,24,24,Ap3,period_data_Ap3.csv,0,0,0,0,0.751314788
0.31966942,24,24,24,24,Ap3,period_data_Ap3.csv,0,0,0,0,0.826446277
0.35163636,24,24,24,24,Ap3,period_data_Ap3.csv,0,0,0,0,0.9090909
0.3868,24,24,24,24,Ap3,period_data_Ap3.csv,0,0,0,0,1
0.42548,24,24,24,24,Ap3,period_data_Ap3.csv,0,0,0,0,1.1
0.468028,24,24,24,24,Ap3,period_data_Ap3.csv,0,0,0,0,1.21
0.5148308,24,24,24,24,Ap3,period_data_Ap3.csv,0,0,0,0,1.331
0.56631388,24,24,24,24,Ap3,period_data_Ap3.csv,0,0,0,0,1.4641
0.62294527,24,24,24,24,Ap3,period_data_Ap3.csv,0,0,0,0,1.610510005
0.68523979,24,24,24,24,Ap3,period_data_Ap3.csv,0,0,0,0,1.771560988
0.75376377,24,24,24,24,Ap3,period_data_Ap3.csv,0,0,0,0,1.948717089
0.82914015,24,24,24,24,Ap3,period_data_Ap3.csv,0,0,0,0,2.143588806
0.91205417,24,24,24,24,Ap3,period_data_Ap3.csv,0,0,0,0,2.357947699
1.00325958,24,24,24,24,Ap3,period_data_Ap3.csv,0,0,0,0,2.593742451
1.10358554,24,24,24,24,Ap3,period_data_Ap3.csv,0,0,0,0,2.853116701
1.2139441,24,24,24,24,Ap3,period_data_Ap3.csv,0,0,0,0,3.138428387
1.33533851,24,24,24,24,Ap3,period_data_Ap3.csv,0,0,0,0,3.452271225
1.46887236,24,24,24,24,Ap3,period_data_Ap3.csv,0,0,0,0,3.797498345
1.61575959,24,24,24,24,Ap3,period_data_Ap3.csv,0,0,0,0,4.177248164
1.77733555,24,24,24,24,Ap3,period_data_Ap3.csv,0,0,0,0,4.594972983
1.95506911,24,24,24,24,Ap3,period_data_Ap3.csv,0,0,0,0,5.054470295
2.15057602,24,24,24,24,Ap3,period_data_Ap3.csv,0,0,0,0,5.559917322
2.36563362,24,24,24,24,Ap3,period_data_Ap3.csv,0,0,0,0,6.115909049
2.60219698,24,24,24,24,Ap3,period_data_Ap3.csv,0,0,0,0,6.727499948
2.86241668,24,24,24,24,Ap3,period_data_Ap3.csv,0,0,0,0,7.400249948
3.14865835,24,24,24,24,Ap3,period_data_Ap3.csv,0,0,0,0,8.140274948
3.46352418,24,24,24,24,Ap3,period_data_Ap3.csv,0,0,0,0,8.95430243
3.8098766,24,24,24,13.23529412,Ap3,period_data_Ap3.csv,0,0,0,-10.76470588,9.849732678
0.01758423,24,24,24,24,Bk8,period_data_Bk8.csv,0,0,0,0,0.101525577
0.01934266,24,24,24,24,Bk8,period_data_Bk8.csv,0,0,0,0,0.111678176
0.02127692,24,24,24,24,Bk8,period_data_Bk8.csv,0,0,0,0,0.122845958
0.02340461,24,24,24,24,Bk8,period_data_Bk8.csv,0,0,0,0,0.135130543
0.02574508,24,24,24,24,Bk8,period_data_Bk8.csv,0,0,0,0,0.148643649
0.02831958,24,24,24,24,Bk8,period_data_Bk8.csv,0,0,0,0,0.163507968
0.03115154,24,24,24,24,Bk8,period_data_Bk8.csv,0,0,0,0,0.179858776
0.0342667,24,24,24,24,Bk8,period_data_Bk8.csv,0,0,0,0,0.197844688
0.03769337,24,24,24,24,Bk8,period_data_Bk8.csv,0,0,0,0,0.217629157
0.0414627,24,24,24,24,Bk8,period_data_Bk8.csv,0,0,0,0,0.239392032
0.04560897,24,24,24,24,Bk8,period_data_Bk8.csv,0,0,0,0,0.263331236
0.05016987,24,24,24,24,Bk8,period_data_Bk8.csv,0,0,0,0,0.289664376
0.05518686,24,24,24,24,Bk8,period_data_Bk8.csv,0,0,0,0,0.318630831
0.06070554,24,24,24,24,Bk8,period_data_Bk8.csv,0,0,0,0,0.35049388
0.0667761,24,24,24,24,Bk8,period_data_Bk8.csv,0,0,0,0,0.385543303
0.07345371,24,24,24,24,Bk8,period_data_Bk8.csv,0,0,0,0,0.424097633
0.08079908,24,24,24,24,Bk8,period_data_Bk8.csv,0,0,0,0,0.46650739
0.08887899,24,24,24,24,Bk8,period_data_Bk8.csv,0,0,0,0,0.513158141
0.09776688,24,24,24,24,Bk8,period_data_Bk8.csv,0,0,0,0,0.564473903
0.10754357,24,24,24,24,Bk8,period_data_Bk8.csv,0,0,0,0,0.620921305
0.11829793,24,24,24,24,Bk8,period_data_Bk8.csv,0,0,0,0,0.683013453
0.13012772,24,24,24,24,Bk8,period_data_Bk8.csv,0,0,0,0,0.751314781
0.1431405,24,24,24,24,Bk8,period_data_Bk8.csv,0,0,0,0,0.826446305
0.15745455,24,24,24,24,Bk8,period_data_Bk8.csv,0,0,0,0,0.909090935
0.1732,24,24,24,24,Bk8,period_data_Bk8.csv,0,0,0,0,1
0.19052,24,24,24,24,Bk8,period_data_Bk8.csv,0,0,0,0,1.1
0.209572,24,24,24,24,Bk8,period_data_Bk8.csv,0,0,0,0,1.21
0.2305292,24,24,24,24,Bk8,period_data_Bk8.csv,0,0,0,0,1.331
0.25358212,24,24,24,24,Bk8,period_data_Bk8.csv,0,0,0,0,1.4641
0.27894033,24,24,24,24,Bk8,period_data_Bk8.csv,0,0,0,0,1.610509988
0.30683437,24,24,24,24,Bk8,period_data_Bk8.csv,0,0,0,0,1.771561028
0.3375178,24,24,24,24,Bk8,period_data_Bk8.csv,0,0,0,0,1.94871709
0.37126958,24,24,24,24,Bk8,period_data_Bk8.csv,0,0,0,0,2.143588799
0.40839654,24,24,24,24,Bk8,period_data_Bk8.csv,0,0,0,0,2.357947691
0.44923619,24,24,24,24,Bk8,period_data_Bk8.csv,0,0,0,0,2.593742436
0.49415981,24,24,24,24,Bk8,period_data_Bk8.csv,0,0,0,0,2.853116686
0.54357579,24,24,24,24,Bk8,period_data_Bk8.csv,0,0,0,0,3.138428349
0.59793337,24,24,24,24,Bk8,period_data_Bk8.csv,0,0,0,0,3.452271189
0.65772671,24,24,24,24,Bk8,period_data_Bk8.csv,0,0,0,0,3.797498326
0.72349938,24,24,24,24,Bk8,period_data_Bk8.csv,0,0,0,0,4.177248152
0.79584932,24,24,24,24,Bk8,period_data_Bk8.csv,0,0,0,0,4.594972979
0.87543425,24,24,24,24,Bk8,period_data_Bk8.csv,0,0,0,0,5.054470266
0.96297768,24,24,24,24,Bk8,period_data_Bk8.csv,0,0,0,0,5.559917321
1.05927545,24,24,24,24,Bk8,period_data_Bk8.csv,0,0,0,0,6.115909065
1.16520299,24,24,24,24,Bk8,period_data_Bk8.csv,0,0,0,0,6.727499942
1.28172329,24,24,24,24,Bk8,period_data_Bk8.csv,0,0,0,0,7.400249942
1.40989562,24,24,24,24,Bk8,period_data_Bk8.csv,0,0,0,0,8.140274942
1.55088518,24,24,24,24,Bk8,period_data_Bk8.csv,0,0,0,0,8.954302425
1.7059737,24,24,24,24,Bk8,period_data_Bk8.csv,0,0,0,0,9.849732679
0.07845898,24,23.88888889,23.875,11.84210526,Bm8,period_data_Bm8.csv,0,-0.111111111,-0.125,-12.15789474,0.101525595
0.08630488,24,23.88888889,24,11.84210526,Bm8,period_data_Bm8.csv,0,-0.111111111,0,-12.15789474,0.111678157
0.09493537,24,23.88888889,23.875,11.84210526,Bm8,period_data_Bm8.csv,0,-0.111111111,-0.125,-12.15789474,0.122845976
0.10442891,24,23.88888889,24,11.84210526,Bm8,period_data_Bm8.csv,0,-0.111111111,0,-12.15789474,0.135130577
0.1148718,24,23.88888889,24,11.84210526,Bm8,period_data_Bm8.csv,0,-0.111111111,0,-12.15789474,0.148643634
0.12635898,24,23.88888889,23.875,11.84210526,Bm8,period_data_Bm8.csv,0,-0.111111111,-0.125,-12.15789474,0.163507997
0.13899487,23.88888889,24,23.875,11.89473684,Bm8,period_data_Bm8.csv,-0.111111111,0,-0.125,-12.10526316,0.179858786
0.15289436,23.88888889,24,23.875,11.89473684,Bm8,period_data_Bm8.csv,-0.111111111,0,-0.125,-12.10526316,0.197844669
0.1681838,23.88888889,23.88888889,23.875,11.89473684,Bm8,period_data_Bm8.csv,-0.111111111,-0.111111111,-0.125,-12.10526316,0.217629141
0.18500218,23.88888889,24,23.875,11.89473684,Bm8,period_data_Bm8.csv,-0.111111111,0,-0.125,-12.10526316,0.239392055
0.20350239,24,24,24,11.89473684,Bm8,period_data_Bm8.csv,0,0,0,-12.10526316,0.26333125
0.22385263,24,24,24,11.89473684,Bm8,period_data_Bm8.csv,0,0,0,-12.10526316,0.289664376
0.2462379,24,24,23.875,11.89473684,Bm8,period_data_Bm8.csv,0,0,-0.125,-12.10526316,0.318630823
0.27086169,24,24,24,11.89473684,Bm8,period_data_Bm8.csv,0,0,0,-12.10526316,0.350493905
0.29794785,24.11111111,24.11111111,24,11.89473684,Bm8,period_data_Bm8.csv,0.111111111,0.111111111,0,-12.10526316,0.385543284
0.32774264,24,24,24,24,Bm8,period_data_Bm8.csv,0,0,0,0,0.424097619
0.3605169,24,24,24,24,Bm8,period_data_Bm8.csv,0,0,0,0,0.466507376
0.39656859,24,24,24,24,Bm8,period_data_Bm8.csv,0,0,0,0,0.513158113
0.43622545,24,24,24,24,Bm8,period_data_Bm8.csv,0,0,0,0,0.564473926
0.479848,24,24,24,24,Bm8,period_data_Bm8.csv,0,0,0,0,0.620921325
0.5278328,24,24,24,24,Bm8,period_data_Bm8.csv,0,0,0,0,0.683013458
0.58061608,24,24,24,24,Bm8,period_data_Bm8.csv,0,0,0,0,0.751314803
0.63867769,24,24,24,24,Bm8,period_data_Bm8.csv,0,0,0,0,0.826446286
0.70254545,24,24,24,24,Bm8,period_data_Bm8.csv,0,0,0,0,0.909090903
0.7728,24,24,24,24,Bm8,period_data_Bm8.csv,0,0,0,0,1
0.85008,24,24,24,24,Bm8,period_data_Bm8.csv,0,0,0,0,1.1
0.935088,24,24,24,24,Bm8,period_data_Bm8.csv,0,0,0,0,1.21
1.0285968,24,24,24,24,Bm8,period_data_Bm8.csv,0,0,0,0,1.331
1.13145648,24,24,24,24,Bm8,period_data_Bm8.csv,0,0,0,0,1.4641
1.24460213,24,24,24,24,Bm8,period_data_Bm8.csv,0,0,0,0,1.610510003
1.36906234,24,24,24,24,Bm8,period_data_Bm8.csv,0,0,0,0,1.771560999
1.50596857,24,24,24,24,Bm8,period_data_Bm8.csv,0,0,0,0,1.948717094
1.65656543,24,24,24,24,Bm8,period_data_Bm8.csv,0,0,0,0,2.143588807
1.82222198,24,24,24,24,Bm8,period_data_Bm8.csv,0,0,0,0,2.357947697
2.00444417,24,24,24,24,Bm8,period_data_Bm8.csv,0,0,0,0,2.593742456
2.20488859,24,24,24,24,Bm8,period_data_Bm8.csv,0,0,0,0,2.853116705
2.42537745,24,24,24,24,Bm8,period_data_Bm8.csv,0,0,0,0,3.138428377
2.66791519,24,24,24,24,Bm8,period_data_Bm8.csv,0,0,0,0,3.452271209
2.93470671,24,24,24,24,Bm8,period_data_Bm8.csv,0,0,0,0,3.797498331
3.22817739,24,24,24,24,Bm8,period_data_Bm8.csv,0,0,0,0,4.177248175
3.55099512,24,24,24,24,Bm8,period_data_Bm8.csv,0,0,0,0,4.594972981
3.90609464,24,24,24,24,Bm8,period_data_Bm8.csv,0,0,0,0,5.05447029
4.2967041,24,24,24,24,Bm8,period_data_Bm8.csv,0,0,0,0,5.559917314
4.72637451,24,24,24,24,Bm8,period_data_Bm8.csv,0,0,0,0,6.115909045
5.19901196,24,24,24,24,Bm8,period_data_Bm8.csv,0,0,0,0,6.727499948
5.71891316,24,24,24,24,Bm8,period_data_Bm8.csv,0,0,0,0,7.400249948
6.29080447,24,24,24,24,Bm8,period_data_Bm8.csv,0,0,0,0,8.140274935
6.91988492,24,24,24,24,Bm8,period_data_Bm8.csv,0,0,0,0,8.954302433
7.61187341,24,24,24,24,Bm8,period_data_Bm8.csv,0,0,0,0,9.849732673
0.04210267,24,24,24,24,Bp4,period_data_Bp4.csv,0,0,0,0,0.101525609
0.04631293,24,24,24,24,Bp4,period_data_Bp4.csv,0,0,0,0,0.111678153
0.05094423,24,24,24,24,Bp4,period_data_Bp4.csv,0,0,0,0,0.122845985
0.05603865,24,24,24,24,Bp4,period_data_Bp4.csv,0,0,0,0,0.135130576
0.06164251,24,24,24,24,Bp4,period_data_Bp4.csv,0,0,0,0,0.148643622
0.06780676,24,24,24,24,Bp4,period_data_Bp4.csv,0,0,0,0,0.163507982
0.07458744,24,24,24,24,Bp4,period_data_Bp4.csv,0,0,0,0,0.179858789
0.08204618,24,24,24,24,Bp4,period_data_Bp4.csv,0,0,0,0,0.197844659
0.0902508,24,24,24,24,Bp4,period_data_Bp4.csv,0,0,0,0,0.217629129
0.09927588,24,24,24,24,Bp4,period_data_Bp4.csv,0,0,0,0,0.239392042
0.10920347,24,24,24,24,Bp4,period_data_Bp4.csv,0,0,0,0,0.263331252
0.12012382,24,24,24,24,Bp4,period_data_Bp4.csv,0,0,0,0,0.289664384
0.1321362,24,24,24,24,Bp4,period_data_Bp4.csv,0,0,0,0,0.318630817
0.14534982,24,24,24,24,Bp4,period_data_Bp4.csv,0,0,0,0,0.350493899
0.1598848,24,24,24,24,Bp4,period_data_Bp4.csv,0,0,0,0,0.385543284
0.17587328,24,24,24,24,Bp4,period_data_Bp4.csv,0,0,0,0,0.424097613
0.19346061,24,24,24,24,Bp4,period_data_Bp4.csv,0,0,0,0,0.466507379
0.21280667,24,24,24,24,Bp4,period_data_Bp4.csv,0,0,0,0,0.513158114
0.23408734,24,24,24,24,Bp4,period_data_Bp4.csv,0,0,0,0,0.564473933
0.25749607,24,24,24,24,Bp4,period_data_Bp4.csv,0,0,0,0,0.620921317
0.28324568,24,24,24,24,Bp4,period_data_Bp4.csv,0,0,0,0,0.683013456
0.31157025,24,24,24,24,Bp4,period_data_Bp4.csv,0,0,0,0,0.751314806
0.34272727,24,24,24,24,Bp4,period_data_Bp4.csv,0,0,0,0,0.826446274
0.377,24,24,24,24,Bp4,period_data_Bp4.csv,0,0,0,0,0.909090909
0.4147,24,24,24,24,Bp4,period_data_Bp4.csv,0,0,0,0,1
0.45617,24,24,24,24,Bp4,period_data_Bp4.csv,0,0,0,0,1.1
0.501787,24,24,24,24,Bp4,period_data_Bp4.csv,0,0,0,0,1.21
0.5519657,24,24,24,24,Bp4,period_data_Bp4.csv,0,0,0,0,1.331
0.60716227,24,24,24,24,Bp4,period_data_Bp4.csv,0,0,0,0,1.4641
0.6678785,24,24,24,24,Bp4,period_data_Bp4.csv,0,0,0,0,1.610510007
0.73466635,24,24,24,24,Bp4,period_data_Bp4.csv,0,0,0,0,1.771561008
0.80813298,24,24,24,24,Bp4,period_data_Bp4.csv,0,0,0,0,1.948717097
0.88894628,24,24,24,24,Bp4,period_data_Bp4.csv,0,0,0,0,2.143588811
0.97784091,24,24,24,24,Bp4,period_data_Bp4.csv,0,0,0,0,2.357947697
1.075625,24,24,24,11.94736842,Bp4,period_data_Bp4.csv,0,0,0,-12.05263158,2.593742464
1.1831875,24,24,24,11.89473684,Bp4,period_data_Bp4.csv,0,0,0,-12.10526316,2.853116711
1.30150625,24,24,23.875,11.89473684,Bp4,period_data_Bp4.csv,0,0,-0.125,-12.10526316,3.138428382
1.43165687,24,24,24,11.89473684,Bp4,period_data_Bp4.csv,0,0,0,-12.10526316,3.452271208
1.57482256,24,24,23.875,11.84210526,Bp4,period_data_Bp4.csv,0,0,-0.125,-12.15789474,3.797498336
1.73230482,24,24,23.88888889,11.78947368,Bp4,period_data_Bp4.csv,0,0,-0.111111111,-12.21052632,4.177248179
1.9055353,24,24.11111111,23.875,11.89473684,Bp4,period_data_Bp4.csv,0,0.111111111,-0.125,-12.10526316,4.594972993
2.09608883,24,24,24,11.78947368,Bp4,period_data_Bp4.csv,0,0,0,-12.21052632,5.054470292
2.30569771,24,24,23.88888889,11.78947368,Bp4,period_data_Bp4.csv,0,0,-0.111111111,-12.21052632,5.559917314
2.53626748,24,24,23.88888889,12.70588235,Bp4,period_data_Bp4.csv,0,0,-0.111111111,-11.29411765,6.115909043
2.78989423,24,24,23.88888889,15.42857143,Bp4,period_data_Bp4.csv,0,0,-0.111111111,-8.571428571,6.727499952
3.06888365,24,24,19.54545455,18,Bp4,period_data_Bp4.csv,0,0,-4.454545455,-6,7.40024994
3.37577202,24,24,14.4,21.6,Bp4,period_data_Bp4.csv,0,0,-9.6,-2.4,8.140274946
3.71334922,24,24,12.70588235,24,Bp4,period_data_Bp4.csv,0,0,-11.29411765,0,8.954302435
4.08468414,24,24,11.89473684,24,Bp4,period_data_Bp4.csv,0,0,-12.10526316,0,9.849732674
0.03286384,24,24,24,24,Ck9,period_data_Ck9.csv,0,0,0,0,0.10152561
0.03615022,24,24,24,24,Ck9,period_data_Ck9.csv,0,0,0,0,0.111678159
0.03976524,24,24,24,24,Ck9,period_data_Ck9.csv,0,0,0,0,0.122845968
0.04374177,24,24,24,24,Ck9,period_data_Ck9.csv,0,0,0,0,0.135130584
0.04811594,24,24,24,24,Ck9,period_data_Ck9.csv,0,0,0,0,0.148643621
0.05292754,24,24,24,24,Ck9,period_data_Ck9.csv,0,0,0,0,0.163508001
0.05822029,24,24,24,24,Ck9,period_data_Ck9.csv,0,0,0,0,0.179858789
0.06404232,24,24,24,24,Ck9,period_data_Ck9.csv,0,0,0,0,0.197844671
0.07044655,24,24,24,24,Ck9,period_data_Ck9.csv,0,0,0,0,0.217629132
0.07749121,24,24,24,24,Ck9,period_data_Ck9.csv,0,0,0,0,0.239392061
0.08524033,24,24,24,24,Ck9,period_data_Ck9.csv,0,0,0,0,0.263331264
0.09376436,24,24,24,24,Ck9,period_data_Ck9.csv,0,0,0,0,0.289664381
0.1031408,24,24,24,24,Ck9,period_data_Ck9.csv,0,0,0,0,0.318630831
0.11345488,24,24,24,24,Ck9,period_data_Ck9.csv,0,0,0,0,0.350493914
0.12480036,24,24,24,24,Ck9,period_data_Ck9.csv,0,0,0,0,0.385543281
0.1372804,24,24,24,24,Ck9,period_data_Ck9.csv,0,0,0,0,0.424097621
0.15100844,24,24,24,24,Ck9,period_data_Ck9.csv,0,0,0,0,0.466507383
0.16610928,24,24,24,24,Ck9,period_data_Ck9.csv,0,0,0,0,0.513158109
0.18272021,24,24,24,24,Ck9,period_data_Ck9.csv,0,0,0,0,0.564473926
0.20099223,24,24,24,24,Ck9,period_data_Ck9.csv,0,0,0,0,0.620921316
0.22109146,24,24,24,24,Ck9,period_data_Ck9.csv,0,0,0,0,0.683013469
0.2432006,24,24,24,24,Ck9,period_data_Ck9.csv,0,0,0,0,0.751314798
0.26752066,24,24,24,24,Ck9,period_data_Ck9.csv,0,0,0,0,0.826446277
0.29427273,24,24,24,24,Ck9,period_data_Ck9.csv,0,0,0,0,0.909090918
0.3237,24,24,24,24,Ck9,period_data_Ck9.csv,0,0,0,0,1
0.35607,24,24,24,24,Ck9,period_data_Ck9.csv,0,0,0,0,1.1
0.391677,24,24,24,24,Ck9,period_data_Ck9.csv,0,0,0,0,1.21
0.4308447,24,24,24,24,Ck9,period_data_Ck9.csv,0,0,0,0,1.331
0.47392917,24,24,24,24,Ck9,period_data_Ck9.csv,0,0,0,0,1.4641
0.52132209,24,24,24,24,Ck9,period_data_Ck9.csv,0,0,0,0,1.610510009
0.5734543,24,24,24,24,Ck9,period_data_Ck9.csv,0,0,0,0,1.771561013
0.63079973,24,24,24,24,Ck9,period_data_Ck9.csv,0,0,0,0,1.948717115
0.6938797,24,24,24,24,Ck9,period_data_Ck9.csv,0,0,0,0,2.143588817
0.76326767,24,24,24,24,Ck9,period_data_Ck9.csv,0,0,0,0,2.357947698
0.83959443,24,24,24,24,Ck9,period_data_Ck9.csv,0,0,0,0,2.593742447
0.92355388,24,24,24,24,Ck9,period_data_Ck9.csv,0,0,0,0,2.853116713
1.01590927,24,24,24,24,Ck9,period_data_Ck9.csv,0,0,0,0,3.13842839
1.11750019,24,24,24,24,Ck9,period_data_Ck9.csv,0,0,0,0,3.452271208
1.22925021,24,24,24,24,Ck9,period_data_Ck9.csv,0,0,0,0,3.797498332
1.35217523,24,24,24,24,Ck9,period_data_Ck9.csv,0,0,0,0,4.177248162
1.48739276,24,24,24,24,Ck9,period_data_Ck9.csv,0,0,0,0,4.594973
1.63613203,24,24,24,24,Ck9,period_data_Ck9.csv,0,0,0,0,5.054470281
1.79974523,24,24,24,24,Ck9,period_data_Ck9.csv,0,0,0,0,5.5599173
1.97971976,24,24,24,24,Ck9,period_data_Ck9.csv,0,0,0,0,6.115909052
2.17769173,24,24,24,24,Ck9,period_data_Ck9.csv,0,0,0,0,6.727499938
2.39546091,24,24,24,24,Ck9,period_data_Ck9.csv,0,0,0,0,7.400249954
2.635007,24,24,24,24,Ck9,period_data_Ck9.csv,0,0,0,0,8.140274946
2.8985077,24,24,24,24,Ck9,period_data_Ck9.csv,0,0,0,0,8.954302441
3.18835847,24,24,24,24,Ck9,period_data_Ck9.csv,0,0,0,0,9.849732685
0.08802269,24,24,23.875,21.6,Cm9,period_data_Cm9.csv,0,0,-0.125,-2.4,0.101525594
0.09682496,24,24,23.875,21.6,Cm9,period_data_Cm9.csv,0,0,-0.125,-2.4,0.111678155
0.10650746,24,24,23.875,21.6,Cm9,period_data_Cm9.csv,0,0,-0.125,-2.4,0.122845975
0.1171582,24,24,23.875,19.63636364,Cm9,period_data_Cm9.csv,0,0,-0.125,-4.363636364,0.135130565
0.12887403,24,24,23.875,19.63636364,Cm9,period_data_Cm9.csv,0,0,-0.125,-4.363636364,0.148643633
0.14176143,24,24,23.875,19.63636364,Cm9,period_data_Cm9.csv,0,0,-0.125,-4.363636364,0.163507993
0.15593757,24,24,24,18,Cm9,period_data_Cm9.csv,0,0,0,-6,0.179858789
0.17153133,24,24,24,18,Cm9,period_data_Cm9.csv,0,0,0,-6,0.197844671
0.18868446,24.11111111,24,24.11111111,16.61538462,Cm9,period_data_Cm9.csv,0.111111111,0,0.111111111,-7.384615385,0.217629135
0.20755291,24.11111111,24.11111111,24.11111111,15.42857143,Cm9,period_data_Cm9.csv,0.111111111,0.111111111,0.111111111,-8.571428571,0.239392053
0.2283082,24.11111111,24.11111111,24.11111111,15.42857143,Cm9,period_data_Cm9.csv,0.111111111,0.111111111,0.111111111,-8.571428571,0.263331257
0.25113902,24.11111111,24.11111111,24.22222222,15.42857143,Cm9,period_data_Cm9.csv,0.111111111,0.111111111,0.222222222,-8.571428571,0.289664383
0.27625292,24.11111111,24.11111111,24.22222222,16.07692308,Cm9,period_data_Cm9.csv,0.111111111,0.111111111,0.222222222,-7.923076923,0.318630819
0.30387821,24.11111111,24.11111111,24.33333333,23.11111111,Cm9,period_data_Cm9.csv,0.111111111,0.111111111,0.333333333,-0.888888889,0.350493899
0.33426603,24.11111111,24,24.11111111,13.5,Cm9,period_data_Cm9.csv,0.111111111,0,0.111111111,-10.5,0.385543287
0.36769264,24,24,24,24,Cm9,period_data_Cm9.csv,0,0,0,0,0.424097624
0.4044619,24,24,24,24,Cm9,period_data_Cm9.csv,0,0,0,0,0.466507382
0.44490809,24,24,24,24,Cm9,period_data_Cm9.csv,0,0,0,0,0.51315812
0.4893989,24,24,24,24,Cm9,period_data_Cm9.csv,0,0,0,0,0.564473933
0.53833879,24,24,24,24,Cm9,period_data_Cm9.csv,0,0,0,0,0.620921326
0.59217267,24,24,24,24,Cm9,period_data_Cm9.csv,0,0,0,0,0.68301346
0.65138993,24,24,24,24,Cm9,period_data_Cm9.csv,0,0,0,0,0.751314798
0.71652893,24,24,24,24,Cm9,period_data_Cm9.csv,0,0,0,0,0.826446286
0.78818182,24,24,24,24,Cm9,period_data_Cm9.csv,0,0,0,0,0.909090911
0.867,24,24,24,24,Cm9,period_data_Cm9.csv,0,0,0,0,1
0.9537,24,24,24,24,Cm9,period_data_Cm9.csv,0,0,0,0,1.1
1.04907,24,24,24,24,Cm9,period_data_Cm9.csv,0,0,0,0,1.21
1.153977,24,24,24,24,Cm9,period_data_Cm9.csv,0,0,0,0,1.331
1.2693747,24,24,24,24,Cm9,period_data_Cm9.csv,0,0,0,0,1.4641
1.39631217,24,24,24,24,Cm9,period_data_Cm9.csv,0,0,0,0,1.61051
1.53594339,24,24,24,24,Cm9,period_data_Cm9.csv,0,0,0,0,1.771561003
1.68953773,24,24,24,24,Cm9,period_data_Cm9.csv,0,0,0,0,1.948717105
1.8584915,24,24,24,24,Cm9,period_data_Cm9.csv,0,0,0,0,2.143588812
2.04434065,24,24,24,24,Cm9,period_data_Cm9.csv,0,0,0,0,2.357947693
2.24877471,24,24,24,24,Cm9,period_data_Cm9.csv,0,0,0,0,2.593742457
2.47365218,24,24,24,24,Cm9,period_data_Cm9.csv,0,0,0,0,2.853116701
2.7210174,24,24,24,24,Cm9,period_data_Cm9.csv,0,0,0,0,3.138428374
2.99311914,24,24,24,24,Cm9,period_data_Cm9.csv,0,0,0,0,3.452271211
3.29243106,24,24,24,24,Cm9,period_data_Cm9.csv,0,0,0,0,3.797498339
3.62167416,24,24,24,24,Cm9,period_data_Cm9.csv,0,0,0,0,4.177248166
3.98384158,24,24,24,24,Cm9,period_data_Cm9.csv,0,0,0,0,4.594972987
4.38222574,24,24,24,24,Cm9,period_data_Cm9.csv,0,0,0,0,5.054470288
4.82044831,24,24,24,24,Cm9,period_data_Cm9.csv,0,0,0,0,5.559917313
5.30249314,24,24,24,24,Cm9,period_data_Cm9.csv,0,0,0,0,6.115909043
5.83274246,24,24,24,24,Cm9,period_data_Cm9.csv,0,0,0,0,6.727499954
6.4160167,24,24,24,24,Cm9,period_data_Cm9.csv,0,0,0,0,7.400249942
7.05761837,24,24,24,24,Cm9,period_data_Cm9.csv,0,0,0,0,8.140274937
7.76338021,24,24,24,24,Cm9,period_data_Cm9.csv,0,0,0,0,8.954302434
8.53971823,24,24,24,24,Cm9,period_data_Cm9.csv,0,0,0,0,9.849732676
0.04636674,24,24,24,24,Cp5,period_data_Cp5.csv,0,0,0,0,0.101525597
0.05100341,24,24,24,24,Cp5,period_data_Cp5.csv,0,0,0,0,0.111678148
0.05610376,24,24,24,24,Cp5,period_data_Cp5.csv,0,0,0,0,0.122845982
0.06171413,24,24,24,24,Cp5,period_data_Cp5.csv,0,0,0,0,0.135130567
0.06788554,24,24,24,24,Cp5,period_data_Cp5.csv,0,0,0,0,0.148643617
0.0746741,24,24,24,24,Cp5,period_data_Cp5.csv,0,0,0,0,0.163507992
0.08214151,24,24,24,24,Cp5,period_data_Cp5.csv,0,0,0,0,0.179858791
0.09035566,24,24,24,24,Cp5,period_data_Cp5.csv,0,0,0,0,0.197844668
0.09939123,24,24,24,24,Cp5,period_data_Cp5.csv,0,0,0,0,0.217629144
0.10933035,24,24,24,24,Cp5,period_data_Cp5.csv,0,0,0,0,0.239392052
0.12026338,24,24,24,24,Cp5,period_data_Cp5.csv,0,0,0,0,0.263331246
0.13228972,24,24,24,24,Cp5,period_data_Cp5.csv,0,0,0,0,0.289664375
0.14551869,24,24,24,24,Cp5,period_data_Cp5.csv,0,0,0,0,0.318630808
0.16007056,24,24,24,24,Cp5,period_data_Cp5.csv,0,0,0,0,0.350493891
0.17607762,24,24,24,24,Cp5,period_data_Cp5.csv,0,0,0,0,0.385543289
0.19368538,24,24,24,24,Cp5,period_data_Cp5.csv,0,0,0,0,0.424097613
0.21305392,24,24,24,24,Cp5,period_data_Cp5.csv,0,0,0,0,0.466507379
0.23435931,24,24,24,24,Cp5,period_data_Cp5.csv,0,0,0,0,0.513158113
0.25779524,24,24,24,24,Cp5,period_data_Cp5.csv,0,0,0,0,0.564473922
0.28357477,24,24,24,24,Cp5,period_data_Cp5.csv,0,0,0,0,0.620921327
0.31193225,24,24,24,24,Cp5,period_data_Cp5.csv,0,0,0,0,0.683013466
0.34312547,24,24,24,24,Cp5,period_data_Cp5.csv,0,0,0,0,0.751314802
0.37743802,24,24,24,24,Cp5,period_data_Cp5.csv,0,0,0,0,0.826446289
0.41518182,24,24,24,24,Cp5,period_data_Cp5.csv,0,0,0,0,0.909090913
0.4567,24,24,24,24,Cp5,period_data_Cp5.csv,0,0,0,0,1
0.50237,24,24,24,24,Cp5,period_data_Cp5.csv,0,0,0,0,1.1
0.552607,24,24,24,24,Cp5,period_data_Cp5.csv,0,0,0,0,1.21
0.6078677,24,24,24,24,Cp5,period_data_Cp5.csv,0,0,0,0,1.331
0.66865447,24,24,24,24,Cp5,period_data_Cp5.csv,0,0,0,0,1.4641
0.73551992,24,24,24,24,Cp5,period_data_Cp5.csv,0,0,0,0,1.610510007
0.80907191,24,24,24,24,Cp5,period_data_Cp5.csv,0,0,0,0,1.771561003
0.8899791,24,24,24,24,Cp5,period_data_Cp5.csv,0,0,0,0,1.948717101
0.97897701,24,24,24,24,Cp5,period_data_Cp5.csv,0,0,0,0,2.143588811
1.07687471,24,24,24,24,Cp5,period_data_Cp5.csv,0,0,0,0,2.35794769
1.18456218,24.11111111,24,24.22222222,13.4375,Cp5,period_data_Cp5.csv,0.111111111,0,0.222222222,-10.5625,2.593742457
1.3030184,24.11111111,24.11111111,24.22222222,15.42857143,Cp5,period_data_Cp5.csv,0.111111111,0.111111111,0.222222222,-8.571428571,2.853116707
1.43332024,24.11111111,24,24,18,Cp5,period_data_Cp5.csv,0.111111111,0,0,-6,3.138428377
1.57665226,24,24,23.875,24,Cp5,period_data_Cp5.csv,0,0,-0.125,0,3.452271206
1.73431749,24,24,24,24,Cp5,period_data_Cp5.csv,0,0,0,0,3.797498336
1.90774924,24.11111111,24,23.875,24,Cp5,period_data_Cp5.csv,0.111111111,0,-0.125,0,4.177248172
2.09852416,24,24,23.88888889,24,Cp5,period_data_Cp5.csv,0,0,-0.111111111,0,4.59497298
2.30837658,24,24,23.88888889,24.11111111,Cp5,period_data_Cp5.csv,0,0,-0.111111111,0.111111111,5.054470287
2.53921424,24.11111111,24,24,24.11111111,Cp5,period_data_Cp5.csv,0.111111111,0,0,0.111111111,5.55991732
2.79313566,24,23.88888889,23.88888889,24.11111111,Cp5,period_data_Cp5.csv,0,-0.111111111,-0.111111111,0.111111111,6.115909043
3.07244923,24,23.88888889,23.88888889,24.11111111,Cp5,period_data_Cp5.csv,0,-0.111111111,-0.111111111,0.111111111,6.727499956
3.37969415,23.88888889,23.88888889,23.88888889,24,Cp5,period_data_Cp5.csv,-0.111111111,-0.111111111,-0.111111111,0,7.400249945
3.71766356,24,23.88888889,24,24,Cp5,period_data_Cp5.csv,0,-0.111111111,0,0,8.140274929
4.08942992,24,23.88888889,24,24,Cp5,period_data_Cp5.csv,0,-0.111111111,0,0,8.95430243
4.49837291,24,24,24,24,Cp5,period_data_Cp5.csv,0,0,0,0,9.849732669
0.12036134,24,24,24,24,Gkp,period_data_Gkp.csv,0,0,0,0,0.1015256
0.13239747,24,24,24,24,Gkp,period_data_Gkp.csv,0,0,0,0,0.111678157
0.14563722,24,24,24,24,Gkp,period_data_Gkp.csv,0,0,0,0,0.122845975
0.16020094,24,24,24,24,Gkp,period_data_Gkp.csv,0,0,0,0,0.135130571
0.17622103,24,24,24,24,Gkp,period_data_Gkp.csv,0,0,0,0,0.148643624
0.19384314,24,24,24,24,Gkp,period_data_Gkp.csv,0,0,0,0,0.163507993
0.21322745,24,24,24,24,Gkp,period_data_Gkp.csv,0,0,0,0,0.179858789
0.2345502,24,24,24,24,Gkp,period_data_Gkp.csv,0,0,0,0,0.197844672
0.25800522,24,24,24,24,Gkp,period_data_Gkp.csv,0,0,0,0,0.217629139
0.28380574,24,24,24,24,Gkp,period_data_Gkp.csv,0,0,0,0,0.239392051
0.31218631,24,24,24,24,Gkp,period_data_Gkp.csv,0,0,0,0,0.263331253
0.34340494,24,24,24,24,Gkp,period_data_Gkp.csv,0,0,0,0,0.289664377
0.37774544,24,24,24,24,Gkp,period_data_Gkp.csv,0,0,0,0,0.31863082
0.41551998,24,24,24,24,Gkp,period_data_Gkp.csv,0,0,0,0,0.350493898
0.45707198,24,24,24,24,Gkp,period_data_Gkp.csv,0,0,0,0,0.38554329
0.50277918,24,24,24,24,Gkp,period_data_Gkp.csv,0,0,0,0,0.424097621
0.55305709,24,24,24,24,Gkp,period_data_Gkp.csv,0,0,0,0,0.466507376
0.6083628,24,24,24,24,Gkp,period_data_Gkp.csv,0,0,0,0,0.513158114
0.66919908,24,24,24,24,Gkp,period_data_Gkp.csv,0,0,0,0,0.564473926
0.73611899,24,24,24,24,Gkp,period_data_Gkp.csv,0,0,0,0,0.62092132
0.80973089,24,24,24,24,Gkp,period_data_Gkp.csv,0,0,0,0,0.683013453
0.89070398,24,24,24,24,Gkp,period_data_Gkp.csv,0,0,0,0,0.751314799
0.97977438,24,24,24,24,Gkp,period_data_Gkp.csv,0,0,0,0,0.826446281
1.07775182,24,24,24,24,Gkp,period_data_Gkp.csv,0,0,0,0,0.909090911
1.185527,24,24,24,24,Gkp,period_data_Gkp.csv,0,0,0,0,1
1.3040797,24,24,24,24,Gkp,period_data_Gkp.csv,0,0,0,0,1.1
1.43448767,24,24,24,24,Gkp,period_data_Gkp.csv,0,0,0,0,1.21
1.57793644,24,24,24,24,Gkp,period_data_Gkp.csv,0,0,0,0,1.331000003
1.73573008,24,24,24,24,Gkp,period_data_Gkp.csv,0,0,0,0,1.464099999
1.90930309,24,24,24,24,Gkp,period_data_Gkp.csv,0,0,0,0,1.610510001
2.1002334,24,24,24,24,Gkp,period_data_Gkp.csv,0,0,0,0,1.771561002
2.31025674,24,24,24,24,Gkp,period_data_Gkp.csv,0,0,0,0,1.948717102
2.54128241,24,24,24,24,Gkp,period_data_Gkp.csv,0,0,0,0,2.143588809
2.79541065,24,24,24,24,Gkp,period_data_Gkp.csv,0,0,0,0,2.357947689
3.07495172,24,24,24,24,Gkp,period_data_Gkp.csv,0,0,0,0,2.593742462
3.38244689,24,24,24,24,Gkp,period_data_Gkp.csv,0,0,0,0,2.853116707
3.72069158,24,24,24,24,Gkp,period_data_Gkp.csv,0,0,0,0,3.138428378
4.09276074,24,24,24,24,Gkp,period_data_Gkp.csv,0,0,0,0,3.452271218
4.50203681,24,24,24,24,Gkp,period_data_Gkp.csv,0,0,0,0,3.797498336
4.95224049,24,24,24,24,Gkp,period_data_Gkp.csv,0,0,0,0,4.177248169
5.44746454,24,24,24,24,Gkp,period_data_Gkp.csv,0,0,0,0,4.594972987
5.99221099,24,24,24,24,Gkp,period_data_Gkp.csv,0,0,0,0,5.054470282
6.59143209,24,24,24,24,Gkp,period_data_Gkp.csv,0,0,0,0,5.559917311
7.2505753,24,24,24,24,Gkp,period_data_Gkp.csv,0,0,0,0,6.115909043
7.97563283,24,24,24,24,Gkp,period_data_Gkp.csv,0,0,0,0,6.727499947
8.77319612,24,24,24,24,Gkp,period_data_Gkp.csv,0,0,0,0,7.400249948
9.65051573,24,24,24,24,Gkp,period_data_Gkp.csv,0,0,0,0,8.140274941
10.6155673,24,24,24,24,Gkp,period_data_Gkp.csv,0,0,0,0,8.954302433
11.67712403,24,24,24,24,Gkp,period_data_Gkp.csv,0,0,0,0,9.849732676
1.02E-05,24,24,24,24,Gp6,period_data_Gp6.csv,0,0,0,0,0.1015
1.12E-05,24,24,24,24,Gp6,period_data_Gp6.csv,0,0,0,0,0.1117
1.23E-05,24,24,24,24,Gp6,period_data_Gp6.csv,0,0,0,0,0.1228
1.35E-05,24,24,24,24,Gp6,period_data_Gp6.csv,0,0,0,0,0.1351
1.49E-05,24,24,24,24,Gp6,period_data_Gp6.csv,0,0,0,0,0.1486
1.64E-05,24,24,24,24,Gp6,period_data_Gp6.csv,0,0,0,0,0.1635
1.80E-05,24,24,24,24,Gp6,period_data_Gp6.csv,0,0,0,0,0.1799
1.98E-05,24,24,24,24,Gp6,period_data_Gp6.csv,0,0,0,0,0.1978
2.18E-05,24,24,24,24,Gp6,period_data_Gp6.csv,0,0,0,0,0.2176
2.39E-05,24,24,24,24,Gp6,period_data_Gp6.csv,0,0,0,0,0.2394
2.63E-05,24,24,24,24,Gp6,period_data_Gp6.csv,0,0,0,0,0.2633
2.90E-05,24,24,24,24,Gp6,period_data_Gp6.csv,0,0,0,0,0.2897
3.19E-05,24,24,24,24,Gp6,period_data_Gp6.csv,0,0,0,0,0.3186
3.51E-05,24,24,24,24,Gp6,period_data_Gp6.csv,0,0,0,0,0.3505
3.86E-05,24,24,24,24,Gp6,period_data_Gp6.csv,0,0,0,0,0.3855
4.24E-05,24,24,24,24,Gp6,period_data_Gp6.csv,0,0,0,0,0.4241
4.67E-05,24,24,24,24,Gp6,period_data_Gp6.csv,0,0,0,0,0.4665
5.13E-05,24,24,24,24,Gp6,period_data_Gp6.csv,0,0,0,0,0.5132
5.65E-05,24,24,24,24,Gp6,period_data_Gp6.csv,0,0,0,0,0.5645
6.21E-05,24,24,24,24,Gp6,period_data_Gp6.csv,0,0,0,0,0.6209
6.83E-05,24,24,24,24,Gp6,period_data_Gp6.csv,0,0,0,0,0.683
7.51E-05,24,24,24,24,Gp6,period_data_Gp6.csv,0,0,0,0,0.7513
8.26E-05,24,24,24,24,Gp6,period_data_Gp6.csv,0,0,0,0,0.8264
9.09E-05,24,24,24,24,Gp6,period_data_Gp6.csv,0,0,0,0,0.9091
0.0001,24,24,24,24,Gp6,period_data_Gp6.csv,0,0,0,0,1
0.00011,24,24,24,24,Gp6,period_data_Gp6.csv,0,0,0,0,1.1
0.000121,24,24,24,24,Gp6,period_data_Gp6.csv,0,0,0,0,1.21
0.0001331,24,24,24,24,Gp6,period_data_Gp6.csv,0,0,0,0,1.331
0.00014641,24,24,24,24,Gp6,period_data_Gp6.csv,0,0,0,0,1.4641
0.00016105,24,24,24,24,Gp6,period_data_Gp6.csv,0,0,0,0,1.6105
0.00017716,24,24,24,24,Gp6,period_data_Gp6.csv,0,0,0,0,1.7716
0.00019487,24,24,24,24,Gp6,period_data_Gp6.csv,0,0,0,0,1.9487
0.00021436,24,24,24,24,Gp6,period_data_Gp6.csv,0,0,0,0,2.1436
0.00023579,24,24,24,24,Gp6,period_data_Gp6.csv,0,0,0,0,2.3579
0.00025937,24,24,24,24,Gp6,period_data_Gp6.csv,0,0,0,0,2.5937
0.00028531,24,24,24,24,Gp6,period_data_Gp6.csv,0,0,0,0,2.8531
0.00031384,24,24,24,24,Gp6,period_data_Gp6.csv,0,0,0,0,3.1384
0.00034523,24,24,24,24,Gp6,period_data_Gp6.csv,0,0,0,0,3.4523
0.00037975,24,24,24,24,Gp6,period_data_Gp6.csv,0,0,0,0,3.7975
0.00041772,24,24,24,24,Gp6,period_data_Gp6.csv,0,0,0,0,4.1772
0.0004595,24,24,24,24,Gp6,period_data_Gp6.csv,0,0,0,0,4.595
0.00050545,24,24,24,24,Gp6,period_data_Gp6.csv,0,0,0,0,5.0545
0.00055599,24,24,24,24,Gp6,period_data_Gp6.csv,0,0,0,0,5.5599
0.00061159,24,24,24,24,Gp6,period_data_Gp6.csv,0,0,0,0,6.1159
0.00067275,24,24,24,24,Gp6,period_data_Gp6.csv,0,0,0,0,6.7275
0.00074002,24,24,24,24,Gp6,period_data_Gp6.csv,0,0,0,0,7.4002
0.00081403,24,24,24,24,Gp6,period_data_Gp6.csv,0,0,0,0,8.1403
0.00089543,24,24,24,24,Gp6,period_data_Gp6.csv,0,0,0,0,8.9543
0.00098497,24,24,24,24,Gp6,period_data_Gp6.csv,0,0,0,0,9.8497
0.01972642,24,24,24,24,K1,period_data_K1.csv,0,0,0,0,0.101525579
0.02169907,24,24,24,24,K1,period_data_K1.csv,0,0,0,0,0.111678178
0.02386897,24,24,24,24,K1,period_data_K1.csv,0,0,0,0,0.12284596
0.02625587,24,24,24,24,K1,period_data_K1.csv,0,0,0,0,0.135130571
0.02888146,24,24,24,24,K1,period_data_K1.csv,0,0,0,0,0.148643644
0.0317696,24,24,24,24,K1,period_data_K1.csv,0,0,0,0,0.163507977
0.03494656,24,24,24,24,K1,period_data_K1.csv,0,0,0,0,0.179858775
0.03844122,24,24,24,24,K1,period_data_K1.csv,0,0,0,0,0.197844673
0.04228534,24,24,24,24,K1,period_data_K1.csv,0,0,0,0,0.21762913
0.04651388,24,24,24,24,K1,period_data_K1.csv,0,0,0,0,0.239392074
0.05116526,24,24,24,24,K1,period_data_K1.csv,0,0,0,0,0.26333124
0.05628179,24,24,24,24,K1,period_data_K1.csv,0,0,0,0,0.289664385
0.06190997,24,24,24,24,K1,period_data_K1.csv,0,0,0,0,0.318630829
0.06810096,24,24,24,24,K1,period_data_K1.csv,0,0,0,0,0.350493875
0.07491106,24,24,24,24,K1,period_data_K1.csv,0,0,0,0,0.385543284
0.08240217,24,24,24,24,K1,period_data_K1.csv,0,0,0,0,0.424097633
0.09064238,24,24,24,24,K1,period_data_K1.csv,0,0,0,0,0.46650736
0.09970662,24,24,24,24,K1,period_data_K1.csv,0,0,0,0,0.513158106
0.10967728,24,24,24,24,K1,period_data_K1.csv,0,0,0,0,0.564473906
0.12064501,24,24,24,24,K1,period_data_K1.csv,0,0,0,0,0.620921307
0.13270951,24,24,24,24,K1,period_data_K1.csv,0,0,0,0,0.683013433
0.14598047,24,24,24,24,K1,period_data_K1.csv,0,0,0,0,0.751314822
0.16057851,24,24,24,24,K1,period_data_K1.csv,0,0,0,0,0.826446269
0.17663636,24,24,24,24,K1,period_data_K1.csv,0,0,0,0,0.90909089
0.1943,24,24,24,24,K1,period_data_K1.csv,0,0,0,0,1
0.21373,24,24,24,24,K1,period_data_K1.csv,0,0,0,0,1.1
0.235103,24,24,24,24,K1,period_data_K1.csv,0,0,0,0,1.21
0.2586133,24,24,24,24,K1,period_data_K1.csv,0,0,0,0,1.331
0.28447463,24,24,24,24,K1,period_data_K1.csv,0,0,0,0,1.4641
0.31292209,24,24,24,24,K1,period_data_K1.csv,0,0,0,0,1.610509985
0.3442143,24,24,24,24,K1,period_data_K1.csv,0,0,0,0,1.771560988
0.37863573,24,24,24,24,K1,period_data_K1.csv,0,0,0,0,1.948717087
0.41649931,24,24,24,24,K1,period_data_K1.csv,0,0,0,0,2.143588832
0.45814924,24,24,24,24,K1,period_data_K1.csv,0,0,0,0,2.35794771
0.50396416,24,24,24,24,K1,period_data_K1.csv,0,0,0,0,2.59374246
0.55436058,24,24,24,24,K1,period_data_K1.csv,0,0,0,0,2.853116727
0.60979663,24,24,24,24,K1,period_data_K1.csv,0,0,0,0,3.138428358
0.6707763,24,24,24,24,K1,period_data_K1.csv,0,0,0,0,3.45227123
0.73785393,24,24,24,24,K1,period_data_K1.csv,0,0,0,0,3.797498353
0.81163932,24.75,22.2,24.125,24.88888889,K1,period_data_K1.csv,0.75,-1.8,0.125,0.888888889,4.177248173
0.89280325,24,12.21052632,24,24,K1,period_data_K1.csv,0,-11.78947368,0,0,4.59497298
0.98208358,24,12.21052632,24,24,K1,period_data_K1.csv,0,-11.78947368,0,0,5.054470304
1.08029193,24,12.21052632,24,24,K1,period_data_K1.csv,0,-11.78947368,0,0,5.559917293
1.18832113,24,12.21052632,24,24,K1,period_data_K1.csv,0,-11.78947368,0,0,6.115909058
1.30715324,24,12.21052632,24,24,K1,period_data_K1.csv,0,-11.78947368,0,0,6.727499949
1.43786856,24,12.21052632,24,24,K1,period_data_K1.csv,0,-11.78947368,0,0,7.400249923
1.58165542,24,12.21052632,24,24,K1,period_data_K1.csv,0,-11.78947368,0,0,8.140274936
1.73982096,24,12.21052632,24,24,K1,period_data_K1.csv,0,-11.78947368,0,0,8.954302419
1.91380306,24,12.21052632,24,24,K1,period_data_K1.csv,0,-11.78947368,0,0,9.849732681
0.12070378,24,24,24,24,K10,period_data_K10.csv,0,0,0,0,0.101525595
0.13277416,24,24,24,24,K10,period_data_K10.csv,0,0,0,0,0.111678156
0.14605158,24,24,24,24,K10,period_data_K10.csv,0,0,0,0,0.122845975
0.16065674,24,24,24,24,K10,period_data_K10.csv,0,0,0,0,0.135130574
0.17672241,24,24,24,24,K10,period_data_K10.csv,0,0,0,0,0.148643629
0.19439465,24,24,24,24,K10,period_data_K10.csv,0,0,0,0,0.163507991
0.21383412,24,24,24,24,K10,period_data_K10.csv,0,0,0,0,0.179858794
0.23521753,24,24,24,24,K10,period_data_K10.csv,0,0,0,0,0.197844672
0.25873928,24,24,24,24,K10,period_data_K10.csv,0,0,0,0,0.217629136
0.28461321,24,24,24,24,K10,period_data_K10.csv,0,0,0,0,0.239392051
0.31307453,24,24,24,24,K10,period_data_K10.csv,0,0,0,0,0.263331256
0.34438198,24,24,24,24,K10,period_data_K10.csv,0,0,0,0,0.289664379
0.37882018,24,24,24,24,K10,period_data_K10.csv,0,0,0,0,0.318630818
0.4167022,24,24,24,24,K10,period_data_K10.csv,0,0,0,0,0.350493902
0.45837242,24,24,24,24,K10,period_data_K10.csv,0,0,0,0,0.385543292
0.50420966,24,24,24,24,K10,period_data_K10.csv,0,0,0,0,0.42409762
0.55463062,24,24,24,24,K10,period_data_K10.csv,0,0,0,0,0.466507377
0.61009369,24,24,24,24,K10,period_data_K10.csv,0,0,0,0,0.513158121
0.67110306,24,24,24,24,K10,period_data_K10.csv,0,0,0,0,0.564473934
0.73821336,24,24,24,24,K10,period_data_K10.csv,0,0,0,0,0.620921322
0.8120347,24,24,24,24,K10,period_data_K10.csv,0,0,0,0,0.683013458
0.89323817,24,24,24,24,K10,period_data_K10.csv,0,0,0,0,0.751314804
0.98256198,24,24,24,24,K10,period_data_K10.csv,0,0,0,0,0.826446278
1.08081818,24,24,24,24,K10,period_data_K10.csv,0,0,0,0,0.909090908
1.1889,24,24,24,24,K10,period_data_K10.csv,0,0,0,0,1
1.30779,24,24,24,24,K10,period_data_K10.csv,0,0,0,0,1.1
1.438569,24,24,24,24,K10,period_data_K10.csv,0,0,0,0,1.21
1.5824259,24,24,24,24,K10,period_data_K10.csv,0,0,0,0,1.331
1.74066849,24,24,24,24,K10,period_data_K10.csv,0,0,0,0,1.4641
1.91473534,24,24,24,24,K10,period_data_K10.csv,0,0,0,0,1.610510001
2.10620887,24,24,24,24,K10,period_data_K10.csv,0,0,0,0,1.771560998
2.31682976,24,24,24,24,K10,period_data_K10.csv,0,0,0,0,1.9487171
2.54851274,24,24,24,24,K10,period_data_K10.csv,0,0,0,0,2.143588813
2.80336401,24,24,24,24,K10,period_data_K10.csv,0,0,0,0,2.357947691
3.08370041,24,24,24,24,K10,period_data_K10.csv,0,0,0,0,2.593742459
3.39207045,24,24,24,24,K10,period_data_K10.csv,0,0,0,0,2.853116705
3.7312775,24,24,24,24,K10,period_data_K10.csv,0,0,0,0,3.138428379
4.10440525,24,24,24,24,K10,period_data_K10.csv,0,0,0,0,3.452271217
4.51484577,24,24,24,24,K10,period_data_K10.csv,0,0,0,0,3.797498335
4.96633035,24,24,24,24,K10,period_data_K10.csv,0,0,0,0,4.177248171
5.46296338,24,24,24,24,K10,period_data_K10.csv,0,0,0,0,4.594972983
6.00925972,24,24,24,24,K10,period_data_K10.csv,0,0,0,0,5.054470283
6.61018569,24,24,24,24,K10,period_data_K10.csv,0,0,0,0,5.55991731
7.27120426,24,24,24,24,K10,period_data_K10.csv,0,0,0,0,6.115909042
7.99832469,24,24,24,24,K10,period_data_K10.csv,0,0,0,0,6.72749995
8.79815716,24,24,24,24,K10,period_data_K10.csv,0,0,0,0,7.400249945
9.67797287,24,24,24,24,K10,period_data_K10.csv,0,0,0,0,8.140274935
10.64577016,24,24,24,24,K10,period_data_K10.csv,0,0,0,0,8.954302431
11.71034718,24,24,24,24,K10,period_data_K10.csv,0,0,0,0,9.849732677
0.0337268,24,24,24,24,K11,period_data_K11.csv,0,0,0,0,0.101525587
0.03709948,24,24,24,24,K11,period_data_K11.csv,0,0,0,0,0.111678146
0.04080943,24,24,24,24,K11,period_data_K11.csv,0,0,0,0,0.122845966
0.04489038,24,24,24,24,K11,period_data_K11.csv,0,0,0,0,0.135130584
0.04937941,24,24,24,24,K11,period_data_K11.csv,0,0,0,0,0.148643618
0.05431735,24,24,24,24,K11,period_data_K11.csv,0,0,0,0,0.163507977
0.05974909,24,24,24,24,K11,period_data_K11.csv,0,0,0,0,0.17985879
0.065724,24,24,24,24,K11,period_data_K11.csv,0,0,0,0,0.197844672
0.0722964,24,24,24,24,K11,period_data_K11.csv,0,0,0,0,0.217629139
0.07952604,24,24,24,24,K11,period_data_K11.csv,0,0,0,0,0.239392053
0.08747864,24,24,24,24,K11,period_data_K11.csv,0,0,0,0,0.263331246
0.09622651,24,24,24,24,K11,period_data_K11.csv,0,0,0,0,0.289664389
0.10584916,24,24,24,24,K11,period_data_K11.csv,0,0,0,0,0.318630825
0.11643407,24,24,24,24,K11,period_data_K11.csv,0,0,0,0,0.350493889
0.12807748,24,24,24,24,K11,period_data_K11.csv,0,0,0,0,0.385543287
0.14088523,24,24,24,24,K11,period_data_K11.csv,0,0,0,0,0.424097622
0.15497375,24,24,24,24,K11,period_data_K11.csv,0,0,0,0,0.466507375
0.17047113,24,24,24,24,K11,period_data_K11.csv,0,0,0,0,0.513158128
0.18751824,24,24,24,24,K11,period_data_K11.csv,0,0,0,0,0.564473931
0.20627006,24,24,24,24,K11,period_data_K11.csv,0,0,0,0,0.620921312
0.22689707,24,24,24,24,K11,period_data_K11.csv,0,0,0,0,0.683013456
0.24958678,24,24,24,24,K11,period_data_K11.csv,0,0,0,0,0.75131481
0.27454545,24,24,24,24,K11,period_data_K11.csv,0,0,0,0,0.826446267
0.302,24,24,24,24,K11,period_data_K11.csv,0,0,0,0,0.909090909
0.3322,24,24,24,24,K11,period_data_K11.csv,0,0,0,0,1
0.36542,24,24,24,24,K11,period_data_K11.csv,0,0,0,0,1.1
0.401962,24,24,24,24,K11,period_data_K11.csv,0,0,0,0,1.21
0.4421582,24,24,24,24,K11,period_data_K11.csv,0,0,0,0,1.331
0.48637402,24,24,24,24,K11,period_data_K11.csv,0,0,0,0,1.4641
0.53501142,24,24,24,24,K11,period_data_K11.csv,0,0,0,0,1.610509994
0.58851256,24,24,24,24,K11,period_data_K11.csv,0,0,0,0,1.771560987
0.64736382,24,24,24,24,K11,period_data_K11.csv,0,0,0,0,1.948717098
0.7121002,24,24,24,24,K11,period_data_K11.csv,0,0,0,0,2.143588802
0.78331022,24,24,24,24,K11,period_data_K11.csv,0,0,0,0,2.357947682
0.86164125,24,24,24,24,K11,period_data_K11.csv,0,0,0,0,2.593742474
0.94780537,24,24,24,24,K11,period_data_K11.csv,0,0,0,0,2.853116707
1.04258591,24,24,24,24,K11,period_data_K11.csv,0,0,0,0,3.138428387
1.1468445,24,24,24,24,K11,period_data_K11.csv,0,0,0,0,3.452271222
1.26152895,24,24,24,24,K11,period_data_K11.csv,0,0,0,0,3.797498344
1.38768184,24,24,24,24,K11,period_data_K11.csv,0,0,0,0,4.177248164
1.52645003,24,24,24,24,K11,period_data_K11.csv,0,0,0,0,4.594972998
1.67909503,24,24,24,24,K11,period_data_K11.csv,0,0,0,0,5.054470289
1.84700453,24,24,24,24,K11,period_data_K11.csv,0,0,0,0,5.559917309
2.03170498,24,24,24,24,K11,period_data_K11.csv,0,0,0,0,6.115909031
2.23487548,24,24,24,24,K11,period_data_K11.csv,0,0,0,0,6.72749994
2.45836303,24,24,24,24,K11,period_data_K11.csv,0,0,0,0,7.40024994
2.70419933,24,24,24,24,K11,period_data_K11.csv,0,0,0,0,8.140274925
2.97461927,24,24,24,24,K11,period_data_K11.csv,0,0,0,0,8.954302438
3.27208119,24,24,24,24,K11,period_data_K11.csv,0,0,0,0,9.849732661
0.08731201,24,24,24,24,K12,period_data_K12.csv,0,0,0,0,0.101525593
0.09604322,24,24,24,24,K12,period_data_K12.csv,0,0,0,0,0.111678163
0.10564754,24,24,24,24,K12,period_data_K12.csv,0,0,0,0,0.122845977
0.11621229,24,24,24,24,K12,period_data_K12.csv,0,0,0,0,0.13513057
0.12783352,24,24,24,24,K12,period_data_K12.csv,0,0,0,0,0.148643628
0.14061687,24,24,24,24,K12,period_data_K12.csv,0,0,0,0,0.163507988
0.15467856,24,24,24,24,K12,period_data_K12.csv,0,0,0,0,0.179858791
0.17014642,24,24,24,24,K12,period_data_K12.csv,0,0,0,0,0.197844674
0.18716106,24,24,24,24,K12,period_data_K12.csv,0,0,0,0,0.21762914
0.20587716,24,24,24,24,K12,period_data_K12.csv,0,0,0,0,0.239392047
0.22646488,24,24,24,24,K12,period_data_K12.csv,0,0,0,0,0.263331256
0.24911137,24,24,24,24,K12,period_data_K12.csv,0,0,0,0,0.289664384
0.2740225,24,24,24,24,K12,period_data_K12.csv,0,0,0,0,0.318630814
0.30142475,24,24,24,24,K12,period_data_K12.csv,0,0,0,0,0.350493895
0.33156723,24,24,24,24,K12,period_data_K12.csv,0,0,0,0,0.385543291
0.36472395,24,24,24,24,K12,period_data_K12.csv,0,0,0,0,0.424097616
0.40119635,24,24,24,24,K12,period_data_K12.csv,0,0,0,0,0.466507384
0.44131598,24,24,24,24,K12,period_data_K12.csv,0,0,0,0,0.513158116
0.48544758,24,24,24,24,K12,period_data_K12.csv,0,0,0,0,0.56447393
0.53399234,24,24,24,24,K12,period_data_K12.csv,0,0,0,0,0.620921326
0.58739157,24,24,24,24,K12,period_data_K12.csv,0,0,0,0,0.683013453
0.64613073,24,24,24,24,K12,period_data_K12.csv,0,0,0,0,0.751314802
0.7107438,24,24,24,24,K12,period_data_K12.csv,0,0,0,0,0.826446279
0.78181818,24,24,24,24,K12,period_data_K12.csv,0,0,0,0,0.909090907
0.86,24,24,24,24,K12,period_data_K12.csv,0,0,0,0,1
0.946,24,24,24,24,K12,period_data_K12.csv,0,0,0,0,1.1
1.0406,24,24,24,24,K12,period_data_K12.csv,0,0,0,0,1.21
1.14466,24,24,24,24,K12,period_data_K12.csv,0,0,0,0,1.331
1.259126,24,24,24,24,K12,period_data_K12.csv,0,0,0,0,1.4641
1.3850386,24,24,24,24,K12,period_data_K12.csv,0,0,0,0,1.61051
1.52354246,24,24,24,24,K12,period_data_K12.csv,0,0,0,0,1.771561
1.67589671,24,24,24,24,K12,period_data_K12.csv,0,0,0,0,1.948717105
1.84348638,24,24,24,24,K12,period_data_K12.csv,0,0,0,0,2.143588814
2.02783501,24,24,24,24,K12,period_data_K12.csv,0,0,0,0,2.357947686
2.23061852,24,24,24,24,K12,period_data_K12.csv,0,0,0,0,2.593742465
2.45368037,24,24,24,24,K12,period_data_K12.csv,0,0,0,0,2.853116709
2.6990484,24,24,24,24,K12,period_data_K12.csv,0,0,0,0,3.138428372
2.96895324,24,24,24,24,K12,period_data_K12.csv,0,0,0,0,3.452271209
3.26584857,24,24,24,24,K12,period_data_K12.csv,0,0,0,0,3.797498337
3.59243343,24,24,24,24,K12,period_data_K12.csv,0,0,0,0,4.177248174
3.95167677,24,24,24,24,K12,period_data_K12.csv,0,0,0,0,4.594972988
4.34684445,24,24,24,24,K12,period_data_K12.csv,0,0,0,0,5.054470291
4.78152889,24,24,24,24,K12,period_data_K12.csv,0,0,0,0,5.559917314
5.25968178,24,24,24,24,K12,period_data_K12.csv,0,0,0,0,6.115909047
5.78564996,24,24,24,24,K12,period_data_K12.csv,0,0,0,0,6.727499953
6.36421495,24,24,24,24,K12,period_data_K12.csv,0,0,0,0,7.400249942
7.00063645,24,24,24,24,K12,period_data_K12.csv,0,0,0,0,8.140274942
7.70070009,24,24,24,24,K12,period_data_K12.csv,0,0,0,0,8.95430243
8.4707701,24,24,24,24,K12,period_data_K12.csv,0,0,0,0,9.849732674
0.1522884,24,24,24,24,K14,period_data_K14.csv,0,0,0,0,0.1015256
0.16751724,24,24,24,24,K14,period_data_K14.csv,0,0,0,0,0.11167816
0.18426896,24,24,24,24,K14,period_data_K14.csv,0,0,0,0,0.122845973
0.20269586,24,24,24,24,K14,period_data_K14.csv,0,0,0,0,0.135130573
0.22296544,24,24,24,24,K14,period_data_K14.csv,0,0,0,0,0.148643627
0.24526199,24,24,24,24,K14,period_data_K14.csv,0,0,0,0,0.163507993
0.26978818,24,24,24,24,K14,period_data_K14.csv,0,0,0,0,0.179858787
0.296767,24,24,24,24,K14,period_data_K14.csv,0,0,0,0,0.197844667
0.3264437,24,24,24,24,K14,period_data_K14.csv,0,0,0,0,0.217629133
0.35908807,24,24,24,24,K14,period_data_K14.csv,0,0,0,0,0.239392047
0.39499688,24,24,24,24,K14,period_data_K14.csv,0,0,0,0,0.263331253
0.43449657,24,24,24,24,K14,period_data_K14.csv,0,0,0,0,0.28966438
0.47794623,24,24,24,24,K14,period_data_K14.csv,0,0,0,0,0.31863082
0.52574085,24,24,24,24,K14,period_data_K14.csv,0,0,0,0,0.3504939
0.57831493,24,24,24,24,K14,period_data_K14.csv,0,0,0,0,0.385543287
0.63614643,24,24,24,24,K14,period_data_K14.csv,0,0,0,0,0.42409762
0.69976107,24,24,24,24,K14,period_data_K14.csv,0,0,0,0,0.46650738
0.76973718,24,24,24,24,K14,period_data_K14.csv,0,0,0,0,0.51315812
0.8467109,24,24,24,24,K14,period_data_K14.csv,0,0,0,0,0.564473933
0.93138198,24,24,24,24,K14,period_data_K14.csv,0,0,0,0,0.62092132
1.02452018,24,24,24,24,K14,period_data_K14.csv,0,0,0,0,0.683013453
1.1269722,24,24,24,24,K14,period_data_K14.csv,0,0,0,0,0.7513148
1.23966942,24,24,24,24,K14,period_data_K14.csv,0,0,0,0,0.82644628
1.36363636,24,24,24,24,K14,period_data_K14.csv,0,0,0,0,0.909090907
1.5,24,24,24,24,K14,period_data_K14.csv,0,0,0,0,1
1.65,24,24,24,24,K14,period_data_K14.csv,0,0,0,0,1.1
1.815,24,24,24,24,K14,period_data_K14.csv,0,0,0,0,1.21
1.9965,24,24,24,24,K14,period_data_K14.csv,0,0,0,0,1.331
2.19615,24,24,24,24,K14,period_data_K14.csv,0,0,0,0,1.4641
2.415765,24,24,24,24,K14,period_data_K14.csv,0,0,0,0,1.61051
2.6573415,24,24,24,24,K14,period_data_K14.csv,0,0,0,0,1.771561
2.92307565,24,24,24,24,K14,period_data_K14.csv,0,0,0,0,1.9487171
3.21538322,24,24,24,24,K14,period_data_K14.csv,0,0,0,0,2.143588813
3.53692154,24,24,24,24,K14,period_data_K14.csv,0,0,0,0,2.357947693
3.89061369,24,24,24,24,K14,period_data_K14.csv,0,0,0,0,2.59374246
4.27967506,24,24,24,24,K14,period_data_K14.csv,0,0,0,0,2.853116707
4.70764257,24,24,24,24,K14,period_data_K14.csv,0,0,0,0,3.13842838
5.17840682,24,24,24,24,K14,period_data_K14.csv,0,0,0,0,3.452271213
5.6962475,24,24,24,24,K14,period_data_K14.csv,0,0,0,0,3.797498333
6.26587225,24,24,24,24,K14,period_data_K14.csv,0,0,0,0,4.177248167
6.89245948,24,24,24,24,K14,period_data_K14.csv,0,0,0,0,4.594972987
7.58170543,24,24,24,24,K14,period_data_K14.csv,0,0,0,0,5.054470287
8.33987597,24,24,24,24,K14,period_data_K14.csv,0,0,0,0,5.559917313
9.17386357,24,24,24,24,K14,period_data_K14.csv,0,0,0,0,6.115909047
10.09124992,24,24,24,24,K14,period_data_K14.csv,0,0,0,0,6.727499947
11.10037492,24,24,24,24,K14,period_data_K14.csv,0,0,0,0,7.400249947
12.21041241,24,24,24,24,K14,period_data_K14.csv,0,0,0,0,8.14027494
13.43145365,24,24,24,24,K14,period_data_K14.csv,0,0,0,0,8.954302433
14.77459901,24,24,24,24,K14,period_data_K14.csv,0,0,0,0,9.849732673
0.16384201,24,24,11.68421053,24,K2,period_data_K2.csv,0,0,-12.31578947,0,0.101525598
0.18022621,24,24,11.57894737,24,K2,period_data_K2.csv,0,0,-12.42105263,0,0.111678157
0.19824883,24,24,24,24,K2,period_data_K2.csv,0,0,0,0,0.122845972
0.21807372,24,24,24.11111111,24,K2,period_data_K2.csv,0,0,0.111111111,0,0.135130574
0.23988109,24,24,24,24,K2,period_data_K2.csv,0,0,0,0,0.14864363
0.2638692,24,24,24,24,K2,period_data_K2.csv,0,0,0,0,0.163507994
0.29025612,24,24,24,24,K2,period_data_K2.csv,0,0,0,0,0.179858793
0.31928173,24,24,24,24,K2,period_data_K2.csv,0,0,0,0,0.197844671
0.3512099,24,24,24,24,K2,period_data_K2.csv,0,0,0,0,0.217629136
0.38633089,24,24,24,24,K2,period_data_K2.csv,0,0,0,0,0.23939205
0.42496398,24,24,24,24,K2,period_data_K2.csv,0,0,0,0,0.263331255
0.46746038,24,24,24,24,K2,period_data_K2.csv,0,0,0,0,0.289664382
0.51420641,24,24,24,24,K2,period_data_K2.csv,0,0,0,0,0.318630815
0.56562705,24,24,24,24,K2,period_data_K2.csv,0,0,0,0,0.350493896
0.62218976,24,24,24,24,K2,period_data_K2.csv,0,0,0,0,0.385543289
0.68440874,24,24,24,24,K2,period_data_K2.csv,0,0,0,0,0.424097621
0.75284961,24,24,24,24,K2,period_data_K2.csv,0,0,0,0,0.46650738
0.82813457,24,24,24,24,K2,period_data_K2.csv,0,0,0,0,0.513158117
0.91094803,24,24,24,24,K2,period_data_K2.csv,0,0,0,0,0.564473931
1.00204283,24,24,24,24,K2,period_data_K2.csv,0,0,0,0,0.620921322
1.10224711,24,24,24,24,K2,period_data_K2.csv,0,0,0,0,0.683013453
1.21247183,24,24,24,24,K2,period_data_K2.csv,0,0,0,0,0.751314804
1.33371901,24,24,24,24,K2,period_data_K2.csv,0,0,0,0,0.826446282
1.46709091,24,24.11111111,24,24,K2,period_data_K2.csv,0,0.111111111,0,0,0.90909091
1.6138,24,24,24,24,K2,period_data_K2.csv,0,0,0,0,1
1.77518,24,24,24,24,K2,period_data_K2.csv,0,0,0,0,1.1
1.952698,24,24,24,24,K2,period_data_K2.csv,0,0,0,0,1.21
2.1479678,24,24,24,24,K2,period_data_K2.csv,0,0,0,0,1.331
2.36276458,24,24,24,24,K2,period_data_K2.csv,0,0,0,0,1.4641
2.59904104,24,24,24,24,K2,period_data_K2.csv,0,0,0,0,1.610510001
2.85894514,24,24,24,24,K2,period_data_K2.csv,0,0,0,0,1.771560999
3.14483966,24,24,24,24,K2,period_data_K2.csv,0,0,0,0,1.948717102
3.45932362,24,24,24,24,K2,period_data_K2.csv,0,0,0,0,2.143588809
3.80525598,24,24,24,24,K2,period_data_K2.csv,0,0,0,0,2.357947689
4.18578158,24,24,24,24,K2,period_data_K2.csv,0,0,0,0,2.593742459
4.60435974,24,24,24,24,K2,period_data_K2.csv,0,0,0,0,2.853116706
5.06479571,24,24,24,24,K2,period_data_K2.csv,0,0,0,0,3.138428374
5.57127529,24,24,24,24,K2,period_data_K2.csv,0,0,0,0,3.452271217
6.12840281,24,24,24,24,K2,period_data_K2.csv,0,0,0,0,3.797498333
6.7412431,24,24,24,24,K2,period_data_K2.csv,0,0,0,0,4.177248172
7.41536741,24,24,24,24,K2,period_data_K2.csv,0,0,0,0,4.594972989
8.15690415,24,24,24,24,K2,period_data_K2.csv,0,0,0,0,5.054470288
8.97259456,24,24,24,24,K2,period_data_K2.csv,0,0,0,0,5.559917313
9.86985402,24,24,24,24,K2,period_data_K2.csv,0,0,0,0,6.115909047
10.85683942,24,24,24,24,K2,period_data_K2.csv,0,0,0,0,6.72749995
11.94252336,24,24,24,24,K2,period_data_K2.csv,0,0,0,0,7.400249944
13.1367757,24,24,24,24,K2,period_data_K2.csv,0,0,0,0,8.140274941
14.45045327,24,24,24,24,K2,period_data_K2.csv,0,0,0,0,8.954302435
15.89549859,24,24,24,24,K2,period_data_K2.csv,0,0,0,0,9.849732674
0.22614827,24,12.21052632,24,24,K3,period_data_K3.csv,0,-11.78947368,0,0,0.101525598
0.2487631,24,12.21052632,24,24,K3,period_data_K3.csv,0,-11.78947368,0,0,0.111678159
0.27363941,24,12.21052632,24,24,K3,period_data_K3.csv,0,-11.78947368,0,0,0.122845975
0.30100335,24,12.21052632,24,24,K3,period_data_K3.csv,0,-11.78947368,0,0,0.135130572
0.33110368,24,12.21052632,24,24,K3,period_data_K3.csv,0,-11.78947368,0,0,0.148643627
0.36421405,24,12.21052632,24,24,K3,period_data_K3.csv,0,-11.78947368,0,0,0.163507991
0.40063545,24,12.21052632,24,24,K3,period_data_K3.csv,0,-11.78947368,0,0,0.179858788
0.440699,24,12.21052632,24,24,K3,period_data_K3.csv,0,-11.78947368,0,0,0.197844669
0.4847689,22.875,16.61538462,30.14285714,23.55555556,K3,period_data_K3.csv,-1.125,-7.384615385,6.142857143,-0.444444444,0.217629136
0.53324579,23.88888889,15.42857143,23.88888889,23.66666667,K3,period_data_K3.csv,-0.111111111,-8.571428571,-0.111111111,-0.333333333,0.239392049
0.58657037,24,24,24,24,K3,period_data_K3.csv,0,0,0,0,0.263331255
0.64522741,24,24,24,24,K3,period_data_K3.csv,0,0,0,0,0.289664382
0.70975015,24,24,24,24,K3,period_data_K3.csv,0,0,0,0,0.318630819
0.78072516,24,24,24,24,K3,period_data_K3.csv,0,0,0,0,0.350493899
0.85879768,24,24,24,24,K3,period_data_K3.csv,0,0,0,0,0.385543291
0.94467744,24,24,24,24,K3,period_data_K3.csv,0,0,0,0,0.424097616
1.03914519,24,24,24,24,K3,period_data_K3.csv,0,0,0,0,0.46650738
1.14305971,24,24,24,24,K3,period_data_K3.csv,0,0,0,0,0.513158119
1.25736568,24,24,24,24,K3,period_data_K3.csv,0,0,0,0,0.56447393
1.38310225,24,24,24,24,K3,period_data_K3.csv,0,0,0,0,0.620921324
1.52141247,24,24,24,24,K3,period_data_K3.csv,0,0,0,0,0.683013455
1.67355372,24,24,24,24,K3,period_data_K3.csv,0,0,0,0,0.751314801
1.84090909,24,24,24,24,K3,period_data_K3.csv,0,0,0,0,0.826446281
2.025,24,24,24,24,K3,period_data_K3.csv,0,0,0,0,0.909090909
2.2275,24,24,24,24,K3,period_data_K3.csv,0,0,0,0,1
2.45025,24,24,24,24,K3,period_data_K3.csv,0,0,0,0,1.1
2.695275,24,24,24,24,K3,period_data_K3.csv,0,0,0,0,1.21
2.9648025,24,24,24,24,K3,period_data_K3.csv,0,0,0,0,1.331
3.26128275,24,24,24,24,K3,period_data_K3.csv,0,0,0,0,1.4641
3.58741103,24,24,24,24,K3,period_data_K3.csv,0,0,0,0,1.610510002
3.94615213,24,24,24,24,K3,period_data_K3.csv,0,0,0,0,1.771561001
4.34076734,24,24,24,24,K3,period_data_K3.csv,0,0,0,0,1.9487171
4.77484407,24,24,24,24,K3,period_data_K3.csv,0,0,0,0,2.143588808
5.25232848,24,24,24,24,K3,period_data_K3.csv,0,0,0,0,2.35794769
5.77756133,24,24,24,24,K3,period_data_K3.csv,0,0,0,0,2.59374246
6.35531746,24,24,24,24,K3,period_data_K3.csv,0,0,0,0,2.853116705
6.99084921,24,24,24,24,K3,period_data_K3.csv,0,0,0,0,3.138428377
7.68993413,24,24,24,24,K3,period_data_K3.csv,0,0,0,0,3.452271214
8.45892754,24,24,24,24,K3,period_data_K3.csv,0,0,0,0,3.797498334
9.3048203,24,24,24,24,K3,period_data_K3.csv,0,0,0,0,4.177248171
10.23530233,24,24,24,24,K3,period_data_K3.csv,0,0,0,0,4.594972988
11.25883256,24,24,24,24,K3,period_data_K3.csv,0,0,0,0,5.054470285
12.38471582,24,24,24,24,K3,period_data_K3.csv,0,0,0,0,5.559917315
13.6231874,24,24,24,24,K3,period_data_K3.csv,0,0,0,0,6.115909046
14.98550614,24,24,24,24,K3,period_data_K3.csv,0,0,0,0,6.727499951
16.48405675,24,24,24,24,K3,period_data_K3.csv,0,0,0,0,7.400249944
18.13246243,24,24,24,24,K3,period_data_K3.csv,0,0,0,0,8.140274941
19.94570867,24,24,24,24,K3,period_data_K3.csv,0,0,0,0,8.954302433
21.94027954,24,24,24,24,K3,period_data_K3.csv,0,0,0,0,9.849732678
0.04061024,36,35.83333333,35.83333333,33.83333333,K4,period_data_K4.csv,12,11.83333333,11.83333333,9.833333333,0.1015256
0.04467126,36.4,36.16666667,36,36,K4,period_data_K4.csv,12.4,12.16666667,12,12,0.11167815
0.04913839,36.2,36,36,36,K4,period_data_K4.csv,12.2,12,12,12,0.122845975
0.05405223,36.6,36,36,36,K4,period_data_K4.csv,12.6,12,12,12,0.135130575
0.05945745,36.4,36,36,36,K4,period_data_K4.csv,12.4,12,12,12,0.148643625
0.0654032,35,34.66666667,35,35.66666667,K4,period_data_K4.csv,11,10.66666667,11,11.66666667,0.163508
0.07194352,33.66666667,29.57142857,33.8,32.83333333,K4,period_data_K4.csv,9.666666667,5.571428571,9.8,8.833333333,0.1798588
0.07913787,33,33.16666667,33.33333333,31.85714286,K4,period_data_K4.csv,9,9.166666667,9.333333333,7.857142857,0.197844675
0.08705165,32.71428571,27.71428571,32.5,27.42857143,K4,period_data_K4.csv,8.714285714,3.714285714,8.5,3.428571429,0.217629125
0.09575682,32.16666667,31.42857143,32.16666667,32,K4,period_data_K4.csv,8.166666667,7.428571429,8.166666667,8,0.23939205
0.1053325,31.5,31.57142857,31.57142857,30.85714286,K4,period_data_K4.csv,7.5,7.571428571,7.571428571,6.857142857,0.26333125
0.11586575,30.66666667,30.85714286,31.14285714,27.125,K4,period_data_K4.csv,6.666666667,6.857142857,7.142857143,3.125,0.289664375
0.12745233,30.28571429,29.83333333,30.28571429,26.875,K4,period_data_K4.csv,6.285714286,5.833333333,6.285714286,2.875,0.318630825
0.14019756,30,23.33333333,30,23.88888889,K4,period_data_K4.csv,6,-0.666666667,6,-0.111111111,0.3504939
0.15421732,29.71428571,30,30,25.11111111,K4,period_data_K4.csv,5.714285714,6,6,1.111111111,0.3855433
0.16963905,28.625,28.28571429,28.71428571,19.81818182,K4,period_data_K4.csv,4.625,4.285714286,4.714285714,-4.181818182,0.424097625
0.18660295,27.71428571,27.375,27.5,18,K4,period_data_K4.csv,3.714285714,3.375,3.5,-6,0.466507375
0.20526325,24.11111111,24,24.11111111,11.94736842,K4,period_data_K4.csv,0.111111111,0,0.111111111,-12.05263158,0.513158125
0.22578957,24,24,24,24,K4,period_data_K4.csv,0,0,0,0,0.564473925
0.24836853,24,24,24,24,K4,period_data_K4.csv,0,0,0,0,0.620921325
0.27320538,24,24,24,24,K4,period_data_K4.csv,0,0,0,0,0.68301345
0.30052592,24,24,24,24,K4,period_data_K4.csv,0,0,0,0,0.7513148
0.33057851,24,24,24,24,K4,period_data_K4.csv,0,0,0,0,0.826446275
0.36363636,24,24,24,24,K4,period_data_K4.csv,0,0,0,0,0.9090909
0.4,24,24,24,24,K4,period_data_K4.csv,0,0,0,0,1
0.44,24,24,24,24,K4,period_data_K4.csv,0,0,0,0,1.1
0.484,24,24,24,24,K4,period_data_K4.csv,0,0,0,0,1.21
0.5324,24,24,24,24,K4,period_data_K4.csv,0,0,0,0,1.331
0.58564,24,24,24,24,K4,period_data_K4.csv,0,0,0,0,1.4641
0.644204,24,24,24,24,K4,period_data_K4.csv,0,0,0,0,1.61051
0.7086244,24,24,24,24,K4,period_data_K4.csv,0,0,0,0,1.771561
0.77948684,24,24,24,24,K4,period_data_K4.csv,0,0,0,0,1.9487171
0.85743552,24,24,24,24,K4,period_data_K4.csv,0,0,0,0,2.1435888
0.94317908,24,24,24,24,K4,period_data_K4.csv,0,0,0,0,2.3579477
1.03749698,24,24,24,24,K4,period_data_K4.csv,0,0,0,0,2.59374245
1.14124668,24,24,24,24,K4,period_data_K4.csv,0,0,0,0,2.8531167
1.25537135,24,24,24,24,K4,period_data_K4.csv,0,0,0,0,3.138428375
1.38090849,24,24,24,24,K4,period_data_K4.csv,0,0,0,0,3.452271225
1.51899933,24,24,24,24,K4,period_data_K4.csv,0,0,0,0,3.797498325
1.67089927,24,24,24,24,K4,period_data_K4.csv,0,0,0,0,4.177248175
1.83798919,24,24,24,24,K4,period_data_K4.csv,0,0,0,0,4.594972975
2.02178811,24,24,24,24,K4,period_data_K4.csv,0,0,0,0,5.054470275
2.22396693,24,24,24,24,K4,period_data_K4.csv,0,0,0,0,5.559917325
2.44636362,24,24,24,24,K4,period_data_K4.csv,0,0,0,0,6.11590905
2.69099998,24,24,24,24,K4,period_data_K4.csv,0,0,0,0,6.72749995
2.96009998,24,24,24,24,K4,period_data_K4.csv,0,0,0,0,7.40024995
3.25610998,24,24,24,24,K4,period_data_K4.csv,0,0,0,0,8.14027495
3.58172097,24,24,24,24,K4,period_data_K4.csv,0,0,0,0,8.954302425
3.93989307,24,24,24,24,K4,period_data_K4.csv,0,0,0,0,9.849732675
0.03756447,48,32,46.66666667,38.4,K5,period_data_K5.csv,24,8,22.66666667,14.4,0.101525595
0.04132092,48,32,46,48,K5,period_data_K5.csv,24,8,22,24,0.111678162
0.04545301,48,48,48,48,K5,period_data_K5.csv,24,24,24,24,0.122845973
0.04999831,48,48,48,48,K5,period_data_K5.csv,24,24,24,24,0.135130568
0.05499814,48,48,48,48,K5,period_data_K5.csv,24,24,24,24,0.148643622
0.06049796,24.11111111,24,24.11111111,24.11111111,K5,period_data_K5.csv,0.111111111,0,0.111111111,0.111111111,0.163508
0.06654775,24,24,24,24,K5,period_data_K5.csv,0,0,0,0,0.179858784
0.07320253,24,24,24,24,K5,period_data_K5.csv,0,0,0,0,0.197844676
0.08052278,24,24,24,24,K5,period_data_K5.csv,0,0,0,0,0.217629135
0.08857506,24,24,24,24,K5,period_data_K5.csv,0,0,0,0,0.239392054
0.09743256,24,24,24,24,K5,period_data_K5.csv,0,0,0,0,0.263331243
0.10717582,24,24,24,24,K5,period_data_K5.csv,0,0,0,0,0.289664378
0.1178934,24,24,24,24,K5,period_data_K5.csv,0,0,0,0,0.318630811
0.12968274,24,24,24,24,K5,period_data_K5.csv,0,0,0,0,0.350493892
0.14265102,24,24,24,24,K5,period_data_K5.csv,0,0,0,0,0.385543297
0.15691612,24,24,24,24,K5,period_data_K5.csv,0,0,0,0,0.424097622
0.17260773,24,24,24,24,K5,period_data_K5.csv,0,0,0,0,0.466507378
0.1898685,24,24,24,24,K5,period_data_K5.csv,0,0,0,0,0.513158108
0.20885535,24,24,24,24,K5,period_data_K5.csv,0,0,0,0,0.564473919
0.22974089,24,24,24,24,K5,period_data_K5.csv,0,0,0,0,0.620921324
0.25271498,24,24,24,24,K5,period_data_K5.csv,0,0,0,0,0.683013459
0.27798648,24,24,24,24,K5,period_data_K5.csv,0,0,0,0,0.751314811
0.30578512,24,24,24,24,K5,period_data_K5.csv,0,0,0,0,0.82644627
0.33636364,24,24,24,24,K5,period_data_K5.csv,0,0,0,0,0.909090919
0.37,24,24,24,24,K5,period_data_K5.csv,0,0,0,0,1
0.407,24,24,24,24,K5,period_data_K5.csv,0,0,0,0,1.1
0.4477,24,24,24,24,K5,period_data_K5.csv,0,0,0,0,1.21
0.49247,24,24,24,24,K5,period_data_K5.csv,0,0,0,0,1.331
0.541717,24,24,24,24,K5,period_data_K5.csv,0,0,0,0,1.4641
0.5958887,24,24,24,24,K5,period_data_K5.csv,0,0,0,0,1.61051
0.65547757,24,24,24,24,K5,period_data_K5.csv,0,0,0,0,1.771561
0.72102533,24,24,24,24,K5,period_data_K5.csv,0,0,0,0,1.948717108
0.79312786,24,24,24,24,K5,period_data_K5.csv,0,0,0,0,2.143588811
0.87244065,24,24,24,24,K5,period_data_K5.csv,0,0,0,0,2.357947703
0.95968471,24,24,24,24,K5,period_data_K5.csv,0,0,0,0,2.593742459
1.05565318,24,24,24,24,K5,period_data_K5.csv,0,0,0,0,2.853116703
1.1612185,24,24,24,24,K5,period_data_K5.csv,0,0,0,0,3.138428378
1.27734035,24,24,24,24,K5,period_data_K5.csv,0,0,0,0,3.452271216
1.40507438,24,24,24,24,K5,period_data_K5.csv,0,0,0,0,3.797498324
1.54558182,24,24,24,24,K5,period_data_K5.csv,0,0,0,0,4.177248162
1.70014,24,24,24,24,K5,period_data_K5.csv,0,0,0,0,4.594972973
1.87015401,24,24,24,24,K5,period_data_K5.csv,0,0,0,0,5.054470297
2.05716941,24,24,24,24,K5,period_data_K5.csv,0,0,0,0,5.559917324
2.26288635,24,24,24,24,K5,period_data_K5.csv,0,0,0,0,6.115909054
2.48917498,24,24,24,24,K5,period_data_K5.csv,0,0,0,0,6.727499946
2.73809248,24,24,24,24,K5,period_data_K5.csv,0,0,0,0,7.400249946
3.01190173,24,24,24,24,K5,period_data_K5.csv,0,0,0,0,8.140274946
3.3130919,24,24,24,24,K5,period_data_K5.csv,0,0,0,0,8.954302432
3.64440109,24,24,24,24,K5,period_data_K5.csv,0,0,0,0,9.849732676
0.05019426,24,24,24,24,K6,period_data_K6.csv,0,0,0,0,0.101525607
0.05521368,24,24,24,24,K6,period_data_K6.csv,0,0,0,0,0.111678155
0.06073505,24,24,24,24,K6,period_data_K6.csv,0,0,0,0,0.122845975
0.06680855,24,24,24,24,K6,period_data_K6.csv,0,0,0,0,0.135130562
0.07348941,24,24,24,24,K6,period_data_K6.csv,0,0,0,0,0.148643629
0.08083835,24,24,24,24,K6,period_data_K6.csv,0,0,0,0,0.163507989
0.08892219,24,24,24,24,K6,period_data_K6.csv,0,0,0,0,0.179858799
0.0978144,24,24,24,24,K6,period_data_K6.csv,0,0,0,0,0.19784466
0.10759584,24,24,24,24,K6,period_data_K6.csv,0,0,0,0,0.217629126
0.11835543,24,24,24,24,K6,period_data_K6.csv,0,0,0,0,0.239392051
0.13019097,24,24,24,24,K6,period_data_K6.csv,0,0,0,0,0.26333125
0.14321007,24,24,24,24,K6,period_data_K6.csv,0,0,0,0,0.289664381
0.15753108,24,24,24,24,K6,period_data_K6.csv,0,0,0,0,0.318630825
0.17328418,24,24,24,24,K6,period_data_K6.csv,0,0,0,0,0.350493892
0.1906126,24,24,24,24,K6,period_data_K6.csv,0,0,0,0,0.385543285
0.20967386,24,24,24,24,K6,period_data_K6.csv,0,0,0,0,0.424097613
0.23064125,24,24,24,24,K6,period_data_K6.csv,0,0,0,0,0.466507383
0.25370537,24,24,24,24,K6,period_data_K6.csv,0,0,0,0,0.513158111
0.27907591,24,24,24,24,K6,period_data_K6.csv,0,0,0,0,0.564473928
0.3069835,24,24,24,24,K6,period_data_K6.csv,0,0,0,0,0.620921319
0.33768185,24,24,24,24,K6,period_data_K6.csv,0,0,0,0,0.683013451
0.37145004,24,24,24,24,K6,period_data_K6.csv,0,0,0,0,0.751314806
0.40859504,24,24,24,24,K6,period_data_K6.csv,0,0,0,0,0.826446278
0.44945455,24,24,24,24,K6,period_data_K6.csv,0,0,0,0,0.909090918
0.4944,24,24,24,24,K6,period_data_K6.csv,0,0,0,0,1
0.54384,24,24,24,24,K6,period_data_K6.csv,0,0,0,0,1.1
0.598224,24,24,24,24,K6,period_data_K6.csv,0,0,0,0,1.21
0.6580464,24,24,24,24,K6,period_data_K6.csv,0,0,0,0,1.331
0.72385104,24,24,24,24,K6,period_data_K6.csv,0,0,0,0,1.4641
0.79623614,24,24,24,24,K6,period_data_K6.csv,0,0,0,0,1.610509992
0.87585976,24,24,24,24,K6,period_data_K6.csv,0,0,0,0,1.771561003
0.96344573,24,24,24,24,K6,period_data_K6.csv,0,0,0,0,1.948717091
1.05979031,24,24,24,24,K6,period_data_K6.csv,0,0,0,0,2.143588815
1.16576934,24,24,24,24,K6,period_data_K6.csv,0,0,0,0,2.357947694
1.28234627,24,24,24,24,K6,period_data_K6.csv,0,0,0,0,2.593742456
1.4105809,24,24,24,24,K6,period_data_K6.csv,0,0,0,0,2.853116707
1.55163899,24,24,24,24,K6,period_data_K6.csv,0,0,0,0,3.138428378
1.70680289,24,24,24,24,K6,period_data_K6.csv,0,0,0,0,3.452271218
1.87748318,24,24,24,24,K6,period_data_K6.csv,0,0,0,0,3.797498341
2.06523149,24,24,24,24,K6,period_data_K6.csv,0,0,0,0,4.177248159
2.27175464,24,24,24,24,K6,period_data_K6.csv,0,0,0,0,4.594972977
2.49893011,24,24,24,24,K6,period_data_K6.csv,0,0,0,0,5.054470287
2.74882312,24,24,24,24,K6,period_data_K6.csv,0,0,0,0,5.559917314
3.02370543,24,24,24,24,K6,period_data_K6.csv,0,0,0,0,6.115909041
3.32607597,24,24,24,24,K6,period_data_K6.csv,0,0,0,0,6.727499939
3.65868357,24,24,24,24,K6,period_data_K6.csv,0,0,0,0,7.400249939
4.02455193,24,24,24,24,K6,period_data_K6.csv,0,0,0,0,8.140274939
4.42700712,24,24,24,24,K6,period_data_K6.csv,0,0,0,0,8.954302427
4.86970783,24,24,24,24,K6,period_data_K6.csv,0,0,0,0,9.849732666
0.24454471,24,24,24,24,K7,period_data_K7.csv,0,0,0,0,0.101525599
0.26899918,24,24,24,24,K7,period_data_K7.csv,0,0,0,0,0.111678158
0.2958991,24,24,24,24,K7,period_data_K7.csv,0,0,0,0,0.122845975
0.32548901,24,24,24,24,K7,period_data_K7.csv,0,0,0,0,0.135130573
0.35803791,24,24,24,24,K7,period_data_K7.csv,0,0,0,0,0.148643629
0.3938417,24,24,24,24,K7,period_data_K7.csv,0,0,0,0,0.163507992
0.43322587,24,24,24,24,K7,period_data_K7.csv,0,0,0,0,0.179858791
0.47654845,24,24,24,24,K7,period_data_K7.csv,0,0,0,0,0.197844667
0.5242033,24,24,24,24,K7,period_data_K7.csv,0,0,0,0,0.217629136
0.57662363,24,24,24,24,K7,period_data_K7.csv,0,0,0,0,0.23939205
0.63428599,24,24,24,24,K7,period_data_K7.csv,0,0,0,0,0.263331253
0.69771459,24,24,24,24,K7,period_data_K7.csv,0,0,0,0,0.289664379
0.76748605,24,24,24,24,K7,period_data_K7.csv,0,0,0,0,0.318630817
0.84423466,24,24,24,24,K7,period_data_K7.csv,0,0,0,0,0.350493901
0.92865812,24,24,24,24,K7,period_data_K7.csv,0,0,0,0,0.385543289
1.02152393,24,24,24,24,K7,period_data_K7.csv,0,0,0,0,0.424097617
1.12367633,24,24,24,24,K7,period_data_K7.csv,0,0,0,0,0.466507382
1.23604396,24,24,24,24,K7,period_data_K7.csv,0,0,0,0,0.513158118
1.35964836,24,24,24,24,K7,period_data_K7.csv,0,0,0,0,0.564473932
1.49561319,24,24,24,24,K7,period_data_K7.csv,0,0,0,0,0.620921323
1.64517451,24,24,24,24,K7,period_data_K7.csv,0,0,0,0,0.683013455
1.80969196,24,24,24,24,K7,period_data_K7.csv,0,0,0,0,0.751314801
1.99066116,24,24,24,24,K7,period_data_K7.csv,0,0,0,0,0.826446282
2.18972727,24,24,24,24,K7,period_data_K7.csv,0,0,0,0,0.909090908
2.4087,24,24,24,24,K7,period_data_K7.csv,0,0,0,0,1
2.64957,24,24,24,24,K7,period_data_K7.csv,0,0,0,0,1.1
2.914527,24,24,24,24,K7,period_data_K7.csv,0,0,0,0,1.21
3.2059797,24,24,24,24,K7,period_data_K7.csv,0,0,0,0,1.331
3.52657767,24,24,24,24,K7,period_data_K7.csv,0,0,0,0,1.4641
3.87923544,24,24,24,24,K7,period_data_K7.csv,0,0,0,0,1.610510001
4.26715898,24,24,24,24,K7,period_data_K7.csv,0,0,0,0,1.771561
4.69387488,24,24,24,24,K7,period_data_K7.csv,0,0,0,0,1.948717101
5.16326237,24,24,24,24,K7,period_data_K7.csv,0,0,0,0,2.143588811
5.6795886,24,24,24,24,K7,period_data_K7.csv,0,0,0,0,2.35794769
6.24754746,24,24,24,24,K7,period_data_K7.csv,0,0,0,0,2.593742459
6.87230221,24,24,24,24,K7,period_data_K7.csv,0,0,0,0,2.853116706
7.55953243,24,24,24,24,K7,period_data_K7.csv,0,0,0,0,3.138428376
8.31548567,24,24,24,24,K7,period_data_K7.csv,0,0,0,0,3.452271213
9.14703424,24,24,24,24,K7,period_data_K7.csv,0,0,0,0,3.797498335
10.06173767,24,24,24,24,K7,period_data_K7.csv,0,0,0,0,4.177248171
11.06791143,24,24,24,24,K7,period_data_K7.csv,0,0,0,0,4.594972985
12.17470258,24,24,24,24,K7,period_data_K7.csv,0,0,0,0,5.054470287
13.39217283,24,24,24,24,K7,period_data_K7.csv,0,0,0,0,5.559917312
14.73139012,24,24,24,24,K7,period_data_K7.csv,0,0,0,0,6.115909046
16.20452913,24,24,24,24,K7,period_data_K7.csv,0,0,0,0,6.72749995
17.82498204,24,24,24,24,K7,period_data_K7.csv,0,0,0,0,7.400249944
19.60748024,24,24,24.11111111,24,K7,period_data_K7.csv,0,0,0.111111111,0,8.140274937
21.56822827,24,24,24,24,K7,period_data_K7.csv,0,0,0,0,8.954302433
23.7250511,24,24.11111111,24,24,K7,period_data_K7.csv,0,0.111111111,0,0,9.849732677
0.03311765,24,24,24,24,K8,period_data_K8.csv,0,0,0,0,0.101525598
0.03642942,24,24,24,24,K8,period_data_K8.csv,0,0,0,0,0.111678173
0.04007236,24,24,24,24,K8,period_data_K8.csv,0,0,0,0,0.122845984
0.04407959,24,24,24,24,K8,period_data_K8.csv,0,0,0,0,0.135130564
0.04848755,24,24,24,24,K8,period_data_K8.csv,0,0,0,0,0.148643624
0.05333631,24,24,24,24,K8,period_data_K8.csv,0,0,0,0,0.163508001
0.05866994,24,24,24,24,K8,period_data_K8.csv,0,0,0,0,0.179858798
0.06453693,24,24,24,24,K8,period_data_K8.csv,0,0,0,0,0.197844666
0.07099062,24,24,24,24,K8,period_data_K8.csv,0,0,0,0,0.217629123
0.07808969,24,24,24,24,K8,period_data_K8.csv,0,0,0,0,0.23939206
0.08589866,24,24,24,24,K8,period_data_K8.csv,0,0,0,0,0.263331269
0.09448852,24,24,24,24,K8,period_data_K8.csv,0,0,0,0,0.289664378
0.10393737,24,24,24,24,K8,period_data_K8.csv,0,0,0,0,0.318630809
0.11433111,24,24,24,24,K8,period_data_K8.csv,0,0,0,0,0.350493899
0.12576422,24,24,24,24,K8,period_data_K8.csv,0,0,0,0,0.385543286
0.13834064,24,24,24,24,K8,period_data_K8.csv,0,0,0,0,0.424097609
0.15217471,24,24,24,24,K8,period_data_K8.csv,0,0,0,0,0.466507388
0.16739218,24,24,24,24,K8,period_data_K8.csv,0,0,0,0,0.513158124
0.1841314,24,24,24,24,K8,period_data_K8.csv,0,0,0,0,0.564473942
0.20254454,24,24,24,24,K8,period_data_K8.csv,0,0,0,0,0.620921337
0.22279899,24,24,24,24,K8,period_data_K8.csv,0,0,0,0,0.683013458
0.24507889,24,24,24,24,K8,period_data_K8.csv,0,0,0,0,0.751314807
0.26958678,24,24,24,24,K8,period_data_K8.csv,0,0,0,0,0.826446291
0.29654545,24,24,24,24,K8,period_data_K8.csv,0,0,0,0,0.909090895
0.3262,24,24,24,24,K8,period_data_K8.csv,0,0,0,0,1
0.35882,24,24,24,24,K8,period_data_K8.csv,0,0,0,0,1.1
0.394702,24,24,24,24,K8,period_data_K8.csv,0,0,0,0,1.21
0.4341722,24,24,24,24,K8,period_data_K8.csv,0,0,0,0,1.331
0.47758942,24,24,24,24,K8,period_data_K8.csv,0,0,0,0,1.4641
0.52534836,24,24,24,24,K8,period_data_K8.csv,0,0,0,0,1.610509994
0.5778832,24,24,24,24,K8,period_data_K8.csv,0,0,0,0,1.771561006
0.63567152,24,24,24,24,K8,period_data_K8.csv,0,0,0,0,1.948717106
0.69923867,24,24,24,24,K8,period_data_K8.csv,0,0,0,0,2.143588811
0.76916254,24,24,24,24,K8,period_data_K8.csv,0,0,0,0,2.357947701
0.84607879,24,24,24,24,K8,period_data_K8.csv,0,0,0,0,2.593742459
0.93068667,24,24,24,24,K8,period_data_K8.csv,0,0,0,0,2.853116708
1.02375534,24,24,24,24,K8,period_data_K8.csv,0,0,0,0,3.138428387
1.12613087,24,24,24,24,K8,period_data_K8.csv,0,0,0,0,3.452271214
1.23874396,24,24,24,24,K8,period_data_K8.csv,0,0,0,0,3.797498345
1.36261835,24,24,24,24,K8,period_data_K8.csv,0,0,0,0,4.177248161
1.49888019,24,24,24,24,K8,period_data_K8.csv,0,0,0,0,4.594972992
1.64876821,24,24,24,24,K8,period_data_K8.csv,0,0,0,0,5.054470294
1.81364503,24,24,24,24,K8,period_data_K8.csv,0,0,0,0,5.559917321
1.99500953,24,24,24,24,K8,period_data_K8.csv,0,0,0,0,6.115909044
2.19451048,24,24,24,24,K8,period_data_K8.csv,0,0,0,0,6.727499939
2.41396153,24,24,24,24,K8,period_data_K8.csv,0,0,0,0,7.400249939
2.65535768,24,24,24,24,K8,period_data_K8.csv,0,0,0,0,8.140274923
2.92089345,24,24,24,24,K8,period_data_K8.csv,0,0,0,0,8.954302422
3.2129828,24,24,24,24,K8,period_data_K8.csv,0,0,0,0,9.849732679
0.18248211,24,24,24,24,K9,period_data_K9.csv,0,0,0,0,0.101525598
0.20073032,24,24,24,24,K9,period_data_K9.csv,0,0,0,0,0.111678157
0.22080335,24,24,24,24,K9,period_data_K9.csv,0,0,0,0,0.122845972
0.24288369,24,24,24,24,K9,period_data_K9.csv,0,0,0,0,0.135130572
0.26717206,24,24,24,24,K9,period_data_K9.csv,0,0,0,0,0.14864363
0.29388926,24,24,24,24,K9,period_data_K9.csv,0,0,0,0,0.163507989
0.32327819,24,24,24,24,K9,period_data_K9.csv,0,0,0,0,0.17985879
0.35560601,24,24,24,24,K9,period_data_K9.csv,0,0,0,0,0.19784467
0.39116661,24,24,24,24,K9,period_data_K9.csv,0,0,0,0,0.217629137
0.43028327,24,24,24,24,K9,period_data_K9.csv,0,0,0,0,0.23939205
0.4733116,24,24,24,24,K9,period_data_K9.csv,0,0,0,0,0.263331256
0.52064276,24,24,24,24,K9,period_data_K9.csv,0,0,0,0,0.289664382
0.57270703,24,24,24,24,K9,period_data_K9.csv,0,0,0,0,0.318630817
0.62997773,24,24.11111111,24,24,K9,period_data_K9.csv,0,0.111111111,0,0,0.350493897
0.69297551,24,24,24,24,K9,period_data_K9.csv,0,0,0,0,0.38554329
0.76227306,24,24,24,24,K9,period_data_K9.csv,0,0,0,0,0.424097619
0.83850037,24,24,24,24,K9,period_data_K9.csv,0,0,0,0,0.466507383
0.9223504,24,24,24,24,K9,period_data_K9.csv,0,0,0,0,0.513158117
1.01458544,24,24,24,24,K9,period_data_K9.csv,0,0,0,0,0.564473929
1.11604399,24,24,24,24,K9,period_data_K9.csv,0,0,0,0,0.620921325
1.22764838,24,24,24,24,K9,period_data_K9.csv,0,0,0,0,0.683013453
1.35041322,24,24,24,24,K9,period_data_K9.csv,0,0,0,0,0.751314799
1.48545455,24,24,24,24,K9,period_data_K9.csv,0,0,0,0,0.826446284
1.634,24,24,24,24,K9,period_data_K9.csv,0,0,0,0,0.909090909
1.7974,24,24,24,24,K9,period_data_K9.csv,0,0,0,0,1
1.97714,24,24,24,24,K9,period_data_K9.csv,0,0,0,0,1.1
2.174854,24,24,24,24,K9,period_data_K9.csv,0,0,0,0,1.21
2.3923394,24,24,24,24,K9,period_data_K9.csv,0,0,0,0,1.331
2.63157334,24,24,24,24,K9,period_data_K9.csv,0,0,0,0,1.4641
2.89473067,24,24,24,24,K9,period_data_K9.csv,0,0,0,0,1.610509998
3.18420374,24,24,24,24,K9,period_data_K9.csv,0,0,0,0,1.771560999
3.50262412,24,24,24,24,K9,period_data_K9.csv,0,0,0,0,1.948717102
3.85288653,24,24,24,24,K9,period_data_K9.csv,0,0,0,0,2.143588812
4.23817518,24,24,24,24,K9,period_data_K9.csv,0,0,0,0,2.357947691
4.6619927,24,24,24,24,K9,period_data_K9.csv,0,0,0,0,2.593742461
5.12819197,24,24,24,24,K9,period_data_K9.csv,0,0,0,0,2.853116707
5.64101116,24,24,24,24,K9,period_data_K9.csv,0,0,0,0,3.138428374
6.20511228,24,24,24,24,K9,period_data_K9.csv,0,0,0,0,3.452271214
6.82562351,24,24,24,24,K9,period_data_K9.csv,0,0,0,0,3.797498336
7.50818586,24,24,24,24,K9,period_data_K9.csv,0,0,0,0,4.17724817
8.25900445,24,24,24,24,K9,period_data_K9.csv,0,0,0,0,4.594972989
9.08490489,24,24,24,24,K9,period_data_K9.csv,0,0,0,0,5.054470285
9.99339538,24,24,24,24,K9,period_data_K9.csv,0,0,0,0,5.559917314
10.99273492,24,24,24,24,K9,period_data_K9.csv,0,0,0,0,6.115909046
12.09200841,24,24,24,24,K9,period_data_K9.csv,0,0,0,0,6.72749995
13.30120925,24,24,24,24,K9,period_data_K9.csv,0,0,0,0,7.400249944
14.63133017,24,24,24,24,K9,period_data_K9.csv,0,0,0,0,8.140274936
16.09446319,24,24,24,24,K9,period_data_K9.csv,0,0,0,0,8.954302431
17.70390951,24,24,24,24,K9,period_data_K9.csv,0,0,0,0,9.849732675
0.07962653,48,16.71428571,48,24.22222222,d1,period_data_d1.csv,24,-7.285714286,24,0.222222222,0.101525602
0.08758918,48,16.71428571,48,24.44444444,d1,period_data_d1.csv,24,-7.285714286,24,0.444444444,0.111678159
0.0963481,48,16.71428571,48,24.55555556,d1,period_data_d1.csv,24,-7.285714286,24,0.555555556,0.122845977
0.10598291,48,15.42857143,48,23.22222222,d1,period_data_d1.csv,24,-8.571428571,24,-0.777777778,0.135130575
0.1165812,48,15.42857143,48,23.11111111,d1,period_data_d1.csv,24,-8.571428571,24,-0.888888889,0.148643631
0.12823932,48,15.42857143,48,23,d1,period_data_d1.csv,24,-8.571428571,24,-1,0.163507994
0.14106325,48,48.25,48.25,22.88888889,d1,period_data_d1.csv,24,24.25,24.25,-1.111111111,0.179858791
0.15516957,39.4,32.14285714,40.5,25,d1,period_data_d1.csv,15.4,8.142857143,16.5,1,0.197844664
0.17068653,38.6,24.875,38.8,21.9,d1,period_data_d1.csv,14.6,0.875,14.8,-2.1,0.217629134
0.18775518,36.6,36,36.16666667,24,d1,period_data_d1.csv,12.6,12,12.16666667,0,0.239392044
0.2065307,36,36,36,24,d1,period_data_d1.csv,12,12,12,0,0.263331251
0.22718377,35.5,28.57142857,34.33333333,23.88888889,d1,period_data_d1.csv,11.5,4.571428571,10.33333333,-0.111111111,0.289664376
0.24990215,33.6,22.33333333,34.5,20.45454545,d1,period_data_d1.csv,9.6,-1.666666667,10.5,-3.545454545,0.318630817
0.27489237,27.42857143,25.44444444,32.16666667,18,d1,period_data_d1.csv,3.428571429,1.444444444,8.166666667,-6,0.350493905
0.3023816,23.875,24.66666667,24.44444444,19.81818182,d1,period_data_d1.csv,-0.125,0.666666667,0.444444444,-4.181818182,0.385543287
0.33261976,24,24,24,24.11111111,d1,period_data_d1.csv,0,0,0,0.111111111,0.424097616
0.36588174,24.125,24.11111111,24,24,d1,period_data_d1.csv,0.125,0.111111111,0,0,0.466507382
0.40246991,24,24,24,24,d1,period_data_d1.csv,0,0,0,0,0.513158116
0.4427169,24,24,24,24.11111111,d1,period_data_d1.csv,0,0,0,0.111111111,0.564473926
0.48698859,24,24,24,24,d1,period_data_d1.csv,0,0,0,0,0.620921318
0.53568745,24,24,24,24,d1,period_data_d1.csv,0,0,0,0,0.683013451
0.5892562,24,24,24,24,d1,period_data_d1.csv,0,0,0,0,0.751314803
0.64818182,24,24,24,24,d1,period_data_d1.csv,0,0,0,0,0.826446283
0.713,24,24,24,24,d1,period_data_d1.csv,0,0,0,0,0.909090909
0.7843,24,24,24,24,d1,period_data_d1.csv,0,0,0,0,1
0.86273,24,24,24,24,d1,period_data_d1.csv,0,0,0,0,1.1
0.949003,24,24,24,24,d1,period_data_d1.csv,0,0,0,0,1.21
1.0439033,24,24,24,24,d1,period_data_d1.csv,0,0,0,0,1.331
1.14829363,24,24,24,24,d1,period_data_d1.csv,0,0,0,0,1.4641
1.26312299,24,24,24,24,d1,period_data_d1.csv,0,0,0,0,1.610509996
1.38943529,24,24,24,24,d1,period_data_d1.csv,0,0,0,0,1.771560997
1.52837882,24,24,24,24,d1,period_data_d1.csv,0,0,0,0,1.948717098
1.6812167,24,24,24,24,d1,period_data_d1.csv,0,0,0,0,2.143588805
1.84933837,24,24,24,24,d1,period_data_d1.csv,0,0,0,0,2.357947686
2.03427221,24,24,24,24,d1,period_data_d1.csv,0,0,0,0,2.593742458
2.23769943,24,24,24,24,d1,period_data_d1.csv,0,0,0,0,2.853116703
2.46146938,24,24,24,24,d1,period_data_d1.csv,0,0,0,0,3.138428382
2.70761631,24,24,24,24,d1,period_data_d1.csv,0,0,0,0,3.45227121
2.97837794,24,24,24,24,d1,period_data_d1.csv,0,0,0,0,3.79749833
3.27621574,24,24,24,24,d1,period_data_d1.csv,0,0,0,0,4.17724817
3.60383731,24,24,24,24,d1,period_data_d1.csv,0,0,0,0,4.594972982
3.96422104,24,24,24,24,d1,period_data_d1.csv,0,0,0,0,5.054470279
4.36064315,24,24,24,24,d1,period_data_d1.csv,0,0,0,0,5.559917315
4.79670746,24,24,24,24,d1,period_data_d1.csv,0,0,0,0,6.11590904
5.27637821,24,24,24,24,d1,period_data_d1.csv,0,0,0,0,6.727499949
5.80401603,24,24,24,24,d1,period_data_d1.csv,0,0,0,0,7.400249943
6.38441763,24,24,24,24,d1,period_data_d1.csv,0,0,0,0,8.140274933
7.0228594,24,24,24,24,d1,period_data_d1.csv,0,0,0,0,8.954302435
7.72514534,24,24,24,24,d1,period_data_d1.csv,0,0,0,0,9.849732679
0.0376863,23.88888889,16.92857143,23.88888889,24,d2D,period_data_d2D.csv,-0.111111111,-7.071428571,-0.111111111,0,0.101525593
0.04145493,23.88888889,16.92857143,23.88888889,24,d2D,period_data_d2D.csv,-0.111111111,-7.071428571,-0.111111111,0,0.111678152
0.04560043,23.88888889,16.92857143,23.88888889,24,d2D,period_data_d2D.csv,-0.111111111,-7.071428571,-0.111111111,0,0.122845986
0.05016047,23.88888889,16.92857143,24,24,d2D,period_data_d2D.csv,-0.111111111,-7.071428571,0,0,0.135130577
0.05517651,23.88888889,16.92857143,24,24,d2D,period_data_d2D.csv,-0.111111111,-7.071428571,0,0,0.148643615
0.06069417,23.88888889,16.92857143,24,24,d2D,period_data_d2D.csv,-0.111111111,-7.071428571,0,0,0.163508001
0.06676358,23.88888889,18,24,24,d2D,period_data_d2D.csv,-0.111111111,-6,0,0,0.179858782
0.07343994,24,24,24,24,d2D,period_data_d2D.csv,0,0,0,0,0.197844666
0.08078394,24,24,24,24,d2D,period_data_d2D.csv,0,0,0,0,0.217629149
0.08886233,24,24,23.88888889,24,d2D,period_data_d2D.csv,0,0,-0.111111111,0,0.239392053
0.09774856,24,24,24,24,d2D,period_data_d2D.csv,0,0,0,0,0.26333125
0.10752342,24,24,24,24,d2D,period_data_d2D.csv,0,0,0,0,0.289664386
0.11827576,24,24,24,24,d2D,period_data_d2D.csv,0,0,0,0,0.318630819
0.13010334,24,24,24,24,d2D,period_data_d2D.csv,0,0,0,0,0.350493912
0.14311367,24,24,24,24,d2D,period_data_d2D.csv,0,0,0,0,0.385543292
0.15742504,24,24,24,24,d2D,period_data_d2D.csv,0,0,0,0,0.424097629
0.17316754,24,24,24,24,d2D,period_data_d2D.csv,0,0,0,0,0.466507381
0.19048429,24,24,24,24,d2D,period_data_d2D.csv,0,0,0,0,0.513158109
0.20953272,24,24,24,24,d2D,period_data_d2D.csv,0,0,0,0,0.564473922
0.230486,24,24,24,24,d2D,period_data_d2D.csv,0,0,0,0,0.620921336
0.25353459,24,24,24,24,d2D,period_data_d2D.csv,0,0,0,0,0.683013443
0.27888805,24,24,24,24,d2D,period_data_d2D.csv,0,0,0,0,0.75131479
0.30677686,24,24,24,24,d2D,period_data_d2D.csv,0,0,0,0,0.826446282
0.33745455,24,24,24,24,d2D,period_data_d2D.csv,0,0,0,0,0.909090921
0.3712,24,24,24,24,d2D,period_data_d2D.csv,0,0,0,0,1
0.40832,24,24,24,24,d2D,period_data_d2D.csv,0,0,0,0,1.1
0.449152,24,24,24,24,d2D,period_data_d2D.csv,0,0,0,0,1.21
0.4940672,24,24,24,24,d2D,period_data_d2D.csv,0,0,0,0,1.331
0.54347392,24,24,24,24,d2D,period_data_d2D.csv,0,0,0,0,1.4641
0.59782131,24,24,24,24,d2D,period_data_d2D.csv,0,0,0,0,1.610509995
0.65760344,24,24,24,24,d2D,period_data_d2D.csv,0,0,0,0,1.771560991
0.72336379,24,24,24,24,d2D,period_data_d2D.csv,0,0,0,0,1.948717107
0.79570017,24,24,24,24,d2D,period_data_d2D.csv,0,0,0,0,2.14358882
0.87527018,24,24,24,24,d2D,period_data_d2D.csv,0,0,0,0,2.357947683
0.9627972,24,24,24,24,d2D,period_data_d2D.csv,0,0,0,0,2.593742457
1.05907692,24,23.88888889,24,24,d2D,period_data_d2D.csv,0,-0.111111111,0,0,2.853116703
1.16498461,24,24,24,24,d2D,period_data_d2D.csv,0,0,0,0,3.138428367
1.28148307,24,24.33333333,24.11111111,24.11111111,d2D,period_data_d2D.csv,0,0.333333333,0.111111111,0.111111111,3.452271202
1.40963138,24,24.66666667,24.33333333,24.11111111,d2D,period_data_d2D.csv,0,0.666666667,0.333333333,0.111111111,3.79749833
1.55059452,48,39.16666667,48.25,48,d2D,period_data_d2D.csv,24,15.16666667,24.25,24,4.177248168
1.70565397,27.28571429,26.375,26.75,30.85714286,d2D,period_data_d2D.csv,3.285714286,2.375,2.75,6.857142857,4.59497298
1.87621937,24,31,,,d2D,period_data_d2D.csv,0,7,,,5.054470286
2.06384131,24,12.10526316,24,24,d2D,period_data_d2D.csv,0,-11.89473684,0,0,5.559917322
2.27022544,24,12.10526316,24,24,d2D,period_data_d2D.csv,0,-11.89473684,0,0,6.115909052
2.49724798,24,12.10526316,24,24,d2D,period_data_d2D.csv,0,-11.89473684,0,0,6.727499946
2.74697278,24,12.10526316,24,24,d2D,period_data_d2D.csv,0,-11.89473684,0,0,7.400249946
3.02167006,24,12.10526316,24,24,d2D,period_data_d2D.csv,0,-11.89473684,0,0,8.140274946
3.32383706,24,12.10526316,24,24,d2D,period_data_d2D.csv,0,-11.89473684,0,0,8.954302425
3.65622077,24,12.10526316,24,24,d2D,period_data_d2D.csv,0,-11.89473684,0,0,9.849732678
0.02961502,24,24,24,24,d2L,period_data_d2L.csv,0,0,0,0,0.101525609
0.03257652,24,24,24,24,d2L,period_data_d2L.csv,0,0,0,0,0.111678162
0.03583417,24,24,24,24,d2L,period_data_d2L.csv,0,0,0,0,0.122845972
0.03941759,24,24,24,24,d2L,period_data_d2L.csv,0,0,0,0,0.135130579
0.04335935,24,24,24,24,d2L,period_data_d2L.csv,0,0,0,0,0.148643641
0.04769528,24,24,24,24,d2L,period_data_d2L.csv,0,0,0,0,0.163507988
0.05246481,24,24,24,24,d2L,period_data_d2L.csv,0,0,0,0,0.179858793
0.05771129,24,24,24,24,d2L,period_data_d2L.csv,0,0,0,0,0.197844669
0.06348242,24,24,24,24,d2L,period_data_d2L.csv,0,0,0,0,0.21762914
0.06983066,24,24,24,24,d2L,period_data_d2L.csv,0,0,0,0,0.239392047
0.07681373,24,24,24,24,d2L,period_data_d2L.csv,0,0,0,0,0.263331265
0.0844951,24,24,24,24,d2L,period_data_d2L.csv,0,0,0,0,0.289664381
0.09294461,24,24,24,24,d2L,period_data_d2L.csv,0,0,0,0,0.318630819
0.10223907,24,24,24,24,d2L,period_data_d2L.csv,0,0,0,0,0.350493898
0.11246298,24,24,24,24,d2L,period_data_d2L.csv,0,0,0,0,0.385543298
0.12370928,24,24,24,24,d2L,period_data_d2L.csv,0,0,0,0,0.424097635
0.1360802,24,24,24,24,d2L,period_data_d2L.csv,0,0,0,0,0.466507371
0.14968822,24,24,24,24,d2L,period_data_d2L.csv,0,0,0,0,0.513158108
0.16465705,24,24,24,24,d2L,period_data_d2L.csv,0,0,0,0,0.564473946
0.18112275,24,24,24,24,d2L,period_data_d2L.csv,0,0,0,0,0.620921323
0.19923502,24,24,24,24,d2L,period_data_d2L.csv,0,0,0,0,0.683013438
0.21915853,24,24,24,24,d2L,period_data_d2L.csv,0,0,0,0,0.75131481
0.24107438,24,24,24,24,d2L,period_data_d2L.csv,0,0,0,0,0.82644628
0.26518182,24,24,24,24,d2L,period_data_d2L.csv,0,0,0,0,0.909090915
0.2917,24,24,24,24,d2L,period_data_d2L.csv,0,0,0,0,1
0.32087,24,24,24,24,d2L,period_data_d2L.csv,0,0,0,0,1.1
0.352957,24,24,24,24,d2L,period_data_d2L.csv,0,0,0,0,1.21
0.3882527,24,24,24,24,d2L,period_data_d2L.csv,0,0,0,0,1.331
0.42707797,24,24,24,24,d2L,period_data_d2L.csv,0,0,0,0,1.4641
0.46978577,24,24,24,24,d2L,period_data_d2L.csv,0,0,0,0,1.61051001
0.51676434,24,24,24,24,d2L,period_data_d2L.csv,0,0,0,0,1.771560987
0.56844078,24,24,24,24,d2L,period_data_d2L.csv,0,0,0,0,1.948717107
0.62528486,24,24,24,24,d2L,period_data_d2L.csv,0,0,0,0,2.143588824
0.68781334,24,24,24,24,d2L,period_data_d2L.csv,0,0,0,0,2.357947686
0.75659468,24,24,24,24,d2L,period_data_d2L.csv,0,0,0,0,2.593742475
0.83225414,24,24,24,24,d2L,period_data_d2L.csv,0,0,0,0,2.853116695
0.91547956,24,24,24,24,d2L,period_data_d2L.csv,0,0,0,0,3.138428385
1.00702751,24,24,24,23.88888889,d2L,period_data_d2L.csv,0,0,0,-0.111111111,3.452271203
1.10773026,24,24,24,24,d2L,period_data_d2L.csv,0,0,0,0,3.79749832
1.21850329,24,24,24,24,d2L,period_data_d2L.csv,0,0,0,0,4.177248166
1.34035362,24,24,24,24,d2L,period_data_d2L.csv,0,0,0,0,4.594972986
1.47438898,24,24,24.11111111,24.11111111,d2L,period_data_d2L.csv,0,0,0.111111111,0.111111111,5.054470278
1.62182788,43.2,37.6,36.83333333,27.5,d2L,period_data_d2L.csv,19.2,13.6,12.83333333,3.5,5.559917312
1.78401067,24,24,24,23.88888889,d2L,period_data_d2L.csv,0,0,0,-0.111111111,6.11590905
1.96241174,24,24,24,24,d2L,period_data_d2L.csv,0,0,0,0,6.727499966
2.15865291,24,24,24,24,d2L,period_data_d2L.csv,0,0,0,0,7.400249949
2.3745182,12.15789474,24,24,24,d2L,period_data_d2L.csv,-11.84210526,0,0,0,8.14027494
2.61197002,12.15789474,24,24,24,d2L,period_data_d2L.csv,-11.84210526,0,0,0,8.954302434
2.87316702,12.15789474,24,24,24,d2L,period_data_d2L.csv,-11.84210526,0,0,0,9.849732671
0.05102677,24.11111111,24,24,11.89473684,d3D,period_data_d3D.csv,0.111111111,0,0,-12.10526316,0.101525607
0.05612944,24,24,24,11.89473684,d3D,period_data_d3D.csv,0,0,0,-12.10526316,0.111678154
0.06174239,24,24,24,11.89473684,d3D,period_data_d3D.csv,0,0,0,-12.10526316,0.122845981
0.06791662,24,24,24,11.89473684,d3D,period_data_d3D.csv,0,0,0,-12.10526316,0.135130561
0.07470829,24,24,24,11.89473684,d3D,period_data_d3D.csv,0,0,0,-12.10526316,0.148643633
0.08217912,24,24,24,11.89473684,d3D,period_data_d3D.csv,0,0,0,-12.10526316,0.163507998
0.09039703,24,24,24,11.89473684,d3D,period_data_d3D.csv,0,0,0,-12.10526316,0.179858794
0.09943673,24,24,24,11.89473684,d3D,period_data_d3D.csv,0,0,0,-12.10526316,0.197844668
0.1093804,24,24.11111111,24,11.89473684,d3D,period_data_d3D.csv,0,0.111111111,0,-12.10526316,0.217629129
0.12031844,24,24,24,11.89473684,d3D,period_data_d3D.csv,0,0,0,-12.10526316,0.239392041
0.13235029,24,24,24,11.94736842,d3D,period_data_d3D.csv,0,0,0,-12.05263158,0.263331257
0.14558532,24,24,24,11.94736842,d3D,period_data_d3D.csv,0,0,0,-12.05263158,0.289664385
0.16014385,24,24,24,11.94736842,d3D,period_data_d3D.csv,0,0,0,-12.05263158,0.31863082
0.17615823,24,24,24,11.94736842,d3D,period_data_d3D.csv,0,0,0,-12.05263158,0.350493892
0.19377406,24,24,24,11.94736842,d3D,period_data_d3D.csv,0,0,0,-12.05263158,0.385543295
0.21315146,24,24,24,24,d3D,period_data_d3D.csv,0,0,0,0,0.424097612
0.23446661,24,24,24,24,d3D,period_data_d3D.csv,0,0,0,0,0.466507382
0.25791327,24,24,24,24,d3D,period_data_d3D.csv,0,0,0,0,0.513158118
0.2837046,24,24,24,24,d3D,period_data_d3D.csv,0,0,0,0,0.564473936
0.31207506,24,24,24,24,d3D,period_data_d3D.csv,0,0,0,0,0.620921329
0.34328256,24,24,24,24,d3D,period_data_d3D.csv,0,0,0,0,0.68301345
0.37761082,24,24,24,24,d3D,period_data_d3D.csv,0,0,0,0,0.751314803
0.4153719,24,24,24,24,d3D,period_data_d3D.csv,0,0,0,0,0.826446279
0.45690909,24,24,24,24,d3D,period_data_d3D.csv,0,0,0,0,0.909090907
0.5026,24,24,24,24,d3D,period_data_d3D.csv,0,0,0,0,1
0.55286,24,24,24,24,d3D,period_data_d3D.csv,0,0,0,0,1.1
0.608146,24,24,24,24,d3D,period_data_d3D.csv,0,0,0,0,1.21
0.6689606,24,24,24,24,d3D,period_data_d3D.csv,0,0,0,0,1.331
0.73585666,24,24,24,24,d3D,period_data_d3D.csv,0,0,0,0,1.4641
0.80944233,24,24,24,24,d3D,period_data_d3D.csv,0,0,0,0,1.610510008
0.89038656,24,24,24,24,d3D,period_data_d3D.csv,0,0,0,0,1.771561003
0.97942521,24,24,24,24,d3D,period_data_d3D.csv,0,0,0,0,1.948717091
1.07736774,24,24,24,24,d3D,period_data_d3D.csv,0,0,0,0,2.143588818
1.18510451,24,24,24,24,d3D,period_data_d3D.csv,0,0,0,0,2.357947692
1.30361496,24,24,24,24,d3D,period_data_d3D.csv,0,0,0,0,2.593742459
1.43397646,24,24,24,24,d3D,period_data_d3D.csv,0,0,0,0,2.853116713
1.5773741,24,24,24,24,d3D,period_data_d3D.csv,0,0,0,0,3.138428372
1.73511151,24,24,24,24,d3D,period_data_d3D.csv,0,0,0,0,3.45227121
1.90862266,24,24,24,24,d3D,period_data_d3D.csv,0,0,0,0,3.797498329
2.09948493,24,24,24,24,d3D,period_data_d3D.csv,0,0,0,0,4.17724817
2.30943342,24,24,24,24,d3D,period_data_d3D.csv,0,0,0,0,4.594972981
2.54037677,24,24,24,24,d3D,period_data_d3D.csv,0,0,0,0,5.054470294
2.79441444,24,24,24,24,d3D,period_data_d3D.csv,0,0,0,0,5.55991731
3.07385589,24,24,24,24,d3D,period_data_d3D.csv,0,0,0,0,6.115909053
3.38124147,24,24,24,24,d3D,period_data_d3D.csv,0,0,0,0,6.72749994
3.71936562,24,24,24,24,d3D,period_data_d3D.csv,0,0,0,0,7.40024994
4.09130218,24,24,24,24,d3D,period_data_d3D.csv,0,0,0,0,8.14027493
4.5004324,24,24,24,24,d3D,period_data_d3D.csv,0,0,0,0,8.954302427
4.95047564,24,24,24,24,d3D,period_data_d3D.csv,0,0,0,0,9.84973267
0.05513855,24,24,11.73684211,24,d3L,period_data_d3L.csv,0,0,-12.26315789,0,0.101525594
0.06065241,24,24,11.73684211,24,d3L,period_data_d3L.csv,0,0,-12.26315789,0,0.111678162
0.06671765,24,24,11.73684211,24,d3L,period_data_d3L.csv,0,0,-12.26315789,0,0.122845977
0.07338941,24,24,11.73684211,24,d3L,period_data_d3L.csv,0,0,-12.26315789,0,0.135130565
0.08072835,24,24,11.68421053,24,d3L,period_data_d3L.csv,0,0,-12.31578947,0,0.14864362
0.08880119,24,24,11.68421053,24,d3L,period_data_d3L.csv,0,0,-12.31578947,0,0.163507991
0.09768131,24,24,11.68421053,24,d3L,period_data_d3L.csv,0,0,-12.31578947,0,0.179858792
0.10744944,24,24,11.68421053,24,d3L,period_data_d3L.csv,0,0,-12.31578947,0,0.197844669
0.11819438,24,24,11.68421053,24,d3L,period_data_d3L.csv,0,0,-12.31578947,0,0.217629129
0.13001382,24,24,11.68421053,24,d3L,period_data_d3L.csv,0,0,-12.31578947,0,0.239392046
0.1430152,24,24,11.68421053,24,d3L,period_data_d3L.csv,0,0,-12.31578947,0,0.263331247
0.15731672,24,24,11.68421053,24,d3L,period_data_d3L.csv,0,0,-12.31578947,0,0.289664371
0.1730484,24,24,11.68421053,24,d3L,period_data_d3L.csv,0,0,-12.31578947,0,0.318630823
0.19035324,24,24,11.63157895,24,d3L,period_data_d3L.csv,0,0,-12.36842105,0,0.350493905
0.20938856,24,24,11.63157895,24,d3L,period_data_d3L.csv,0,0,-12.36842105,0,0.385543289
0.23032742,24,24,11.63157895,24,d3L,period_data_d3L.csv,0,0,-12.36842105,0,0.424097625
0.25336016,24,24,24,24,d3L,period_data_d3L.csv,0,0,0,0,0.466507384
0.27869617,24,24,24,24,d3L,period_data_d3L.csv,0,0,0,0,0.513158111
0.30656579,24,24,24,24,d3L,period_data_d3L.csv,0,0,0,0,0.564473927
0.33722237,24,24,24,24,d3L,period_data_d3L.csv,0,0,0,0,0.620921322
0.37094461,24,24,24,24,d3L,period_data_d3L.csv,0,0,0,0,0.68301346
0.40803907,24,24,24,24,d3L,period_data_d3L.csv,0,0,0,0,0.751314804
0.44884298,24,24,24,24,d3L,period_data_d3L.csv,0,0,0,0,0.82644629
0.49372727,24,24,24,24,d3L,period_data_d3L.csv,0,0,0,0,0.909090904
0.5431,24,24,24,24,d3L,period_data_d3L.csv,0,0,0,0,1
0.59741,24,24,24,24,d3L,period_data_d3L.csv,0,0,0,0,1.1
0.657151,24,24,24,24,d3L,period_data_d3L.csv,0,0,0,0,1.21
0.7228661,24,24,24,24,d3L,period_data_d3L.csv,0,0,0,0,1.331
0.79515271,24,24,24,24,d3L,period_data_d3L.csv,0,0,0,0,1.4641
0.87466798,24,24,24,24,d3L,period_data_d3L.csv,0,0,0,0,1.610509998
0.96213478,24,24,24,24,d3L,period_data_d3L.csv,0,0,0,0,1.771561002
1.05834826,24,24,24,24,d3L,period_data_d3L.csv,0,0,0,0,1.948717106
1.16418308,24,24,24,24,d3L,period_data_d3L.csv,0,0,0,0,2.143588805
1.28060139,24,24,24,24,d3L,period_data_d3L.csv,0,0,0,0,2.357947689
1.40866153,24,24,24,24,d3L,period_data_d3L.csv,0,0,0,0,2.59374246
1.54952768,24,24,24,24,d3L,period_data_d3L.csv,0,0,0,0,2.8531167
1.70448045,24,24,24,24,d3L,period_data_d3L.csv,0,0,0,0,3.138428374
1.8749285,24,24,24,24,d3L,period_data_d3L.csv,0,0,0,0,3.452271221
2.06242135,24,24,24,24,d3L,period_data_d3L.csv,0,0,0,0,3.797498343
2.26866348,24,24,24,24,d3L,period_data_d3L.csv,0,0,0,0,4.177248168
2.49552983,24,24,24,24,d3L,period_data_d3L.csv,0,0,0,0,4.594972988
2.74508281,24,24,24,24,d3L,period_data_d3L.csv,0,0,0,0,5.054470282
3.01959109,24,24,24,24,d3L,period_data_d3L.csv,0,0,0,0,5.559917308
3.3215502,24,24,24,24,d3L,period_data_d3L.csv,0,0,0,0,6.115909041
3.65370522,24,24,24,24,d3L,period_data_d3L.csv,0,0,0,0,6.727499945
4.01907574,24,24,24,24,d3L,period_data_d3L.csv,0,0,0,0,7.400249936
4.42098332,24,24,24,24,d3L,period_data_d3L.csv,0,0,0,0,8.14027494
4.86308165,24,24,24,24,d3L,period_data_d3L.csv,0,0,0,0,8.95430243
5.34938982,24,24,24,24,d3L,period_data_d3L.csv,0,0,0,0,9.849732683
0.04471187,24,24,24,24,d5D,period_data_d5D.csv,0,0,0,0,0.10152559
0.04918306,24,24,24,24,d5D,period_data_d5D.csv,0,0,0,0,0.111678156
0.05410137,24,24,24,24,d5D,period_data_d5D.csv,0,0,0,0,0.122845981
0.0595115,24,24,24,24,d5D,period_data_d5D.csv,0,0,0,0,0.135130563
0.06546265,24,24,24,24,d5D,period_data_d5D.csv,0,0,0,0,0.148643619
0.07200892,24,24,24,24,d5D,period_data_d5D.csv,0,0,0,0,0.163507993
0.07920981,24,24,24,24,d5D,period_data_d5D.csv,0,0,0,0,0.179858787
0.08713079,24,24,24,24,d5D,period_data_d5D.csv,0,0,0,0,0.197844664
0.09584387,24,24,24,24,d5D,period_data_d5D.csv,0,0,0,0,0.217629133
0.10542826,24,24,24,24,d5D,period_data_d5D.csv,0,0,0,0,0.239392053
0.11597108,24,24,24,24,d5D,period_data_d5D.csv,0,0,0,0,0.263331244
0.12756819,24,24,24,24,d5D,period_data_d5D.csv,0,0,0,0,0.289664373
0.14032501,24,24,24,24,d5D,period_data_d5D.csv,0,0,0,0,0.318630813
0.15435751,24,24,24,24,d5D,period_data_d5D.csv,0,0,0,0,0.350493892
0.16979326,24,24,24,24,d5D,period_data_d5D.csv,0,0,0,0,0.385543279
0.18677259,24,24,24,24,d5D,period_data_d5D.csv,0,0,0,0,0.424097616
0.20544985,24,24,24,24,d5D,period_data_d5D.csv,0,0,0,0,0.46650738
0.22599484,24,24,24,24,d5D,period_data_d5D.csv,0,0,0,0,0.513158129
0.24859432,24,24,24,24,d5D,period_data_d5D.csv,0,0,0,0,0.564473933
0.27345375,24,24,24,24,d5D,period_data_d5D.csv,0,0,0,0,0.620921322
0.30079913,24,24,24,24,d5D,period_data_d5D.csv,0,0,0,0,0.683013465
0.33087904,24,24,24,24,d5D,period_data_d5D.csv,0,0,0,0,0.751314805
0.36396694,24,24,24,24,d5D,period_data_d5D.csv,0,0,0,0,0.826446276
0.40036364,24,24,24,24,d5D,period_data_d5D.csv,0,0,0,0,0.909090917
0.4404,24,24,24,24,d5D,period_data_d5D.csv,0,0,0,0,1
0.48444,24,24,24,24,d5D,period_data_d5D.csv,0,0,0,0,1.1
0.532884,24,24,24,24,d5D,period_data_d5D.csv,0,0,0,0,1.21
0.5861724,24,24,24,24,d5D,period_data_d5D.csv,0,0,0,0,1.331
0.64478964,24,24,24,24,d5D,period_data_d5D.csv,0,0,0,0,1.4641
0.7092686,24,24,24,24,d5D,period_data_d5D.csv,0,0,0,0,1.610509991
0.78019546,24,24,24,24,d5D,period_data_d5D.csv,0,0,0,0,1.77156099
0.85821501,24,24,24,24,d5D,period_data_d5D.csv,0,0,0,0,1.948717098
0.94403651,24,24,24,24,d5D,period_data_d5D.csv,0,0,0,0,2.143588806
1.03844016,24,24,24,24,d5D,period_data_d5D.csv,0,0,0,0,2.357947684
1.14228418,24,24,24,24,d5D,period_data_d5D.csv,0,0,0,0,2.593742461
1.2565126,24,24,24,24,d5D,period_data_d5D.csv,0,0,0,0,2.853116712
1.38216386,24,24,24,24,d5D,period_data_d5D.csv,0,0,0,0,3.138428383
1.52038024,24,24,24,24,d5D,period_data_d5D.csv,0,0,0,0,3.452271208
1.67241827,24,24,24,24,d5D,period_data_d5D.csv,0,0,0,0,3.797498342
1.83966009,24,24,24,24,d5D,period_data_d5D.csv,0,0,0,0,4.177248161
2.0236261,24,24,24,24,d5D,period_data_d5D.csv,0,0,0,0,4.594972979
2.22598871,24,24,24,24,d5D,period_data_d5D.csv,0,0,0,0,5.054470277
2.44858758,24,24,24,24,d5D,period_data_d5D.csv,0,0,0,0,5.559917302
2.69344634,24,24,24,24,d5D,period_data_d5D.csv,0,0,0,0,6.115909037
2.96279098,24,24,24,24,d5D,period_data_d5D.csv,0,0,0,0,6.727499955
3.25907008,24,24,24,24,d5D,period_data_d5D.csv,0,0,0,0,7.400249955
3.58497708,24,24,24,24,d5D,period_data_d5D.csv,0,0,0,0,8.140274932
3.94347479,24,24,24,24,d5D,period_data_d5D.csv,0,0,0,0,8.95430243
4.33782227,24,24,24,24,d5D,period_data_d5D.csv,0,0,0,0,9.849732675
0.51485661,24,24,24,24,d5L,period_data_d5L.csv,0,0,0,0,0.101525597
0.56634227,24,24,24,24,d5L,period_data_d5L.csv,0,0,0,0,0.111678157
0.6229765,24,24,24,24,d5L,period_data_d5L.csv,0,0,0,0,0.122845973
0.68527415,24,24,24,24,d5L,period_data_d5L.csv,0,0,0,0,0.135130571
0.75380157,24,24,24,24,d5L,period_data_d5L.csv,0,0,0,0,0.148643629
0.82918172,24,24,24,24,d5L,period_data_d5L.csv,0,0,0,0,0.16350799
0.9120999,24,24,24,24,d5L,period_data_d5L.csv,0,0,0,0,0.179858791
1.00330988,24,24,24,24,d5L,period_data_d5L.csv,0,0,0,0,0.197844668
1.10364087,24,24,24,24,d5L,period_data_d5L.csv,0,0,0,0,0.217629135
1.21400496,24,24,24,24,d5L,period_data_d5L.csv,0,0,0,0,0.239392049
1.33540546,24,24,24,24,d5L,period_data_d5L.csv,0,0,0,0,0.263331255
1.468946,24,24,24,24,d5L,period_data_d5L.csv,0,0,0,0,0.289664379
1.6158406,24,24,24,24,d5L,period_data_d5L.csv,0,0,0,0,0.318630817
1.77742466,24,24,24,24,d5L,period_data_d5L.csv,0,0,0,0,0.350493899
1.95516713,24,24,24,24,d5L,period_data_d5L.csv,0,0,0,0,0.38554329
2.15068384,24,24,24,24,d5L,period_data_d5L.csv,0,0,0,0,0.424097618
2.36575223,24,24,24,24,d5L,period_data_d5L.csv,0,0,0,0,0.466507381
2.60232745,24,24,24,24,d5L,period_data_d5L.csv,0,0,0,0,0.513158118
2.86256019,24,24,24,24,d5L,period_data_d5L.csv,0,0,0,0,0.564473929
3.14881621,24,24,24,24,d5L,period_data_d5L.csv,0,0,0,0,0.620921322
3.46369783,24,24,24,24,d5L,period_data_d5L.csv,0,0,0,0,0.683013454
3.81006762,24,24,24,24,d5L,period_data_d5L.csv,0,0,0,0,0.751314801
4.19107438,24,24,24,24,d5L,period_data_d5L.csv,0,0,0,0,0.826446281
4.61018182,24,24,24,24,d5L,period_data_d5L.csv,0,0,0,0,0.909090909
5.0712,24,24,24,24,d5L,period_data_d5L.csv,0,0,0,0,1
5.57832,24,24,24,24,d5L,period_data_d5L.csv,0,0,0,0,1.1
6.136152,24,24,24,24,d5L,period_data_d5L.csv,0,0,0,0,1.21
6.7497672,24,24,24,24,d5L,period_data_d5L.csv,0,0,0,0,1.331
7.42474392,24,24,24,24,d5L,period_data_d5L.csv,0,0,0,0,1.4641
8.16721831,24,24,24,24,d5L,period_data_d5L.csv,0,0,0,0,1.61051
8.98394014,24,24,24,24,d5L,period_data_d5L.csv,0,0,0,0,1.771560999
9.88233416,24,24,24,24,d5L,period_data_d5L.csv,0,0,0,0,1.9487171
10.87056757,24,24,24,24,d5L,period_data_d5L.csv,0,0,0,0,2.143588809
11.95762433,24,24,24,24,d5L,period_data_d5L.csv,0,0,0,0,2.357947691
13.15338676,24,24,24,24,d5L,period_data_d5L.csv,0,0,0,0,2.593742459
14.46872544,24,24,24,24,d5L,period_data_d5L.csv,0,0,0,0,2.853116706
15.91559798,24,24,24,24,d5L,period_data_d5L.csv,0,0,0,0,3.138428376
17.50715778,24,24,24,24,d5L,period_data_d5L.csv,0,0,0,0,3.452271214
19.25787356,24,24,24,24,d5L,period_data_d5L.csv,0,0,0,0,3.797498336
21.18366092,24,23.88888889,24,24,d5L,period_data_d5L.csv,0,-0.111111111,0,0,4.17724817
23.30202701,24,24,24,24,d5L,period_data_d5L.csv,0,0,0,0,4.594972987
25.63222971,24,24,24,24,d5L,period_data_d5L.csv,0,0,0,0,5.054470285
28.19545268,24,24,24,24,d5L,period_data_d5L.csv,0,0,0,0,5.559917313
31.01499795,24,24,24,24,d5L,period_data_d5L.csv,0,0,0,0,6.115909045
34.11649774,24,24,24,24,d5L,period_data_d5L.csv,0,0,0,0,6.727499949
37.52814752,24,24,24,24,d5L,period_data_d5L.csv,0,0,0,0,7.400249945
41.28096227,24,24,24,24,d5L,period_data_d5L.csv,0,0,0,0,8.140274939
45.4090585,24,24,24,24,d5L,period_data_d5L.csv,0,0,0,0,8.954302433
49.94996435,24,24,24,24,d5L,period_data_d5L.csv,0,0,0,0,9.849732677
0.00022336,24,24,24,24,de1,period_data_de1.csv,0,0,0,0,0.101527273
0.00024569,24,24,24,24,de1,period_data_de1.csv,0,0,0,0,0.111677273
0.00027026,24,24,24,24,de1,period_data_de1.csv,0,0,0,0,0.122845455
0.00029729,24,24,24,24,de1,period_data_de1.csv,0,0,0,0,0.135131818
0.00032702,24,24,24,24,de1,period_data_de1.csv,0,0,0,0,0.148645455
0.00035972,24,24,24,24,de1,period_data_de1.csv,0,0,0,0,0.163509091
0.00039569,24,24,24,24,de1,period_data_de1.csv,0,0,0,0,0.179859091
0.00043526,24,24,24,24,de1,period_data_de1.csv,0,0,0,0,0.197845455
0.00047878,24,24,24,24,de1,period_data_de1.csv,0,0,0,0,0.217627273
0.00052666,24,24,24,24,de1,period_data_de1.csv,0,0,0,0,0.239390909
0.00057933,24,24,24,24,de1,period_data_de1.csv,0,0,0,0,0.263331818
0.00063726,24,24,24,24,de1,period_data_de1.csv,0,0,0,0,0.289663636
0.00070099,24,24,24,24,de1,period_data_de1.csv,0,0,0,0,0.318631818
0.00077109,24,24,24,24,de1,period_data_de1.csv,0,0,0,0,0.350495455
0.0008482,24,24,24,24,de1,period_data_de1.csv,0,0,0,0,0.385545455
0.00093301,24,24,24,24,de1,period_data_de1.csv,0,0,0,0,0.424095455
0.00102632,24,24,24,24,de1,period_data_de1.csv,0,0,0,0,0.466509091
0.00112895,24,24,24,24,de1,period_data_de1.csv,0,0,0,0,0.513159091
0.00124184,24,24,24,24,de1,period_data_de1.csv,0,0,0,0,0.564472727
0.00136603,24,24,24,24,de1,period_data_de1.csv,0,0,0,0,0.620922727
0.00150263,24,24,24,24,de1,period_data_de1.csv,0,0,0,0,0.683013636
0.00165289,24,24,24,24,de1,period_data_de1.csv,0,0,0,0,0.751313636
0.00181818,24,24,24,24,de1,period_data_de1.csv,0,0,0,0,0.826445455
0.002,24,24,24,24,de1,period_data_de1.csv,0,0,0,0,0.909090909
0.0022,24,24,24,24,de1,period_data_de1.csv,0,0,0,0,1
0.00242,24,24,24,24,de1,period_data_de1.csv,0,0,0,0,1.1
0.002662,24,24,24,24,de1,period_data_de1.csv,0,0,0,0,1.21
0.0029282,24,24,24,24,de1,period_data_de1.csv,0,0,0,0,1.331
0.00322102,24,24,24,24,de1,period_data_de1.csv,0,0,0,0,1.4641
0.00354312,24,24,24,24,de1,period_data_de1.csv,0,0,0,0,1.610509091
0.00389743,24,24,24,24,de1,period_data_de1.csv,0,0,0,0,1.771559091
0.00428718,24,24,24,24,de1,period_data_de1.csv,0,0,0,0,1.948718182
0.0047159,24,24,24,24,de1,period_data_de1.csv,0,0,0,0,2.143590909
0.00518748,24,24,24,24,de1,period_data_de1.csv,0,0,0,0,2.357945455
0.00570623,24,24,24,24,de1,period_data_de1.csv,0,0,0,0,2.593740909
0.00627686,24,24,24,24,de1,period_data_de1.csv,0,0,0,0,2.853118182
0.00690454,24,24,24,24,de1,period_data_de1.csv,0,0,0,0,3.138427273
0.007595,24,24,24,24,de1,period_data_de1.csv,0,0,0,0,3.452272727
0.0083545,24,24,24,24,de1,period_data_de1.csv,0,0,0,0,3.7975
0.00918995,24,24,24,24,de1,period_data_de1.csv,0,0,0,0,4.17725
0.01010894,24,24,24,24,de1,period_data_de1.csv,0,0,0,0,4.594972727
0.01111983,24,24,24,24,de1,period_data_de1.csv,0,0,0,0,5.054468182
0.01223182,24,24,24,24,de1,period_data_de1.csv,0,0,0,0,5.559918182
0.013455,24,24,24,24,de1,period_data_de1.csv,0,0,0,0,6.115909091
0.0148005,24,24,24,24,de1,period_data_de1.csv,0,0,0,0,6.7275
0.01628055,24,24,24,24,de1,period_data_de1.csv,0,0,0,0,7.40025
0.0179086,24,24,24,24,de1,period_data_de1.csv,0,0,0,0,8.140272727
0.01969947,24,24,24,24,de1,period_data_de1.csv,0,0,0,0,8.954304545
0.02166941,24,24,24,24,de1,period_data_de1.csv,0,0,0,0,9.849731818
0.04813329,48,26.33333333,48,48,de2,period_data_de2.csv,24,2.333333333,24,24,0.101525606
0.05294661,48,26.22222222,48,48,de2,period_data_de2.csv,24,2.222222222,24,24,0.111678148
0.05824128,48,48,48,48,de2,period_data_de2.csv,24,24,24,24,0.122845982
0.0640654,24,24.88888889,25,24.44444444,de2,period_data_de2.csv,0,0.888888889,1,0.444444444,0.135130563
0.07047194,24,24.88888889,24.77777778,24.33333333,de2,period_data_de2.csv,0,0.888888889,0.777777778,0.333333333,0.148643619
0.07751914,24,24.66666667,24.44444444,24.22222222,de2,period_data_de2.csv,0,0.666666667,0.444444444,0.222222222,0.163507994
0.08527105,24,24.44444444,24.33333333,24.11111111,de2,period_data_de2.csv,0,0.444444444,0.333333333,0.111111111,0.179858785
0.09379816,24,24.11111111,24,24.11111111,de2,period_data_de2.csv,0,0.111111111,0,0.111111111,0.197844674
0.10317797,24,24,24,24.11111111,de2,period_data_de2.csv,0,0,0,0.111111111,0.217629129
0.11349577,24,24,24,24,de2,period_data_de2.csv,0,0,0,0,0.239392048
0.12484535,24,24,24,24,de2,period_data_de2.csv,0,0,0,0,0.263331259
0.13732988,24,24,24,24,de2,period_data_de2.csv,0,0,0,0,0.289664375
0.15106287,24,24,24,24,de2,period_data_de2.csv,0,0,0,0,0.318630816
0.16616916,24,24,24,24,de2,period_data_de2.csv,0,0,0,0,0.350493904
0.18278607,24,24,24,24,de2,period_data_de2.csv,0,0,0,0,0.385543282
0.20106468,24,24,24,24,de2,period_data_de2.csv,0,0,0,0,0.424097617
0.22117115,24,24,24,24,de2,period_data_de2.csv,0,0,0,0,0.466507382
0.24328826,24,24,24,24,de2,period_data_de2.csv,0,0,0,0,0.51315811
0.26761709,24,24,24,24,de2,period_data_de2.csv,0,0,0,0,0.56447393
0.2943788,24,24,24,24,de2,period_data_de2.csv,0,0,0,0,0.620921325
0.32381668,24,24,24,24,de2,period_data_de2.csv,0,0,0,0,0.683013457
0.35619835,24,24,24,24,de2,period_data_de2.csv,0,0,0,0,0.751314807
0.39181818,24,24,24,24,de2,period_data_de2.csv,0,0,0,0,0.826446277
0.431,24,24,24,24,de2,period_data_de2.csv,0,0,0,0,0.909090909
0.4741,24,24,24,24,de2,period_data_de2.csv,0,0,0,0,1
0.52151,24,24,24,24,de2,period_data_de2.csv,0,0,0,0,1.1
0.573661,24,24,24,24,de2,period_data_de2.csv,0,0,0,0,1.21
0.6310271,24,24,24,24,de2,period_data_de2.csv,0,0,0,0,1.331
0.69412981,24,24,24,24,de2,period_data_de2.csv,0,0,0,0,1.4641
0.76354279,24,24,24,24,de2,period_data_de2.csv,0,0,0,0,1.610509998
0.83989707,24,24,24,24,de2,period_data_de2.csv,0,0,0,0,1.771561
0.92388678,24,24,24,24,de2,period_data_de2.csv,0,0,0,0,1.948717106
1.01627545,24,24,24,24,de2,period_data_de2.csv,0,0,0,0,2.1435888
1.117903,24,24,24,24,de2,period_data_de2.csv,0,0,0,0,2.35794769
1.2296933,24,24,24,24,de2,period_data_de2.csv,0,0,0,0,2.593742459
1.35266263,24,24,24,24,de2,period_data_de2.csv,0,0,0,0,2.853116705
1.48792889,24,24,24,24,de2,period_data_de2.csv,0,0,0,0,3.13842837
1.63672178,24,24,24,24,de2,period_data_de2.csv,0,0,0,0,3.452271209
1.80039396,24,24,24,24,de2,period_data_de2.csv,0,0,0,0,3.797498334
1.98043336,24,24,24,24,de2,period_data_de2.csv,0,0,0,0,4.177248175
2.17847669,24,24,24,24,de2,period_data_de2.csv,0,0,0,0,4.59497298
2.39632436,24,24,24,24,de2,period_data_de2.csv,0,0,0,0,5.054470281
2.6359568,24,24,24,24,de2,period_data_de2.csv,0,0,0,0,5.559917317
2.89955248,24,24,24,24,de2,period_data_de2.csv,0,0,0,0,6.115909049
3.18950773,24,24,24,24,de2,period_data_de2.csv,0,0,0,0,6.727499958
3.5084585,24,24,24,24,de2,period_data_de2.csv,0,0,0,0,7.400249947
3.85930435,24,24,24,24,de2,period_data_de2.csv,0,0,0,0,8.140274942
4.24523478,24,24,24,24,de2,period_data_de2.csv,0,0,0,0,8.954302426
4.66975826,24,24,24,24,de2,period_data_de2.csv,0,0,0,0,9.849732672
0.03822439,24,24,24,24,de3,period_data_de3.csv,0,0,0,0,0.101525604
0.04204683,24,24,24,24,de3,period_data_de3.csv,0,0,0,0,0.111678167
0.04625151,24,24,24,24,de3,period_data_de3.csv,0,0,0,0,0.122845976
0.05087666,24,24,24,24,de3,period_data_de3.csv,0,0,0,0,0.135130571
0.05596433,24,24,24,24,de3,period_data_de3.csv,0,0,0,0,0.148643639
0.06156076,24,24,24,24,de3,period_data_de3.csv,0,0,0,0,0.163507995
0.06771683,24,24,24,24,de3,period_data_de3.csv,0,0,0,0,0.179858778
0.07448852,24,24,24,24,de3,period_data_de3.csv,0,0,0,0,0.197844675
0.08193737,24,24,24,24,de3,period_data_de3.csv,0,0,0,0,0.217629137
0.09013111,24,24,24,24,de3,period_data_de3.csv,0,0,0,0,0.239392058
0.09914422,24,24,24,24,de3,period_data_de3.csv,0,0,0,0,0.263331262
0.10905864,24,24,24,24,de3,period_data_de3.csv,0,0,0,0,0.289664382
0.1199645,24,24,24,24,de3,period_data_de3.csv,0,0,0,0,0.31863081
0.13196095,24,24,24,24,de3,period_data_de3.csv,0,0,0,0,0.350493891
0.14515705,24,24,24,24,de3,period_data_de3.csv,0,0,0,0,0.385543293
0.15967275,24,24,24,24,de3,period_data_de3.csv,0,0,0,0,0.42409761
0.17564003,24,24,24,24,de3,period_data_de3.csv,0,0,0,0,0.466507384
0.19320403,24,24,24,24,de3,period_data_de3.csv,0,0,0,0,0.513158114
0.21252443,24,24,24,24,de3,period_data_de3.csv,0,0,0,0,0.564473918
0.23377688,24,24,24,24,de3,period_data_de3.csv,0,0,0,0,0.620921328
0.25715457,24,24,24,24,de3,period_data_de3.csv,0,0,0,0,0.683013466
0.28287002,24,24,24,24,de3,period_data_de3.csv,0,0,0,0,0.751314794
0.31115702,24,24,24,24,de3,period_data_de3.csv,0,0,0,0,0.826446268
0.34227273,24,24,24,24,de3,period_data_de3.csv,0,0,0,0,0.909090916
0.3765,24,24,24,24,de3,period_data_de3.csv,0,0,0,0,1
0.41415,24,24,24,24,de3,period_data_de3.csv,0,0,0,0,1.1
0.455565,24,24,24,24,de3,period_data_de3.csv,0,0,0,0,1.21
0.5011215,24,24,24,24,de3,period_data_de3.csv,0,0,0,0,1.331
0.55123365,24,24,24,24,de3,period_data_de3.csv,0,0,0,0,1.4641
0.60635702,24,24,24,24,de3,period_data_de3.csv,0,0,0,0,1.610510013
0.66699272,24,24,24,24,de3,period_data_de3.csv,0,0,0,0,1.771561009
0.73369199,24,24,24,24,de3,period_data_de3.csv,0,0,0,0,1.948717105
0.80706119,24,24,24,24,de3,period_data_de3.csv,0,0,0,0,2.143588818
0.88776731,24,24,24,24,de3,period_data_de3.csv,0,0,0,0,2.357947703
0.97654404,24,24,24,24,de3,period_data_de3.csv,0,0,0,0,2.59374247
1.07419844,24,24,24,24,de3,period_data_de3.csv,0,0,0,0,2.853116707
1.18161828,24,24,24,24,de3,period_data_de3.csv,0,0,0,0,3.138428367
1.29978011,24,24,24,24,de3,period_data_de3.csv,0,0,0,0,3.452271208
1.42975812,24,24,24,24,de3,period_data_de3.csv,0,0,0,0,3.797498327
1.57273394,24,24,24,24,de3,period_data_de3.csv,0,0,0,0,4.177248181
1.73000733,24,24,24,24,de3,period_data_de3.csv,0,0,0,0,4.594972988
1.90300806,24,24,24,24,de3,period_data_de3.csv,0,0,0,0,5.054470279
2.09330887,24,24,24,24,de3,period_data_de3.csv,0,0,0,0,5.559917317
2.30263976,24,24,24,24,de3,period_data_de3.csv,0,0,0,0,6.115909057
2.53290373,24,24,24,24,de3,period_data_de3.csv,0,0,0,0,6.727499947
2.7861941,24,24,24,24,de3,period_data_de3.csv,0,0,0,0,7.400249934
3.06481351,24,24,24,24,de3,period_data_de3.csv,0,0,0,0,8.140274927
3.37129487,24,24,24,24,de3,period_data_de3.csv,0,0,0,0,8.954302444
3.70842435,24,24,24,24,de3,period_data_de3.csv,0,0,0,0,9.849732669
0.04040719,24,24,24,24,de4,period_data_de4.csv,0,0,0,0,0.101525603
0.04444791,24,24,24,24,de4,period_data_de4.csv,0,0,0,0,0.111678166
0.0488927,24,24,24,24,de4,period_data_de4.csv,0,0,0,0,0.12284598
0.05378197,24,24,24,24,de4,period_data_de4.csv,0,0,0,0,0.135130578
0.05916016,24,24,24,24,de4,period_data_de4.csv,0,0,0,0,0.148643618
0.06507618,24,24,24,24,de4,period_data_de4.csv,0,0,0,0,0.16350799
0.0715838,24,24,24,24,de4,period_data_de4.csv,0,0,0,0,0.179858794
0.07874218,24,24,24,24,de4,period_data_de4.csv,0,0,0,0,0.197844673
0.0866164,24,24,24,24,de4,period_data_de4.csv,0,0,0,0,0.217629146
0.09527804,24,24,24,24,de4,period_data_de4.csv,0,0,0,0,0.23939206
0.10480584,24,24,24,24,de4,period_data_de4.csv,0,0,0,0,0.263331256
0.11528642,24,24,24,24,de4,period_data_de4.csv,0,0,0,0,0.289664372
0.12681507,24,24,24,24,de4,period_data_de4.csv,0,0,0,0,0.318630829
0.13949657,24,24,24,24,de4,period_data_de4.csv,0,0,0,0,0.350493894
0.15344623,24,24,24,24,de4,period_data_de4.csv,0,0,0,0,0.385543291
0.16879085,24,24,24,24,de4,period_data_de4.csv,0,0,0,0,0.424097613
0.18566994,24,24,24,24,de4,period_data_de4.csv,0,0,0,0,0.466507387
0.20423693,24,24,24,24,de4,period_data_de4.csv,0,0,0,0,0.513158116
0.22466062,24,24,24,24,de4,period_data_de4.csv,0,0,0,0,0.56447392
0.24712669,24,24,24,24,de4,period_data_de4.csv,0,0,0,0,0.620921332
0.27183936,24,24,24,24,de4,period_data_de4.csv,0,0,0,0,0.683013467
0.29902329,24,24,24,24,de4,period_data_de4.csv,0,0,0,0,0.751314799
0.32892562,24,24,24,24,de4,period_data_de4.csv,0,0,0,0,0.826446281
0.36181818,24,24,24,24,de4,period_data_de4.csv,0,0,0,0,0.909090905
0.398,24,24,24,24,de4,period_data_de4.csv,0,0,0,0,1
0.4378,24,24,24,24,de4,period_data_de4.csv,0,0,0,0,1.1
0.48158,24,24,24,24,de4,period_data_de4.csv,0,0,0,0,1.21
0.529738,24,24,24,24,de4,period_data_de4.csv,0,0,0,0,1.331
0.5827118,24,24,24,24,de4,period_data_de4.csv,0,0,0,0,1.4641
0.64098298,24,24,24,24,de4,period_data_de4.csv,0,0,0,0,1.61051
0.70508128,24,24,24,24,de4,period_data_de4.csv,0,0,0,0,1.771561005
0.77558941,24,24,24,24,de4,period_data_de4.csv,0,0,0,0,1.948717111
0.85314835,24,24,24,24,de4,period_data_de4.csv,0,0,0,0,2.143588819
0.93846318,24,24,24,24,de4,period_data_de4.csv,0,0,0,0,2.357947688
1.0323095,24,24,24,24,de4,period_data_de4.csv,0,0,0,0,2.593742462
1.13554045,24,24,24,24,de4,period_data_de4.csv,0,0,0,0,2.853116709
1.24909449,24,24,24,24,de4,period_data_de4.csv,0,0,0,0,3.138428367
1.37400394,24,24,24,24,de4,period_data_de4.csv,0,0,0,0,3.452271206
1.51140434,24,24,24,24,de4,period_data_de4.csv,0,0,0,0,3.797498342
1.66254477,24,24,24,24,de4,period_data_de4.csv,0,0,0,0,4.177248166
1.82879925,24,24,24,24,de4,period_data_de4.csv,0,0,0,0,4.59497299
2.01167917,24,24,24,24,de4,period_data_de4.csv,0,0,0,0,5.054470276
2.21284709,24,24,24,24,de4,period_data_de4.csv,0,0,0,0,5.559917312
2.4341318,24,24,24,24,de4,period_data_de4.csv,0,0,0,0,6.115909045
2.67754498,24,24,24,24,de4,period_data_de4.csv,0,0,0,0,6.72749995
2.94529948,24,24,24,24,de4,period_data_de4.csv,0,0,0,0,7.40024995
3.23982943,24,24,24,24,de4,period_data_de4.csv,0,0,0,0,8.14027495
3.56381237,24,24,24,24,de4,period_data_de4.csv,0,0,0,0,8.954302437
3.9201936,24,24,24,24,de4,period_data_de4.csv,0,0,0,0,9.849732663
3.05E-05,24,24,24,24,de5,period_data_de5.csv,0,0,0,0,0.101533333
3.35E-05,24,24,24,24,de5,period_data_de5.csv,0,0,0,0,0.111666667
3.69E-05,24,24,24,24,de5,period_data_de5.csv,0,0,0,0,0.122833333
4.05E-05,24,24,24,24,de5,period_data_de5.csv,0,0,0,0,0.135133333
4.46E-05,24,24,24,24,de5,period_data_de5.csv,0,0,0,0,0.148633333
4.91E-05,24,24,24,24,de5,period_data_de5.csv,0,0,0,0,0.1635
5.40E-05,24,24,24,24,de5,period_data_de5.csv,0,0,0,0,0.179866667
5.94E-05,24,24,24,24,de5,period_data_de5.csv,0,0,0,0,0.197833333
6.53E-05,24,24,24,24,de5,period_data_de5.csv,0,0,0,0,0.217633333
7.18E-05,24,24,24,24,de5,period_data_de5.csv,0,0,0,0,0.2394
7.90E-05,24,24,24,24,de5,period_data_de5.csv,0,0,0,0,0.263333333
8.69E-05,24,24,24,24,de5,period_data_de5.csv,0,0,0,0,0.289666667
9.56E-05,24,24,24,24,de5,period_data_de5.csv,0,0,0,0,0.318633333
0.00010515,24,24,24,24,de5,period_data_de5.csv,0,0,0,0,0.3505
0.00011566,24,24,24,24,de5,period_data_de5.csv,0,0,0,0,0.385533333
0.00012723,24,24,24,24,de5,period_data_de5.csv,0,0,0,0,0.4241
0.00013995,24,24,24,24,de5,period_data_de5.csv,0,0,0,0,0.4665
0.00015395,24,24,24,24,de5,period_data_de5.csv,0,0,0,0,0.513166667
0.00016934,24,24,24,24,de5,period_data_de5.csv,0,0,0,0,0.564466667
0.00018628,24,24,24,24,de5,period_data_de5.csv,0,0,0,0,0.620933333
0.0002049,24,24,24,24,de5,period_data_de5.csv,0,0,0,0,0.683
0.00022539,24,24,24,24,de5,period_data_de5.csv,0,0,0,0,0.7513
0.00024793,24,24,24,24,de5,period_data_de5.csv,0,0,0,0,0.826433333
0.00027273,24,24,24,24,de5,period_data_de5.csv,0,0,0,0,0.9091
0.0003,24,24,24,24,de5,period_data_de5.csv,0,0,0,0,1
0.00033,24,24,24,24,de5,period_data_de5.csv,0,0,0,0,1.1
0.000363,24,24,24,24,de5,period_data_de5.csv,0,0,0,0,1.21
0.0003993,24,24,24,24,de5,period_data_de5.csv,0,0,0,0,1.331
0.00043923,24,24,24,24,de5,period_data_de5.csv,0,0,0,0,1.4641
0.00048315,24,24,24,24,de5,period_data_de5.csv,0,0,0,0,1.6105
0.00053147,24,24,24,24,de5,period_data_de5.csv,0,0,0,0,1.771566667
0.00058462,24,24,24,24,de5,period_data_de5.csv,0,0,0,0,1.948733333
0.00064308,24,24,24,24,de5,period_data_de5.csv,0,0,0,0,2.1436
0.00070738,24,24,24,24,de5,period_data_de5.csv,0,0,0,0,2.357933333
0.00077812,24,24,24,24,de5,period_data_de5.csv,0,0,0,0,2.593733333
0.00085594,24,24,24,24,de5,period_data_de5.csv,0,0,0,0,2.853133333
0.00094153,24,24,24,24,de5,period_data_de5.csv,0,0,0,0,3.138433333
0.00103568,24,24,24,24,de5,period_data_de5.csv,0,0,0,0,3.452266667
0.00113925,24,24,24,24,de5,period_data_de5.csv,0,0,0,0,3.7975
0.00125317,24,24,24,24,de5,period_data_de5.csv,0,0,0,0,4.177233333
0.00137849,24,24,24,24,de5,period_data_de5.csv,0,0,0,0,4.594966667
0.00151634,24,24,24,24,de5,period_data_de5.csv,0,0,0,0,5.054466667
0.00166798,24,24,24,24,de5,period_data_de5.csv,0,0,0,0,5.559933333
0.00183477,24,24,24,24,de5,period_data_de5.csv,0,0,0,0,6.1159
0.00201825,24,24,24,24,de5,period_data_de5.csv,0,0,0,0,6.7275
0.00222007,24,24,24,24,de5,period_data_de5.csv,0,0,0,0,7.400233333
0.00244208,24,24,24,24,de5,period_data_de5.csv,0,0,0,0,8.140266667
0.00268629,24,24,24,24,de5,period_data_de5.csv,0,0,0,0,8.9543
0.00295492,24,24,24,24,de5,period_data_de5.csv,0,0,0,0,9.849733333
0.00101526,24,24,24,24,dg1,period_data_dg1.csv,0,0,0,0,0.101526
0.00111678,24,24,24,24,dg1,period_data_dg1.csv,0,0,0,0,0.111678
0.00122846,24,24,24,24,dg1,period_data_dg1.csv,0,0,0,0,0.122846
0.00135131,24,24,24,24,dg1,period_data_dg1.csv,0,0,0,0,0.135131
0.00148644,24,24,24,24,dg1,period_data_dg1.csv,0,0,0,0,0.148644
0.00163508,24,24,24,24,dg1,period_data_dg1.csv,0,0,0,0,0.163508
0.00179859,24,24,24,24,dg1,period_data_dg1.csv,0,0,0,0,0.179859
0.00197845,24,24,24,24,dg1,period_data_dg1.csv,0,0,0,0,0.197845
0.00217629,24,24,24,24,dg1,period_data_dg1.csv,0,0,0,0,0.217629
0.00239392,24,24,24,24,dg1,period_data_dg1.csv,0,0,0,0,0.239392
0.00263331,24,24,24,24,dg1,period_data_dg1.csv,0,0,0,0,0.263331
0.00289664,24,24,24,24,dg1,period_data_dg1.csv,0,0,0,0,0.289664
0.00318631,24,24,24,24,dg1,period_data_dg1.csv,0,0,0,0,0.318631
0.00350494,24,24,24,24,dg1,period_data_dg1.csv,0,0,0,0,0.350494
0.00385543,24,24,24,24,dg1,period_data_dg1.csv,0,0,0,0,0.385543
0.00424098,24,24,24,24,dg1,period_data_dg1.csv,0,0,0,0,0.424098
0.00466507,24,24,24,24,dg1,period_data_dg1.csv,0,0,0,0,0.466507
0.00513158,24,24,24,24,dg1,period_data_dg1.csv,0,0,0,0,0.513158
0.00564474,24,24,24,24,dg1,period_data_dg1.csv,0,0,0,0,0.564474
0.00620921,24,24,24,24,dg1,period_data_dg1.csv,0,0,0,0,0.620921
0.00683013,24,24,24,24,dg1,period_data_dg1.csv,0,0,0,0,0.683013
0.00751315,24,24,24,24,dg1,period_data_dg1.csv,0,0,0,0,0.751315
0.00826446,24,24,24,24,dg1,period_data_dg1.csv,0,0,0,0,0.826446
0.00909091,24,24,24,24,dg1,period_data_dg1.csv,0,0,0,0,0.909091
0.01,24,24,24,24,dg1,period_data_dg1.csv,0,0,0,0,1
0.011,24,24,24,24,dg1,period_data_dg1.csv,0,0,0,0,1.1
0.0121,24,24,24,24,dg1,period_data_dg1.csv,0,0,0,0,1.21
0.01331,24,24,24,24,dg1,period_data_dg1.csv,0,0,0,0,1.331
0.014641,24,24,24,24,dg1,period_data_dg1.csv,0,0,0,0,1.4641
0.0161051,24,24,24,24,dg1,period_data_dg1.csv,0,0,0,0,1.61051
0.01771561,24,24,24,24,dg1,period_data_dg1.csv,0,0,0,0,1.771561
0.01948717,24,24,24,24,dg1,period_data_dg1.csv,0,0,0,0,1.948717
0.02143589,24,24,24,24,dg1,period_data_dg1.csv,0,0,0,0,2.143589
0.02357948,24,24,24,24,dg1,period_data_dg1.csv,0,0,0,0,2.357948
0.02593742,24,24,24,24,dg1,period_data_dg1.csv,0,0,0,0,2.593742
0.02853117,24,24,24,24,dg1,period_data_dg1.csv,0,0,0,0,2.853117
0.03138428,24,24,24,24,dg1,period_data_dg1.csv,0,0,0,0,3.138428
0.03452271,24,24,24,24,dg1,period_data_dg1.csv,0,0,0,0,3.452271
0.03797498,24,24,24,24,dg1,period_data_dg1.csv,0,0,0,0,3.797498
0.04177248,24,24,24,24,dg1,period_data_dg1.csv,0,0,0,0,4.177248
0.04594973,24,24,24,24,dg1,period_data_dg1.csv,0,0,0,0,4.594973
0.0505447,24,24,24,24,dg1,period_data_dg1.csv,0,0,0,0,5.05447
0.05559917,24,24,24,24,dg1,period_data_dg1.csv,0,0,0,0,5.559917
0.06115909,24,24,24,24,dg1,period_data_dg1.csv,0,0,0,0,6.115909
0.067275,24,24,24,24,dg1,period_data_dg1.csv,0,0,0,0,6.7275
0.0740025,24,24,24,24,dg1,period_data_dg1.csv,0,0,0,0,7.40025
0.08140275,24,24,24,24,dg1,period_data_dg1.csv,0,0,0,0,8.140275
0.08954302,24,24,24,24,dg1,period_data_dg1.csv,0,0,0,0,8.954302
0.09849733,24,24,24,24,dg1,period_data_dg1.csv,0,0,0,0,9.849733
0.12997327,24,24,24,24,dg2,period_data_dg2.csv,0,0,0,0,0.101525595
0.1429706,24,24,24,24,dg2,period_data_dg2.csv,0,0,0,0,0.111678157
0.15726766,24,24,24,24,dg2,period_data_dg2.csv,0,0,0,0,0.122845973
0.17299443,24,24,24,24,dg2,period_data_dg2.csv,0,0,0,0,0.135130573
0.19029387,24,24,24,24,dg2,period_data_dg2.csv,0,0,0,0,0.148643628
0.20932326,24,24,24,24,dg2,period_data_dg2.csv,0,0,0,0,0.163507993
0.23025558,24,24,24,24,dg2,period_data_dg2.csv,0,0,0,0,0.179858788
0.25328114,24,24,24,24,dg2,period_data_dg2.csv,0,0,0,0,0.197844668
0.27860925,24,24,24,24,dg2,period_data_dg2.csv,0,0,0,0,0.217629132
0.30647018,24,24,24,24,dg2,period_data_dg2.csv,0,0,0,0,0.239392049
0.3371172,24,24,24,24,dg2,period_data_dg2.csv,0,0,0,0,0.263331256
0.37082892,24,24,24,24,dg2,period_data_dg2.csv,0,0,0,0,0.289664381
0.40791181,24,24,24,24,dg2,period_data_dg2.csv,0,0,0,0,0.318630818
0.44870299,24,24,24,24,dg2,period_data_dg2.csv,0,0,0,0,0.350493899
0.49357329,24,24,24,24,dg2,period_data_dg2.csv,0,0,0,0,0.385543289
0.54293062,24,24,24,24,dg2,period_data_dg2.csv,0,0,0,0,0.424097619
0.59722368,24,24,24,24,dg2,period_data_dg2.csv,0,0,0,0,0.466507379
0.65694605,24,24,24,24,dg2,period_data_dg2.csv,0,0,0,0,0.513158119
0.72264065,24,24,24,24,dg2,period_data_dg2.csv,0,0,0,0,0.564473927
0.79490472,24,24,24,24,dg2,period_data_dg2.csv,0,0,0,0,0.620921323
0.87439519,24,24,24,24,dg2,period_data_dg2.csv,0,0,0,0,0.683013454
0.96183471,24,24,24,24,dg2,period_data_dg2.csv,0,0,0,0,0.7513148
1.05801818,24,24,24,24,dg2,period_data_dg2.csv,0,0,0,0,0.82644628
1.16382,24,24,24,24,dg2,period_data_dg2.csv,0,0,0,0,0.909090909
1.280202,24,24,24,24,dg2,period_data_dg2.csv,0,0,0,0,1
1.4082222,24,24,24,24,dg2,period_data_dg2.csv,0,0,0,0,1.1
1.54904442,24,24,24,24,dg2,period_data_dg2.csv,0,0,0,0,1.21
1.70394886,24,24,24,24,dg2,period_data_dg2.csv,0,0,0,0,1.330999998
1.87434375,24,24,24,24,dg2,period_data_dg2.csv,0,0,0,0,1.464100001
2.06177812,24,24,24,24,dg2,period_data_dg2.csv,0,0,0,0,1.610509998
2.26795594,24,24,24,24,dg2,period_data_dg2.csv,0,0,0,0,1.771561004
2.49475153,24,24,24,24,dg2,period_data_dg2.csv,0,0,0,0,1.948717101
2.74422668,24,24,24,24,dg2,period_data_dg2.csv,0,0,0,0,2.143588809
3.01864935,24,24,24,24,dg2,period_data_dg2.csv,0,0,0,0,2.357947691
3.32051428,24,24,24,24,dg2,period_data_dg2.csv,0,0,0,0,2.593742456
3.65256571,24,24,24,24,dg2,period_data_dg2.csv,0,0,0,0,2.853116703
4.01782228,24,24,24,24,dg2,period_data_dg2.csv,0,0,0,0,3.138428373
4.41960451,24,24,24,24,dg2,period_data_dg2.csv,0,0,0,0,3.452271212
4.86156496,24,24,24,24,dg2,period_data_dg2.csv,0,0,0,0,3.797498332
5.34772146,24,24,24,24,dg2,period_data_dg2.csv,0,0,0,0,4.177248169
5.88249361,24,24,24,24,dg2,period_data_dg2.csv,0,0,0,0,4.594972989
6.47074297,24,24,24,24,dg2,period_data_dg2.csv,0,0,0,0,5.054470287
7.11781726,24,24,24,24,dg2,period_data_dg2.csv,0,0,0,0,5.55991731
7.82959899,24,24,24,24,dg2,period_data_dg2.csv,0,0,0,0,6.115909044
8.61255889,24,24,24,24,dg2,period_data_dg2.csv,0,0,0,0,6.727499949
9.47381478,24,24,24,24,dg2,period_data_dg2.csv,0,0,0,0,7.400249945
10.42119626,24,24,24,24,dg2,period_data_dg2.csv,0,0,0,0,8.140274941
11.46331588,24,24,24,24,dg2,period_data_dg2.csv,0,0,0,0,8.95430243
12.60964747,24,24,24,24,dg2,period_data_dg2.csv,0,0,0,0,9.849732675
0.00101526,24,24,24,24,dg3,period_data_dg3.csv,0,0,0,0,0.101526
0.00111678,24,24,24,24,dg3,period_data_dg3.csv,0,0,0,0,0.111678
0.00122846,24,24,24,24,dg3,period_data_dg3.csv,0,0,0,0,0.122846
0.00135131,24,24,24,24,dg3,period_data_dg3.csv,0,0,0,0,0.135131
0.00148644,24,24,24,24,dg3,period_data_dg3.csv,0,0,0,0,0.148644
0.00163508,24,24,24,24,dg3,period_data_dg3.csv,0,0,0,0,0.163508
0.00179859,24,24,24,24,dg3,period_data_dg3.csv,0,0,0,0,0.179859
0.00197845,24,24,24,24,dg3,period_data_dg3.csv,0,0,0,0,0.197845
0.00217629,24,24,24,24,dg3,period_data_dg3.csv,0,0,0,0,0.217629
0.00239392,24,24,24,24,dg3,period_data_dg3.csv,0,0,0,0,0.239392
0.00263331,24,24,24,24,dg3,period_data_dg3.csv,0,0,0,0,0.263331
0.00289664,24,24,24,24,dg3,period_data_dg3.csv,0,0,0,0,0.289664
0.00318631,24,24,24,24,dg3,period_data_dg3.csv,0,0,0,0,0.318631
0.00350494,24,24,24,24,dg3,period_data_dg3.csv,0,0,0,0,0.350494
0.00385543,24,24,24,24,dg3,period_data_dg3.csv,0,0,0,0,0.385543
0.00424098,24,24,24,24,dg3,period_data_dg3.csv,0,0,0,0,0.424098
0.00466507,24,24,24,24,dg3,period_data_dg3.csv,0,0,0,0,0.466507
0.00513158,24,24,24,24,dg3,period_data_dg3.csv,0,0,0,0,0.513158
0.00564474,24,24,24,24,dg3,period_data_dg3.csv,0,0,0,0,0.564474
0.00620921,24,24,24,24,dg3,period_data_dg3.csv,0,0,0,0,0.620921
0.00683013,24,24,24,24,dg3,period_data_dg3.csv,0,0,0,0,0.683013
0.00751315,24,24,24,24,dg3,period_data_dg3.csv,0,0,0,0,0.751315
0.00826446,24,24,24,24,dg3,period_data_dg3.csv,0,0,0,0,0.826446
0.00909091,24,24,24,24,dg3,period_data_dg3.csv,0,0,0,0,0.909091
0.01,24,24,24,24,dg3,period_data_dg3.csv,0,0,0,0,1
0.011,24,24,24,24,dg3,period_data_dg3.csv,0,0,0,0,1.1
0.0121,24,24,24,24,dg3,period_data_dg3.csv,0,0,0,0,1.21
0.01331,24,24,24,24,dg3,period_data_dg3.csv,0,0,0,0,1.331
0.014641,24,24,24,24,dg3,period_data_dg3.csv,0,0,0,0,1.4641
0.0161051,24,24,24,24,dg3,period_data_dg3.csv,0,0,0,0,1.61051
0.01771561,24,24,24,24,dg3,period_data_dg3.csv,0,0,0,0,1.771561
0.01948717,24,24,24,24,dg3,period_data_dg3.csv,0,0,0,0,1.948717
0.02143589,24,24,24,24,dg3,period_data_dg3.csv,0,0,0,0,2.143589
0.02357948,24,24,24,24,dg3,period_data_dg3.csv,0,0,0,0,2.357948
0.02593742,24,24,24,24,dg3,period_data_dg3.csv,0,0,0,0,2.593742
0.02853117,24,24,24,24,dg3,period_data_dg3.csv,0,0,0,0,2.853117
0.03138428,24,24,24,24,dg3,period_data_dg3.csv,0,0,0,0,3.138428
0.03452271,24,24,24,24,dg3,period_data_dg3.csv,0,0,0,0,3.452271
0.03797498,24,24,24,24,dg3,period_data_dg3.csv,0,0,0,0,3.797498
0.04177248,24,24,24,24,dg3,period_data_dg3.csv,0,0,0,0,4.177248
0.04594973,24,24,24,24,dg3,period_data_dg3.csv,0,0,0,0,4.594973
0.0505447,24,24,24,24,dg3,period_data_dg3.csv,0,0,0,0,5.05447
0.05559917,24,24,24,24,dg3,period_data_dg3.csv,0,0,0,0,5.559917
0.06115909,24,24,24,24,dg3,period_data_dg3.csv,0,0,0,0,6.115909
0.067275,24,24,24,24,dg3,period_data_dg3.csv,0,0,0,0,6.7275
0.0740025,24,24,24,24,dg3,period_data_dg3.csv,0,0,0,0,7.40025
0.08140275,24,24,24,24,dg3,period_data_dg3.csv,0,0,0,0,8.140275
0.08954302,24,24,24,24,dg3,period_data_dg3.csv,0,0,0,0,8.954302
0.09849733,24,24,24,24,dg3,period_data_dg3.csv,0,0,0,0,9.849733
0.1777167,24,24,24,24,dg4,period_data_dg4.csv,0,0,0,0,0.101525597
0.19548837,24,24,24,24,dg4,period_data_dg4.csv,0,0,0,0,0.111678157
0.21503721,24,24,24,24,dg4,period_data_dg4.csv,0,0,0,0,0.122845974
0.23654093,24,24,24,24,dg4,period_data_dg4.csv,0,0,0,0,0.135130571
0.26019502,24,24,24,24,dg4,period_data_dg4.csv,0,0,0,0,0.148643627
0.28621452,24,24,24,24,dg4,period_data_dg4.csv,0,0,0,0,0.163507988
0.31483598,24,24,24,24,dg4,period_data_dg4.csv,0,0,0,0,0.179858792
0.34631957,24,24,24,24,dg4,period_data_dg4.csv,0,0,0,0,0.197844666
0.38095153,24,24,24,24,dg4,period_data_dg4.csv,0,0,0,0,0.217629134
0.41904669,24,24,24,24,dg4,period_data_dg4.csv,0,0,0,0,0.239392052
0.46095135,24,24,24,24,dg4,period_data_dg4.csv,0,0,0,0,0.263331252
0.50704649,24,24,24,24,dg4,period_data_dg4.csv,0,0,0,0,0.28966438
0.55775114,24,24,24,24,dg4,period_data_dg4.csv,0,0,0,0,0.318630819
0.61352625,24,24,24,24,dg4,period_data_dg4.csv,0,0,0,0,0.350493898
0.67487888,24,24,24,24,dg4,period_data_dg4.csv,0,0,0,0,0.385543291
0.74236677,24,24,24,24,dg4,period_data_dg4.csv,0,0,0,0,0.424097621
0.81660344,24,24,24,24,dg4,period_data_dg4.csv,0,0,0,0,0.466507379
0.89826379,24,24,24,24,dg4,period_data_dg4.csv,0,0,0,0,0.513158121
0.98809016,24,24,24,24,dg4,period_data_dg4.csv,0,0,0,0,0.564473927
1.08689918,24,24,24,24,dg4,period_data_dg4.csv,0,0,0,0,0.620921322
1.1955891,24,24,24,24,dg4,period_data_dg4.csv,0,0,0,0,0.683013456
1.31514801,24,24,24,24,dg4,period_data_dg4.csv,0,0,0,0,0.751314801
1.44666281,24,24,24,24,dg4,period_data_dg4.csv,0,0,0,0,0.826446281
1.59132909,24,24,24,24,dg4,period_data_dg4.csv,0,0,0,0,0.909090909
1.750462,24,24,24,24,dg4,period_data_dg4.csv,0,0,0,0,1
1.9255082,24,24,24,24,dg4,period_data_dg4.csv,0,0,0,0,1.1
2.11805902,24,24,24,24,dg4,period_data_dg4.csv,0,0,0,0,1.21
2.32986492,24,24,24,24,dg4,period_data_dg4.csv,0,0,0,0,1.330999999
2.56285141,24,24,24,24,dg4,period_data_dg4.csv,0,0,0,0,1.464099998
2.81913656,24,24,24,24,dg4,period_data_dg4.csv,0,0,0,0,1.610510003
3.10105021,24,24,24,24,dg4,period_data_dg4.csv,0,0,0,0,1.771560999
3.41115523,24,24,24,24,dg4,period_data_dg4.csv,0,0,0,0,1.948717099
3.75227076,24,24,24,24,dg4,period_data_dg4.csv,0,0,0,0,2.143588813
4.12749783,24,24,24,24,dg4,period_data_dg4.csv,0,0,0,0,2.35794769
4.54024761,24,24,24,24,dg4,period_data_dg4.csv,0,0,0,0,2.593742458
4.99427238,24,24,24,24,dg4,period_data_dg4.csv,0,0,0,0,2.853116709
5.49369961,24,24,24,24,dg4,period_data_dg4.csv,0,0,0,0,3.138428375
6.04306957,24,24,24,24,dg4,period_data_dg4.csv,0,0,0,0,3.452271212
6.64737653,24,24,24,24,dg4,period_data_dg4.csv,0,0,0,0,3.797498335
7.31211419,24,24,24,24,dg4,period_data_dg4.csv,0,0,0,0,4.177248172
8.0433256,24,24,24,24,dg4,period_data_dg4.csv,0,0,0,0,4.594972984
8.84765816,24,24,24,24,dg4,period_data_dg4.csv,0,0,0,0,5.054470283
9.73242398,24,24,24,24,dg4,period_data_dg4.csv,0,0,0,0,5.559917313
10.70566638,24,24,24,24,dg4,period_data_dg4.csv,0,0,0,0,6.115909046
11.77623302,24,24,24,24,dg4,period_data_dg4.csv,0,0,0,0,6.727499951
12.95385632,24,24,24,24,dg4,period_data_dg4.csv,0,0,0,0,7.400249945
14.24924195,24,24,24,24,dg4,period_data_dg4.csv,0,0,0,0,8.140274939
15.67416614,24,24,24,24,dg4,period_data_dg4.csv,0,0,0,0,8.95430243
17.24158276,24,24,24,24,dg4,period_data_dg4.csv,0,0,0,0,9.849732676
0.10839492,24,24,24,24,dg5,period_data_dg5.csv,0,0,0,0,0.101525597
0.11923441,24,24,24,24,dg5,period_data_dg5.csv,0,0,0,0,0.111678154
0.13115785,24,24,24,24,dg5,period_data_dg5.csv,0,0,0,0,0.122845969
0.14427364,24,24,24,24,dg5,period_data_dg5.csv,0,0,0,0,0.13513057
0.158701,24,24,24,24,dg5,period_data_dg5.csv,0,0,0,0,0.148643624
0.1745711,24,24,24,24,dg5,period_data_dg5.csv,0,0,0,0,0.163507986
0.19202822,24,24,24,24,dg5,period_data_dg5.csv,0,0,0,0,0.179858794
0.21123104,24,24,24,24,dg5,period_data_dg5.csv,0,0,0,0,0.197844672
0.23235414,24,24,24,24,dg5,period_data_dg5.csv,0,0,0,0,0.217629135
0.25558955,24,24,24,24,dg5,period_data_dg5.csv,0,0,0,0,0.239392045
0.28114851,24,24,24,24,dg5,period_data_dg5.csv,0,0,0,0,0.263331254
0.30926336,24,24,24,24,dg5,period_data_dg5.csv,0,0,0,0,0.289664378
0.3401897,24,24,24,24,dg5,period_data_dg5.csv,0,0,0,0,0.31863082
0.37420867,24,24,24,24,dg5,period_data_dg5.csv,0,0,0,0,0.350493902
0.41162953,24,24,24,24,dg5,period_data_dg5.csv,0,0,0,0,0.385543286
0.45279249,24,24,24,24,dg5,period_data_dg5.csv,0,0,0,0,0.424097621
0.49807174,24,24,24,24,dg5,period_data_dg5.csv,0,0,0,0,0.466507384
0.54787891,24,24,24,24,dg5,period_data_dg5.csv,0,0,0,0,0.513158119
0.6026668,24,24,24,24,dg5,period_data_dg5.csv,0,0,0,0,0.564473929
0.66293348,24,24,24,24,dg5,period_data_dg5.csv,0,0,0,0,0.620921322
0.72922683,24,24,24,24,dg5,period_data_dg5.csv,0,0,0,0,0.683013457
0.80214951,24,24,24,24,dg5,period_data_dg5.csv,0,0,0,0,0.751314799
0.88236446,24,24,24,24,dg5,period_data_dg5.csv,0,0,0,0,0.826446278
0.97060091,24,24,24,24,dg5,period_data_dg5.csv,0,0,0,0,0.90909091
1.067661,24,24,24,24,dg5,period_data_dg5.csv,0,0,0,0,1
1.1744271,24,24,24,24,dg5,period_data_dg5.csv,0,0,0,0,1.1
1.29186981,24,24,24,24,dg5,period_data_dg5.csv,0,0,0,0,1.21
1.42105679,24,24,24,24,dg5,period_data_dg5.csv,0,0,0,0,1.330999999
1.56316247,24,24,24,24,dg5,period_data_dg5.csv,0,0,0,0,1.4641
1.71947872,24,24,24,24,dg5,period_data_dg5.csv,0,0,0,0,1.610510003
1.89142659,24,24,24,24,dg5,period_data_dg5.csv,0,0,0,0,1.771561001
2.08056925,24,24,24,24,dg5,period_data_dg5.csv,0,0,0,0,1.948717102
2.28862617,24,24,24,24,dg5,period_data_dg5.csv,0,0,0,0,2.143588808
2.51748879,24,24,24,24,dg5,period_data_dg5.csv,0,0,0,0,2.357947691
2.76923767,24,24,24,24,dg5,period_data_dg5.csv,0,0,0,0,2.593742461
3.04616144,24,24,24,24,dg5,period_data_dg5.csv,0,0,0,0,2.85311671
3.35077758,24,24,24,24,dg5,period_data_dg5.csv,0,0,0,0,3.138428378
3.68585534,24,24,24,24,dg5,period_data_dg5.csv,0,0,0,0,3.452271217
4.05444087,24,24,24,24,dg5,period_data_dg5.csv,0,0,0,0,3.797498335
4.45988496,24,24,24,24,dg5,period_data_dg5.csv,0,0,0,0,4.177248171
4.90587345,24,24,24,24,dg5,period_data_dg5.csv,0,0,0,0,4.594972983
5.3964608,24,24,24,24,dg5,period_data_dg5.csv,0,0,0,0,5.054470286
5.93610688,24,24,24,24,dg5,period_data_dg5.csv,0,0,0,0,5.559917315
6.52971757,24,24,24,24,dg5,period_data_dg5.csv,0,0,0,0,6.115909048
7.18268932,24,24,24,24,dg5,period_data_dg5.csv,0,0,0,0,6.727499946
7.90095826,24,24,24,24,dg5,period_data_dg5.csv,0,0,0,0,7.400249948
8.69105408,24,24,24,24,dg5,period_data_dg5.csv,0,0,0,0,8.140274937
9.56015949,24,24,24,24,dg5,period_data_dg5.csv,0,0,0,0,8.954302433
10.51617544,24,24,24,24,dg5,period_data_dg5.csv,0,0,0,0,9.849732677
0.00101526,24,24,24,24,dp6,period_data_dp6.csv,0,0,0,0,0.101526
0.00111678,24,24,24,24,dp6,period_data_dp6.csv,0,0,0,0,0.111678
0.00122846,24,24,24,24,dp6,period_data_dp6.csv,0,0,0,0,0.122846
0.00135131,24,24,24,24,dp6,period_data_dp6.csv,0,0,0,0,0.135131
0.00148644,24,24,24,24,dp6,period_data_dp6.csv,0,0,0,0,0.148644
0.00163508,24,24,24,24,dp6,period_data_dp6.csv,0,0,0,0,0.163508
0.00179859,24,24,24,24,dp6,period_data_dp6.csv,0,0,0,0,0.179859
0.00197845,24,24,24,24,dp6,period_data_dp6.csv,0,0,0,0,0.197845
0.00217629,24,24,24,24,dp6,period_data_dp6.csv,0,0,0,0,0.217629
0.00239392,24,24,24,24,dp6,period_data_dp6.csv,0,0,0,0,0.239392
0.00263331,24,24,24,24,dp6,period_data_dp6.csv,0,0,0,0,0.263331
0.00289664,24,24,24,24,dp6,period_data_dp6.csv,0,0,0,0,0.289664
0.00318631,24,24,24,24,dp6,period_data_dp6.csv,0,0,0,0,0.318631
0.00350494,24,24,24,24,dp6,period_data_dp6.csv,0,0,0,0,0.350494
0.00385543,24,24,24,24,dp6,period_data_dp6.csv,0,0,0,0,0.385543
0.00424098,24,24,24,24,dp6,period_data_dp6.csv,0,0,0,0,0.424098
0.00466507,24,24,24,24,dp6,period_data_dp6.csv,0,0,0,0,0.466507
0.00513158,24,24,24,24,dp6,period_data_dp6.csv,0,0,0,0,0.513158
0.00564474,24,24,24,24,dp6,period_data_dp6.csv,0,0,0,0,0.564474
0.00620921,24,24,24,24,dp6,period_data_dp6.csv,0,0,0,0,0.620921
0.00683013,24,24,24,24,dp6,period_data_dp6.csv,0,0,0,0,0.683013
0.00751315,24,24,24,24,dp6,period_data_dp6.csv,0,0,0,0,0.751315
0.00826446,24,24,24,24,dp6,period_data_dp6.csv,0,0,0,0,0.826446
0.00909091,24,24,24,24,dp6,period_data_dp6.csv,0,0,0,0,0.909091
0.01,24,24,24,24,dp6,period_data_dp6.csv,0,0,0,0,1
0.011,24,24,24,24,dp6,period_data_dp6.csv,0,0,0,0,1.1
0.0121,24,24,24,24,dp6,period_data_dp6.csv,0,0,0,0,1.21
0.01331,24,24,24,24,dp6,period_data_dp6.csv,0,0,0,0,1.331
0.014641,24,24,24,24,dp6,period_data_dp6.csv,0,0,0,0,1.4641
0.0161051,24,24,24,24,dp6,period_data_dp6.csv,0,0,0,0,1.61051
0.01771561,24,24,24,24,dp6,period_data_dp6.csv,0,0,0,0,1.771561
0.01948717,24,24,24,24,dp6,period_data_dp6.csv,0,0,0,0,1.948717
0.02143589,24,24,24,24,dp6,period_data_dp6.csv,0,0,0,0,2.143589
0.02357948,24,24,24,24,dp6,period_data_dp6.csv,0,0,0,0,2.357948
0.02593742,24,24,24,24,dp6,period_data_dp6.csv,0,0,0,0,2.593742
0.02853117,24,24,24,24,dp6,period_data_dp6.csv,0,0,0,0,2.853117
0.03138428,24,24,24,24,dp6,period_data_dp6.csv,0,0,0,0,3.138428
0.03452271,24,24,24,24,dp6,period_data_dp6.csv,0,0,0,0,3.452271
0.03797498,24,24,24,24,dp6,period_data_dp6.csv,0,0,0,0,3.797498
0.04177248,24,24,24,24,dp6,period_data_dp6.csv,0,0,0,0,4.177248
0.04594973,24,24,24,24,dp6,period_data_dp6.csv,0,0,0,0,4.594973
0.0505447,24,24,24,24,dp6,period_data_dp6.csv,0,0,0,0,5.05447
0.05559917,24,24,24,24,dp6,period_data_dp6.csv,0,0,0,0,5.559917
0.06115909,24,24,24,24,dp6,period_data_dp6.csv,0,0,0,0,6.115909
0.067275,24,24,24,24,dp6,period_data_dp6.csv,0,0,0,0,6.7275
0.0740025,24,24,24,24,dp6,period_data_dp6.csv,0,0,0,0,7.40025
0.08140275,24,24,24,24,dp6,period_data_dp6.csv,0,0,0,0,8.140275
0.08954302,24,24,24,24,dp6,period_data_dp6.csv,0,0,0,0,8.954302
0.09849733,24,24,24,24,dp6,period_data_dp6.csv,0,0,0,0,9.849733
0.00010153,24,24,24,24,g1,period_data_g1.csv,0,0,0,0,0.10153
0.00011168,24,24,24,24,g1,period_data_g1.csv,0,0,0,0,0.11168
0.00012285,24,24,24,24,g1,period_data_g1.csv,0,0,0,0,0.12285
0.00013513,24,24,24,24,g1,period_data_g1.csv,0,0,0,0,0.13513
0.00014864,24,24,24,24,g1,period_data_g1.csv,0,0,0,0,0.14864
0.00016351,24,24,24,24,g1,period_data_g1.csv,0,0,0,0,0.16351
0.00017986,24,24,24,24,g1,period_data_g1.csv,0,0,0,0,0.17986
0.00019784,24,24,24,24,g1,period_data_g1.csv,0,0,0,0,0.19784
0.00021763,24,24,24,24,g1,period_data_g1.csv,0,0,0,0,0.21763
0.00023939,24,24,24,24,g1,period_data_g1.csv,0,0,0,0,0.23939
0.00026333,24,24,24,24,g1,period_data_g1.csv,0,0,0,0,0.26333
0.00028966,24,24,24,24,g1,period_data_g1.csv,0,0,0,0,0.28966
0.00031863,24,24,24,24,g1,period_data_g1.csv,0,0,0,0,0.31863
0.00035049,24,24,24,24,g1,period_data_g1.csv,0,0,0,0,0.35049
0.00038554,24,24,24,24,g1,period_data_g1.csv,0,0,0,0,0.38554
0.0004241,24,24,24,24,g1,period_data_g1.csv,0,0,0,0,0.4241
0.00046651,24,24,24,24,g1,period_data_g1.csv,0,0,0,0,0.46651
0.00051316,24,24,24,24,g1,period_data_g1.csv,0,0,0,0,0.51316
0.00056447,24,24,24,24,g1,period_data_g1.csv,0,0,0,0,0.56447
0.00062092,24,24,24,24,g1,period_data_g1.csv,0,0,0,0,0.62092
0.00068301,24,24,24,24,g1,period_data_g1.csv,0,0,0,0,0.68301
0.00075131,24,24,24,24,g1,period_data_g1.csv,0,0,0,0,0.75131
0.00082645,24,24,24,24,g1,period_data_g1.csv,0,0,0,0,0.82645
0.00090909,24,24,24,24,g1,period_data_g1.csv,0,0,0,0,0.90909
0.001,24,24,24,24,g1,period_data_g1.csv,0,0,0,0,1
0.0011,24,24,24,24,g1,period_data_g1.csv,0,0,0,0,1.1
0.00121,24,24,24,24,g1,period_data_g1.csv,0,0,0,0,1.21
0.001331,24,24,24,24,g1,period_data_g1.csv,0,0,0,0,1.331
0.0014641,24,24,24,24,g1,period_data_g1.csv,0,0,0,0,1.4641
0.00161051,24,24,24,24,g1,period_data_g1.csv,0,0,0,0,1.61051
0.00177156,24,24,24,24,g1,period_data_g1.csv,0,0,0,0,1.77156
0.00194872,24,24,24,24,g1,period_data_g1.csv,0,0,0,0,1.94872
0.00214359,24,24,24,24,g1,period_data_g1.csv,0,0,0,0,2.14359
0.00235795,24,24,24,24,g1,period_data_g1.csv,0,0,0,0,2.35795
0.00259374,24,24,24,24,g1,period_data_g1.csv,0,0,0,0,2.59374
0.00285312,24,24,24,24,g1,period_data_g1.csv,0,0,0,0,2.85312
0.00313843,24,24,24,24,g1,period_data_g1.csv,0,0,0,0,3.13843
0.00345227,24,24,24,24,g1,period_data_g1.csv,0,0,0,0,3.45227
0.0037975,24,24,24,24,g1,period_data_g1.csv,0,0,0,0,3.7975
0.00417725,24,24,24,24,g1,period_data_g1.csv,0,0,0,0,4.17725
0.00459497,24,24,24,24,g1,period_data_g1.csv,0,0,0,0,4.59497
0.00505447,24,24,24,24,g1,period_data_g1.csv,0,0,0,0,5.05447
0.00555992,24,24,24,24,g1,period_data_g1.csv,0,0,0,0,5.55992
0.00611591,24,24,24,24,g1,period_data_g1.csv,0,0,0,0,6.11591
0.0067275,24,24,24,24,g1,period_data_g1.csv,0,0,0,0,6.7275
0.00740025,24,24,24,24,g1,period_data_g1.csv,0,0,0,0,7.40025
0.00814027,24,24,24,24,g1,period_data_g1.csv,0,0,0,0,8.14027
0.0089543,24,24,24,24,g1,period_data_g1.csv,0,0,0,0,8.9543
0.00984973,24,24,24,24,g1,period_data_g1.csv,0,0,0,0,9.84973
0.01827461,24,24,24,24,g2,period_data_g2.csv,0,0,0,0,0.101525611
0.02010207,24,24,24,24,g2,period_data_g2.csv,0,0,0,0,0.111678167
0.02211228,24,24,24,24,g2,period_data_g2.csv,0,0,0,0,0.122846
0.0243235,24,24,24,24,g2,period_data_g2.csv,0,0,0,0,0.135130556
0.02675585,24,24,24,24,g2,period_data_g2.csv,0,0,0,0,0.148643611
0.02943144,24,24,24,24,g2,period_data_g2.csv,0,0,0,0,0.163508
0.03237458,24,24,24,24,g2,period_data_g2.csv,0,0,0,0,0.179858778
0.03561204,24,24,24,24,g2,period_data_g2.csv,0,0,0,0,0.197844667
0.03917324,24,24,24,24,g2,period_data_g2.csv,0,0,0,0,0.217629111
0.04309057,24,24,24,24,g2,period_data_g2.csv,0,0,0,0,0.239392056
0.04739963,24,24,24,24,g2,period_data_g2.csv,0,0,0,0,0.263331278
0.05213959,24,24,24,24,g2,period_data_g2.csv,0,0,0,0,0.289664389
0.05735355,24,24,24,24,g2,period_data_g2.csv,0,0,0,0,0.318630833
0.0630889,24,24,24,24,g2,period_data_g2.csv,0,0,0,0,0.350493889
0.06939779,24,24,24,24,g2,period_data_g2.csv,0,0,0,0,0.385543278
0.07633757,24,24,24,24,g2,period_data_g2.csv,0,0,0,0,0.424097611
0.08397133,24,24,24,24,g2,period_data_g2.csv,0,0,0,0,0.466507389
0.09236846,24,24,24,24,g2,period_data_g2.csv,0,0,0,0,0.513158111
0.10160531,24,24,24,24,g2,period_data_g2.csv,0,0,0,0,0.564473944
0.11176584,24,24,24,24,g2,period_data_g2.csv,0,0,0,0,0.620921333
0.12294242,24,24,24,24,g2,period_data_g2.csv,0,0,0,0,0.683013444
0.13523666,24,24,24,24,g2,period_data_g2.csv,0,0,0,0,0.751314778
0.14876033,24,24,24,24,g2,period_data_g2.csv,0,0,0,0,0.826446278
0.16363636,24,24,24,24,g2,period_data_g2.csv,0,0,0,0,0.909090889
0.18,24,24,24,24,g2,period_data_g2.csv,0,0,0,0,1
0.198,24,24,24,24,g2,period_data_g2.csv,0,0,0,0,1.1
0.2178,24,24,24,24,g2,period_data_g2.csv,0,0,0,0,1.21
0.23958,24,24,24,24,g2,period_data_g2.csv,0,0,0,0,1.331
0.263538,24,24,24,24,g2,period_data_g2.csv,0,0,0,0,1.4641
0.2898918,24,24,24,24,g2,period_data_g2.csv,0,0,0,0,1.61051
0.31888098,24,24,24,24,g2,period_data_g2.csv,0,0,0,0,1.771561
0.35076908,24,24,24,24,g2,period_data_g2.csv,0,0,0,0,1.948717111
0.38584599,24,24,24,24,g2,period_data_g2.csv,0,0,0,0,2.143588833
0.42443058,24,24,24,24,g2,period_data_g2.csv,0,0,0,0,2.357947667
0.46687364,24,24,24,24,g2,period_data_g2.csv,0,0,0,0,2.593742444
0.51356101,24,24,24,24,g2,period_data_g2.csv,0,0,0,0,2.853116722
0.56491711,24,24,24,24,g2,period_data_g2.csv,0,0,0,0,3.138428389
0.62140882,24,24,24,24,g2,period_data_g2.csv,0,0,0,0,3.452271222
0.6835497,24,24,24,24,g2,period_data_g2.csv,0,0,0,0,3.797498333
0.75190467,24,24,24,24,g2,period_data_g2.csv,0,0,0,0,4.177248167
0.82709514,24,24,24,24,g2,period_data_g2.csv,0,0,0,0,4.594973
0.90980465,24,24,24,24,g2,period_data_g2.csv,0,0,0,0,5.054470278
1.00078512,24,24,24,24,g2,period_data_g2.csv,0,0,0,0,5.559917333
1.10086363,24,24,24,24,g2,period_data_g2.csv,0,0,0,0,6.115909056
1.21094999,24,24,24,24,g2,period_data_g2.csv,0,0,0,0,6.727499944
1.33204499,24,24,24,24,g2,period_data_g2.csv,0,0,0,0,7.400249944
1.46524949,24,24,24,24,g2,period_data_g2.csv,0,0,0,0,8.140274944
1.61177444,24,24,24,24,g2,period_data_g2.csv,0,0,0,0,8.954302444
1.77295188,24,24,24,24,g2,period_data_g2.csv,0,0,0,0,9.849732667
0.02162495,24,24,24,24,k1D,period_data_k1D.csv,0,0,0,0,0.101525587
0.02378745,24,24,24,24,k1D,period_data_k1D.csv,0,0,0,0,0.111678169
0.02616619,24,24,24,24,k1D,period_data_k1D.csv,0,0,0,0,0.122845962
0.02878281,24,24,24,24,k1D,period_data_k1D.csv,0,0,0,0,0.135130563
0.03166109,24,24,24,24,k1D,period_data_k1D.csv,0,0,0,0,0.148643615
0.0348272,24,24,24,24,k1D,period_data_k1D.csv,0,0,0,0,0.163507981
0.03830992,24,24,24,24,k1D,period_data_k1D.csv,0,0,0,0,0.179858779
0.04214091,24,24,24,24,k1D,period_data_k1D.csv,0,0,0,0,0.197844648
0.04635501,24,24,24,24,k1D,period_data_k1D.csv,0,0,0,0,0.217629155
0.05099051,24,24,24,24,k1D,period_data_k1D.csv,0,0,0,0,0.239392066
0.05608956,24,24,24,24,k1D,period_data_k1D.csv,0,0,0,0,0.263331268
0.06169851,24,24,24,24,k1D,period_data_k1D.csv,0,0,0,0,0.289664366
0.06786836,24,24,24,24,k1D,period_data_k1D.csv,0,0,0,0,0.318630798
0.0746552,24,24,24,24,k1D,period_data_k1D.csv,0,0,0,0,0.350493897
0.08212072,24,24,24,24,k1D,period_data_k1D.csv,0,0,0,0,0.385543286
0.09033279,24,24,24,24,k1D,period_data_k1D.csv,0,0,0,0,0.424097606
0.09936607,24,24,24,24,k1D,period_data_k1D.csv,0,0,0,0,0.466507371
0.10930268,24,24,24,24,k1D,period_data_k1D.csv,0,0,0,0,0.513158122
0.12023295,24,24,24,24,k1D,period_data_k1D.csv,0,0,0,0,0.564473944
0.13225624,24,24,24,24,k1D,period_data_k1D.csv,0,0,0,0,0.620921315
0.14548187,24,24,24,24,k1D,period_data_k1D.csv,0,0,0,0,0.683013474
0.16003005,24,24,24,24,k1D,period_data_k1D.csv,0,0,0,0,0.751314789
0.17603306,24,24,24,24,k1D,period_data_k1D.csv,0,0,0,0,0.826446291
0.19363636,24,24,24,24,k1D,period_data_k1D.csv,0,0,0,0,0.909090892
0.213,24,24,24,24,k1D,period_data_k1D.csv,0,0,0,0,1
0.2343,24,24,24,24,k1D,period_data_k1D.csv,0,0,0,0,1.1
0.25773,24,24,24,24,k1D,period_data_k1D.csv,0,0,0,0,1.21
0.283503,24,24,24,24,k1D,period_data_k1D.csv,0,0,0,0,1.331
0.3118533,24,24,24,24,k1D,period_data_k1D.csv,0,0,0,0,1.4641
0.34303863,24,24,24,24,k1D,period_data_k1D.csv,0,0,0,0,1.61051
0.37734249,24,24,24,24,k1D,period_data_k1D.csv,0,0,0,0,1.771560986
0.41507674,24,24,24,24,k1D,period_data_k1D.csv,0,0,0,0,1.948717089
0.45658442,24,24,24,24,k1D,period_data_k1D.csv,0,0,0,0,2.143588826
0.50224286,24,12.52631579,24,24,k1D,period_data_k1D.csv,0,-11.47368421,0,0,2.3579477
0.55246714,24,24,24,24,k1D,period_data_k1D.csv,0,0,0,0,2.593742441
0.60771386,24,24,24,24,k1D,period_data_k1D.csv,0,0,0,0,2.853116714
0.66848524,24,24,24,24,k1D,period_data_k1D.csv,0,0,0,0,3.138428357
0.73533377,24,24,24,24,k1D,period_data_k1D.csv,0,0,0,0,3.452271221
0.80886715,24,24,24,24,k1D,period_data_k1D.csv,0,0,0,0,3.797498357
0.88975386,24,24,24,24,k1D,period_data_k1D.csv,0,0,0,0,4.177248169
0.97872925,24,12.26315789,24,24,k1D,period_data_k1D.csv,0,-11.73684211,0,0,4.594973005
1.07660217,24,12.26315789,24,24,k1D,period_data_k1D.csv,0,-11.73684211,0,0,5.054470282
1.18426239,24,12.21052632,24,24,k1D,period_data_k1D.csv,0,-11.78947368,0,0,5.559917324
1.30268863,24,12.21052632,24,24,k1D,period_data_k1D.csv,0,-11.78947368,0,0,6.115909061
1.43295749,24,12.21052632,24,24,k1D,period_data_k1D.csv,0,-11.78947368,0,0,6.727499953
1.57625324,24,12.21052632,24,24,k1D,period_data_k1D.csv,0,-11.78947368,0,0,7.400249953
1.73387856,24,12.21052632,24,24,k1D,period_data_k1D.csv,0,-11.78947368,0,0,8.14027493
1.90726642,24,12.15789474,24,24,k1D,period_data_k1D.csv,0,-11.84210526,0,0,8.954302441
2.09799306,24,12.15789474,24,24,k1D,period_data_k1D.csv,0,-11.84210526,0,0,9.849732676
0.02909724,24,16.92857143,23.88888889,23.88888889,k1L,period_data_k1L.csv,0,-7.071428571,-0.111111111,-0.111111111,0.101525611
0.03200696,23.88888889,18.23076923,23.44444444,23.88888889,k1L,period_data_k1L.csv,-0.111111111,-5.769230769,-0.555555556,-0.111111111,0.111678158
0.03520766,23.88888889,19.75,23.33333333,23.88888889,k1L,period_data_k1L.csv,-0.111111111,-4.25,-0.666666667,-0.111111111,0.122845987
0.03872842,23.77777778,18.23076923,23.11111111,23.88888889,k1L,period_data_k1L.csv,-0.222222222,-5.769230769,-0.888888889,-0.111111111,0.135130565
0.04260126,23.77777778,16.92857143,23.11111111,24,k1L,period_data_k1L.csv,-0.222222222,-7.071428571,-0.888888889,0,0.148643615
0.04686139,23.88888889,19.63636364,23.88888889,24,k1L,period_data_k1L.csv,-0.111111111,-4.363636364,-0.111111111,0,0.16350799
0.05154753,24,19.63636364,27.75,24.22222222,k1L,period_data_k1L.csv,0,-4.363636364,3.75,0.222222222,0.179858793
0.05670228,24.11111111,18,24.66666667,24.55555556,k1L,period_data_k1L.csv,0.111111111,-6,0.666666667,0.555555556,0.197844662
0.06237251,24.11111111,18,27.25,24.11111111,k1L,period_data_k1L.csv,0.111111111,-6,3.25,0.111111111,0.217629135
0.06860976,24,19.63636364,27.125,24.11111111,k1L,period_data_k1L.csv,0,-4.363636364,3.125,0.111111111,0.239392045
0.07547074,24,19.63636364,31,24,k1L,period_data_k1L.csv,0,-4.363636364,7,0,0.263331263
0.08301781,27,19.63636364,30.71428571,24,k1L,period_data_k1L.csv,3,-4.363636364,6.714285714,0,0.289664375
0.09131959,27,21.54545455,30.66666667,24,k1L,period_data_k1L.csv,3,-2.454545455,6.666666667,0,0.318630809
0.10045155,24,21.6,29.33333333,24.77777778,k1L,period_data_k1L.csv,0,-2.4,5.333333333,0.777777778,0.350493894
0.11049671,24.33333333,24.11111111,28.57142857,25,k1L,period_data_k1L.csv,0.333333333,0.111111111,4.571428571,1,0.385543301
0.12154638,24.5,24.11111111,24.11111111,24.22222222,k1L,period_data_k1L.csv,0.5,0.111111111,0.111111111,0.222222222,0.424097627
0.13370102,24.33333333,24,24,24,k1L,period_data_k1L.csv,0.333333333,0,0,0,0.466507397
0.14707112,24,24,24,24,k1L,period_data_k1L.csv,0,0,0,0,0.51315813
0.16177823,24,24,24,23.88888889,k1L,period_data_k1L.csv,0,0,0,-0.111111111,0.564473936
0.17795605,24.11111111,24,24,24,k1L,period_data_k1L.csv,0.111111111,0,0,0,0.620921319
0.19575166,24,24,24,24,k1L,period_data_k1L.csv,0,0,0,0,0.683013468
0.21532682,24,24,24,24,k1L,period_data_k1L.csv,0,0,0,0,0.751314794
0.2368595,24,24,24,24,k1L,period_data_k1L.csv,0,0,0,0,0.826446267
0.26054545,24,24,24,24,k1L,period_data_k1L.csv,0,0,0,0,0.909090893
0.2866,24,24,24,24,k1L,period_data_k1L.csv,0,0,0,0,1
0.31526,24,24,24,24,k1L,period_data_k1L.csv,0,0,0,0,1.1
0.346786,24,24,24,24,k1L,period_data_k1L.csv,0,0,0,0,1.21
0.3814646,24,24,24,24,k1L,period_data_k1L.csv,0,0,0,0,1.331
0.41961106,24,24,24,24,k1L,period_data_k1L.csv,0,0,0,0,1.4641
0.46157217,24,24,24,24,k1L,period_data_k1L.csv,0,0,0,0,1.610510014
0.50772938,24,24,24,24,k1L,period_data_k1L.csv,0,0,0,0,1.771560991
0.55850232,24,24,24,24,k1L,period_data_k1L.csv,0,0,0,0,1.948717097
0.61435255,24,24,24,24,k1L,period_data_k1L.csv,0,0,0,0,2.1435888
0.67578781,24,24,24,24,k1L,period_data_k1L.csv,0,0,0,0,2.357947697
0.74336659,24,24,24,24,k1L,period_data_k1L.csv,0,0,0,0,2.593742463
0.81770325,24,24,24,24,k1L,period_data_k1L.csv,0,0,0,0,2.853116713
0.89947357,24,24,24,24,k1L,period_data_k1L.csv,0,0,0,0,3.138428367
0.98942093,24,24,24,24,k1L,period_data_k1L.csv,0,0,0,0,3.452271214
1.08836302,24,24,24,24,k1L,period_data_k1L.csv,0,0,0,0,3.797498325
1.19719933,24,24,24,24,k1L,period_data_k1L.csv,0,0,0,0,4.177248186
1.31691926,24,24,24,24,k1L,period_data_k1L.csv,0,0,0,0,4.594972994
1.44861118,24,24,24,24,k1L,period_data_k1L.csv,0,0,0,0,5.054470272
1.5934723,24,24,24,24,k1L,period_data_k1L.csv,0,0,0,0,5.559917306
1.75281953,24,24,24,24,k1L,period_data_k1L.csv,0,0,0,0,6.115909037
1.92810149,24,24,24,24,k1L,period_data_k1L.csv,0,0,0,0,6.727499965
2.12091163,24,24,24,24,k1L,period_data_k1L.csv,0,0,0,0,7.40024993
2.3330028,24,24,24,24,k1L,period_data_k1L.csv,0,0,0,0,8.140274948
2.56630308,24,24,24,24,k1L,period_data_k1L.csv,0,0,0,0,8.954302442
2.82293338,24,24,24,24,k1L,period_data_k1L.csv,0,0,0,0,9.849732659
0.03553396,24,24,24,24,k2,period_data_k2.csv,0,0,0,0,0.1015256
0.03908736,24,24,24,24,k2,period_data_k2.csv,0,0,0,0,0.111678171
0.04299609,24,24,24,24,k2,period_data_k2.csv,0,0,0,0,0.122845971
0.0472957,24,24,24,24,k2,period_data_k2.csv,0,0,0,0,0.135130571
0.05202527,24,24,24,24,k2,period_data_k2.csv,0,0,0,0,0.148643629
0.0572278,24,24,24,24,k2,period_data_k2.csv,0,0,0,0,0.163508
0.06295058,24,24,24,24,k2,period_data_k2.csv,0,0,0,0,0.1798588
0.06924563,24,24,24,24,k2,period_data_k2.csv,0,0,0,0,0.197844657
0.0761702,24,24,24,24,k2,period_data_k2.csv,0,0,0,0,0.217629143
0.08378722,24,24,24,24,k2,period_data_k2.csv,0,0,0,0,0.239392057
0.09216594,24,24,24,24,k2,period_data_k2.csv,0,0,0,0,0.263331257
0.10138253,24,24,24,24,k2,period_data_k2.csv,0,0,0,0,0.289664371
0.11152079,24,24,24,24,k2,period_data_k2.csv,0,0,0,0,0.318630829
0.12267286,24,24,24,24,k2,period_data_k2.csv,0,0,0,0,0.350493886
0.13494015,24,24,24,24,k2,period_data_k2.csv,0,0,0,0,0.385543286
0.14843417,24,24,24,24,k2,period_data_k2.csv,0,0,0,0,0.424097629
0.16327758,24,24,24,24,k2,period_data_k2.csv,0,0,0,0,0.466507371
0.17960534,24,24,24,24,k2,period_data_k2.csv,0,0,0,0,0.513158114
0.19756588,24,24,24,24,k2,period_data_k2.csv,0,0,0,0,0.564473943
0.21732246,24,24,24,24,k2,period_data_k2.csv,0,0,0,0,0.620921314
0.23905471,24,24,24,24,k2,period_data_k2.csv,0,0,0,0,0.683013457
0.26296018,24,24,24,24,k2,period_data_k2.csv,0,0,0,0,0.7513148
0.2892562,24,24,24,24,k2,period_data_k2.csv,0,0,0,0,0.826446286
0.31818182,24,24,24,24,k2,period_data_k2.csv,0,0,0,0,0.909090914
0.35,24,24,24,24,k2,period_data_k2.csv,0,0,0,0,1
0.385,24,24,24,24,k2,period_data_k2.csv,0,0,0,0,1.1
0.4235,24,24,24,24,k2,period_data_k2.csv,0,0,0,0,1.21
0.46585,24,24,24,24,k2,period_data_k2.csv,0,0,0,0,1.331
0.512435,24,24,24,24,k2,period_data_k2.csv,0,0,0,0,1.4641
0.5636785,24,24,24,24,k2,period_data_k2.csv,0,0,0,0,1.61051
0.62004635,24,24,24,24,k2,period_data_k2.csv,0,0,0,0,1.771561
0.68205099,24,24,24,24,k2,period_data_k2.csv,0,0,0,0,1.948717114
0.75025608,24,24,24,24,k2,period_data_k2.csv,0,0,0,0,2.1435888
0.82528169,24,24,24,24,k2,period_data_k2.csv,0,0,0,0,2.357947686
0.90780986,24,24,24,24,k2,period_data_k2.csv,0,0,0,0,2.593742457
0.99859085,24,24,24,24,k2,period_data_k2.csv,0,0,0,0,2.853116714
1.09844993,24,24,24,24,k2,period_data_k2.csv,0,0,0,0,3.138428371
1.20829493,24,11.57894737,24,24,k2,period_data_k2.csv,0,-12.42105263,0,0,3.452271229
1.32912442,23.88888889,12.94117647,24,23.88888889,k2,period_data_k2.csv,-0.111111111,-11.05882353,0,-0.111111111,3.797498343
1.46203686,23.875,18,23.88888889,23.88888889,k2,period_data_k2.csv,-0.125,-6,-0.111111111,-0.111111111,4.177248171
1.60824055,24,15.92857143,24.44444444,24.22222222,k2,period_data_k2.csv,0,-8.071428571,0.444444444,0.222222222,4.594973
1.7690646,23.77777778,15.42857143,23.66666667,23.77777778,k2,period_data_k2.csv,-0.222222222,-8.571428571,-0.333333333,-0.222222222,5.054470286
1.94597106,24,12.10526316,24,24,k2,period_data_k2.csv,0,-11.89473684,0,0,5.559917314
2.14056817,24,12.10526316,24,24,k2,period_data_k2.csv,0,-11.89473684,0,0,6.115909057
2.35462498,24,12.10526316,24,24,k2,period_data_k2.csv,0,-11.89473684,0,0,6.727499943
2.59008748,24,12.10526316,24,24,k2,period_data_k2.csv,0,-11.89473684,0,0,7.400249943
2.84909623,24,12.10526316,24,24,k2,period_data_k2.csv,0,-11.89473684,0,0,8.140274943
3.13400585,24,12.10526316,24,24,k2,period_data_k2.csv,0,-11.89473684,0,0,8.954302429
3.44740644,24,12.05263158,24,24,k2,period_data_k2.csv,0,-11.94736842,0,0,9.849732686
0.05907775,48,48.25,48.25,48,k3,period_data_k3.csv,24,24.25,24.25,24,0.101525606
0.06498552,48.25,48.25,48,48,k3,period_data_k3.csv,24.25,24.25,24,24,0.111678158
0.07148407,47.25,47.75,47.75,47.75,k3,period_data_k3.csv,23.25,23.75,23.75,23.75,0.12284597
0.07863248,42.5,34.8,43,34.2,k3,period_data_k3.csv,18.5,10.8,19,10.2,0.135130572
0.08649573,42.25,35,42.6,42.6,k3,period_data_k3.csv,18.25,11,18.6,18.6,0.148643633
0.0951453,41.6,34.16666667,40.6,30,k3,period_data_k3.csv,17.6,10.16666667,16.6,6,0.163507991
0.10465983,39.2,39.8,39.8,32.66666667,k3,period_data_k3.csv,15.2,15.8,15.8,8.666666667,0.17985879
0.11512581,38.6,38.4,38.4,31.71428571,k3,period_data_k3.csv,14.6,14.4,14.4,7.714285714,0.197844664
0.12663839,38,31.33333333,37.4,27.42857143,k3,period_data_k3.csv,14,7.333333333,13.4,3.428571429,0.217629129
0.13930223,36.6,36.33333333,36.33333333,27,k3,period_data_k3.csv,12.6,12.33333333,12.33333333,3,0.239392043
0.15323246,35.2,30.14285714,35.5,23.66666667,k3,period_data_k3.csv,11.2,6.142857143,11.5,-0.333333333,0.26333126
0.1685557,33.83333333,34,34.33333333,25.125,k3,period_data_k3.csv,9.833333333,10,10.33333333,1.125,0.289664375
0.18541127,33.33333333,33.16666667,33.16666667,24.77777778,k3,period_data_k3.csv,9.333333333,9.166666667,9.166666667,0.777777778,0.318630813
0.2039524,32.14285714,32,32.16666667,22.88888889,k3,period_data_k3.csv,8.142857143,8,8.166666667,-1.111111111,0.350493899
0.22434764,31.66666667,31.14285714,31.14285714,24.11111111,k3,period_data_k3.csv,7.666666667,7.142857143,7.142857143,0.111111111,0.385543289
0.2467824,30.28571429,25.57142857,29.71428571,21.4,k3,period_data_k3.csv,6.285714286,1.571428571,5.714285714,-2.6,0.424097611
0.27146064,29.71428571,29.85714286,30,22.6,k3,period_data_k3.csv,5.714285714,5.857142857,6,-1.4,0.466507372
0.29860671,23.88888889,23.77777778,23.66666667,24,k3,period_data_k3.csv,-0.111111111,-0.222222222,-0.333333333,0,0.51315812
0.32846738,24,24,24,24,k3,period_data_k3.csv,0,0,0,0,0.56447393
0.36131412,24,24,24,24,k3,period_data_k3.csv,0,0,0,0,0.620921327
0.39744553,24,24,24,24,k3,period_data_k3.csv,0,0,0,0,0.683013456
0.43719008,24,24,24,24,k3,period_data_k3.csv,0,0,0,0,0.751314796
0.48090909,24,24,24,24,k3,period_data_k3.csv,0,0,0,0,0.826446279
0.529,24,24,24,24,k3,period_data_k3.csv,0,0,0,0,0.909090909
0.5819,24,24,24,24,k3,period_data_k3.csv,0,0,0,0,1
0.64009,24,24,24,24,k3,period_data_k3.csv,0,0,0,0,1.1
0.704099,24,24,24,24,k3,period_data_k3.csv,0,0,0,0,1.21
0.7745089,24,24,24,24,k3,period_data_k3.csv,0,0,0,0,1.331
0.85195979,24,24,24,24,k3,period_data_k3.csv,0,0,0,0,1.4641
0.93715577,24,24,24,24,k3,period_data_k3.csv,0,0,0,0,1.610510002
1.03087135,24,24,24,24,k3,period_data_k3.csv,0,0,0,0,1.771561007
1.13395848,24,24,24,24,k3,period_data_k3.csv,0,0,0,0,1.948717099
1.24735433,24,24,24,24,k3,period_data_k3.csv,0,0,0,0,2.143588813
1.37208976,24,24,24,24,k3,period_data_k3.csv,0,0,0,0,2.357947689
1.50929874,24,24,24,24,k3,period_data_k3.csv,0,0,0,0,2.593742464
1.66022861,24,24,24,24,k3,period_data_k3.csv,0,0,0,0,2.853116704
1.82625147,24,24,24,24,k3,period_data_k3.csv,0,0,0,0,3.138428373
2.00887662,24,24,24,24,k3,period_data_k3.csv,0,0,0,0,3.452271215
2.20976428,24,24,24,24,k3,period_data_k3.csv,0,0,0,0,3.797498333
2.43074071,24,24,24,24,k3,period_data_k3.csv,0,0,0,0,4.17724817
2.67381478,24,24,24,24,k3,period_data_k3.csv,0,0,0,0,4.594972985
2.94119626,24,24,24,24,k3,period_data_k3.csv,0,0,0,0,5.054470287
3.23531588,24,24,24,24,k3,period_data_k3.csv,0,0,0,0,5.559917305
3.55884747,24,24,24,24,k3,period_data_k3.csv,0,0,0,0,6.115909039
3.91473222,24,24,24,24,k3,period_data_k3.csv,0,0,0,0,6.727499948
4.30620544,24,24,24,24,k3,period_data_k3.csv,0,0,0,0,7.40024994
4.73682599,24,24,24,24,k3,period_data_k3.csv,0,0,0,0,8.140274944
5.21050859,24,24,24,24,k3,period_data_k3.csv,0,0,0,0,8.95430244
5.73155944,24,24,24,24,k3,period_data_k3.csv,0,0,0,0,9.849732669
0.09391118,48,48,48,48,k4,period_data_k4.csv,24,24,24,24,0.1015256
0.1033023,48,26.33333333,48,48,k4,period_data_k4.csv,24,2.333333333,24,24,0.111678162
0.11363253,48,48,48,48,k4,period_data_k4.csv,24,24,24,24,0.122845978
0.12499578,48,48,48,48,k4,period_data_k4.csv,24,24,24,24,0.135130573
0.13749536,48,48,48,48,k4,period_data_k4.csv,24,24,24,24,0.148643632
0.15124489,48,46.4,48.66666667,38.2,k4,period_data_k4.csv,24,22.4,24.66666667,14.2,0.163507989
0.16636938,24,24.44444444,24.11111111,24,k4,period_data_k4.csv,0,0.444444444,0.111111111,0,0.179858789
0.18300632,24,24,24,24,k4,period_data_k4.csv,0,0,0,0,0.19784467
0.20130695,24,24,24,24,k4,period_data_k4.csv,0,0,0,0,0.217629135
0.22143765,24,24,24,24,k4,period_data_k4.csv,0,0,0,0,0.239392054
0.24358141,24,24,24,24,k4,period_data_k4.csv,0,0,0,0,0.263331254
0.26793955,24,24,24,24,k4,period_data_k4.csv,0,0,0,0,0.289664378
0.29473351,24,24,24,24,k4,period_data_k4.csv,0,0,0,0,0.318630822
0.32420686,24,24,24,24,k4,period_data_k4.csv,0,0,0,0,0.350493903
0.35662754,24,24,24,24,k4,period_data_k4.csv,0,0,0,0,0.385543286
0.3922903,24,24,24,24,k4,period_data_k4.csv,0,0,0,0,0.424097622
0.43151933,24,24,24,24,k4,period_data_k4.csv,0,0,0,0,0.466507384
0.47467126,24,24,24,24,k4,period_data_k4.csv,0,0,0,0,0.513158119
0.52213839,24,24,24,24,k4,period_data_k4.csv,0,0,0,0,0.564473935
0.57435222,24,24,24,24,k4,period_data_k4.csv,0,0,0,0,0.620921319
0.63178745,24,24,24,24,k4,period_data_k4.csv,0,0,0,0,0.683013459
0.69496619,24,24,24,24,k4,period_data_k4.csv,0,0,0,0,0.7513148
0.76446281,24,24,24,24,k4,period_data_k4.csv,0,0,0,0,0.826446281
0.84090909,24,24,24,24,k4,period_data_k4.csv,0,0,0,0,0.909090908
0.925,24,24,24,24,k4,period_data_k4.csv,0,0,0,0,1
1.0175,24,24,24,24,k4,period_data_k4.csv,0,0,0,0,1.1
1.11925,24,24,24,24,k4,period_data_k4.csv,0,0,0,0,1.21
1.231175,24,24,24,24,k4,period_data_k4.csv,0,0,0,0,1.331
1.3542925,24,24,24,24,k4,period_data_k4.csv,0,0,0,0,1.4641
1.48972175,24,24,24,24,k4,period_data_k4.csv,0,0,0,0,1.61051
1.63869393,24,24,24,24,k4,period_data_k4.csv,0,0,0,0,1.771561005
1.80256332,24,24,24,24,k4,period_data_k4.csv,0,0,0,0,1.948717103
1.98281965,24,24,24,24,k4,period_data_k4.csv,0,0,0,0,2.143588811
2.18110161,24,24,24,24,k4,period_data_k4.csv,0,0,0,0,2.357947686
2.39921178,24,24,24,24,k4,period_data_k4.csv,0,0,0,0,2.593742465
2.63913295,24,24,24,24,k4,period_data_k4.csv,0,0,0,0,2.853116703
2.90304625,24,24,24,24,k4,period_data_k4.csv,0,0,0,0,3.138428378
3.19335087,24,24,24,24,k4,period_data_k4.csv,0,0,0,0,3.452271211
3.51268596,24,24,24,24,k4,period_data_k4.csv,0,0,0,0,3.797498335
3.86395456,24,24,24,24,k4,period_data_k4.csv,0,0,0,0,4.177248173
4.25035001,24,24,24,24,k4,period_data_k4.csv,0,0,0,0,4.594972984
4.67538501,24,24,24,24,k4,period_data_k4.csv,0,0,0,0,5.054470281
5.14292351,24,24,24,24,k4,period_data_k4.csv,0,0,0,0,5.559917308
5.65721587,24,24,24,24,k4,period_data_k4.csv,0,0,0,0,6.115909049
6.22293745,24,24,24,24,k4,period_data_k4.csv,0,0,0,0,6.727499946
6.8452312,24,24,24,24,k4,period_data_k4.csv,0,0,0,0,7.400249946
7.52975432,24,24,24,24,k4,period_data_k4.csv,0,0,0,0,8.140274941
8.28272975,24,24,24,24,k4,period_data_k4.csv,0,0,0,0,8.954302432
9.11100273,24,24,24,24,k4,period_data_k4.csv,0,0,0,0,9.849732681
0.01615272,24,24,24,24,k5,period_data_k5.csv,0,0,0,0,0.101525581
0.01776799,24,24,24,24,k5,period_data_k5.csv,0,0,0,0,0.111678127
0.01954479,24,24,24,24,k5,period_data_k5.csv,0,0,0,0,0.122845946
0.02149927,24,24,24,24,k5,period_data_k5.csv,0,0,0,0,0.135130547
0.0236492,24,24,24,24,k5,period_data_k5.csv,0,0,0,0,0.14864362
0.02601412,24,24,24,24,k5,period_data_k5.csv,0,0,0,0,0.163507982
0.02861553,24,24,24,24,k5,period_data_k5.csv,0,0,0,0,0.179858768
0.03147709,24,24,24,24,k5,period_data_k5.csv,0,0,0,0,0.197844689
0.0346248,24,24,24,24,k5,period_data_k5.csv,0,0,0,0,0.217629164
0.03808728,24,24,24,24,k5,period_data_k5.csv,0,0,0,0,0.23939208
0.041896,24,24,24,24,k5,period_data_k5.csv,0,0,0,0,0.263331238
0.0460856,24,24,24,24,k5,period_data_k5.csv,0,0,0,0,0.289664362
0.05069416,24,24,24,24,k5,period_data_k5.csv,0,0,0,0,0.318630798
0.05576358,24,24,24,24,k5,period_data_k5.csv,0,0,0,0,0.350493903
0.06133994,24,24,24,24,k5,period_data_k5.csv,0,0,0,0,0.385543306
0.06747393,24,24,24,24,k5,period_data_k5.csv,0,0,0,0,0.424097612
0.07422132,24,24,24,24,k5,period_data_k5.csv,0,0,0,0,0.466507354
0.08164346,24,24,24,24,k5,period_data_k5.csv,0,0,0,0,0.51315814
0.0898078,24,24,24,24,k5,period_data_k5.csv,0,0,0,0,0.564473916
0.09878858,24,24,24,24,k5,period_data_k5.csv,0,0,0,0,0.620921307
0.10866744,24,24,24,24,k5,period_data_k5.csv,0,0,0,0,0.683013451
0.11953418,24,24,24,24,k5,period_data_k5.csv,0,0,0,0,0.751314771
0.1314876,24,24,24,24,k5,period_data_k5.csv,0,0,0,0,0.82644626
0.14463636,24,24,24,24,k5,period_data_k5.csv,0,0,0,0,0.909090886
0.1591,24,24,24,24,k5,period_data_k5.csv,0,0,0,0,1
0.17501,24,24,24,24,k5,period_data_k5.csv,0,0,0,0,1.1
0.192511,24,24,24,24,k5,period_data_k5.csv,0,0,0,0,1.21
0.2117621,24,24,24,24,k5,period_data_k5.csv,0,0,0,0,1.331
0.23293831,24,24,24,24,k5,period_data_k5.csv,0,0,0,0,1.4641
0.25623214,24,24,24,24,k5,period_data_k5.csv,0,0,0,0,1.610509994
0.28185536,24,24,24,24,k5,period_data_k5.csv,0,0,0,0,1.771561031
0.31004089,24,24,24,24,k5,period_data_k5.csv,0,0,0,0,1.948717096
0.34104498,24,24,24,24,k5,period_data_k5.csv,0,0,0,0,2.143588812
0.37514948,24,24,24,24,k5,period_data_k5.csv,0,0,0,0,2.357947706
0.41266443,24,24,24,24,k5,period_data_k5.csv,0,0,0,0,2.593742489
0.45393087,24,24,24,24,k5,period_data_k5.csv,0,0,0,0,2.853116719
0.49932395,24,24,24,24,k5,period_data_k5.csv,0,0,0,0,3.138428347
0.54925635,24,24,24,24,k5,period_data_k5.csv,0,0,0,0,3.452271213
0.60418199,24,24,24,24,k5,period_data_k5.csv,0,0,0,0,3.797498366
0.66460018,24,24,24,24,k5,period_data_k5.csv,0,0,0,0,4.177248146
0.7310602,24,24,24,24,k5,period_data_k5.csv,0,0,0,0,4.594972973
0.80416622,24,24,24,24,k5,period_data_k5.csv,0,0,0,0,5.05447027
0.88458284,24,24,24,24,k5,period_data_k5.csv,0,0,0,0,5.559917285
0.97304113,24,24,24,24,k5,period_data_k5.csv,0,0,0,0,6.115909051
1.07034524,24,24,24,24,k5,period_data_k5.csv,0,0,0,0,6.727499937
1.17737977,24,24,24,24,k5,period_data_k5.csv,0,0,0,0,7.400249969
1.29511774,24,24,24,24,k5,period_data_k5.csv,0,0,0,0,8.140274921
1.42462952,24,24,24,24,k5,period_data_k5.csv,0,0,0,0,8.954302451
1.56709247,24,24,24,24,k5,period_data_k5.csv,0,0,0,0,9.849732684
0.71067919,24,24,24,24,kd,period_data_kd.csv,0,0,0,0,0.101525599
0.7817471,24,24,24,24,kd,period_data_kd.csv,0,0,0,0,0.111678157
0.85992182,24,24,24,24,kd,period_data_kd.csv,0,0,0,0,0.122845974
0.945914,24,24,24,24,kd,period_data_kd.csv,0,0,0,0,0.135130571
1.0405054,24,24,24,24,kd,period_data_kd.csv,0,0,0,0,0.148643629
1.14455594,24,24,24,24,kd,period_data_kd.csv,0,0,0,0,0.163507991
1.25901153,24,24,24,24,kd,period_data_kd.csv,0,0,0,0,0.17985879
1.38491268,24,24,24,24,kd,period_data_kd.csv,0,0,0,0,0.197844669
1.52340395,24,24,24,24,kd,period_data_kd.csv,0,0,0,0,0.217629136
1.67574435,24,24,24,24,kd,period_data_kd.csv,0,0,0,0,0.23939205
1.84331878,24,24,24,24,kd,period_data_kd.csv,0,0,0,0,0.263331254
2.02765066,24,24,24,24,kd,period_data_kd.csv,0,0,0,0,0.28966438
2.23041572,24,24,24,24,kd,period_data_kd.csv,0,0,0,0,0.318630817
2.4534573,24,24,24,24,kd,period_data_kd.csv,0,0,0,0,0.3504939
2.69880303,24,24,24,24,kd,period_data_kd.csv,0,0,0,0,0.38554329
2.96868333,24,24,24,24,kd,period_data_kd.csv,0,0,0,0,0.424097619
3.26555166,24,24,24,24,kd,period_data_kd.csv,0,0,0,0,0.46650738
3.59210683,24,24,24,24,kd,period_data_kd.csv,0,0,0,0,0.513158119
3.95131751,24,24,24,24,kd,period_data_kd.csv,0,0,0,0,0.56447393
4.34644926,24,24,24,24,kd,period_data_kd.csv,0,0,0,0,0.620921323
4.78109419,24,24,24,24,kd,period_data_kd.csv,0,0,0,0,0.683013456
5.25920361,24,24,24,24,kd,period_data_kd.csv,0,0,0,0,0.751314801
5.78512397,24,24,24,24,kd,period_data_kd.csv,0,0,0,0,0.826446281
6.36363636,24,24,24,24,kd,period_data_kd.csv,0,0,0,0,0.909090909
7,24,24,24,24,kd,period_data_kd.csv,0,0,0,0,1
7.7,24,24,24,24,kd,period_data_kd.csv,0,0,0,0,1.1
8.47,24,24,24,24,kd,period_data_kd.csv,0,0,0,0,1.21
9.317,24,24,24,24,kd,period_data_kd.csv,0,0,0,0,1.331
10.2487,24,24,24,24,kd,period_data_kd.csv,0,0,0,0,1.4641
11.27357,24,24,24,24,kd,period_data_kd.csv,0,0,0,0,1.61051
12.400927,24,24,24,24,kd,period_data_kd.csv,0,0,0,0,1.771561
13.6410197,24,24,24,24,kd,period_data_kd.csv,0,0,0,0,1.9487171
15.00512167,24,24,24,24,kd,period_data_kd.csv,0,0,0,0,2.14358881
16.50563384,24,24,24,24,kd,period_data_kd.csv,0,0,0,0,2.357947691
18.15619722,24,24,24,24,kd,period_data_kd.csv,0,0,0,0,2.59374246
19.97181694,24,24,24,24,kd,period_data_kd.csv,0,0,0,0,2.853116706
21.96899864,24,24,24,24,kd,period_data_kd.csv,0,0,0,0,3.138428377
24.1658985,24,24,24,24,kd,period_data_kd.csv,0,0,0,0,3.452271214
26.58248835,24,24,24,24,kd,period_data_kd.csv,0,0,0,0,3.797498336
29.24073719,24,24,24,24,kd,period_data_kd.csv,0,0,0,0,4.17724817
32.1648109,24,24,24,24,kd,period_data_kd.csv,0,0,0,0,4.594972986
35.38129199,24,24,24,24,kd,period_data_kd.csv,0,0,0,0,5.054470284
38.91942119,24,24,24,24,kd,period_data_kd.csv,0,0,0,0,5.559917313
42.81136331,24,24,24,24,kd,period_data_kd.csv,0,0,0,0,6.115909044
47.09249965,24,24,24,24,kd,period_data_kd.csv,0,0,0,0,6.72749995
51.80174961,24,24,24,24,kd,period_data_kd.csv,0,0,0,0,7.400249944
56.98192457,24,24,24,24,kd,period_data_kd.csv,0,0,0,0,8.140274939
62.68011703,24,24,24,24,kd,period_data_kd.csv,0,0,0,0,8.954302433
68.94812873,24,24,24,24,kd,period_data_kd.csv,0,0,0,0,9.849732676
1361.052167,24,24,24,24,kmcc,period_data_kmcc.csv,0,0,0,0,0.101525598
1497.157383,24,24,24,24,kmcc,period_data_kmcc.csv,0,0,0,0,0.111678158
1646.873122,24,24,24,24,kmcc,period_data_kmcc.csv,0,0,0,0,0.122845974
1811.560434,24,24,24,24,kmcc,period_data_kmcc.csv,0,0,0,0,0.135130571
1992.716477,24,24,24,24,kmcc,period_data_kmcc.csv,0,0,0,0,0.148643628
2191.988125,24,24,24,24,kmcc,period_data_kmcc.csv,0,0,0,0,0.163507991
2411.186938,24,24,24,24,kmcc,period_data_kmcc.csv,0,0,0,0,0.17985879
2652.305631,24,24,24,24,kmcc,period_data_kmcc.csv,0,0,0,0,0.197844669
2917.536194,24,24,24,24,kmcc,period_data_kmcc.csv,0,0,0,0,0.217629136
3209.289814,24,24,24,24,kmcc,period_data_kmcc.csv,0,0,0,0,0.239392049
3530.218795,24,24,24,24,kmcc,period_data_kmcc.csv,0,0,0,0,0.263331254
3883.240675,24,24,24,24,kmcc,period_data_kmcc.csv,0,0,0,0,0.28966438
4271.564742,24,24,24,24,kmcc,period_data_kmcc.csv,0,0,0,0,0.318630818
4698.721216,24,24,24,24,kmcc,period_data_kmcc.csv,0,0,0,0,0.350493899
5168.593338,24,24,24,24,kmcc,period_data_kmcc.csv,0,0,0,0,0.385543289
5685.452672,24,24,24,24,kmcc,period_data_kmcc.csv,0,0,0,0,0.424097618
6253.997939,24,24,24,24,kmcc,period_data_kmcc.csv,0,0,0,0,0.46650738
6879.397733,24,24,24,24,kmcc,period_data_kmcc.csv,0,0,0,0,0.513158118
7567.337506,24,24,24,24,kmcc,period_data_kmcc.csv,0,0,0,0,0.56447393
8324.071257,24,24,24,24,kmcc,period_data_kmcc.csv,0,0,0,0,0.620921323
9156.478383,24,24,24,24,kmcc,period_data_kmcc.csv,0,0,0,0,0.683013455
10072.12622,24,24,24,24,kmcc,period_data_kmcc.csv,0,0,0,0,0.751314801
11079.33884,24,24,24,24,kmcc,period_data_kmcc.csv,0,0,0,0,0.826446281
12187.27273,24,24,24,24,kmcc,period_data_kmcc.csv,0,0,0,0,0.909090909
13406,24,24,24,24,kmcc,period_data_kmcc.csv,0,0,0,0,1
14746.6,24,24,24,24,kmcc,period_data_kmcc.csv,0,0,0,0,1.1
16221.26,24,24,24,24,kmcc,period_data_kmcc.csv,0,0,0,0,1.21
17843.386,24,24,24,24,kmcc,period_data_kmcc.csv,0,0,0,0,1.331
19627.7246,24,24,24,24,kmcc,period_data_kmcc.csv,0,0,0,0,1.4641
21590.49706,24,24,24,24,kmcc,period_data_kmcc.csv,0,0,0,0,1.61051
23749.54677,24,24,24,24,kmcc,period_data_kmcc.csv,0,0,0,0,1.771561
26124.50144,24,24,24,24,kmcc,period_data_kmcc.csv,0,0,0,0,1.9487171
28736.95159,24,24,24,24,kmcc,period_data_kmcc.csv,0,0,0,0,2.14358881
31610.64675,24,24,24,24,kmcc,period_data_kmcc.csv,0,0,0,0,2.357947691
34771.71142,24,24,24,24,kmcc,period_data_kmcc.csv,0,0,0,0,2.59374246
38248.88256,24,24,24,24,kmcc,period_data_kmcc.csv,0,0,0,0,2.853116706
42073.77082,24,24,24,24,kmcc,period_data_kmcc.csv,0,0,0,0,3.138428377
46281.1479,24,24,24,24,kmcc,period_data_kmcc.csv,0,0,0,0,3.452271214
50909.26269,24,24,24,24,kmcc,period_data_kmcc.csv,0,0,0,0,3.797498336
56000.18896,24,24,24,24,kmcc,period_data_kmcc.csv,0,0,0,0,4.177248169
61600.20786,24,24,24,24,kmcc,period_data_kmcc.csv,0,0,0,0,4.594972986
67760.22864,24,24,24,24,kmcc,period_data_kmcc.csv,0,0,0,0,5.054470285
74536.2515,24,24,24,24,kmcc,period_data_kmcc.csv,0,0,0,0,5.559917313
81989.87666,24,24,24,24,kmcc,period_data_kmcc.csv,0,0,0,0,6.115909045
90188.86432,24,24,24,24,kmcc,period_data_kmcc.csv,0,0,0,0,6.727499949
99207.75075,24,24,24,24,kmcc,period_data_kmcc.csv,0,0,0,0,7.400249944
109128.5258,24,24,24,24,kmcc,period_data_kmcc.csv,0,0,0,0,8.140274939
120041.3784,24,24,24,24,kmcc,period_data_kmcc.csv,0,0,0,0,8.954302433
132045.5163,24,24,24,24,kmcc,period_data_kmcc.csv,0,0,0,0,9.849732676
13.90900693,24,24,24,24.11111111,kmpac,period_data_kmpac.csv,0,0,0,0.111111111,0.101525598
15.29990762,23.88888889,24,24,24,kmpac,period_data_kmpac.csv,-0.111111111,0,0,0,0.111678158
16.82989838,24,24,24,24,kmpac,period_data_kmpac.csv,0,0,0,0,0.122845974
18.51288822,24,24,24,24,kmpac,period_data_kmpac.csv,0,0,0,0,0.135130571
20.36417704,24,24,24,23.88888889,kmpac,period_data_kmpac.csv,0,0,0,-0.111111111,0.148643628
22.40059474,24,24,24,24,kmpac,period_data_kmpac.csv,0,0,0,0,0.163507991
24.64065422,24,24,24,24,kmpac,period_data_kmpac.csv,0,0,0,0,0.17985879
27.10471964,24,24,24,24,kmpac,period_data_kmpac.csv,0,0,0,0,0.197844669
29.8151916,24,24,24,24,kmpac,period_data_kmpac.csv,0,0,0,0,0.217629136
32.79671076,24,24,24,24,kmpac,period_data_kmpac.csv,0,0,0,0,0.239392049
36.07638184,24,24,24,24,kmpac,period_data_kmpac.csv,0,0,0,0,0.263331254
39.68402002,24,24,24,24,kmpac,period_data_kmpac.csv,0,0,0,0,0.28966438
43.65242203,24,24,24,24,kmpac,period_data_kmpac.csv,0,0,0,0,0.318630818
48.01766423,24,24,24,24,kmpac,period_data_kmpac.csv,0,0,0,0,0.350493899
52.81943065,24,24,24,24,kmpac,period_data_kmpac.csv,0,0,0,0,0.385543289
58.10137372,24,24,24,24,kmpac,period_data_kmpac.csv,0,0,0,0,0.424097618
63.91151109,24,24,24,24,kmpac,period_data_kmpac.csv,0,0,0,0,0.46650738
70.3026622,24,24,24,24,kmpac,period_data_kmpac.csv,0,0,0,0,0.513158118
77.33292842,24,24,24,24,kmpac,period_data_kmpac.csv,0,0,0,0,0.56447393
85.06622126,24,24,24,24,kmpac,period_data_kmpac.csv,0,0,0,0,0.620921323
93.57284339,24,24,24,24,kmpac,period_data_kmpac.csv,0,0,0,0,0.683013455
102.9301277,24,24,24,24,kmpac,period_data_kmpac.csv,0,0,0,0,0.751314801
113.2231405,24,24,24,24,kmpac,period_data_kmpac.csv,0,0,0,0,0.826446281
124.5454546,24,24,24,24,kmpac,period_data_kmpac.csv,0,0,0,0,0.909090909
137,24,24,24,24,kmpac,period_data_kmpac.csv,0,0,0,0,1
150.7,24,24,24,24,kmpac,period_data_kmpac.csv,0,0,0,0,1.1
165.77,24,24,24,24,kmpac,period_data_kmpac.csv,0,0,0,0,1.21
182.347,24,24,24,24,kmpac,period_data_kmpac.csv,0,0,0,0,1.331
200.5817,24,24,24,24,kmpac,period_data_kmpac.csv,0,0,0,0,1.4641
220.63987,24,24,24,24,kmpac,period_data_kmpac.csv,0,0,0,0,1.61051
242.703857,24,24,24,24,kmpac,period_data_kmpac.csv,0,0,0,0,1.771561
266.9742427,24,24,24,24,kmpac,period_data_kmpac.csv,0,0,0,0,1.9487171
293.671667,24,24,24,24,kmpac,period_data_kmpac.csv,0,0,0,0,2.14358881
323.0388337,24,24,24,24,kmpac,period_data_kmpac.csv,0,0,0,0,2.357947691
355.342717,24,24,24,24,kmpac,period_data_kmpac.csv,0,0,0,0,2.59374246
390.8769887,24,24,24,24,kmpac,period_data_kmpac.csv,0,0,0,0,2.853116706
429.9646876,24,24,24,24,kmpac,period_data_kmpac.csv,0,0,0,0,3.138428377
472.9611564,24,24,24,24,kmpac,period_data_kmpac.csv,0,0,0,0,3.452271214
520.257272,24,24,24,24,kmpac,period_data_kmpac.csv,0,0,0,0,3.797498336
572.2829992,24,24,24,24,kmpac,period_data_kmpac.csv,0,0,0,0,4.177248169
629.5112991,24,24,24,24,kmpac,period_data_kmpac.csv,0,0,0,0,4.594972986
692.462429,24,24,24,24,kmpac,period_data_kmpac.csv,0,0,0,0,5.054470285
761.708672,24,24,24,24,kmpac,period_data_kmpac.csv,0,0,0,0,5.559917314
837.8795391,24,24,24,24,kmpac,period_data_kmpac.csv,0,0,0,0,6.115909045
921.6674931,24,24,24,24,kmpac,period_data_kmpac.csv,0,0,0,0,6.727499949
1013.834242,24,24,24,24,kmpac,period_data_kmpac.csv,0,0,0,0,7.400249944
1115.217667,24,24,24,24,kmpac,period_data_kmpac.csv,0,0,0,0,8.140274939
1226.739433,24,24,24,24,kmpac,period_data_kmpac.csv,0,0,0,0,8.954302433
1349.413377,24,24,24,24,kmpac,period_data_kmpac.csv,0,0,0,0,9.849732676
727.1263328,24,24,24,24,kmpbc,period_data_kmpbc.csv,0,0,0,0,0.101525598
799.8389661,24,24,24,24,kmpbc,period_data_kmpbc.csv,0,0,0,0,0.111678158
879.8228627,24,24,24,24,kmpbc,period_data_kmpbc.csv,0,0,0,0,0.122845974
967.805149,24,24,24,24,kmpbc,period_data_kmpbc.csv,0,0,0,0,0.135130571
1064.585664,24,24,24,24,kmpbc,period_data_kmpbc.csv,0,0,0,0,0.148643628
1171.04423,24,24,24,24,kmpbc,period_data_kmpbc.csv,0,0,0,0,0.163507991
1288.148653,24,24,24,24,kmpbc,period_data_kmpbc.csv,0,0,0,0,0.17985879
1416.963519,24,24,24,24,kmpbc,period_data_kmpbc.csv,0,0,0,0,0.197844669
1558.659871,24,24,24,24,kmpbc,period_data_kmpbc.csv,0,0,0,0,0.217629136
1714.525858,24,24,24,24,kmpbc,period_data_kmpbc.csv,0,0,0,0,0.239392049
1885.978443,24,24,24,24,kmpbc,period_data_kmpbc.csv,0,0,0,0,0.263331254
2074.576288,24,24,24,24,kmpbc,period_data_kmpbc.csv,0,0,0,0,0.28966438
2282.033916,24,24,24,24,kmpbc,period_data_kmpbc.csv,0,0,0,0,0.318630818
2510.237308,24,24,24,24,kmpbc,period_data_kmpbc.csv,0,0,0,0,0.350493899
2761.261039,24,24,24,24,kmpbc,period_data_kmpbc.csv,0,0,0,0,0.385543289
3037.387143,24,24,24,24,kmpbc,period_data_kmpbc.csv,0,0,0,0,0.424097618
3341.125857,24,24,24,24,kmpbc,period_data_kmpbc.csv,0,0,0,0,0.46650738
3675.238443,24,24,24,24,kmpbc,period_data_kmpbc.csv,0,0,0,0,0.513158118
4042.762287,24,24,24,24,kmpbc,period_data_kmpbc.csv,0,0,0,0,0.56447393
4447.038516,24,24,24,24,kmpbc,period_data_kmpbc.csv,0,0,0,0,0.620921323
4891.742367,24,24,24,24,kmpbc,period_data_kmpbc.csv,0,0,0,0,0.683013455
5380.916604,24,24,24,24,kmpbc,period_data_kmpbc.csv,0,0,0,0,0.751314801
5919.008264,24,24,24,24,kmpbc,period_data_kmpbc.csv,0,0,0,0,0.826446281
6510.909091,24,24,24,24,kmpbc,period_data_kmpbc.csv,0,0,0,0,0.909090909
7162,24,24,24,24,kmpbc,period_data_kmpbc.csv,0,0,0,0,1
7878.2,24,24,24,24,kmpbc,period_data_kmpbc.csv,0,0,0,0,1.1
8666.02,24,24,24,24,kmpbc,period_data_kmpbc.csv,0,0,0,0,1.21
9532.622,24,24,24,24,kmpbc,period_data_kmpbc.csv,0,0,0,0,1.331
10485.8842,24,24,24,24,kmpbc,period_data_kmpbc.csv,0,0,0,0,1.4641
11534.47262,24,24,24,24,kmpbc,period_data_kmpbc.csv,0,0,0,0,1.61051
12687.91988,24,24,24,24,kmpbc,period_data_kmpbc.csv,0,0,0,0,1.771561
13956.71187,24,24,24,24,kmpbc,period_data_kmpbc.csv,0,0,0,0,1.9487171
15352.38306,24,24,24,24,kmpbc,period_data_kmpbc.csv,0,0,0,0,2.14358881
16887.62136,24,24,24,24,kmpbc,period_data_kmpbc.csv,0,0,0,0,2.357947691
18576.3835,24,24,24,24,kmpbc,period_data_kmpbc.csv,0,0,0,0,2.59374246
20434.02185,24,24,24,24,kmpbc,period_data_kmpbc.csv,0,0,0,0,2.853116706
22477.42403,24,24,24,24,kmpbc,period_data_kmpbc.csv,0,0,0,0,3.138428377
24725.16644,24,24,24,24,kmpbc,period_data_kmpbc.csv,0,0,0,0,3.452271214
27197.68308,24,24,24,24,kmpbc,period_data_kmpbc.csv,0,0,0,0,3.797498336
29917.45139,24,24,24,24,kmpbc,period_data_kmpbc.csv,0,0,0,0,4.177248169
32909.19653,24,24,24,24,kmpbc,period_data_kmpbc.csv,0,0,0,0,4.594972986
36200.11618,24,24,24,24,kmpbc,period_data_kmpbc.csv,0,0,0,0,5.054470285
39820.1278,24,24,24,24,kmpbc,period_data_kmpbc.csv,0,0,0,0,5.559917313
43802.14058,24,24,24,24,kmpbc,period_data_kmpbc.csv,0,0,0,0,6.115909045
48182.35464,24,24,24,24,kmpbc,period_data_kmpbc.csv,0,0,0,0,6.727499949
53000.5901,24,24,24,24,kmpbc,period_data_kmpbc.csv,0,0,0,0,7.400249944
58300.64911,24,24,24,24,kmpbc,period_data_kmpbc.csv,0,0,0,0,8.140274939
64130.71402,24,24,24,24,kmpbc,period_data_kmpbc.csv,0,0,0,0,8.954302433
70543.78542,24,24,24,24,kmpbc,period_data_kmpbc.csv,0,0,0,0,9.849732676
0.088043,24,24,24,24,p1,period_data_p1.csv,0,0,0,0,0.1015256
0.0968473,24,24,24,24,p1,period_data_p1.csv,0,0,0,0,0.11167816
0.10653203,24,24,24,24,p1,period_data_p1.csv,0,0,0,0,0.122845976
0.11718523,24,24,24,24,p1,period_data_p1.csv,0,0,0,0,0.13513057
0.12890375,24,24,24,24,p1,period_data_p1.csv,0,0,0,0,0.148643623
0.14179413,24,24,24,24,p1,period_data_p1.csv,0,0,0,0,0.163507991
0.15597354,24,24,24,24,p1,period_data_p1.csv,0,0,0,0,0.179858787
0.1715709,24,24,24,24,p1,period_data_p1.csv,0,0,0,0,0.197844673
0.18872799,24,24,24,24,p1,period_data_p1.csv,0,0,0,0,0.21762914
0.20760079,24,24,24,24,p1,period_data_p1.csv,0,0,0,0,0.239392055
0.22836086,24,24,24,24,p1,period_data_p1.csv,0,0,0,0,0.26333125
0.25119695,24,24,24,24,p1,period_data_p1.csv,0,0,0,0,0.28966438
0.27631665,24,24,24,24,p1,period_data_p1.csv,0,0,0,0,0.318630823
0.30394831,24,24,24,24,p1,period_data_p1.csv,0,0,0,0,0.3504939
0.33434314,24,24,24,24,p1,period_data_p1.csv,0,0,0,0,0.385543289
0.36777745,24,24,24,24,p1,period_data_p1.csv,0,0,0,0,0.424097613
0.4045552,24,24,24,24,p1,period_data_p1.csv,0,0,0,0,0.46650738
0.44501072,24,24,24,24,p1,period_data_p1.csv,0,0,0,0,0.513158118
0.48951179,24,24,24,24,p1,period_data_p1.csv,0,0,0,0,0.564473928
0.53846297,24,24,24,24,p1,period_data_p1.csv,0,0,0,0,0.620921321
0.59230927,24,24,24,24,p1,period_data_p1.csv,0,0,0,0,0.683013457
0.6515402,24,24,24,24,p1,period_data_p1.csv,0,0,0,0,0.751314806
0.71669421,24,24,24,24,p1,period_data_p1.csv,0,0,0,0,0.826446275
0.78836364,24,24,24,24,p1,period_data_p1.csv,0,0,0,0,0.909090913
0.8672,24,24,24,24,p1,period_data_p1.csv,0,0,0,0,1
0.95392,24,24,24,24,p1,period_data_p1.csv,0,0,0,0,1.1
1.049312,24,24,24,24,p1,period_data_p1.csv,0,0,0,0,1.21
1.1542432,24,24,24,24,p1,period_data_p1.csv,0,0,0,0,1.331
1.26966752,24,24,24,24,p1,period_data_p1.csv,0,0,0,0,1.4641
1.39663427,24,24,24,24,p1,period_data_p1.csv,0,0,0,0,1.610509998
1.5362977,24,24,24,24,p1,period_data_p1.csv,0,0,0,0,1.771561001
1.68992747,24,24,24,24,p1,period_data_p1.csv,0,0,0,0,1.948717101
1.85892022,24,24,24,24,p1,period_data_p1.csv,0,0,0,0,2.143588815
2.04481224,24,24,24,24,p1,period_data_p1.csv,0,0,0,0,2.357947694
2.24929346,24,24,24,24,p1,period_data_p1.csv,0,0,0,0,2.593742458
2.47422281,24,24,24,24,p1,period_data_p1.csv,0,0,0,0,2.853116709
2.72164509,24,24,24,24,p1,period_data_p1.csv,0,0,0,0,3.138428379
2.9938096,24,24,24,24,p1,period_data_p1.csv,0,0,0,0,3.452271218
3.29319056,24,24,24,24,p1,period_data_p1.csv,0,0,0,0,3.797498339
3.62250961,24,24,24,24,p1,period_data_p1.csv,0,0,0,0,4.177248167
3.98476057,24,24,24,24,p1,period_data_p1.csv,0,0,0,0,4.594972982
4.38323663,24,24,24,24,p1,period_data_p1.csv,0,0,0,0,5.054470284
4.82156029,24,24,24,24,p1,period_data_p1.csv,0,0,0,0,5.559917309
5.30371632,24,24,24,24,p1,period_data_p1.csv,0,0,0,0,6.115909041
5.83408796,24,24,24,24,p1,period_data_p1.csv,0,0,0,0,6.727499954
6.41749675,23.875,23.77777778,23.77777778,24,p1,period_data_p1.csv,-0.125,-0.222222222,-0.222222222,0,7.400249942
7.05924643,31,27,31,24.11111111,p1,period_data_p1.csv,7,3,7,0.111111111,8.140274942
7.76517107,25,23.11111111,25.875,24,p1,period_data_p1.csv,1,-0.888888889,1.875,0,8.954302433
8.54168818,24,,,,p1,period_data_p1.csv,0,,,,9.84973268
0.02414279,24,24,24,24,p1L,period_data_p1L.csv,0,0,0,0,0.10152561
0.02655707,24,24,24,24,p1L,period_data_p1L.csv,0,0,0,0,0.111678175
0.02921277,24,24,24,24,p1L,period_data_p1L.csv,0,0,0,0,0.122845963
0.03213405,24,24,24,24,p1L,period_data_p1L.csv,0,0,0,0,0.135130572
0.03534745,24,24,24,24,p1L,period_data_p1L.csv,0,0,0,0,0.148643608
0.0388822,24,24,24,24,p1L,period_data_p1L.csv,0,0,0,0,0.16350799
0.04277042,24,24,24,24,p1L,period_data_p1L.csv,0,0,0,0,0.179858789
0.04704746,24,24,24,24,p1L,period_data_p1L.csv,0,0,0,0,0.197844659
0.05175221,24,24,24,24,p1L,period_data_p1L.csv,0,0,0,0,0.217629142
0.05692743,24,24,24,24,p1L,period_data_p1L.csv,0,0,0,0,0.239392052
0.06262017,24,24,24,24,p1L,period_data_p1L.csv,0,0,0,0,0.263331245
0.06888219,24,24,24,24,p1L,period_data_p1L.csv,0,0,0,0,0.289664382
0.07577041,24,24,24,24,p1L,period_data_p1L.csv,0,0,0,0,0.318630824
0.08334745,24,24,24,24,p1L,period_data_p1L.csv,0,0,0,0,0.350493902
0.09168219,24,24,24,24,p1L,period_data_p1L.csv,0,0,0,0,0.385543272
0.10085041,24,24,24,24,p1L,period_data_p1L.csv,0,0,0,0,0.424097603
0.11093546,24,24,24,24,p1L,period_data_p1L.csv,0,0,0,0,0.466507401
0.122029,24,24,24,24,p1L,period_data_p1L.csv,0,0,0,0,0.513158116
0.1342319,24,24,24,24,p1L,period_data_p1L.csv,0,0,0,0,0.564473928
0.14765509,24,24,24,24,p1L,period_data_p1L.csv,0,0,0,0,0.62092132
0.1624206,24,24,24,24,p1L,period_data_p1L.csv,0,0,0,0,0.683013457
0.17866266,24,24,24,24,p1L,period_data_p1L.csv,0,0,0,0,0.751314802
0.19652893,24,24,24,24,p1L,period_data_p1L.csv,0,0,0,0,0.826446299
0.21618182,24,24,24,24,p1L,period_data_p1L.csv,0,0,0,0,0.909090917
0.2378,24,24,24,24,p1L,period_data_p1L.csv,0,0,0,0,1
0.26158,24,24,24,24,p1L,period_data_p1L.csv,0,0,0,0,1.1
0.287738,24,24,24,24,p1L,period_data_p1L.csv,0,0,0,0,1.21
0.3165118,24,24,24,24,p1L,period_data_p1L.csv,0,0,0,0,1.331
0.34816298,24,24,24,24,p1L,period_data_p1L.csv,0,0,0,0,1.4641
0.38297928,24,24,24,24,p1L,period_data_p1L.csv,0,0,0,0,1.610510008
0.42127721,24,24,24,24,p1L,period_data_p1L.csv,0,0,0,0,1.771561018
0.46340493,24,24,24,24,p1L,period_data_p1L.csv,0,0,0,0,1.948717115
0.50974542,24,24,24,24,p1L,period_data_p1L.csv,0,0,0,0,2.143588814
0.56071996,24,24,24,24,p1L,period_data_p1L.csv,0,0,0,0,2.357947687
0.61679196,24,24,24,24,p1L,period_data_p1L.csv,0,0,0,0,2.593742473
0.67847115,24,24,24,24,p1L,period_data_p1L.csv,0,0,0,0,2.853116695
0.74631827,24,24,24,24,p1L,period_data_p1L.csv,0,0,0,0,3.138428385
0.82095009,24,24,24,24,p1L,period_data_p1L.csv,0,0,0,0,3.452271194
0.9030451,24,24,24,24,p1L,period_data_p1L.csv,0,0,0,0,3.797498318
0.99334961,24,24,24,24,p1L,period_data_p1L.csv,0,0,0,0,4.17724815
1.09268458,24,24,24,24,p1L,period_data_p1L.csv,0,0,0,0,4.594973003
1.20195303,24,24,24,24,p1L,period_data_p1L.csv,0,0,0,0,5.054470269
1.32214834,24,24,24,24,p1L,period_data_p1L.csv,0,0,0,0,5.559917325
1.45436317,24,24,24,11.94736842,p1L,period_data_p1L.csv,0,0,0,-12.05263158,6.115909041
1.59979949,24,24,24,11.94736842,p1L,period_data_p1L.csv,0,0,0,-12.05263158,6.727499958
1.75977944,24,24,24,11.94736842,p1L,period_data_p1L.csv,0,0,0,-12.05263158,7.400249958
1.93575738,24,24,24,11.94736842,p1L,period_data_p1L.csv,0,0,0,-12.05263158,8.140274937
2.12933312,24,24,24,11.94736842,p1L,period_data_p1L.csv,0,0,0,-12.05263158,8.954302439
2.34226643,24,24,24,11.94736842,p1L,period_data_p1L.csv,0,0,0,-12.05263158,9.849732675
0.07977881,24,12.21052632,24,24,p2,period_data_p2.csv,0,-11.78947368,0,0,0.101525592
0.0877567,24,12.21052632,24,24,p2,period_data_p2.csv,0,-11.78947368,0,0,0.111678162
0.09653237,24,12.21052632,24,24,p2,period_data_p2.csv,0,-11.78947368,0,0,0.122845979
0.1061856,24,12.21052632,24,24,p2,period_data_p2.csv,0,-11.78947368,0,0,0.135130568
0.11680416,24,12.21052632,24,24,p2,period_data_p2.csv,0,-11.78947368,0,0,0.148643624
0.12848458,24,12.21052632,24,24,p2,period_data_p2.csv,0,-11.78947368,0,0,0.163507992
0.14133304,24,12.21052632,24,24,p2,period_data_p2.csv,0,-11.78947368,0,0,0.179858794
0.15546634,24,12.21052632,24,24,p2,period_data_p2.csv,0,-11.78947368,0,0,0.197844668
0.17101297,24,11.68421053,24,24,p2,period_data_p2.csv,0,-12.31578947,0,0,0.21762913
0.18811427,24,11.68421053,24,24,p2,period_data_p2.csv,0,-12.31578947,0,0,0.239392046
0.2069257,36.16666667,24,36.16666667,24.11111111,p2,period_data_p2.csv,12.16666667,0,12.16666667,0.111111111,0.263331255
0.22761827,24,24,24,24,p2,period_data_p2.csv,0,0,0,0,0.28966438
0.2503801,24,24,24,24,p2,period_data_p2.csv,0,0,0,0,0.318630822
0.27541811,24,24,24,24,p2,period_data_p2.csv,0,0,0,0,0.350493904
0.30295992,24,24,24,24,p2,period_data_p2.csv,0,0,0,0,0.385543293
0.33325591,24,24,24,24,p2,period_data_p2.csv,0,0,0,0,0.42409762
0.3665815,24,24,24,24,p2,period_data_p2.csv,0,0,0,0,0.466507381
0.40323965,24,24,24,24,p2,period_data_p2.csv,0,0,0,0,0.513158119
0.44356361,24,24,24,24,p2,period_data_p2.csv,0,0,0,0,0.564473925
0.48791998,24,24,24,24,p2,period_data_p2.csv,0,0,0,0,0.620921329
0.53671197,24,24,24,24,p2,period_data_p2.csv,0,0,0,0,0.683013451
0.59038317,24,24,24,24,p2,period_data_p2.csv,0,0,0,0,0.7513148
0.64942149,24,24,24,24,p2,period_data_p2.csv,0,0,0,0,0.826446284
0.71436364,24,24,24,24,p2,period_data_p2.csv,0,0,0,0,0.909090914
0.7858,24,24,24,24,p2,period_data_p2.csv,0,0,0,0,1
0.86438,24,24,24,24,p2,period_data_p2.csv,0,0,0,0,1.1
0.950818,24,24,24,24,p2,period_data_p2.csv,0,0,0,0,1.21
1.0458998,24,24,24,24,p2,period_data_p2.csv,0,0,0,0,1.331
1.15048978,24,24,24,24,p2,period_data_p2.csv,0,0,0,0,1.4641
1.26553876,24,24,24,24,p2,period_data_p2.csv,0,0,0,0,1.610510003
1.39209263,24,24,24,24,p2,period_data_p2.csv,0,0,0,0,1.771560995
1.5313019,24,24,24,24,p2,period_data_p2.csv,0,0,0,0,1.948717104
1.68443209,24,24,24,24,p2,period_data_p2.csv,0,0,0,0,2.143588814
1.8528753,24,24,24,24,p2,period_data_p2.csv,0,0,0,0,2.357947697
2.03816283,24,24,24,24,p2,period_data_p2.csv,0,0,0,0,2.593742466
2.24197911,24,24,24,24,p2,period_data_p2.csv,0,0,0,0,2.853116709
2.46617702,24,24,24,24,p2,period_data_p2.csv,0,0,0,0,3.138428379
2.71279472,24,24,24,24,p2,period_data_p2.csv,0,0,0,0,3.452271214
2.98407419,24,24,24,24,p2,period_data_p2.csv,0,0,0,0,3.797498333
3.28248161,24,24,24,24,p2,period_data_p2.csv,0,0,0,0,4.177248167
3.61072977,24,24,24,24,p2,period_data_p2.csv,0,0,0,0,4.594972983
3.97180275,24,24,24,24,p2,period_data_p2.csv,0,0,0,0,5.054470285
4.36898302,24,24,24,24,p2,period_data_p2.csv,0,0,0,0,5.559917307
4.80588133,24,24,24,24,p2,period_data_p2.csv,0,0,0,0,6.115909048
5.28646946,24,24,24,24,p2,period_data_p2.csv,0,0,0,0,6.727499949
5.81511641,24,24,24,24,p2,period_data_p2.csv,0,0,0,0,7.400249949
6.39662805,24,24,24,24,p2,period_data_p2.csv,0,0,0,0,8.140274943
7.03629085,24,24,24,24,p2,period_data_p2.csv,0,0,0,0,8.954302431
7.73991994,24,24,24,24,p2,period_data_p2.csv,0,0,0,0,9.84973268
0.06235702,24,24,24,24,p3,period_data_p3.csv,0,0,0,0,0.101525594
0.06859272,24,24,24,24,p3,period_data_p3.csv,0,0,0,0,0.11167815
0.075452,24,24,24,24,p3,period_data_p3.csv,0,0,0,0,0.122845979
0.0829972,24,24,24,24,p3,period_data_p3.csv,0,0,0,0,0.135130576
0.09129692,24,24,24,24,p3,period_data_p3.csv,0,0,0,0,0.148643634
0.10042661,24,24,24,24,p3,period_data_p3.csv,0,0,0,0,0.163507994
0.11046927,24,24,24,24,p3,period_data_p3.csv,0,0,0,0,0.179858792
0.1215162,24,24,24,24,p3,period_data_p3.csv,0,0,0,0,0.197844676
0.13366782,24,24,24,24,p3,period_data_p3.csv,0,0,0,0,0.217629144
0.1470346,24,24,24,24,p3,period_data_p3.csv,0,0,0,0,0.239392055
0.16173806,24,24,24,24,p3,period_data_p3.csv,0,0,0,0,0.26333126
0.17791186,24,24,24,24,p3,period_data_p3.csv,0,0,0,0,0.289664376
0.19570305,24,24,24,24,p3,period_data_p3.csv,0,0,0,0,0.318630821
0.21527335,24,24,24,24,p3,period_data_p3.csv,0,0,0,0,0.350493894
0.23680069,24,24,24,24,p3,period_data_p3.csv,0,0,0,0,0.385543292
0.26048076,24,24,24,24,p3,period_data_p3.csv,0,0,0,0,0.424097623
0.28652883,24,24,24,24,p3,period_data_p3.csv,0,0,0,0,0.466507375
0.31518172,24,24,24,24,p3,period_data_p3.csv,0,0,0,0,0.513158124
0.34669989,24,24,24,24,p3,period_data_p3.csv,0,0,0,0,0.564473934
0.38136988,24,24,24,24,p3,period_data_p3.csv,0,0,0,0,0.620921329
0.41950686,24,24,24,24,p3,period_data_p3.csv,0,0,0,0,0.683013448
0.46145755,24,24,24,24,p3,period_data_p3.csv,0,0,0,0,0.7513148
0.50760331,24,24,24,24,p3,period_data_p3.csv,0,0,0,0,0.826446288
0.55836364,24,24,24,24,p3,period_data_p3.csv,0,0,0,0,0.909090915
0.6142,24,24,24,24,p3,period_data_p3.csv,0,0,0,0,1
0.67562,24,24,24,24,p3,period_data_p3.csv,0,0,0,0,1.1
0.743182,24,24,24,24,p3,period_data_p3.csv,0,0,0,0,1.21
0.8175002,24,24,24,24,p3,period_data_p3.csv,0,0,0,0,1.331
0.89925022,24,24,24,24,p3,period_data_p3.csv,0,0,0,0,1.4641
0.98917524,24,24,24,24,p3,period_data_p3.csv,0,0,0,0,1.610509997
1.08809277,24,24,24,24,p3,period_data_p3.csv,0,0,0,0,1.771561006
1.19690204,24,24,24,24,p3,period_data_p3.csv,0,0,0,0,1.948717095
1.31659225,24,24,24,24,p3,period_data_p3.csv,0,0,0,0,2.143588815
1.44825147,24,24,24,24,p3,period_data_p3.csv,0,0,0,0,2.357947688
1.59307662,24,24,24,24,p3,period_data_p3.csv,0,0,0,0,2.593742462
1.75238428,24,24,24,24,p3,period_data_p3.csv,0,0,0,0,2.853116705
1.92762271,24,24,24,11.94736842,p3,period_data_p3.csv,0,0,0,-12.05263158,3.138428378
2.12038498,24,24,24,11.94736842,p3,period_data_p3.csv,0,0,0,-12.05263158,3.452271215
2.33242348,24,24,24,11.94736842,p3,period_data_p3.csv,0,0,0,-12.05263158,3.797498339
2.56566583,24,24,24,11.89473684,p3,period_data_p3.csv,0,0,0,-12.10526316,4.177248176
2.82223241,24,24,24,11.89473684,p3,period_data_p3.csv,0,0,0,-12.10526316,4.594972989
3.10445565,24.11111111,24,24.11111111,11.89473684,p3,period_data_p3.csv,0.111111111,0,0.111111111,-12.10526316,5.054470287
3.41490121,26.5,26.25,26.25,19.45454545,p3,period_data_p3.csv,2.5,2.25,2.25,-4.545454545,5.559917307
3.75639134,27.5,27.375,27.5,19.63636364,p3,period_data_p3.csv,3.5,3.375,3.5,-4.363636364,6.115909052
4.13203047,27.5,27.375,27.85714286,19.72727273,p3,period_data_p3.csv,3.5,3.375,3.857142857,-4.272727273,6.727499951
4.54523352,28,28,28,21.8,p3,period_data_p3.csv,4,4,4,-2.2,7.400249951
4.99975687,28.71428571,28.85714286,28.85714286,24.77777778,p3,period_data_p3.csv,4.714285714,4.857142857,4.857142857,0.777777778,8.140274943
5.49973255,29.71428571,30,29.28571429,25.11111111,p3,period_data_p3.csv,5.714285714,6,5.285714286,1.111111111,8.954302426
6.04970581,29.85714286,29.42857143,29.66666667,21.5,p3,period_data_p3.csv,5.857142857,5.428571429,5.666666667,-2.5,9.849732677
0.11431782,24,24,24,24,p4,period_data_p4.csv,0,0,0,0,0.101525595
0.12574961,24,24,24,24,p4,period_data_p4.csv,0,0,0,0,0.111678162
0.13832457,24,24,24,24,p4,period_data_p4.csv,0,0,0,0,0.122845977
0.15215702,24,24,24,24,p4,period_data_p4.csv,0,0,0,0,0.135130568
0.16737273,24,24,24,24,p4,period_data_p4.csv,0,0,0,0,0.148643632
0.18411,24,24,24,24,p4,period_data_p4.csv,0,0,0,0,0.163507993
0.202521,24,24,24,24,p4,period_data_p4.csv,0,0,0,0,0.179858792
0.2227731,24,24,24,24,p4,period_data_p4.csv,0,0,0,0,0.197844671
0.24505041,24,24,24,24,p4,period_data_p4.csv,0,0,0,0,0.217629139
0.26955545,24,24,24,24,p4,period_data_p4.csv,0,0,0,0,0.239392052
0.29651099,24,24,24,24,p4,period_data_p4.csv,0,0,0,0,0.263331252
0.32616209,24,24,24,24,p4,period_data_p4.csv,0,0,0,0,0.289664378
0.3587783,24,24,24,24,p4,period_data_p4.csv,0,0,0,0,0.318630817
0.39465613,24,24,24,24,p4,period_data_p4.csv,0,0,0,0,0.350493899
0.43412174,24,24,24,24,p4,period_data_p4.csv,0,0,0,0,0.385543286
0.47753392,24,24,24,24,p4,period_data_p4.csv,0,0,0,0,0.42409762
0.52528731,24,24,24,24,p4,period_data_p4.csv,0,0,0,0,0.46650738
0.57781604,24,24,24,24,p4,period_data_p4.csv,0,0,0,0,0.513158117
0.63559765,24,24,24,24,p4,period_data_p4.csv,0,0,0,0,0.564473934
0.69915741,24,24,24,24,p4,period_data_p4.csv,0,0,0,0,0.620921323
0.76907315,24,24,24,24,p4,period_data_p4.csv,0,0,0,0,0.683013455
0.84598047,24,24,24,24,p4,period_data_p4.csv,0,0,0,0,0.751314805
0.93057851,24,24,24,24,p4,period_data_p4.csv,0,0,0,0,0.826446279
1.02363636,24,24,24,24,p4,period_data_p4.csv,0,0,0,0,0.909090906
1.126,24,24,24,24,p4,period_data_p4.csv,0,0,0,0,1
1.2386,24,24,24,24,p4,period_data_p4.csv,0,0,0,0,1.1
1.36246,24,24,24,24,p4,period_data_p4.csv,0,0,0,0,1.21
1.498706,24,24,24,24,p4,period_data_p4.csv,0,0,0,0,1.331
1.6485766,24,24,24,24,p4,period_data_p4.csv,0,0,0,0,1.4641
1.81343426,24,24,24,24,p4,period_data_p4.csv,0,0,0,0,1.61051
1.99477769,24,24,24,24,p4,period_data_p4.csv,0,0,0,0,1.771561004
2.19425545,24,24,24,24,p4,period_data_p4.csv,0,0,0,0,1.948717096
2.413681,24,24,24,24,p4,period_data_p4.csv,0,0,0,0,2.14358881
2.6550491,24,24,24,24,p4,period_data_p4.csv,0,0,0,0,2.357947691
2.92055401,24,24,24,24,p4,period_data_p4.csv,0,0,0,0,2.59374246
3.21260941,24,24,24,24,p4,period_data_p4.csv,0,0,0,0,2.853116705
3.53387035,24,24,24,24,p4,period_data_p4.csv,0,0,0,0,3.138428375
3.88725739,24,24,24,24,p4,period_data_p4.csv,0,0,0,0,3.452271217
4.27598313,24,24,24,24,p4,period_data_p4.csv,0,0,0,0,3.797498339
4.70358144,24,24,24,24,p4,period_data_p4.csv,0,0,0,0,4.177248171
5.17393958,24,24,24,24,p4,period_data_p4.csv,0,0,0,0,4.594972984
5.69133354,24,24,24,24,p4,period_data_p4.csv,0,0,0,0,5.054470284
6.26046689,24,24,24,24,p4,period_data_p4.csv,0,0,0,0,5.559917309
6.88651358,24,24,24,24,p4,period_data_p4.csv,0,0,0,0,6.115909041
7.57516494,24,24,24,24,p4,period_data_p4.csv,0,0,0,0,6.727499947
8.33268144,24,24,24,24,p4,period_data_p4.csv,0,0,0,0,7.400249947
9.16594958,24,24,24,24,p4,period_data_p4.csv,0,0,0,0,8.140274938
10.08254454,24,24,24,24,p4,period_data_p4.csv,0,0,0,0,8.954302433
11.09079899,24,24,24,24,p4,period_data_p4.csv,0,0,0,0,9.849732673
0.0537375,24,24,24,24,p5,period_data_p5.csv,0,0,0,0,0.1015256
0.05911125,24,24,24,24,p5,period_data_p5.csv,0,0,0,0,0.11167816
0.06502237,24,24,24,24,p5,period_data_p5.csv,0,0,0,0,0.122845966
0.07152461,24,24,24,24,p5,period_data_p5.csv,0,0,0,0,0.135130569
0.07867707,24,24,24,24,p5,period_data_p5.csv,0,0,0,0,0.148643624
0.08654478,24,24,24,24,p5,period_data_p5.csv,0,0,0,0,0.163507992
0.09519926,24,24,24,24,p5,period_data_p5.csv,0,0,0,0,0.179858795
0.10471918,24,24,24,24,p5,period_data_p5.csv,0,0,0,0,0.197844663
0.1151911,24,24,24,24,p5,period_data_p5.csv,0,0,0,0,0.217629133
0.12671021,24,24,24,24,p5,period_data_p5.csv,0,0,0,0,0.239392046
0.13938123,24,24,24,24,p5,period_data_p5.csv,0,0,0,0,0.263331249
0.15331936,24,24,24,24,p5,period_data_p5.csv,0,0,0,0,0.289664387
0.16865129,24,24,24,24,p5,period_data_p5.csv,0,0,0,0,0.318630814
0.18551642,24,24,24,24,p5,period_data_p5.csv,0,0,0,0,0.350493898
0.20406806,24,24,24,24,p5,period_data_p5.csv,0,0,0,0,0.385543284
0.22447487,24,24,24,24,p5,period_data_p5.csv,0,0,0,0,0.424097619
0.24692236,24,24,24,24,p5,period_data_p5.csv,0,0,0,0,0.466507387
0.27161459,24,24,24,24,p5,period_data_p5.csv,0,0,0,0,0.513158114
0.29877605,24,24,24,24,p5,period_data_p5.csv,0,0,0,0,0.564473928
0.32865366,24,24,24,24,p5,period_data_p5.csv,0,0,0,0,0.62092133
0.36151902,24,24,24,24,p5,period_data_p5.csv,0,0,0,0,0.683013452
0.39767092,24,24,24,24,p5,period_data_p5.csv,0,0,0,0,0.751314793
0.43743802,24,24,24,24,p5,period_data_p5.csv,0,0,0,0,0.826446288
0.48118182,24,24,24,24,p5,period_data_p5.csv,0,0,0,0,0.909090913
0.5293,24,24,24,24,p5,period_data_p5.csv,0,0,0,0,1
0.58223,24,24,24,24,p5,period_data_p5.csv,0,0,0,0,1.1
0.640453,24,24,24,24,p5,period_data_p5.csv,0,0,0,0,1.21
0.7044983,24,24,24,24,p5,period_data_p5.csv,0,0,0,0,1.331
0.77494813,24,24,24,24,p5,period_data_p5.csv,0,0,0,0,1.4641
0.85244294,24,24,24,24,p5,period_data_p5.csv,0,0,0,0,1.610509994
0.93768724,24,24,24,24,p5,period_data_p5.csv,0,0,0,0,1.771561005
1.03145596,24,24,24,24,p5,period_data_p5.csv,0,0,0,0,1.948717098
1.13460156,24,24,24,24,p5,period_data_p5.csv,0,0,0,0,2.143588815
1.24806171,24,24,24,24,p5,period_data_p5.csv,0,0,0,0,2.357947686
1.37286788,24,24,24,24,p5,period_data_p5.csv,0,0,0,0,2.593742452
1.51015467,24,24,24,24,p5,period_data_p5.csv,0,0,0,0,2.853116701
1.66117014,24,24,24,24,p5,period_data_p5.csv,0,0,0,0,3.138428377
1.82728715,24,24,24,24,p5,period_data_p5.csv,0,0,0,0,3.452271207
2.01001587,24,24,24,24,p5,period_data_p5.csv,0,0,0,0,3.797498337
2.21101746,24,24,24,24,p5,period_data_p5.csv,0,0,0,0,4.177248177
2.4321192,24,24,24,24,p5,period_data_p5.csv,0,0,0,0,4.594972983
2.67533112,24,24,24,24,p5,period_data_p5.csv,0,0,0,0,5.054470282
2.94286423,24,24,24,24,p5,period_data_p5.csv,0,0,0,0,5.559917306
3.23715066,24,24,24,24,p5,period_data_p5.csv,0,0,0,0,6.11590905
3.56086572,24,24,24,24,p5,period_data_p5.csv,0,0,0,0,6.727499943
3.9169523,24,24,24,24,p5,period_data_p5.csv,0,0,0,0,7.400249953
4.30864753,24,24,24,24,p5,period_data_p5.csv,0,0,0,0,8.140274948
4.73951228,24,24,24,24,p5,period_data_p5.csv,0,0,0,0,8.954302437
5.21346351,24,24,24,24,p5,period_data_p5.csv,0,0,0,0,9.849732685
0.14483642,24,24,24,24,q1a,period_data_q1a.csv,0,0,0,0,0.101525599
0.15932006,24,24,24,24,q1a,period_data_q1a.csv,0,0,0,0,0.111678158
0.17525207,24,24,24,24,q1a,period_data_q1a.csv,0,0,0,0,0.122845976
0.19277727,24,24,24,24,q1a,period_data_q1a.csv,0,0,0,0,0.135130569
0.212055,24,24,24,24,q1a,period_data_q1a.csv,0,0,0,0,0.148643628
0.2332605,24,24,24,24,q1a,period_data_q1a.csv,0,0,0,0,0.163507991
0.25658655,24,24,24,24,q1a,period_data_q1a.csv,0,0,0,0,0.17985879
0.2822452,24,24,24,24,q1a,period_data_q1a.csv,0,0,0,0,0.197844666
0.31046973,24,24,24,24,q1a,period_data_q1a.csv,0,0,0,0,0.217629139
0.3415167,24,24,24,24,q1a,period_data_q1a.csv,0,0,0,0,0.239392051
0.37566837,24,24,24,24,q1a,period_data_q1a.csv,0,0,0,0,0.263331256
0.4132352,24,24,24,24,q1a,period_data_q1a.csv,0,0,0,0,0.289664377
0.45455872,24,24,24,24,q1a,period_data_q1a.csv,0,0,0,0,0.318630815
0.5000146,24,24,24,24,q1a,period_data_q1a.csv,0,0,0,0,0.350493902
0.55001606,24,24,24,24,q1a,period_data_q1a.csv,0,0,0,0,0.385543292
0.60501766,24,24,24,24,q1a,period_data_q1a.csv,0,0,0,0,0.424097617
0.66551943,24,24,24,24,q1a,period_data_q1a.csv,0,0,0,0,0.466507381
0.73207137,24,24,24,24,q1a,period_data_q1a.csv,0,0,0,0,0.513158117
0.80527851,24,24,24,24,q1a,period_data_q1a.csv,0,0,0,0,0.564473931
0.88580636,24,24,24,24,q1a,period_data_q1a.csv,0,0,0,0,0.620921323
0.974387,24,24,24,24,q1a,period_data_q1a.csv,0,0,0,0,0.683013459
1.07182569,24,24,24,24,q1a,period_data_q1a.csv,0,0,0,0,0.751314797
1.17900826,24,24,24,24,q1a,period_data_q1a.csv,0,0,0,0,0.826446278
1.29690909,24,24,24,24,q1a,period_data_q1a.csv,0,0,0,0,0.909090908
1.4266,24,24,24,24,q1a,period_data_q1a.csv,0,0,0,0,1
1.56926,24,24,24,24,q1a,period_data_q1a.csv,0,0,0,0,1.1
1.726186,24,24,24,24,q1a,period_data_q1a.csv,0,0,0,0,1.21
1.8988046,24,24,24,24,q1a,period_data_q1a.csv,0,0,0,0,1.331
2.08868506,24,24,24,24,q1a,period_data_q1a.csv,0,0,0,0,1.4641
2.29755357,24,24,24,24,q1a,period_data_q1a.csv,0,0,0,0,1.610510003
2.52730892,24,24,24,24,q1a,period_data_q1a.csv,0,0,0,0,1.771560998
2.78003981,24,24,24,24,q1a,period_data_q1a.csv,0,0,0,0,1.948717097
3.0580438,24,24,24,24,q1a,period_data_q1a.csv,0,0,0,0,2.143588813
3.36384818,24,24,24,24,q1a,period_data_q1a.csv,0,0,0,0,2.357947694
3.70023299,24,24,24,24,q1a,period_data_q1a.csv,0,0,0,0,2.593742458
4.07025629,24,24,24,24,q1a,period_data_q1a.csv,0,0,0,0,2.853116704
4.47728192,24,24,24,24,q1a,period_data_q1a.csv,0,0,0,0,3.138428375
4.92501011,24,24,24,24,q1a,period_data_q1a.csv,0,0,0,0,3.452271211
5.41751113,24,24,24,24,q1a,period_data_q1a.csv,0,0,0,0,3.797498339
5.95926224,24,24,24,24,q1a,period_data_q1a.csv,0,0,0,0,4.17724817
6.55518846,24,24,24,24,q1a,period_data_q1a.csv,0,0,0,0,4.594972985
7.21070731,24,24,24,24,q1a,period_data_q1a.csv,0,0,0,0,5.054470286
7.93177804,24,24,24,24,q1a,period_data_q1a.csv,0,0,0,0,5.559917314
8.72495584,24,24,24,24,q1a,period_data_q1a.csv,0,0,0,0,6.115909042
9.59745143,24,24,24,24,q1a,period_data_q1a.csv,0,0,0,0,6.727499951
10.55719657,24,24,24,24,q1a,period_data_q1a.csv,0,0,0,0,7.400249944
11.61291623,24,24,24,24,q1a,period_data_q1a.csv,0,0,0,0,8.14027494
12.77420785,24,24,24,24,q1a,period_data_q1a.csv,0,0,0,0,8.954302432
14.05162864,24,24,24,24,q1a,period_data_q1a.csv,0,0,0,0,9.849732679
0.36295401,24,24,24,24,q1b,period_data_q1b.csv,0,0,0,0,0.101525597
0.39924941,24,24,24,24,q1b,period_data_q1b.csv,0,0,0,0,0.111678157
0.43917436,24,24,24,24,q1b,period_data_q1b.csv,0,0,0,0,0.122845975
0.48309179,24,24,24,24,q1b,period_data_q1b.csv,0,0,0,0,0.135130571
0.53140097,24,24,24,24,q1b,period_data_q1b.csv,0,0,0,0,0.148643628
0.58454107,24,24,24,24,q1b,period_data_q1b.csv,0,0,0,0,0.163507992
0.64299517,24,24,24,24,q1b,period_data_q1b.csv,0,0,0,0,0.179858789
0.70729469,24,24,24,24,q1b,period_data_q1b.csv,0,0,0,0,0.197844669
0.77802416,24,24,24,24,q1b,period_data_q1b.csv,0,0,0,0,0.217629136
0.85582658,24,24,24,24,q1b,period_data_q1b.csv,0,0,0,0,0.23939205
0.94140923,24,24,24,24,q1b,period_data_q1b.csv,0,0,0,0,0.263331253
1.03555016,24,24,24,24,q1b,period_data_q1b.csv,0,0,0,0,0.28966438
1.13910517,24,24,24,24,q1b,period_data_q1b.csv,0,0,0,0,0.318630817
1.25301569,24,24,24,24,q1b,period_data_q1b.csv,0,0,0,0,0.350493899
1.37831726,24,24,24,24,q1b,period_data_q1b.csv,0,0,0,0,0.38554329
1.51614899,24,24,24,24,q1b,period_data_q1b.csv,0,0,0,0,0.42409762
1.66776388,24,24,24,24,q1b,period_data_q1b.csv,0,0,0,0,0.466507379
1.83454027,24,24,24,24,q1b,period_data_q1b.csv,0,0,0,0,0.513158117
2.0179943,24,24,24,24,q1b,period_data_q1b.csv,0,0,0,0,0.56447393
2.21979373,24,24,24,24,q1b,period_data_q1b.csv,0,0,0,0,0.620921323
2.4417731,24,24,24,24,q1b,period_data_q1b.csv,0,0,0,0,0.683013455
2.68595041,24,24,24,24,q1b,period_data_q1b.csv,0,0,0,0,0.7513148
2.95454545,24,24,24,24,q1b,period_data_q1b.csv,0,0,0,0,0.82644628
3.25,24,24,24,24,q1b,period_data_q1b.csv,0,0,0,0,0.909090909
3.575,24,24,24,24,q1b,period_data_q1b.csv,0,0,0,0,1
3.9325,24,24,24,24,q1b,period_data_q1b.csv,0,0,0,0,1.1
4.32575,24,24,24,24,q1b,period_data_q1b.csv,0,0,0,0,1.21
4.758325,24,24,24,24,q1b,period_data_q1b.csv,0,0,0,0,1.331
5.2341575,24,24,24,24,q1b,period_data_q1b.csv,0,0,0,0,1.4641
5.75757325,24,24,24,24,q1b,period_data_q1b.csv,0,0,0,0,1.61051
6.33333058,24,24,24,24,q1b,period_data_q1b.csv,0,0,0,0,1.771561001
6.96666363,24,24,24,24,q1b,period_data_q1b.csv,0,0,0,0,1.948717099
7.66333,24,24,24,24,q1b,period_data_q1b.csv,0,0,0,0,2.143588811
8.429663,24,24,24,24,q1b,period_data_q1b.csv,0,0,0,0,2.357947692
9.27262929,24,24,24,24,q1b,period_data_q1b.csv,0,0,0,0,2.593742459
10.19989222,24,24,24,24,q1b,period_data_q1b.csv,0,0,0,0,2.853116705
11.21988145,24,24,24,24,q1b,period_data_q1b.csv,0,0,0,0,3.138428378
12.34186959,24,24,24,24,q1b,period_data_q1b.csv,0,0,0,0,3.452271214
13.57605655,24,24,24,24,q1b,period_data_q1b.csv,0,0,0,0,3.797498336
14.93366221,24,24,24,24,q1b,period_data_q1b.csv,0,0,0,0,4.177248171
16.42702843,24,24,24,24,q1b,period_data_q1b.csv,0,0,0,0,4.594972987
18.06973127,24,24,24,24,q1b,period_data_q1b.csv,0,0,0,0,5.054470285
19.8767044,24,24,24,24,q1b,period_data_q1b.csv,0,0,0,0,5.559917315
21.86437484,24,24,24,24,q1b,period_data_q1b.csv,0,0,0,0,6.115909046
24.05081232,24,24,24,24,q1b,period_data_q1b.csv,0,0,0,0,6.72749995
26.45589355,24,24,24,24,q1b,period_data_q1b.csv,0,0,0,0,7.400249944
29.10148291,24,24,24,24,q1b,period_data_q1b.csv,0,0,0,0,8.14027494
32.0116312,24,24,24,24,q1b,period_data_q1b.csv,0,0,0,0,8.954302434
35.21279432,24,24,24,24,q1b,period_data_q1b.csv,0,0,0,0,9.849732677
0.05854981,24,24,24,24,q2,period_data_q2.csv,0,0,0,0,0.101525594
0.06440479,24,24,24,24,q2,period_data_q2.csv,0,0,0,0,0.111678152
0.07084527,24,24,24,24,q2,period_data_q2.csv,0,0,0,0,0.122845968
0.0779298,24,24,24,24,q2,period_data_q2.csv,0,0,0,0,0.13513057
0.08572278,24,24,24,24,q2,period_data_q2.csv,0,0,0,0,0.148643628
0.09429506,24,24,24,24,q2,period_data_q2.csv,0,0,0,0,0.163507994
0.10372456,24,24,24,24,q2,period_data_q2.csv,0,0,0,0,0.179858783
0.11409702,24,24,24,24,q2,period_data_q2.csv,0,0,0,0,0.197844668
0.12550672,24,24,24,24,q2,period_data_q2.csv,0,0,0,0,0.217629131
0.13805739,24,24,24,24,q2,period_data_q2.csv,0,0,0,0,0.239392041
0.15186313,24,24,24,24,q2,period_data_q2.csv,0,0,0,0,0.263331247
0.16704945,24,24,24,24,q2,period_data_q2.csv,0,0,0,0,0.289664384
0.18375439,24,24,24,24,q2,period_data_q2.csv,0,0,0,0,0.318630813
0.20212983,24,24,24,24,q2,period_data_q2.csv,0,0,0,0,0.350493896
0.22234282,24,24,24,24,q2,period_data_q2.csv,0,0,0,0,0.385543298
0.2445771,24,24,24,24,q2,period_data_q2.csv,0,0,0,0,0.424097624
0.26903481,24,24,24,24,q2,period_data_q2.csv,0,0,0,0,0.466507387
0.29593829,24,24,24,24,q2,period_data_q2.csv,0,0,0,0,0.513158124
0.32553212,24,24,24,24,q2,period_data_q2.csv,0,0,0,0,0.564473938
0.35808533,24,24,24,24,q2,period_data_q2.csv,0,0,0,0,0.620921328
0.39389386,24,24,24,24,q2,period_data_q2.csv,0,0,0,0,0.683013456
0.43328325,24,24,24,24,q2,period_data_q2.csv,0,0,0,0,0.751314808
0.47661157,24,24,24,24,q2,period_data_q2.csv,0,0,0,0,0.826446281
0.52427273,24,24,24,24,q2,period_data_q2.csv,0,0,0,0,0.909090914
0.5767,24,24,24,24,q2,period_data_q2.csv,0,0,0,0,1
0.63437,24,24,24,24,q2,period_data_q2.csv,0,0,0,0,1.1
0.697807,24,24,24,24,q2,period_data_q2.csv,0,0,0,0,1.21
0.7675877,24,24,24,24,q2,period_data_q2.csv,0,0,0,0,1.331
0.84434647,24,24,24,24,q2,period_data_q2.csv,0,0,0,0,1.4641
0.92878112,24,24,24,24,q2,period_data_q2.csv,0,0,0,0,1.610510005
1.02165923,24,24,24,24,q2,period_data_q2.csv,0,0,0,0,1.771561002
1.12382515,24,24,24,24,q2,period_data_q2.csv,0,0,0,0,1.948717097
1.23620767,24,24,24,24,q2,period_data_q2.csv,0,0,0,0,2.143588816
1.35982843,24,24,24,24,q2,period_data_q2.csv,0,0,0,0,2.357947685
1.49581128,24,24,24,24,q2,period_data_q2.csv,0,0,0,0,2.593742466
1.6453924,24,24,24,24,q2,period_data_q2.csv,0,0,0,0,2.853116698
1.80993164,24,24,24,24,q2,period_data_q2.csv,0,0,0,0,3.138428368
1.99092481,24,24,24,24,q2,period_data_q2.csv,0,0,0,0,3.452271216
2.19001729,24,24,24,24,q2,period_data_q2.csv,0,0,0,0,3.797498335
2.40901902,24,24,24,24,q2,period_data_q2.csv,0,0,0,0,4.177248171
2.64992092,24,24,24,24,q2,period_data_q2.csv,0,0,0,0,4.594972984
2.91491301,24,24,24,24,q2,period_data_q2.csv,0,0,0,0,5.054470279
3.20640431,24,24,24,24,q2,period_data_q2.csv,0,0,0,0,5.559917305
3.52704475,24,24,24,24,q2,period_data_q2.csv,0,0,0,0,6.115909051
3.87974922,24,24,24,24,q2,period_data_q2.csv,0,0,0,0,6.727499948
4.26772414,24,24,24,24,q2,period_data_q2.csv,0,0,0,0,7.400249939
4.69449656,24,24,24,24,q2,period_data_q2.csv,0,0,0,0,8.140274944
5.16394621,24,24,24,24,q2,period_data_q2.csv,0,0,0,0,8.954302428
5.68034083,24,24,24,24,q2,period_data_q2.csv,0,0,0,0,9.849732669
0.90796373,24,24,24,24,q3a,period_data_q3a.csv,0,0,0,0,0.101525598
0.9987601,24,24,24,24,q3a,period_data_q3a.csv,0,0,0,0,0.111678158
1.09863611,24,24,24,24,q3a,period_data_q3a.csv,0,0,0,0,0.122845973
1.20849972,24,24,24,24,q3a,period_data_q3a.csv,0,0,0,0,0.135130571
1.32934969,24,24,24,24,q3a,period_data_q3a.csv,0,0,0,0,0.148643628
1.46228466,24,24,24,24,q3a,period_data_q3a.csv,0,0,0,0,0.16350799
1.60851313,24,24,24,24,q3a,period_data_q3a.csv,0,0,0,0,0.17985879
1.76936444,24,24,24,24,q3a,period_data_q3a.csv,0,0,0,0,0.197844669
1.94630089,24,24,24,24,q3a,period_data_q3a.csv,0,0,0,0,0.217629136
2.14093098,24,24,24,24,q3a,period_data_q3a.csv,0,0,0,0,0.23939205
2.35502407,24,24,24,24,q3a,period_data_q3a.csv,0,0,0,0,0.263331254
2.59052648,24,24,24,24,q3a,period_data_q3a.csv,0,0,0,0,0.28966438
2.84957913,24,24,24,24,q3a,period_data_q3a.csv,0,0,0,0,0.318630818
3.13453704,24,24,24,24,q3a,period_data_q3a.csv,0,0,0,0,0.350493899
3.44799075,24,24,24,24,q3a,period_data_q3a.csv,0,0,0,0,0.38554329
3.79278982,24,24,24,24,q3a,period_data_q3a.csv,0,0,0,0,0.424097618
4.1720688,24,24,24,24,q3a,period_data_q3a.csv,0,0,0,0,0.46650738
4.58927568,24,24,24,24,q3a,period_data_q3a.csv,0,0,0,0,0.513158118
5.04820325,24,24,24,24,q3a,period_data_q3a.csv,0,0,0,0,0.56447393
5.55302358,24,24,24,24,q3a,period_data_q3a.csv,0,0,0,0,0.620921323
6.10832593,24,24,24,24,q3a,period_data_q3a.csv,0,0,0,0,0.683013455
6.71915853,24,24,24,24,q3a,period_data_q3a.csv,0,0,0,0,0.751314801
7.39107438,24,24,24,24,q3a,period_data_q3a.csv,0,0,0,0,0.826446281
8.13018182,24,24,24,24,q3a,period_data_q3a.csv,0,0,0,0,0.909090909
8.9432,24,24,24,24,q3a,period_data_q3a.csv,0,0,0,0,1
9.83752,24,24,24,24,q3a,period_data_q3a.csv,0,0,0,0,1.1
10.821272,24,24,24,24,q3a,period_data_q3a.csv,0,0,0,0,1.21
11.9033992,24,24,24,24,q3a,period_data_q3a.csv,0,0,0,0,1.331
13.09373912,24,24,24,24,q3a,period_data_q3a.csv,0,0,0,0,1.4641
14.40311303,24,24,24,24,q3a,period_data_q3a.csv,0,0,0,0,1.61051
15.84342434,24,24,24,24,q3a,period_data_q3a.csv,0,0,0,0,1.771561001
17.42776677,24,24,24,24,q3a,period_data_q3a.csv,0,0,0,0,1.9487171
19.17054345,24,24,24,24,q3a,period_data_q3a.csv,0,0,0,0,2.14358881
21.08759779,24,24,24,24,q3a,period_data_q3a.csv,0,0,0,0,2.357947691
23.19635757,24,24,24,24,q3a,period_data_q3a.csv,0,0,0,0,2.59374246
25.51599333,24,24,24,24,q3a,period_data_q3a.csv,0,0,0,0,2.853116707
28.06759266,24,24,24,24,q3a,period_data_q3a.csv,0,0,0,0,3.138428377
30.87435192,24,24,24,24,q3a,period_data_q3a.csv,0,0,0,0,3.452271214
33.96178712,24,24,24,24,q3a,period_data_q3a.csv,0,0,0,0,3.797498336
37.35796583,24,24,24,24,q3a,period_data_q3a.csv,0,0,0,0,4.17724817
41.09376241,24,24,24,24,q3a,period_data_q3a.csv,0,0,0,0,4.594972986
45.20313865,24,24,24,24,q3a,period_data_q3a.csv,0,0,0,0,5.054470285
49.72345252,24,24,24,24,q3a,period_data_q3a.csv,0,0,0,0,5.559917314
54.69579777,24,24,24,24,q3a,period_data_q3a.csv,0,0,0,0,6.115909045
60.16537755,24,24,24,24,q3a,period_data_q3a.csv,0,0,0,0,6.72749995
66.1819153,24,24,24,24,q3a,period_data_q3a.csv,0,0,0,0,7.400249944
72.80010683,24,24,24,24,q3a,period_data_q3a.csv,0,0,0,0,8.140274939
80.08011751,24,24,24,24,q3a,period_data_q3a.csv,0,0,0,0,8.954302432
88.08812927,24,24,24,24,q3a,period_data_q3a.csv,0,0,0,0,9.849732676
0.56751794,24,24,24,24,q3b,period_data_q3b.csv,0,0,0,0,0.101525598
0.62426973,24,24,24,24,q3b,period_data_q3b.csv,0,0,0,0,0.111678157
0.68669671,24,24,24,24,q3b,period_data_q3b.csv,0,0,0,0,0.122845974
0.75536638,24,24,24,24,q3b,period_data_q3b.csv,0,0,0,0,0.135130571
0.83090302,24,24,24,24,q3b,period_data_q3b.csv,0,0,0,0,0.148643629
0.91399332,24,24,24,24,q3b,period_data_q3b.csv,0,0,0,0,0.163507991
1.00539265,24,24,24,24,q3b,period_data_q3b.csv,0,0,0,0,0.17985879
1.10593191,24,24,24,24,q3b,period_data_q3b.csv,0,0,0,0,0.197844668
1.21652511,24,24,24,24,q3b,period_data_q3b.csv,0,0,0,0,0.217629136
1.33817762,24,24,24,24,q3b,period_data_q3b.csv,0,0,0,0,0.23939205
1.47199538,24,24,24,24,q3b,period_data_q3b.csv,0,0,0,0,0.263331255
1.61919492,24,24,24,24,q3b,period_data_q3b.csv,0,0,0,0,0.28966438
1.78111441,24,24,24,24,q3b,period_data_q3b.csv,0,0,0,0,0.318630818
1.95922585,24,24,24,24,q3b,period_data_q3b.csv,0,0,0,0,0.3504939
2.15514843,24,24,24,24,q3b,period_data_q3b.csv,0,0,0,0,0.385543289
2.37066328,24,24,24,24,q3b,period_data_q3b.csv,0,0,0,0,0.424097619
2.6077296,24,24,24,24,q3b,period_data_q3b.csv,0,0,0,0,0.466507379
2.86850257,24,24,24,24,q3b,period_data_q3b.csv,0,0,0,0,0.513158119
3.15535282,24,24,24,24,q3b,period_data_q3b.csv,0,0,0,0,0.56447393
3.4708881,24,24,24,24,q3b,period_data_q3b.csv,0,0,0,0,0.620921322
3.81797691,24,24,24,24,q3b,period_data_q3b.csv,0,0,0,0,0.683013455
4.19977461,24,24,24,24,q3b,period_data_q3b.csv,0,0,0,0,0.751314802
4.61975207,24,24,24,24,q3b,period_data_q3b.csv,0,0,0,0,0.826446282
5.08172727,24,24,24,24,q3b,period_data_q3b.csv,0,0,0,0,0.909090909
5.5899,24,24,24,24,q3b,period_data_q3b.csv,0,0,0,0,1
6.14889,24,24,24,24,q3b,period_data_q3b.csv,0,0,0,0,1.1
6.763779,24,24,24,24,q3b,period_data_q3b.csv,0,0,0,0,1.21
7.4401569,24,24,24,24,q3b,period_data_q3b.csv,0,0,0,0,1.331
8.18417259,24,24,24,24,q3b,period_data_q3b.csv,0,0,0,0,1.4641
9.00258985,24,24,24,24,q3b,period_data_q3b.csv,0,0,0,0,1.61051
9.90284883,24,24,24,24,q3b,period_data_q3b.csv,0,0,0,0,1.771560999
10.89313372,24,24,24,24,q3b,period_data_q3b.csv,0,0,0,0,1.9487171
11.98244709,24,24,24,24,q3b,period_data_q3b.csv,0,0,0,0,2.14358881
13.1806918,24,24,24,24,q3b,period_data_q3b.csv,0,0,0,0,2.357947691
14.49876098,24,24,24,24,q3b,period_data_q3b.csv,0,0,0,0,2.593742461
15.94863708,24,24,24,24,q3b,period_data_q3b.csv,0,0,0,0,2.853116707
17.54350078,24,24,24,24,q3b,period_data_q3b.csv,0,0,0,0,3.138428376
19.29785086,24,24,24,24,q3b,period_data_q3b.csv,0,0,0,0,3.452271214
21.22763595,24,24,24,24,q3b,period_data_q3b.csv,0,0,0,0,3.797498336
23.35039954,24,24,24,24,q3b,period_data_q3b.csv,0,0,0,0,4.177248169
25.6854395,24,24,24,24,q3b,period_data_q3b.csv,0,0,0,0,4.594972987
28.25398345,24,24,24,24,q3b,period_data_q3b.csv,0,0,0,0,5.054470286
31.07938179,24,24,24,24,q3b,period_data_q3b.csv,0,0,0,0,5.559917313
34.18731997,24,24,24,24,q3b,period_data_q3b.csv,0,0,0,0,6.115909045
37.60605197,24,24,24,24,q3b,period_data_q3b.csv,0,0,0,0,6.72749995
41.36665716,24,24,24,24,q3b,period_data_q3b.csv,0,0,0,0,7.400249944
45.50332288,24,24,24,24,q3b,period_data_q3b.csv,0,0,0,0,8.140274939
50.05365517,24,24,24,24,q3b,period_data_q3b.csv,0,0,0,0,8.954302433
55.05902068,24,24,24,24,q3b,period_data_q3b.csv,0,0,0,0,9.849732675
0.60181329,24,24,24,24,q4a,period_data_q4a.csv,0,0,0,0,0.101525598
0.66199462,24,24,24,24,q4a,period_data_q4a.csv,0,0,0,0,0.111678158
0.72819408,24,24,24,24,q4a,period_data_q4a.csv,0,0,0,0,0.122845974
0.80101349,24,24,24,24,q4a,period_data_q4a.csv,0,0,0,0,0.135130572
0.88111483,24,24,24,24,q4a,period_data_q4a.csv,0,0,0,0,0.148643627
0.96922632,24,24,24,24,q4a,period_data_q4a.csv,0,0,0,0,0.163507991
1.06614895,24,24,24,24,q4a,period_data_q4a.csv,0,0,0,0,0.17985879
1.17276384,24,24,24,24,q4a,period_data_q4a.csv,0,0,0,0,0.197844668
1.29004023,24,24,24,24,q4a,period_data_q4a.csv,0,0,0,0,0.217629136
1.41904425,24,24,24,24,q4a,period_data_q4a.csv,0,0,0,0,0.239392049
1.56094868,24,24,24,24,q4a,period_data_q4a.csv,0,0,0,0,0.263331255
1.71704354,24,24,24,24,q4a,period_data_q4a.csv,0,0,0,0,0.289664379
1.8887479,24,24,24,24,q4a,period_data_q4a.csv,0,0,0,0,0.318630818
2.07762269,24,24,24,24,q4a,period_data_q4a.csv,0,0,0,0,0.3504939
2.28538496,24,24,24,24,q4a,period_data_q4a.csv,0,0,0,0,0.38554329
2.51392345,24,24,24,24,q4a,period_data_q4a.csv,0,0,0,0,0.424097618
2.7653158,24,24,24,24,q4a,period_data_q4a.csv,0,0,0,0,0.466507381
3.04184738,24,24,24,24,q4a,period_data_q4a.csv,0,0,0,0,0.513158119
3.34603212,24,24,24,24,q4a,period_data_q4a.csv,0,0,0,0,0.564473931
3.68063533,24,24,24,24,q4a,period_data_q4a.csv,0,0,0,0,0.620921324
4.04869886,24,24,24,24,q4a,period_data_q4a.csv,0,0,0,0,0.683013455
4.45356875,24,24,24,24,q4a,period_data_q4a.csv,0,0,0,0,0.751314802
4.89892562,24,24,24,24,q4a,period_data_q4a.csv,0,0,0,0,0.826446281
5.38881818,24,24,24,24,q4a,period_data_q4a.csv,0,0,0,0,0.909090909
5.9277,24,24,24,24,q4a,period_data_q4a.csv,0,0,0,0,1
6.52047,24,24,24,24,q4a,period_data_q4a.csv,0,0,0,0,1.1
7.172517,24,24,24,24,q4a,period_data_q4a.csv,0,0,0,0,1.21
7.8897687,24,24,24,24,q4a,period_data_q4a.csv,0,0,0,0,1.331
8.67874557,24,24,24,24,q4a,period_data_q4a.csv,0,0,0,0,1.4641
9.54662013,24,24,24,24,q4a,period_data_q4a.csv,0,0,0,0,1.610510001
10.50128214,24,24,24,24,q4a,period_data_q4a.csv,0,0,0,0,1.771561
11.55141035,24,24,24,24,q4a,period_data_q4a.csv,0,0,0,0,1.948717099
12.70655139,24,24,24,24,q4a,period_data_q4a.csv,0,0,0,0,2.14358881
13.97720653,24,24,24,24,q4a,period_data_q4a.csv,0,0,0,0,2.357947691
15.37492718,24,24,24,24,q4a,period_data_q4a.csv,0,0,0,0,2.59374246
16.9124199,24,24,24,24,q4a,period_data_q4a.csv,0,0,0,0,2.853116706
18.60366189,24,24,24,24,q4a,period_data_q4a.csv,0,0,0,0,3.138428377
20.46402808,24,24,24,24,q4a,period_data_q4a.csv,0,0,0,0,3.452271215
22.51043089,24,24,24,24,q4a,period_data_q4a.csv,0,0,0,0,3.797498337
24.76147397,24,24,24,24,q4a,period_data_q4a.csv,0,0,0,0,4.177248169
27.23762137,24,24,24,24,q4a,period_data_q4a.csv,0,0,0,0,4.594972986
29.96138351,24,24,24,24,q4a,period_data_q4a.csv,0,0,0,0,5.054470285
32.95752186,24,24,24,24,q4a,period_data_q4a.csv,0,0,0,0,5.559917314
36.25327405,24,24,24,24,q4a,period_data_q4a.csv,0,0,0,0,6.115909046
39.87860145,24,24,24,24,q4a,period_data_q4a.csv,0,0,0,0,6.727499949
43.86646159,24,24,24,24,q4a,period_data_q4a.csv,0,0,0,0,7.400249943
48.25310775,24,24,24,24,q4a,period_data_q4a.csv,0,0,0,0,8.140274938
53.07841853,24,24,24,24,q4a,period_data_q4a.csv,0,0,0,0,8.954302433
58.38626038,24,24,24,24,q4a,period_data_q4a.csv,0,0,0,0,9.849732675
0.9090602,24,24,24,24,q4b,period_data_q4b.csv,0,0,0,0,0.101525597
0.99996622,24,24,24,24,q4b,period_data_q4b.csv,0,0,0,0,0.111678157
1.09996285,24,24,24,24,q4b,period_data_q4b.csv,0,0,0,0,0.122845974
1.20995913,24,24,24,24,q4b,period_data_q4b.csv,0,0,0,0,0.135130571
1.33095505,24,24,24,24,q4b,period_data_q4b.csv,0,0,0,0,0.148643629
1.46405055,24,24,24,24,q4b,period_data_q4b.csv,0,0,0,0,0.163507991
1.6104556,24,24,24,24,q4b,period_data_q4b.csv,0,0,0,0,0.179858789
1.77150117,24,24,24,24,q4b,period_data_q4b.csv,0,0,0,0,0.197844669
1.94865128,24,24,24,24,q4b,period_data_q4b.csv,0,0,0,0,0.217629136
2.14351641,24,24,24,24,q4b,period_data_q4b.csv,0,0,0,0,0.239392049
2.35786805,24,24,24,24,q4b,period_data_q4b.csv,0,0,0,0,0.263331254
2.59365486,24,24,24,24,q4b,period_data_q4b.csv,0,0,0,0,0.28966438
2.85302034,24,24,24,24,q4b,period_data_q4b.csv,0,0,0,0,0.318630818
3.13832238,24,24,24,24,q4b,period_data_q4b.csv,0,0,0,0,0.3504939
3.45215461,24,24,24,24,q4b,period_data_q4b.csv,0,0,0,0,0.385543289
3.79737007,24,24,24,24,q4b,period_data_q4b.csv,0,0,0,0,0.424097618
4.17710708,24,24,24,24,q4b,period_data_q4b.csv,0,0,0,0,0.46650738
4.59481779,24,24,24,24,q4b,period_data_q4b.csv,0,0,0,0,0.513158118
5.05429957,24,24,24,24,q4b,period_data_q4b.csv,0,0,0,0,0.56447393
5.55972953,24,24,24,24,q4b,period_data_q4b.csv,0,0,0,0,0.620921323
6.11570248,24,24,24,24,q4b,period_data_q4b.csv,0,0,0,0,0.683013455
6.72727273,24,24,24,24,q4b,period_data_q4b.csv,0,0,0,0,0.751314801
7.4,24,24,24,24,q4b,period_data_q4b.csv,0,0,0,0,0.826446281
8.14,24,24,24,24,q4b,period_data_q4b.csv,0,0,0,0,0.909090909
8.954,24,24,24,24,q4b,period_data_q4b.csv,0,0,0,0,1
9.8494,24,24,24,24,q4b,period_data_q4b.csv,0,0,0,0,1.1
10.83434,24,24,24,24,q4b,period_data_q4b.csv,0,0,0,0,1.21
11.917774,24,24,24,24,q4b,period_data_q4b.csv,0,0,0,0,1.331
13.1095514,24,24,24,24,q4b,period_data_q4b.csv,0,0,0,0,1.4641
14.42050654,24,24,24,24,q4b,period_data_q4b.csv,0,0,0,0,1.61051
15.86255719,24,24,24,24,q4b,period_data_q4b.csv,0,0,0,0,1.771561
17.44881291,24,24,24,24,q4b,period_data_q4b.csv,0,0,0,0,1.9487171
19.1936942,24,24,24,24,q4b,period_data_q4b.csv,0,0,0,0,2.143588809
21.11306363,24,24,24,24,q4b,period_data_q4b.csv,0,0,0,0,2.357947692
23.22436999,24,24,24,24,q4b,period_data_q4b.csv,0,0,0,0,2.59374246
25.54680699,24,24,24,24,q4b,period_data_q4b.csv,0,0,0,0,2.853116706
28.10148769,24,24,24,24,q4b,period_data_q4b.csv,0,0,0,0,3.138428377
30.91163645,24,24,24,24,q4b,period_data_q4b.csv,0,0,0,0,3.452271214
34.0028001,24,24,24,24,q4b,period_data_q4b.csv,0,0,0,0,3.797498336
37.40308011,24,24,24,24,q4b,period_data_q4b.csv,0,0,0,0,4.17724817
41.14338812,24,24,24,24,q4b,period_data_q4b.csv,0,0,0,0,4.594972986
45.25772693,24,24,24,24,q4b,period_data_q4b.csv,0,0,0,0,5.054470285
49.78349963,24,24,24,24,q4b,period_data_q4b.csv,0,0,0,0,5.559917314
54.76184959,24,24,24,24,q4b,period_data_q4b.csv,0,0,0,0,6.115909045
60.23803455,24,24,24,24,q4b,period_data_q4b.csv,0,0,0,0,6.72749995
66.261838,24,24,24,24,q4b,period_data_q4b.csv,0,0,0,0,7.400249944
72.8880218,24,24,24,24,q4b,period_data_q4b.csv,0,0,0,0,8.140274939
80.17682398,24,24,24,24,q4b,period_data_q4b.csv,0,0,0,0,8.954302432
88.19450638,24,24,24,24,q4b,period_data_q4b.csv,0,0,0,0,9.849732676
0.49055138,24,24,24,24,v1,period_data_v1.csv,0,0,0,0,0.101525597
0.53960652,24,24,24,24,v1,period_data_v1.csv,0,0,0,0,0.111678157
0.59356718,24,24,24,24,v1,period_data_v1.csv,0,0,0,0,0.122845975
0.65292389,24,24,24,24,v1,period_data_v1.csv,0,0,0,0,0.13513057
0.71821628,24,24,24,24,v1,period_data_v1.csv,0,0,0,0,0.148643628
0.79003791,24,24,24,24,v1,period_data_v1.csv,0,0,0,0,0.163507991
0.8690417,24,24,24,24,v1,period_data_v1.csv,0,0,0,0,0.17985879
0.95594587,24,24,24,24,v1,period_data_v1.csv,0,0,0,0,0.197844669
1.05154046,24,24,24,24,v1,period_data_v1.csv,0,0,0,0,0.217629136
1.1566945,24,24,24,24,v1,period_data_v1.csv,0,0,0,0,0.239392049
1.27236395,24,24,24,24,v1,period_data_v1.csv,0,0,0,0,0.263331253
1.39960035,24,24,24,24,v1,period_data_v1.csv,0,0,0,0,0.28966438
1.53956039,24,24,24,24,v1,period_data_v1.csv,0,0,0,0,0.318630819
1.69351642,24,24,24,24,v1,period_data_v1.csv,0,0,0,0,0.350493899
1.86286807,24,24,24,24,v1,period_data_v1.csv,0,0,0,0,0.38554329
2.04915487,24,24,24,24,v1,period_data_v1.csv,0,0,0,0,0.424097618
2.25407036,24,24,24,24,v1,period_data_v1.csv,0,0,0,0,0.46650738
2.4794774,24,24,24,24,v1,period_data_v1.csv,0,0,0,0,0.513158119
2.72742514,24,24,24,24,v1,period_data_v1.csv,0,0,0,0,0.564473931
3.00016765,24,24,24,24,v1,period_data_v1.csv,0,0,0,0,0.620921323
3.30018441,24,24,24,24,v1,period_data_v1.csv,0,0,0,0,0.683013455
3.63020285,24,24,24,24,v1,period_data_v1.csv,0,0,0,0,0.7513148
3.99322314,24,24,24,24,v1,period_data_v1.csv,0,0,0,0,0.826446281
4.39254545,24,24,24,24,v1,period_data_v1.csv,0,0,0,0,0.909090908
4.8318,24,24,24,24,v1,period_data_v1.csv,0,0,0,0,1
5.31498,24,24,24,24,v1,period_data_v1.csv,0,0,0,0,1.1
5.846478,24,24,24,24,v1,period_data_v1.csv,0,0,0,0,1.21
6.4311258,24,24,24,24,v1,period_data_v1.csv,0,0,0,0,1.331
7.07423838,24,24,24,24,v1,period_data_v1.csv,0,0,0,0,1.4641
7.78166222,24,24,24,24,v1,period_data_v1.csv,0,0,0,0,1.61051
8.55982844,24,24,24,24,v1,period_data_v1.csv,0,0,0,0,1.771561
9.41581128,24,24,24,24,v1,period_data_v1.csv,0,0,0,0,1.948717099
10.35739241,24,24,24,24,v1,period_data_v1.csv,0,0,0,0,2.14358881
11.39313165,24,24,24,24,v1,period_data_v1.csv,0,0,0,0,2.35794769
12.53244482,24,24,24,24,v1,period_data_v1.csv,0,0,0,0,2.59374246
13.7856893,24,24,24,24,v1,period_data_v1.csv,0,0,0,0,2.853116706
15.16425823,24,24,24,24,v1,period_data_v1.csv,0,0,0,0,3.138428377
16.68068405,24,24,24,24,v1,period_data_v1.csv,0,0,0,0,3.452271214
18.34875246,24,24,24,24,v1,period_data_v1.csv,0,0,0,0,3.797498336
20.1836277,24,24,24,24,v1,period_data_v1.csv,0,0,0,0,4.177248168
22.20199048,24,24,24,24,v1,period_data_v1.csv,0,0,0,0,4.594972987
24.42218952,24,24,24,24,v1,period_data_v1.csv,0,0,0,0,5.054470284
26.86440848,24,24,24,24,v1,period_data_v1.csv,0,0,0,0,5.559917314
29.55084932,24,24,24,24,v1,period_data_v1.csv,0,0,0,0,6.115909044
32.50593426,24,24,24,24,v1,period_data_v1.csv,0,0,0,0,6.72749995
35.75652768,24.125,24,24,24,v1,period_data_v1.csv,0.125,0,0,0,7.400249944
39.33218045,24.125,24,24,24,v1,period_data_v1.csv,0.125,0,0,0,8.140274939
43.26539849,24.25,24,24,24,v1,period_data_v1.csv,0.25,0,0,0,8.954302432
47.59193834,42,34.33333333,40.6,29.85714286,v1,period_data_v1.csv,18,10.33333333,16.6,5.857142857,9.849732675
0.17078636,24,24,24,24,v2,period_data_v2.csv,0,0,0,0,0.101525597
0.187865,24,24,24,24,v2,period_data_v2.csv,0,0,0,0,0.11167816
0.2066515,24,24,24,24,v2,period_data_v2.csv,0,0,0,0,0.122845976
0.22731665,24,24,24,24,v2,period_data_v2.csv,0,0,0,0,0.135130573
0.25004831,24,24,24,24,v2,period_data_v2.csv,0,0,0,0,0.148643627
0.27505314,24,24,24,24,v2,period_data_v2.csv,0,0,0,0,0.16350799
0.30255846,24,12.15789474,24,24,v2,period_data_v2.csv,0,-11.84210526,0,0,0.179858792
0.3328143,28,19.63636364,31.14285714,31.28571429,v2,period_data_v2.csv,4,-4.363636364,7.142857143,7.285714286,0.197844668
0.36609573,24,16.07142857,24.44444444,24.11111111,v2,period_data_v2.csv,0,-7.928571429,0.444444444,0.111111111,0.217629134
0.40270531,24,16,24.22222222,24,v2,period_data_v2.csv,0,-8,0.222222222,0,0.239392052
0.44297584,24,24,24,24,v2,period_data_v2.csv,0,0,0,0,0.263331257
0.48727342,24,24,24,24,v2,period_data_v2.csv,0,0,0,0,0.28966438
0.53600076,24,24,24,24,v2,period_data_v2.csv,0,0,0,0,0.318630817
0.58960084,24,24,24,24,v2,period_data_v2.csv,0,0,0,0,0.350493901
0.64856092,24,24,24,24,v2,period_data_v2.csv,0,0,0,0,0.385543289
0.71341701,24,24,24,24,v2,period_data_v2.csv,0,0,0,0,0.424097616
0.78475871,24,24,24,24,v2,period_data_v2.csv,0,0,0,0,0.466507377
0.86323459,24,24,24,24,v2,period_data_v2.csv,0,0,0,0,0.51315812
0.94955805,24,24,24,24,v2,period_data_v2.csv,0,0,0,0,0.564473933
1.04451385,24,24,24,24,v2,period_data_v2.csv,0,0,0,0,0.620921323
1.14896523,24,24,24,24,v2,period_data_v2.csv,0,0,0,0,0.683013453
1.26386176,24,24,24,24,v2,period_data_v2.csv,0,0,0,0,0.751314802
1.39024793,24,24,24,24,v2,period_data_v2.csv,0,0,0,0,0.826446279
1.52927273,24,24,24,24,v2,period_data_v2.csv,0,0,0,0,0.909090911
1.6822,24,24,24,24,v2,period_data_v2.csv,0,0,0,0,1
1.85042,24,24,24,24,v2,period_data_v2.csv,0,0,0,0,1.1
2.035462,24,24,24,24,v2,period_data_v2.csv,0,0,0,0,1.21
2.2390082,24,24,24,24,v2,period_data_v2.csv,0,0,0,0,1.331
2.46290902,24,24,24,24,v2,period_data_v2.csv,0,0,0,0,1.4641
2.70919992,24,24,24,24,v2,period_data_v2.csv,0,0,0,0,1.610509999
2.98011991,24,24,24,24,v2,period_data_v2.csv,0,0,0,0,1.771560998
3.27813191,24,24,24,24,v2,period_data_v2.csv,0,0,0,0,1.948717103
3.6059451,24,24,24,24,v2,period_data_v2.csv,0,0,0,0,2.143588812
3.96653961,24,24,24,24,v2,period_data_v2.csv,0,0,0,0,2.357947693
4.36319357,24,24,24,24,v2,period_data_v2.csv,0,0,0,0,2.593742462
4.79951292,24,24,24,24,v2,period_data_v2.csv,0,0,0,0,2.853116704
5.27946422,24,24,24,24,v2,period_data_v2.csv,0,0,0,0,3.13842838
5.80741064,24,24,24,24,v2,period_data_v2.csv,0,0,0,0,3.452271216
6.3881517,24,24,24,24,v2,period_data_v2.csv,0,0,0,0,3.797498336
7.02696687,24,24,24,24,v2,period_data_v2.csv,0,0,0,0,4.177248169
7.72966356,24,24,24,24,v2,period_data_v2.csv,0,0,0,0,4.594972988
8.50262991,24,24,24,24,v2,period_data_v2.csv,0,0,0,0,5.054470283
9.3528929,24,24,24,24,v2,period_data_v2.csv,0,0,0,0,5.559917311
10.2881822,24,24,24,24,v2,period_data_v2.csv,0,0,0,0,6.115909048
11.31700041,24,24,24,24,v2,period_data_v2.csv,0,0,0,0,6.727499946
12.44870046,24,24,24,24,v2,period_data_v2.csv,0,0,0,0,7.400249946
13.6935705,24,24,24,24,v2,period_data_v2.csv,0,0,0,0,8.140274938
15.06292755,24,24,24,24,v2,period_data_v2.csv,0,0,0,0,8.954302431
16.56922031,24,24,24,24,v2,period_data_v2.csv,0,0,0,0,9.849732677
0.11299799,24,24,24,24,v3,period_data_v3.csv,0,0,0,0,0.101525597
0.12429779,24,24,24,24,v3,period_data_v3.csv,0,0,0,0,0.111678158
0.13672757,24,24,24,24,v3,period_data_v3.csv,0,0,0,0,0.122845975
0.15040033,24,24,24,24,v3,period_data_v3.csv,0,0,0,0,0.135130575
0.16544036,24,24,24,24,v3,period_data_v3.csv,0,0,0,0,0.14864363
0.18198439,24,24,24,24,v3,period_data_v3.csv,0,0,0,0,0.163507987
0.20018283,24,24,24,24,v3,period_data_v3.csv,0,0,0,0,0.179858787
0.22020112,24,24,24,24,v3,period_data_v3.csv,0,0,0,0,0.197844672
0.24222123,24,24,24,24,v3,period_data_v3.csv,0,0,0,0,0.217629137
0.26644335,24,24,24,24,v3,period_data_v3.csv,0,0,0,0,0.239392049
0.29308769,24,24,24,24,v3,period_data_v3.csv,0,0,0,0,0.263331258
0.32239645,24,24,24,24,v3,period_data_v3.csv,0,0,0,0,0.289664376
0.3546361,24,24,24,24,v3,period_data_v3.csv,0,0,0,0,0.318630818
0.39009971,24,24,24,24,v3,period_data_v3.csv,0,0,0,0,0.350493899
0.42910968,24,24,24,24,v3,period_data_v3.csv,0,0,0,0,0.385543288
0.47202065,24,24,24,24,v3,period_data_v3.csv,0,0,0,0,0.424097619
0.51922271,24,24,24,24,v3,period_data_v3.csv,0,0,0,0,0.466507376
0.57114499,24,24,24,24,v3,period_data_v3.csv,0,0,0,0,0.513158122
0.62825948,24,24,24,24,v3,period_data_v3.csv,0,0,0,0,0.564473926
0.69108543,24,24,24,24,v3,period_data_v3.csv,0,0,0,0,0.620921321
0.76019398,24,24,24,24,v3,period_data_v3.csv,0,0,0,0,0.683013459
0.83621337,24,24,24,24,v3,period_data_v3.csv,0,0,0,0,0.751314798
0.91983471,24,24,24,24,v3,period_data_v3.csv,0,0,0,0,0.82644628
1.01181818,24,24,24,24,v3,period_data_v3.csv,0,0,0,0,0.909090907
1.113,24,24,24,24,v3,period_data_v3.csv,0,0,0,0,1
1.2243,24,24,24,24,v3,period_data_v3.csv,0,0,0,0,1.1
1.34673,24,24,24,24,v3,period_data_v3.csv,0,0,0,0,1.21
1.481403,24,24,24,24,v3,period_data_v3.csv,0,0,0,0,1.331
1.6295433,24,24,24,24,v3,period_data_v3.csv,0,0,0,0,1.4641
1.79249763,24,24,24,24,v3,period_data_v3.csv,0,0,0,0,1.61051
1.97174739,24,24,24,24,v3,period_data_v3.csv,0,0,0,0,1.771560997
2.16892213,24,24,24,24,v3,period_data_v3.csv,0,0,0,0,1.948717098
2.38581435,24,24,24,24,v3,period_data_v3.csv,0,0,0,0,2.143588814
2.62439578,24,24,24,24,v3,period_data_v3.csv,0,0,0,0,2.357947691
2.88683536,24,24,24,24,v3,period_data_v3.csv,0,0,0,0,2.593742462
3.17551889,24,24,24,24,v3,period_data_v3.csv,0,0,0,0,2.853116703
3.49307078,24,24,24,11.94736842,v3,period_data_v3.csv,0,0,0,-12.05263158,3.138428374
3.84237786,24,24,24,11.94736842,v3,period_data_v3.csv,0,0,0,-12.05263158,3.452271213
4.22661565,24,24,24,11.94736842,v3,period_data_v3.csv,0,0,0,-12.05263158,3.797498338
4.64927721,24,24,24,11.89473684,v3,period_data_v3.csv,0,0,0,-12.10526316,4.177248167
5.11420493,24,24,24,11.89473684,v3,period_data_v3.csv,0,0,0,-12.10526316,4.594972983
5.62562543,24.11111111,24,24.11111111,11.89473684,v3,period_data_v3.csv,0.111111111,0,0.111111111,-12.10526316,5.054470288
6.18818797,26.5,26.125,26.25,21.3,v3,period_data_v3.csv,2.5,2.125,2.25,-2.7,5.559917314
6.80700677,27.5,27.375,27.375,19.63636364,v3,period_data_v3.csv,3.5,3.375,3.375,-4.363636364,6.115909048
7.48770744,27.375,27.375,27.85714286,19.72727273,v3,period_data_v3.csv,3.375,3.375,3.857142857,-4.272727273,6.727499946
8.23647819,28,27.85714286,28,24.22222222,v3,period_data_v3.csv,4,3.857142857,4,0.222222222,7.400249946
9.06012601,28.85714286,29,28.85714286,24.88888889,v3,period_data_v3.csv,4.857142857,5,4.857142857,0.888888889,8.140274942
9.96613861,29.57142857,29.85714286,29.28571429,25,v3,period_data_v3.csv,5.571428571,5.857142857,5.285714286,1,8.954302435
10.96275247,29.71428571,29.57142857,29.83333333,23.77777778,v3,period_data_v3.csv,5.714285714,5.571428571,5.833333333,-0.222222222,9.849732677
0.25393583,24,24,24,24,v4,period_data_v4.csv,0,0,0,0,0.1015256
0.27932941,24,24,24,24,v4,period_data_v4.csv,0,0,0,0,0.111678158
0.30726235,24,24,24,24,v4,period_data_v4.csv,0,0,0,0,0.122845974
0.33798858,24,24,24,24,v4,period_data_v4.csv,0,0,0,0,0.135130569
0.37178744,24,24,24,24,v4,period_data_v4.csv,0,0,0,0,0.148643627
0.40896619,24,24,24,24,v4,period_data_v4.csv,0,0,0,0,0.163507992
0.44986281,24,24,24,24,v4,period_data_v4.csv,0,0,0,0,0.179858792
0.49484909,24,24,24,24,v4,period_data_v4.csv,0,0,0,0,0.197844671
0.54433399,24,24,24,24,v4,period_data_v4.csv,0,0,0,0,0.217629134
0.59876739,24,24,24,24,v4,period_data_v4.csv,0,0,0,0,0.239392048
0.65864413,24,24,24,24,v4,period_data_v4.csv,0,0,0,0,0.263331253
0.72450855,24,24,24,24,v4,period_data_v4.csv,0,0,0,0,0.289664381
0.7969594,24,24,24,24,v4,period_data_v4.csv,0,0,0,0,0.318630817
0.87665534,24,24,24,24,v4,period_data_v4.csv,0,0,0,0,0.350493899
0.96432088,24,24,24,24,v4,period_data_v4.csv,0,0,0,0,0.385543291
1.06075296,24,24,24,24,v4,period_data_v4.csv,0,0,0,0,0.424097617
1.16682826,24,24,24,24,v4,period_data_v4.csv,0,0,0,0,0.46650738
1.28351109,24,24,24,24,v4,period_data_v4.csv,0,0,0,0,0.51315812
1.41186219,24,24,24,24,v4,period_data_v4.csv,0,0,0,0,0.564473929
1.55304841,24,24,24,24,v4,period_data_v4.csv,0,0,0,0,0.620921322
1.70835325,24,24,24,24,v4,period_data_v4.csv,0,0,0,0,0.683013454
1.87918858,24,24,24,24,v4,period_data_v4.csv,0,0,0,0,0.751314801
2.06710744,24,24,24,24,v4,period_data_v4.csv,0,0,0,0,0.826446282
2.27381818,24,24,24,24,v4,period_data_v4.csv,0,0,0,0,0.909090908
2.5012,24,24,24,24,v4,period_data_v4.csv,0,0,0,0,1
2.75132,24,24,24,24,v4,period_data_v4.csv,0,0,0,0,1.1
3.026452,24,24,24,24,v4,period_data_v4.csv,0,0,0,0,1.21
3.3290972,24,24,24,24,v4,period_data_v4.csv,0,0,0,0,1.331
3.66200692,24,24,24,24,v4,period_data_v4.csv,0,0,0,0,1.4641
4.02820761,24,24,24,24,v4,period_data_v4.csv,0,0,0,0,1.610509999
4.43102837,24,24,24,24,v4,period_data_v4.csv,0,0,0,0,1.771560999
4.87413121,24,24,24,24,v4,period_data_v4.csv,0,0,0,0,1.9487171
5.36154433,24,24,24,24,v4,period_data_v4.csv,0,0,0,0,2.143588809
5.89769876,24,24,24,24,v4,period_data_v4.csv,0,0,0,0,2.357947689
6.48746864,24,24,24,24,v4,period_data_v4.csv,0,0,0,0,2.59374246
7.13621551,24,24,24,24,v4,period_data_v4.csv,0,0,0,0,2.853116708
7.84983706,24,24,24,24,v4,period_data_v4.csv,0,0,0,0,3.138428378
8.63482076,24,24,24,24,v4,period_data_v4.csv,0,0,0,0,3.452271214
9.49830284,24,24,24,24,v4,period_data_v4.csv,0,0,0,0,3.797498337
10.44813312,24,24,24,24,v4,period_data_v4.csv,0,0,0,0,4.177248169
11.49294643,24,24,24,24,v4,period_data_v4.csv,0,0,0,0,4.594972985
12.64224108,24,24,24,24,v4,period_data_v4.csv,0,0,0,0,5.054470286
13.90646518,24,24,24,24,v4,period_data_v4.csv,0,0,0,0,5.559917312
15.2971117,24,24,24,24,v4,period_data_v4.csv,0,0,0,0,6.115909044
16.82682287,24,24,24,24,v4,period_data_v4.csv,0,0,0,0,6.727499948
18.50950516,24,24,24,24,v4,period_data_v4.csv,0,0,0,0,7.400249944
20.36045568,24,24,24,24,v4,period_data_v4.csv,0,0,0,0,8.14027494
22.39650124,24,24,24,24,v4,period_data_v4.csv,0,0,0,0,8.954302431
24.63615137,24,24,24,24,v4,period_data_v4.csv,0,0,0,0,9.849732676
0.01146224,24,24,24,24,v5,period_data_v5.csv,0,0,0,0,0.101525598
0.01260846,24,24,24,24,v5,period_data_v5.csv,0,0,0,0,0.111678122
0.01386931,24,24,24,24,v5,period_data_v5.csv,0,0,0,0,0.12284597
0.01525624,24,24,24,24,v5,period_data_v5.csv,0,0,0,0,0.135130558
0.01678187,24,24,24,24,v5,period_data_v5.csv,0,0,0,0,0.148643667
0.01846005,24,24,24,24,v5,period_data_v5.csv,0,0,0,0,0.163507972
0.02030606,24,24,24,24,v5,period_data_v5.csv,0,0,0,0,0.179858813
0.02233666,24,24,24,24,v5,period_data_v5.csv,0,0,0,0,0.197844641
0.02457033,24,24,24,24,v5,period_data_v5.csv,0,0,0,0,0.217629141
0.02702736,24,24,24,24,v5,period_data_v5.csv,0,0,0,0,0.239392028
0.0297301,24,24,24,24,v5,period_data_v5.csv,0,0,0,0,0.263331267
0.03270311,24,24,24,24,v5,period_data_v5.csv,0,0,0,0,0.289664393
0.03597342,24,24,24,24,v5,period_data_v5.csv,0,0,0,0,0.318630824
0.03957076,24,24,24,24,v5,period_data_v5.csv,0,0,0,0,0.350493888
0.04352784,24,24,24,24,v5,period_data_v5.csv,0,0,0,0,0.385543313
0.04788062,24,24,24,24,v5,period_data_v5.csv,0,0,0,0,0.424097609
0.05266868,24,24,24,24,v5,period_data_v5.csv,0,0,0,0,0.466507352
0.05793555,24,24,24,24,v5,period_data_v5.csv,0,0,0,0,0.513158105
0.06372911,24,24,24,24,v5,period_data_v5.csv,0,0,0,0,0.564473959
0.07010202,24,24,24,24,v5,period_data_v5.csv,0,0,0,0,0.620921346
0.07711222,24,24,24,24,v5,period_data_v5.csv,0,0,0,0,0.683013463
0.08482344,24,24,24,24,v5,period_data_v5.csv,0,0,0,0,0.751314792
0.09330579,24,24,24,24,v5,period_data_v5.csv,0,0,0,0,0.826446324
0.10263636,24,24,24,24,v5,period_data_v5.csv,0,0,0,0,0.909090877
0.1129,24,24,24,24,v5,period_data_v5.csv,0,0,0,0,1
0.12419,24,24,24,24,v5,period_data_v5.csv,0,0,0,0,1.1
0.136609,24,24,24,24,v5,period_data_v5.csv,0,0,0,0,1.21
0.1502699,24,24,24,24,v5,period_data_v5.csv,0,0,0,0,1.331
0.16529689,24,24,24,24,v5,period_data_v5.csv,0,0,0,0,1.4641
0.18182658,24,24,24,24,v5,period_data_v5.csv,0,0,0,0,1.610510009
0.20000924,24,24,24,24,v5,period_data_v5.csv,0,0,0,0,1.771561027
0.22001016,24,24,24,24,v5,period_data_v5.csv,0,0,0,0,1.948717095
0.24201118,24,24,24,24,v5,period_data_v5.csv,0,0,0,0,2.14358884
0.26621229,24,24,24,24,v5,period_data_v5.csv,0,0,0,0,2.357947653
0.29283352,24,24,24,24,v5,period_data_v5.csv,0,0,0,0,2.593742427
0.32211688,24,24,24,24,v5,period_data_v5.csv,0,0,0,0,2.85311674
0.35432856,24,24,24,24,v5,period_data_v5.csv,0,0,0,0,3.138428344
0.38976142,24,24,24,24,v5,period_data_v5.csv,0,0,0,0,3.452271213
0.42873756,24,24,24,24,v5,period_data_v5.csv,0,0,0,0,3.797498317
0.47161132,24,24,24,24,v5,period_data_v5.csv,0,0,0,0,4.177248184
0.51877245,24,24,24,24,v5,period_data_v5.csv,0,0,0,0,4.594972985
0.5706497,24,24,24,24,v5,period_data_v5.csv,0,0,0,0,5.054470328
0.62771466,24,24,24,24,v5,period_data_v5.csv,0,0,0,0,5.559917272
0.69048613,24,24,24,24,v5,period_data_v5.csv,0,0,0,0,6.115909035
0.75953474,24,24,24,24,v5,period_data_v5.csv,0,0,0,0,6.727499911
0.83548822,24,24,24,24,v5,period_data_v5.csv,0,0,0,0,7.400249956
0.91903704,24,23.88888889,24,24,v5,period_data_v5.csv,0,-0.111111111,0,0,8.140274934
1.01094074,24,24.11111111,24,24,v5,period_data_v5.csv,0,0.111111111,0,0,8.954302391
1.11203482,24,24,24,24,v5,period_data_v5.csv,0,0,0,0,9.849732684