Parameter_Value,CLm,P97m,P51m,ELm,Parameter,Source CSV,CLm_delta,P97m_delta,P51m_delta,ELm_delta,FoldChange
0.1142163,27.71428571,27.75,27.75,27.75,Ak7,period_data_Ak7.csv,0,0,0,0,0.1015256
0.12563793,27.71428571,27.75,27.75,27.75,Ak7,period_data_Ak7.csv,0,0,0,0,0.11167816
0.13820172,27.71428571,27.75,27.75,27.75,Ak7,period_data_Ak7.csv,0,0,0,0,0.122845973
0.15202189,27.71428571,27.75,27.75,27.75,Ak7,period_data_Ak7.csv,0,0,0,0,0.135130569
0.16722408,27.71428571,27.75,27.75,27.75,Ak7,period_data_Ak7.csv,0,0,0,0,0.148643627
0.18394649,27.71428571,27.75,27.75,27.75,Ak7,period_data_Ak7.csv,0,0,0,0,0.163507991
0.20234114,27.71428571,27.75,27.75,27.75,Ak7,period_data_Ak7.csv,0,0,0,0,0.179858791
0.22257525,27.71428571,27.75,27.75,27.75,Ak7,period_data_Ak7.csv,0,0,0,0,0.197844667
0.24483278,27.71428571,27.75,27.875,27.75,Ak7,period_data_Ak7.csv,0,0,0.125,0,0.217629138
0.26931606,27.71428571,27.75,27.875,27.875,Ak7,period_data_Ak7.csv,0,0,0.125,0.125,0.239392053
0.29624766,27.71428571,27.75,27.75,27.875,Ak7,period_data_Ak7.csv,0,0,0,0.125,0.263331253
0.32587243,27.71428571,27.75,27.75,27.75,Ak7,period_data_Ak7.csv,0,0,0,0,0.289664382
0.35845967,27.71428571,27.75,27.75,27.75,Ak7,period_data_Ak7.csv,0,0,0,0,0.318630818
0.39430564,27.71428571,27.75,27.75,27.75,Ak7,period_data_Ak7.csv,0,0,0,0,0.350493902
0.4337362,27.71428571,27.75,27.75,27.75,Ak7,period_data_Ak7.csv,0,0,0,0,0.385543289
0.47710982,27.71428571,27.75,27.75,27.75,Ak7,period_data_Ak7.csv,0,0,0,0,0.424097618
0.5248208,27.71428571,27.75,27.75,27.75,Ak7,period_data_Ak7.csv,0,0,0,0,0.466507378
0.57730288,27.71428571,27.75,27.75,27.75,Ak7,period_data_Ak7.csv,0,0,0,0,0.513158116
0.63503317,27.71428571,27.75,27.75,27.75,Ak7,period_data_Ak7.csv,0,0,0,0,0.564473929
0.69853649,27.71428571,27.75,27.75,27.75,Ak7,period_data_Ak7.csv,0,0,0,0,0.620921324
0.76839014,27.71428571,27.75,27.75,27.75,Ak7,period_data_Ak7.csv,0,0,0,0,0.683013458
0.84522915,27.71428571,27.75,27.75,27.75,Ak7,period_data_Ak7.csv,0,0,0,0,0.7513148
0.92975207,27.71428571,27.75,27.75,27.75,Ak7,period_data_Ak7.csv,0,0,0,0,0.826446284
1.02272727,27.71428571,27.75,27.75,27.75,Ak7,period_data_Ak7.csv,0,0,0,0,0.909090907
1.125,27.71428571,27.75,27.75,27.75,Ak7,period_data_Ak7.csv,0,0,0,0,1
1.2375,27.71428571,27.75,27.75,27.75,Ak7,period_data_Ak7.csv,0,0,0,0,1.1
1.36125,27.71428571,27.75,27.75,27.75,Ak7,period_data_Ak7.csv,0,0,0,0,1.21
1.497375,27.71428571,27.75,27.75,27.75,Ak7,period_data_Ak7.csv,0,0,0,0,1.331
1.6471125,27.71428571,27.75,27.75,27.75,Ak7,period_data_Ak7.csv,0,0,0,0,1.4641
1.81182375,27.85714286,27.75,27.75,27.75,Ak7,period_data_Ak7.csv,0.142857143,0,0,0,1.61051
1.99300613,27.71428571,27.75,27.75,27.75,Ak7,period_data_Ak7.csv,0,0,0,0,1.771561004
2.19230674,27.71428571,27.75,27.75,27.75,Ak7,period_data_Ak7.csv,0,0,0,0,1.948717102
2.41153741,27.71428571,27.75,27.75,27.75,Ak7,period_data_Ak7.csv,0,0,0,0,2.143588809
2.65269115,27.71428571,27.75,27.75,27.75,Ak7,period_data_Ak7.csv,0,0,0,0,2.357947689
2.91796027,27.71428571,27.75,27.75,27.75,Ak7,period_data_Ak7.csv,0,0,0,0,2.593742462
3.20975629,27.71428571,27.75,27.75,27.75,Ak7,period_data_Ak7.csv,0,0,0,0,2.853116702
3.53073192,27.71428571,27.75,27.75,27.75,Ak7,period_data_Ak7.csv,0,0,0,0,3.138428373
3.88380512,27.71428571,27.75,27.875,27.875,Ak7,period_data_Ak7.csv,0,0,0.125,0.125,3.452271218
4.27218563,27.85714286,27.75,27.75,27.75,Ak7,period_data_Ak7.csv,0.142857143,0,0,0,3.797498338
4.69940419,27.71428571,27.75,27.75,27.875,Ak7,period_data_Ak7.csv,0,0,0,0.125,4.177248169
5.16934461,27.85714286,27.75,27.75,27.75,Ak7,period_data_Ak7.csv,0.142857143,0,0,0,4.594972987
5.68627907,27.71428571,27.75,27.75,27.75,Ak7,period_data_Ak7.csv,0,0,0,0,5.054470284
6.25490698,27.71428571,27.75,27.75,27.75,Ak7,period_data_Ak7.csv,0,0,0,0,5.559917316
6.88039768,27.71428571,27.75,27.75,27.75,Ak7,period_data_Ak7.csv,0,0,0,0,6.115909049
7.56843744,27.71428571,27.75,27.75,27.75,Ak7,period_data_Ak7.csv,0,0,0,0,6.727499947
8.32528119,27.85714286,27.75,27.75,27.75,Ak7,period_data_Ak7.csv,0.142857143,0,0,0,7.400249947
9.15780931,27.71428571,27.75,27.75,27.75,Ak7,period_data_Ak7.csv,0,0,0,0,8.140274942
10.07359024,27.85714286,27.75,27.75,27.75,Ak7,period_data_Ak7.csv,0.142857143,0,0,0,8.954302436
11.08094926,27.85714286,27.75,27.75,27.75,Ak7,period_data_Ak7.csv,0.142857143,0,0,0,9.849732676
0.05586954,27.85714286,27.75,27.75,27.75,Am7,period_data_Am7.csv,0.142857143,0,0,0,0.101525604
0.06145649,27.85714286,27.75,27.75,27.75,Am7,period_data_Am7.csv,0.142857143,0,0,0,0.111678157
0.06760214,27.85714286,27.75,27.75,27.75,Am7,period_data_Am7.csv,0.142857143,0,0,0,0.122845975
0.07436235,27.85714286,27.75,27.75,27.75,Am7,period_data_Am7.csv,0.142857143,0,0,0,0.135130565
0.08179859,27.85714286,27.75,27.75,27.75,Am7,period_data_Am7.csv,0.142857143,0,0,0,0.148643631
0.08997845,27.85714286,27.75,27.75,27.75,Am7,period_data_Am7.csv,0.142857143,0,0,0,0.163507996
0.09897629,27.85714286,27.75,27.75,27.75,Am7,period_data_Am7.csv,0.142857143,0,0,0,0.179858786
0.10887392,27.85714286,27.75,27.75,27.75,Am7,period_data_Am7.csv,0.142857143,0,0,0,0.197844667
0.11976131,27.71428571,27.75,27.75,27.75,Am7,period_data_Am7.csv,0,0,0,0,0.21762913
0.13173744,27.71428571,27.75,27.75,27.75,Am7,period_data_Am7.csv,0,0,0,0,0.239392041
0.14491119,27.71428571,27.75,27.75,27.75,Am7,period_data_Am7.csv,0,0,0,0,0.263331256
0.15940231,27.71428571,27.75,27.75,27.75,Am7,period_data_Am7.csv,0,0,0,0,0.289664383
0.17534254,27.71428571,27.75,27.75,27.875,Am7,period_data_Am7.csv,0,0,0,0.125,0.31863082
0.19287679,27.71428571,27.75,27.875,27.875,Am7,period_data_Am7.csv,0,0,0.125,0.125,0.350493894
0.21216447,27.71428571,27.75,27.875,27.75,Am7,period_data_Am7.csv,0,0,0.125,0,0.385543285
0.23338092,27.71428571,27.75,27.75,27.75,Am7,period_data_Am7.csv,0,0,0,0,0.424097619
0.25671901,27.71428571,27.75,27.75,27.75,Am7,period_data_Am7.csv,0,0,0,0,0.466507378
0.28239091,27.71428571,27.75,27.75,27.75,Am7,period_data_Am7.csv,0,0,0,0,0.513158114
0.31063,27.71428571,27.75,27.75,27.75,Am7,period_data_Am7.csv,0,0,0,0,0.564473923
0.341693,27.71428571,27.75,27.75,27.75,Am7,period_data_Am7.csv,0,0,0,0,0.620921316
0.3758623,27.85714286,27.75,27.75,27.75,Am7,period_data_Am7.csv,0.142857143,0,0,0,0.683013447
0.41344853,27.71428571,27.75,27.75,27.75,Am7,period_data_Am7.csv,0,0,0,0,0.751314792
0.45479339,27.71428571,27.75,27.75,27.75,Am7,period_data_Am7.csv,0,0,0,0,0.826446284
0.50027273,27.71428571,27.75,27.75,27.75,Am7,period_data_Am7.csv,0,0,0,0,0.909090914
0.5503,27.71428571,27.75,27.75,27.75,Am7,period_data_Am7.csv,0,0,0,0,1
0.60533,27.71428571,27.75,27.75,27.75,Am7,period_data_Am7.csv,0,0,0,0,1.1
0.665863,27.71428571,27.75,27.75,27.75,Am7,period_data_Am7.csv,0,0,0,0,1.21
0.7324493,27.71428571,27.75,27.75,27.75,Am7,period_data_Am7.csv,0,0,0,0,1.331
0.80569423,27.71428571,27.75,27.75,27.75,Am7,period_data_Am7.csv,0,0,0,0,1.4641
0.88626365,27.71428571,27.75,27.75,27.75,Am7,period_data_Am7.csv,0,0,0,0,1.610509995
0.97489002,27.71428571,27.75,27.75,27.75,Am7,period_data_Am7.csv,0,0,0,0,1.771561003
1.07237902,27.71428571,27.75,27.75,27.75,Am7,period_data_Am7.csv,0,0,0,0,1.9487171
1.17961692,27.71428571,27.75,27.875,27.875,Am7,period_data_Am7.csv,0,0,0.125,0.125,2.143588806
1.29757861,27.71428571,27.75,27.75,27.75,Am7,period_data_Am7.csv,0,0,0,0,2.357947683
1.42733648,27.71428571,27.75,27.75,27.75,Am7,period_data_Am7.csv,0,0,0,0,2.593742468
1.57007012,27.71428571,27.75,27.75,27.75,Am7,period_data_Am7.csv,0,0,0,0,2.8531167
1.72707714,27.85714286,27.75,27.75,27.75,Am7,period_data_Am7.csv,0.142857143,0,0,0,3.138428385
1.89978485,27.85714286,27.75,27.75,27.75,Am7,period_data_Am7.csv,0.142857143,0,0,0,3.452271216
2.08976333,27.71428571,27.75,27.75,27.75,Am7,period_data_Am7.csv,0,0,0,0,3.797498328
2.29873967,27.71428571,27.75,27.75,27.75,Am7,period_data_Am7.csv,0,0,0,0,4.177248174
2.52861363,27.71428571,27.75,27.75,27.75,Am7,period_data_Am7.csv,0,0,0,0,4.594972978
2.781475,27.71428571,27.75,27.75,27.75,Am7,period_data_Am7.csv,0,0,0,0,5.054470289
3.0596225,27.71428571,27.75,27.75,27.75,Am7,period_data_Am7.csv,0,0,0,0,5.559917318
3.36558475,27.71428571,27.75,27.75,27.875,Am7,period_data_Am7.csv,0,0,0,0.125,6.11590905
3.70214322,27.71428571,27.75,27.75,27.75,Am7,period_data_Am7.csv,0,0,0,0,6.727499945
4.07235754,27.71428571,27.75,27.75,27.75,Am7,period_data_Am7.csv,0,0,0,0,7.400249936
4.4795933,27.85714286,27.75,27.75,27.75,Am7,period_data_Am7.csv,0.142857143,0,0,0,8.140274941
4.92755263,27.71428571,27.75,27.75,27.75,Am7,period_data_Am7.csv,0,0,0,0,8.954302435
5.42030789,27.71428571,27.75,27.75,27.75,Am7,period_data_Am7.csv,0,0,0,0,9.849732673
0.0392701,27.71428571,27.75,27.75,27.75,Ap3,period_data_Ap3.csv,0,0,0,0,0.101525595
0.04319711,27.71428571,27.75,27.75,27.75,Ap3,period_data_Ap3.csv,0,0,0,0,0.111678154
0.04751682,27.71428571,27.75,27.75,27.75,Ap3,period_data_Ap3.csv,0,0,0,0,0.122845967
0.0522685,27.71428571,27.75,27.75,27.75,Ap3,period_data_Ap3.csv,0,0,0,0,0.135130558
0.05749536,27.71428571,27.75,27.75,27.75,Ap3,period_data_Ap3.csv,0,0,0,0,0.14864364
0.06324489,27.71428571,27.75,27.75,27.75,Ap3,period_data_Ap3.csv,0,0,0,0,0.163507989
0.06956938,27.71428571,27.75,27.75,27.75,Ap3,period_data_Ap3.csv,0,0,0,0,0.17985879
0.07652632,27.71428571,27.75,27.75,27.75,Ap3,period_data_Ap3.csv,0,0,0,0,0.197844674
0.08417895,27.71428571,27.75,27.75,27.75,Ap3,period_data_Ap3.csv,0,0,0,0,0.217629137
0.09259684,27.71428571,27.75,27.75,27.75,Ap3,period_data_Ap3.csv,0,0,0,0,0.239392037
0.10185653,27.71428571,27.75,27.75,27.75,Ap3,period_data_Ap3.csv,0,0,0,0,0.263331256
0.11204218,27.71428571,27.75,27.75,27.75,Ap3,period_data_Ap3.csv,0,0,0,0,0.289664374
0.1232464,27.71428571,27.75,27.75,27.75,Ap3,period_data_Ap3.csv,0,0,0,0,0.318630817
0.13557104,27.71428571,27.75,27.75,27.75,Ap3,period_data_Ap3.csv,0,0,0,0,0.350493899
0.14912814,27.71428571,27.75,27.75,27.75,Ap3,period_data_Ap3.csv,0,0,0,0,0.385543278
0.16404096,27.71428571,27.75,27.75,27.75,Ap3,period_data_Ap3.csv,0,0,0,0,0.424097622
0.18044505,27.71428571,27.75,27.75,27.75,Ap3,period_data_Ap3.csv,0,0,0,0,0.466507368
0.19848956,27.71428571,27.75,27.75,27.75,Ap3,period_data_Ap3.csv,0,0,0,0,0.513158118
0.21833852,27.71428571,27.75,27.75,27.75,Ap3,period_data_Ap3.csv,0,0,0,0,0.56447394
0.24017237,27.71428571,27.75,27.75,27.75,Ap3,period_data_Ap3.csv,0,0,0,0,0.620921329
0.2641896,27.71428571,27.75,27.75,27.75,Ap3,period_data_Ap3.csv,0,0,0,0,0.683013444
0.29060856,27.71428571,27.75,27.75,27.75,Ap3,period_data_Ap3.csv,0,0,0,0,0.751314788
0.31966942,27.71428571,27.75,27.75,27.75,Ap3,period_data_Ap3.csv,0,0,0,0,0.826446277
0.35163636,27.71428571,27.75,27.75,27.75,Ap3,period_data_Ap3.csv,0,0,0,0,0.9090909
0.3868,27.71428571,27.75,27.75,27.75,Ap3,period_data_Ap3.csv,0,0,0,0,1
0.42548,27.71428571,27.75,27.75,27.75,Ap3,period_data_Ap3.csv,0,0,0,0,1.1
0.468028,27.71428571,27.75,27.75,27.75,Ap3,period_data_Ap3.csv,0,0,0,0,1.21
0.5148308,27.71428571,27.75,27.75,27.75,Ap3,period_data_Ap3.csv,0,0,0,0,1.331
0.56631388,27.71428571,27.75,27.75,27.75,Ap3,period_data_Ap3.csv,0,0,0,0,1.4641
0.62294527,27.71428571,27.75,27.75,27.75,Ap3,period_data_Ap3.csv,0,0,0,0,1.610510005
0.68523979,27.71428571,27.75,27.75,27.75,Ap3,period_data_Ap3.csv,0,0,0,0,1.771560988
0.75376377,27.71428571,27.75,27.75,27.75,Ap3,period_data_Ap3.csv,0,0,0,0,1.948717089
0.82914015,27.71428571,27.75,27.75,27.75,Ap3,period_data_Ap3.csv,0,0,0,0,2.143588806
0.91205417,27.71428571,27.75,27.75,27.75,Ap3,period_data_Ap3.csv,0,0,0,0,2.357947699
1.00325958,27.71428571,27.75,27.75,27.75,Ap3,period_data_Ap3.csv,0,0,0,0,2.593742451
1.10358554,27.71428571,27.75,27.75,27.75,Ap3,period_data_Ap3.csv,0,0,0,0,2.853116701
1.2139441,27.71428571,27.75,27.75,27.75,Ap3,period_data_Ap3.csv,0,0,0,0,3.138428387
1.33533851,27.71428571,27.75,27.75,27.75,Ap3,period_data_Ap3.csv,0,0,0,0,3.452271225
1.46887236,27.71428571,27.75,27.75,27.75,Ap3,period_data_Ap3.csv,0,0,0,0,3.797498345
1.61575959,27.71428571,27.75,27.75,27.75,Ap3,period_data_Ap3.csv,0,0,0,0,4.177248164
1.77733555,27.71428571,27.75,27.75,27.75,Ap3,period_data_Ap3.csv,0,0,0,0,4.594972983
1.95506911,27.71428571,27.75,27.75,27.75,Ap3,period_data_Ap3.csv,0,0,0,0,5.054470295
2.15057602,27.71428571,27.75,27.75,27.75,Ap3,period_data_Ap3.csv,0,0,0,0,5.559917322
2.36563362,27.71428571,27.75,27.75,27.75,Ap3,period_data_Ap3.csv,0,0,0,0,6.115909049
2.60219698,27.71428571,27.75,27.75,27.75,Ap3,period_data_Ap3.csv,0,0,0,0,6.727499948
2.86241668,27.71428571,27.75,27.75,27.75,Ap3,period_data_Ap3.csv,0,0,0,0,7.400249948
3.14865835,27.71428571,27.75,27.75,27.75,Ap3,period_data_Ap3.csv,0,0,0,0,8.140274948
3.46352418,27.71428571,27.75,27.75,27.75,Ap3,period_data_Ap3.csv,0,0,0,0,8.95430243
3.8098766,27.71428571,27.75,27.75,27.75,Ap3,period_data_Ap3.csv,0,0,0,0,9.849732678
0.01758423,27.57142857,27.5,27.5,27.5,Bk8,period_data_Bk8.csv,-0.142857143,-0.25,-0.25,-0.25,0.101525577
0.01934266,27.57142857,27.5,27.5,27.5,Bk8,period_data_Bk8.csv,-0.142857143,-0.25,-0.25,-0.25,0.111678176
0.02127692,27.57142857,27.5,27.5,27.5,Bk8,period_data_Bk8.csv,-0.142857143,-0.25,-0.25,-0.25,0.122845958
0.02340461,27.57142857,27.5,27.5,27.5,Bk8,period_data_Bk8.csv,-0.142857143,-0.25,-0.25,-0.25,0.135130543
0.02574508,27.57142857,27.5,27.5,27.5,Bk8,period_data_Bk8.csv,-0.142857143,-0.25,-0.25,-0.25,0.148643649
0.02831958,27.57142857,27.625,27.5,27.5,Bk8,period_data_Bk8.csv,-0.142857143,-0.125,-0.25,-0.25,0.163507968
0.03115154,27.57142857,27.625,27.5,27.5,Bk8,period_data_Bk8.csv,-0.142857143,-0.125,-0.25,-0.25,0.179858776
0.0342667,27.57142857,27.625,27.625,27.625,Bk8,period_data_Bk8.csv,-0.142857143,-0.125,-0.125,-0.125,0.197844688
0.03769337,27.57142857,27.625,27.625,27.625,Bk8,period_data_Bk8.csv,-0.142857143,-0.125,-0.125,-0.125,0.217629157
0.0414627,27.57142857,27.5,27.625,27.625,Bk8,period_data_Bk8.csv,-0.142857143,-0.25,-0.125,-0.125,0.239392032
0.04560897,27.57142857,27.5,27.625,27.625,Bk8,period_data_Bk8.csv,-0.142857143,-0.25,-0.125,-0.125,0.263331236
0.05016987,27.57142857,27.5,27.5,27.5,Bk8,period_data_Bk8.csv,-0.142857143,-0.25,-0.25,-0.25,0.289664376
0.05518686,27.57142857,27.5,27.5,27.5,Bk8,period_data_Bk8.csv,-0.142857143,-0.25,-0.25,-0.25,0.318630831
0.06070554,27.57142857,27.625,27.5,27.5,Bk8,period_data_Bk8.csv,-0.142857143,-0.125,-0.25,-0.25,0.35049388
0.0667761,27.57142857,27.625,27.625,27.625,Bk8,period_data_Bk8.csv,-0.142857143,-0.125,-0.125,-0.125,0.385543303
0.07345371,27.57142857,27.625,27.625,27.625,Bk8,period_data_Bk8.csv,-0.142857143,-0.125,-0.125,-0.125,0.424097633
0.08079908,27.71428571,27.625,27.625,27.625,Bk8,period_data_Bk8.csv,0,-0.125,-0.125,-0.125,0.46650739
0.08887899,27.71428571,27.625,27.625,27.625,Bk8,period_data_Bk8.csv,0,-0.125,-0.125,-0.125,0.513158141
0.09776688,27.57142857,27.625,27.75,27.75,Bk8,period_data_Bk8.csv,-0.142857143,-0.125,0,0,0.564473903
0.10754357,27.57142857,27.625,27.625,27.625,Bk8,period_data_Bk8.csv,-0.142857143,-0.125,-0.125,-0.125,0.620921305
0.11829793,27.71428571,27.625,27.625,27.625,Bk8,period_data_Bk8.csv,0,-0.125,-0.125,-0.125,0.683013453
0.13012772,27.71428571,27.75,27.75,27.75,Bk8,period_data_Bk8.csv,0,0,0,0,0.751314781
0.1431405,27.71428571,27.75,27.75,27.75,Bk8,period_data_Bk8.csv,0,0,0,0,0.826446305
0.15745455,27.71428571,27.75,27.625,27.75,Bk8,period_data_Bk8.csv,0,0,-0.125,0,0.909090935
0.1732,27.71428571,27.75,27.75,27.75,Bk8,period_data_Bk8.csv,0,0,0,0,1
0.19052,27.85714286,27.875,27.75,27.75,Bk8,period_data_Bk8.csv,0.142857143,0.125,0,0,1.1
0.209572,27.71428571,27.75,27.875,27.875,Bk8,period_data_Bk8.csv,0,0,0.125,0.125,1.21
0.2305292,27.85714286,27.875,27.875,27.875,Bk8,period_data_Bk8.csv,0.142857143,0.125,0.125,0.125,1.331
0.25358212,28,27.875,27.85714286,27.875,Bk8,period_data_Bk8.csv,0.285714286,0.125,0.107142857,0.125,1.4641
0.27894033,27.85714286,27.875,27.85714286,27.875,Bk8,period_data_Bk8.csv,0.142857143,0.125,0.107142857,0.125,1.610509988
0.30683437,28,28,28,28,Bk8,period_data_Bk8.csv,0.285714286,0.25,0.25,0.25,1.771561028
0.3375178,28,28,28,28,Bk8,period_data_Bk8.csv,0.285714286,0.25,0.25,0.25,1.94871709
0.37126958,28,28.125,28.14285714,28.125,Bk8,period_data_Bk8.csv,0.285714286,0.375,0.392857143,0.375,2.143588799
0.40839654,28.14285714,28.125,28.14285714,28.125,Bk8,period_data_Bk8.csv,0.428571429,0.375,0.392857143,0.375,2.357947691
0.44923619,28.125,28.125,28.14285714,28.14285714,Bk8,period_data_Bk8.csv,0.410714286,0.375,0.392857143,0.392857143,2.593742436
0.49415981,28.125,28.125,28.14285714,28.14285714,Bk8,period_data_Bk8.csv,0.410714286,0.375,0.392857143,0.392857143,2.853116686
0.54357579,28.25,28.25,28.14285714,28.14285714,Bk8,period_data_Bk8.csv,0.535714286,0.5,0.392857143,0.392857143,3.138428349
0.59793337,28.125,28.125,28,28,Bk8,period_data_Bk8.csv,0.410714286,0.375,0.25,0.25,3.452271189
0.65772671,28,27.875,27.85714286,28,Bk8,period_data_Bk8.csv,0.285714286,0.125,0.107142857,0.25,3.797498326
0.72349938,27.85714286,27.875,27.85714286,27.75,Bk8,period_data_Bk8.csv,0.142857143,0.125,0.107142857,0,4.177248152
0.79584932,27.57142857,27.5,27.5,27.625,Bk8,period_data_Bk8.csv,-0.142857143,-0.25,-0.25,-0.125,4.594972979
0.87543425,27.28571429,27.375,27.375,27.375,Bk8,period_data_Bk8.csv,-0.428571429,-0.375,-0.375,-0.375,5.054470266
0.96297768,27.14285714,27.125,27.125,27.125,Bk8,period_data_Bk8.csv,-0.571428571,-0.625,-0.625,-0.625,5.559917321
1.05927545,26.875,26.85714286,26.875,26.875,Bk8,period_data_Bk8.csv,-0.839285714,-0.892857143,-0.875,-0.875,6.115909065
1.16520299,26.625,26.625,26.625,26.625,Bk8,period_data_Bk8.csv,-1.089285714,-1.125,-1.125,-1.125,6.727499942
1.28172329,26.25,26.25,26.25,26.33333333,Bk8,period_data_Bk8.csv,-1.464285714,-1.5,-1.5,-1.416666667,7.400249942
1.40989562,25.875,25.875,26,26,Bk8,period_data_Bk8.csv,-1.839285714,-1.875,-1.75,-1.75,8.140274942
1.55088518,25.5,25.625,25.5,25.625,Bk8,period_data_Bk8.csv,-2.214285714,-2.125,-2.25,-2.125,8.954302425
1.7059737,25.22222222,25.25,25.25,25.25,Bk8,period_data_Bk8.csv,-2.492063492,-2.5,-2.5,-2.5,9.849732679
0.07845898,,,,,Bm8,period_data_Bm8.csv,,,,,0.101525595
0.08630488,,,,,Bm8,period_data_Bm8.csv,,,,,0.111678157
0.09493537,,,,,Bm8,period_data_Bm8.csv,,,,,0.122845976
0.10442891,,,,,Bm8,period_data_Bm8.csv,,,,,0.135130577
0.1148718,,,,,Bm8,period_data_Bm8.csv,,,,,0.148643634
0.12635898,,,,,Bm8,period_data_Bm8.csv,,,,,0.163507997
0.13899487,,,,,Bm8,period_data_Bm8.csv,,,,,0.179858786
0.15289436,,,,,Bm8,period_data_Bm8.csv,,,,,0.197844669
0.1681838,,,,,Bm8,period_data_Bm8.csv,,,,,0.217629141
0.18500218,,,,,Bm8,period_data_Bm8.csv,,,,,0.239392055
0.20350239,,,,,Bm8,period_data_Bm8.csv,,,,,0.26333125
0.22385263,,,,,Bm8,period_data_Bm8.csv,,,,,0.289664376
0.2462379,23.875,23.88888889,23.88888889,24,Bm8,period_data_Bm8.csv,-3.839285714,-3.861111111,-3.861111111,-3.75,0.318630823
0.27086169,25.33333333,25.375,25.375,25.375,Bm8,period_data_Bm8.csv,-2.380952381,-2.375,-2.375,-2.375,0.350493905
0.29794785,26.375,26.375,26.375,26.33333333,Bm8,period_data_Bm8.csv,-1.339285714,-1.375,-1.375,-1.416666667,0.385543284
0.32774264,26.875,26.85714286,26.875,26.875,Bm8,period_data_Bm8.csv,-0.839285714,-0.892857143,-0.875,-0.875,0.424097619
0.3605169,27.28571429,27.25,27.375,27.375,Bm8,period_data_Bm8.csv,-0.428571429,-0.5,-0.375,-0.375,0.466507376
0.39656859,27.57142857,27.625,27.625,27.625,Bm8,period_data_Bm8.csv,-0.142857143,-0.125,-0.125,-0.125,0.513158113
0.43622545,27.85714286,27.875,27.85714286,27.875,Bm8,period_data_Bm8.csv,0.142857143,0.125,0.107142857,0.125,0.564473926
0.479848,28,28,28.14285714,28.14285714,Bm8,period_data_Bm8.csv,0.285714286,0.25,0.392857143,0.392857143,0.620921325
0.5278328,28.125,28.125,28.14285714,28.14285714,Bm8,period_data_Bm8.csv,0.410714286,0.375,0.392857143,0.392857143,0.683013458
0.58061608,28.14285714,28.125,28,28,Bm8,period_data_Bm8.csv,0.428571429,0.375,0.25,0.25,0.751314803
0.63867769,27.85714286,27.875,27.85714286,27.875,Bm8,period_data_Bm8.csv,0.142857143,0.125,0.107142857,0.125,0.826446286
0.70254545,27.85714286,27.75,27.75,27.75,Bm8,period_data_Bm8.csv,0.142857143,0,0,0,0.909090903
0.7728,27.71428571,27.75,27.75,27.75,Bm8,period_data_Bm8.csv,0,0,0,0,1
0.85008,27.71428571,27.75,27.75,27.75,Bm8,period_data_Bm8.csv,0,0,0,0,1.1
0.935088,27.71428571,27.625,27.625,27.625,Bm8,period_data_Bm8.csv,0,-0.125,-0.125,-0.125,1.21
1.0285968,27.71428571,27.75,27.625,27.625,Bm8,period_data_Bm8.csv,0,0,-0.125,-0.125,1.331
1.13145648,27.57142857,27.625,27.625,27.625,Bm8,period_data_Bm8.csv,-0.142857143,-0.125,-0.125,-0.125,1.4641
1.24460213,27.57142857,27.625,27.625,27.625,Bm8,period_data_Bm8.csv,-0.142857143,-0.125,-0.125,-0.125,1.610510003
1.36906234,27.57142857,27.625,27.625,27.625,Bm8,period_data_Bm8.csv,-0.142857143,-0.125,-0.125,-0.125,1.771560999
1.50596857,27.57142857,27.625,27.625,27.625,Bm8,period_data_Bm8.csv,-0.142857143,-0.125,-0.125,-0.125,1.948717094
1.65656543,27.57142857,27.5,27.5,27.5,Bm8,period_data_Bm8.csv,-0.142857143,-0.25,-0.25,-0.25,2.143588807
1.82222198,27.42857143,27.5,27.625,27.625,Bm8,period_data_Bm8.csv,-0.285714286,-0.25,-0.125,-0.125,2.357947697
2.00444417,27.57142857,27.625,27.625,27.625,Bm8,period_data_Bm8.csv,-0.142857143,-0.125,-0.125,-0.125,2.593742456
2.20488859,27.57142857,27.625,27.5,27.5,Bm8,period_data_Bm8.csv,-0.142857143,-0.125,-0.25,-0.25,2.853116705
2.42537745,27.57142857,27.42857143,27.5,27.5,Bm8,period_data_Bm8.csv,-0.142857143,-0.321428571,-0.25,-0.25,3.138428377
2.66791519,27.57142857,27.57142857,27.5,27.5,Bm8,period_data_Bm8.csv,-0.142857143,-0.178571429,-0.25,-0.25,3.452271209
2.93470671,27.42857143,27.57142857,27.5,27.5,Bm8,period_data_Bm8.csv,-0.285714286,-0.178571429,-0.25,-0.25,3.797498331
3.22817739,27.42857143,27.57142857,27.625,27.625,Bm8,period_data_Bm8.csv,-0.285714286,-0.178571429,-0.125,-0.125,4.177248175
3.55099512,27.57142857,27.57142857,27.625,27.625,Bm8,period_data_Bm8.csv,-0.142857143,-0.178571429,-0.125,-0.125,4.594972981
3.90609464,27.57142857,27.57142857,27.5,27.5,Bm8,period_data_Bm8.csv,-0.142857143,-0.178571429,-0.25,-0.25,5.05447029
4.2967041,27.57142857,27.42857143,27.5,27.5,Bm8,period_data_Bm8.csv,-0.142857143,-0.321428571,-0.25,-0.25,5.559917314
4.72637451,27.57142857,27.42857143,27.5,27.5,Bm8,period_data_Bm8.csv,-0.142857143,-0.321428571,-0.25,-0.25,6.115909045
5.19901196,27.57142857,27.42857143,27.5,27.5,Bm8,period_data_Bm8.csv,-0.142857143,-0.321428571,-0.25,-0.25,6.727499948
5.71891316,27.57142857,27.42857143,27.5,27.5,Bm8,period_data_Bm8.csv,-0.142857143,-0.321428571,-0.25,-0.25,7.400249948
6.29080447,27.57142857,27.42857143,27.5,27.5,Bm8,period_data_Bm8.csv,-0.142857143,-0.321428571,-0.25,-0.25,8.140274935
6.91988492,27.42857143,27.57142857,27.5,27.5,Bm8,period_data_Bm8.csv,-0.285714286,-0.178571429,-0.25,-0.25,8.954302433
7.61187341,27.42857143,27.57142857,27.5,27.5,Bm8,period_data_Bm8.csv,-0.285714286,-0.178571429,-0.25,-0.25,9.849732673
0.04210267,27.57142857,27.5,27.5,27.5,Bp4,period_data_Bp4.csv,-0.142857143,-0.25,-0.25,-0.25,0.101525609
0.04631293,27.57142857,27.5,27.5,27.5,Bp4,period_data_Bp4.csv,-0.142857143,-0.25,-0.25,-0.25,0.111678153
0.05094423,27.57142857,27.5,27.5,27.5,Bp4,period_data_Bp4.csv,-0.142857143,-0.25,-0.25,-0.25,0.122845985
0.05603865,27.57142857,27.5,27.5,27.5,Bp4,period_data_Bp4.csv,-0.142857143,-0.25,-0.25,-0.25,0.135130576
0.06164251,27.57142857,27.5,27.5,27.5,Bp4,period_data_Bp4.csv,-0.142857143,-0.25,-0.25,-0.25,0.148643622
0.06780676,27.57142857,27.5,27.5,27.5,Bp4,period_data_Bp4.csv,-0.142857143,-0.25,-0.25,-0.25,0.163507982
0.07458744,27.57142857,27.5,27.5,27.5,Bp4,period_data_Bp4.csv,-0.142857143,-0.25,-0.25,-0.25,0.179858789
0.08204618,27.57142857,27.5,27.5,27.5,Bp4,period_data_Bp4.csv,-0.142857143,-0.25,-0.25,-0.25,0.197844659
0.0902508,27.57142857,27.625,27.5,27.5,Bp4,period_data_Bp4.csv,-0.142857143,-0.125,-0.25,-0.25,0.217629129
0.09927588,27.57142857,27.625,27.5,27.5,Bp4,period_data_Bp4.csv,-0.142857143,-0.125,-0.25,-0.25,0.239392042
0.10920347,27.57142857,27.625,27.625,27.625,Bp4,period_data_Bp4.csv,-0.142857143,-0.125,-0.125,-0.125,0.263331252
0.12012382,27.57142857,27.625,27.625,27.625,Bp4,period_data_Bp4.csv,-0.142857143,-0.125,-0.125,-0.125,0.289664384
0.1321362,27.57142857,27.5,27.625,27.625,Bp4,period_data_Bp4.csv,-0.142857143,-0.25,-0.125,-0.125,0.318630817
0.14534982,27.42857143,27.5,27.625,27.625,Bp4,period_data_Bp4.csv,-0.285714286,-0.25,-0.125,-0.125,0.350493899
0.1598848,27.57142857,27.5,27.5,27.5,Bp4,period_data_Bp4.csv,-0.142857143,-0.25,-0.25,-0.25,0.385543284
0.17587328,27.57142857,27.5,27.5,27.5,Bp4,period_data_Bp4.csv,-0.142857143,-0.25,-0.25,-0.25,0.424097613
0.19346061,27.57142857,27.5,27.5,27.5,Bp4,period_data_Bp4.csv,-0.142857143,-0.25,-0.25,-0.25,0.466507379
0.21280667,27.57142857,27.625,27.5,27.5,Bp4,period_data_Bp4.csv,-0.142857143,-0.125,-0.25,-0.25,0.513158114
0.23408734,27.57142857,27.625,27.625,27.625,Bp4,period_data_Bp4.csv,-0.142857143,-0.125,-0.125,-0.125,0.564473933
0.25749607,27.71428571,27.625,27.625,27.625,Bp4,period_data_Bp4.csv,0,-0.125,-0.125,-0.125,0.620921317
0.28324568,27.57142857,27.625,27.625,27.625,Bp4,period_data_Bp4.csv,-0.142857143,-0.125,-0.125,-0.125,0.683013456
0.31157025,27.57142857,27.625,27.625,27.625,Bp4,period_data_Bp4.csv,-0.142857143,-0.125,-0.125,-0.125,0.751314806
0.34272727,27.71428571,27.625,27.625,27.625,Bp4,period_data_Bp4.csv,0,-0.125,-0.125,-0.125,0.826446274
0.377,27.71428571,27.75,27.75,27.75,Bp4,period_data_Bp4.csv,0,0,0,0,0.909090909
0.4147,27.71428571,27.75,27.75,27.75,Bp4,period_data_Bp4.csv,0,0,0,0,1
0.45617,27.85714286,27.875,27.75,27.75,Bp4,period_data_Bp4.csv,0.142857143,0.125,0,0,1.1
0.501787,27.85714286,27.875,28,28,Bp4,period_data_Bp4.csv,0.142857143,0.125,0.25,0.25,1.21
0.5519657,28,28,28,28,Bp4,period_data_Bp4.csv,0.285714286,0.25,0.25,0.25,1.331
0.60716227,28.25,28.25,28.14285714,28.14285714,Bp4,period_data_Bp4.csv,0.535714286,0.5,0.392857143,0.392857143,1.4641
0.6678785,28.14285714,28.125,28.14285714,28.14285714,Bp4,period_data_Bp4.csv,0.428571429,0.375,0.392857143,0.392857143,1.610510007
0.73466635,27.85714286,28,28,27.875,Bp4,period_data_Bp4.csv,0.142857143,0.25,0.25,0.125,1.771561008
0.80813298,27.71428571,27.75,27.625,27.625,Bp4,period_data_Bp4.csv,0,0,-0.125,-0.125,1.948717097
0.88894628,27.28571429,27.375,27.25,27.25,Bp4,period_data_Bp4.csv,-0.428571429,-0.375,-0.5,-0.5,2.143588811
0.97784091,26.875,27,26.875,26.875,Bp4,period_data_Bp4.csv,-0.839285714,-0.75,-0.875,-0.875,2.357947697
1.075625,26.375,26.375,26.25,26.25,Bp4,period_data_Bp4.csv,-1.339285714,-1.375,-1.5,-1.5,2.593742464
1.1831875,25.375,25.5,25.375,25.5,Bp4,period_data_Bp4.csv,-2.339285714,-2.25,-2.375,-2.25,2.853116711
1.30150625,23.88888889,24,23.88888889,23.88888889,Bp4,period_data_Bp4.csv,-3.825396825,-3.75,-3.861111111,-3.861111111,3.138428382
1.43165687,,,,,Bp4,period_data_Bp4.csv,,,,,3.452271208
1.57482256,,,,,Bp4,period_data_Bp4.csv,,,,,3.797498336
1.73230482,,,,,Bp4,period_data_Bp4.csv,,,,,4.177248179
1.9055353,,,,,Bp4,period_data_Bp4.csv,,,,,4.594972993
2.09608883,,,,,Bp4,period_data_Bp4.csv,,,,,5.054470292
2.30569771,,,,,Bp4,period_data_Bp4.csv,,,,,5.559917314
2.53626748,,,,,Bp4,period_data_Bp4.csv,,,,,6.115909043
2.78989423,,,,,Bp4,period_data_Bp4.csv,,,,,6.727499952
3.06888365,,,,,Bp4,period_data_Bp4.csv,,,,,7.40024994
3.37577202,,,,,Bp4,period_data_Bp4.csv,,,,,8.140274946
3.71334922,,,,,Bp4,period_data_Bp4.csv,,,,,8.954302435
4.08468414,,,,,Bp4,period_data_Bp4.csv,,,,,9.849732674
0.03286384,25.875,25.875,25.75,25.875,Ck9,period_data_Ck9.csv,-1.839285714,-1.875,-2,-1.875,0.10152561
0.03615022,25.875,25.875,25.875,25.875,Ck9,period_data_Ck9.csv,-1.839285714,-1.875,-1.875,-1.875,0.111678159
0.03976524,26,25.875,25.875,25.875,Ck9,period_data_Ck9.csv,-1.714285714,-1.875,-1.875,-1.875,0.122845968
0.04374177,25.875,25.875,25.875,26,Ck9,period_data_Ck9.csv,-1.839285714,-1.875,-1.875,-1.75,0.135130584
0.04811594,25.875,26,25.875,26,Ck9,period_data_Ck9.csv,-1.839285714,-1.75,-1.875,-1.75,0.148643621
0.05292754,25.875,26,26,25.875,Ck9,period_data_Ck9.csv,-1.839285714,-1.75,-1.75,-1.875,0.163508001
0.05822029,26,25.875,26,25.875,Ck9,period_data_Ck9.csv,-1.714285714,-1.875,-1.75,-1.875,0.179858789
0.06404232,26,26,26,26,Ck9,period_data_Ck9.csv,-1.714285714,-1.75,-1.75,-1.75,0.197844671
0.07044655,26.125,26,26,26,Ck9,period_data_Ck9.csv,-1.589285714,-1.75,-1.75,-1.75,0.217629132
0.07749121,26,26.125,26,26.125,Ck9,period_data_Ck9.csv,-1.714285714,-1.625,-1.75,-1.625,0.239392061
0.08524033,26.125,26.125,26.11111111,26,Ck9,period_data_Ck9.csv,-1.589285714,-1.625,-1.638888889,-1.75,0.263331264
0.09376436,26.125,26.125,26.25,26.125,Ck9,period_data_Ck9.csv,-1.589285714,-1.625,-1.5,-1.625,0.289664381
0.1031408,26.25,26.25,26.125,26.25,Ck9,period_data_Ck9.csv,-1.464285714,-1.5,-1.625,-1.5,0.318630831
0.11345488,26.25,26.25,26.25,26.25,Ck9,period_data_Ck9.csv,-1.464285714,-1.5,-1.5,-1.5,0.350493914
0.12480036,26.375,26.25,26.375,26.25,Ck9,period_data_Ck9.csv,-1.339285714,-1.5,-1.375,-1.5,0.385543281
0.1372804,26.5,26.375,26.375,26.375,Ck9,period_data_Ck9.csv,-1.214285714,-1.375,-1.375,-1.375,0.424097621
0.15100844,26.5,26.5,26.5,26.42857143,Ck9,period_data_Ck9.csv,-1.214285714,-1.25,-1.25,-1.321428571,0.466507383
0.16610928,26.5,26.5,26.5,26.57142857,Ck9,period_data_Ck9.csv,-1.214285714,-1.25,-1.25,-1.178571429,0.513158109
0.18272021,26.75,26.75,26.75,26.625,Ck9,period_data_Ck9.csv,-0.964285714,-1,-1,-1.125,0.564473926
0.20099223,26.75,26.75,26.75,26.875,Ck9,period_data_Ck9.csv,-0.964285714,-1,-1,-0.875,0.620921316
0.22109146,26.875,27,26.875,27,Ck9,period_data_Ck9.csv,-0.839285714,-0.75,-0.875,-0.75,0.683013469
0.2432006,27.125,27,27.125,27.125,Ck9,period_data_Ck9.csv,-0.589285714,-0.75,-0.625,-0.625,0.751314798
0.26752066,27.28571429,27.28571429,27.25,27.25,Ck9,period_data_Ck9.csv,-0.428571429,-0.464285714,-0.5,-0.5,0.826446277
0.29427273,27.42857143,27.5,27.375,27.375,Ck9,period_data_Ck9.csv,-0.285714286,-0.25,-0.375,-0.375,0.909090918
0.3237,27.71428571,27.75,27.75,27.75,Ck9,period_data_Ck9.csv,0,0,0,0,1
0.35607,28,28,28,28,Ck9,period_data_Ck9.csv,0.285714286,0.25,0.25,0.25,1.1
0.391677,28.5,28.57142857,28.57142857,28.57142857,Ck9,period_data_Ck9.csv,0.785714286,0.821428571,0.821428571,0.821428571,1.21
0.4308447,29,29,29,29,Ck9,period_data_Ck9.csv,1.285714286,1.25,1.25,1.25,1.331
0.47392917,29.71428571,29.71428571,29.66666667,29.71428571,Ck9,period_data_Ck9.csv,2,1.964285714,1.916666667,1.964285714,1.4641
0.52132209,30.57142857,30.5,30.57142857,30.57142857,Ck9,period_data_Ck9.csv,2.857142857,2.75,2.821428571,2.821428571,1.610510009
0.5734543,31.83333333,31.85714286,32,31.85714286,Ck9,period_data_Ck9.csv,4.119047619,4.107142857,4.25,4.107142857,1.771561013
0.63079973,33.66666667,33.66666667,33.66666667,33.66666667,Ck9,period_data_Ck9.csv,5.952380952,5.916666667,5.916666667,5.916666667,1.948717115
0.6938797,36.4,36.33333333,36.5,36.33333333,Ck9,period_data_Ck9.csv,8.685714286,8.583333333,8.75,8.583333333,2.143588817
0.76326767,39.4,39.4,39.4,39.4,Ck9,period_data_Ck9.csv,11.68571429,11.65,11.65,11.65,2.357947698
0.83959443,41.75,41.8,41.8,41.8,Ck9,period_data_Ck9.csv,14.03571429,14.05,14.05,14.05,2.593742447
0.92355388,43.25,43.2,43.25,43,Ck9,period_data_Ck9.csv,15.53571429,15.45,15.5,15.25,2.853116713
1.01590927,43.6,43.75,43.5,43.75,Ck9,period_data_Ck9.csv,15.88571429,16,15.75,16,3.13842839
1.11750019,43.2,43,43.25,43,Ck9,period_data_Ck9.csv,15.48571429,15.25,15.5,15.25,3.452271208
1.22925021,42.2,42,42.25,42.25,Ck9,period_data_Ck9.csv,14.48571429,14.25,14.5,14.5,3.797498332
1.35217523,41.6,41.4,41.75,41.75,Ck9,period_data_Ck9.csv,13.88571429,13.65,14,14,4.177248162
1.48739276,42.2,42,42,42,Ck9,period_data_Ck9.csv,14.48571429,14.25,14.25,14.25,4.594973
1.63613203,43.5,43.5,43.25,43.25,Ck9,period_data_Ck9.csv,15.78571429,15.75,15.5,15.5,5.054470281
1.79974523,45,45,45,45,Ck9,period_data_Ck9.csv,17.28571429,17.25,17.25,17.25,5.5599173
1.97971976,46.75,46.75,46.75,46.75,Ck9,period_data_Ck9.csv,19.03571429,19,19,19,6.115909052
2.17769173,48.5,,48.66666667,48.66666667,Ck9,period_data_Ck9.csv,20.78571429,,20.91666667,20.91666667,6.727499938
2.39546091,,,51,50.5,Ck9,period_data_Ck9.csv,,,23.25,22.75,7.400249954
2.635007,,,,,Ck9,period_data_Ck9.csv,,,,,8.140274946
2.8985077,,,,,Ck9,period_data_Ck9.csv,,,,,8.954302441
3.18835847,,,,,Ck9,period_data_Ck9.csv,,,,,9.849732685
0.08802269,,,,,Cm9,period_data_Cm9.csv,,,,,0.101525594
0.09682496,,,,,Cm9,period_data_Cm9.csv,,,,,0.111678155
0.10650746,,,,,Cm9,period_data_Cm9.csv,,,,,0.122845975
0.1171582,,,,,Cm9,period_data_Cm9.csv,,,,,0.135130565
0.12887403,,,,,Cm9,period_data_Cm9.csv,,,,,0.148643633
0.14176143,,,,,Cm9,period_data_Cm9.csv,,,,,0.163507993
0.15593757,,,,,Cm9,period_data_Cm9.csv,,,,,0.179858789
0.17153133,,,,,Cm9,period_data_Cm9.csv,,,,,0.197844671
0.18868446,,,,,Cm9,period_data_Cm9.csv,,,,,0.217629135
0.20755291,,,,,Cm9,period_data_Cm9.csv,,,,,0.239392053
0.2283082,,,,,Cm9,period_data_Cm9.csv,,,,,0.263331257
0.25113902,,,,,Cm9,period_data_Cm9.csv,,,,,0.289664383
0.27625292,,,,,Cm9,period_data_Cm9.csv,,,,,0.318630819
0.30387821,,,,,Cm9,period_data_Cm9.csv,,,,,0.350493899
0.33426603,47.33333333,47.25,47.25,47.25,Cm9,period_data_Cm9.csv,19.61904762,19.5,19.5,19.5,0.385543287
0.36769264,43.75,43.5,43.25,43.5,Cm9,period_data_Cm9.csv,16.03571429,15.75,15.5,15.75,0.424097624
0.4044619,41.6,41.6,41.5,41.75,Cm9,period_data_Cm9.csv,13.88571429,13.85,13.75,14,0.466507382
0.44490809,42.4,42.5,42.5,42.25,Cm9,period_data_Cm9.csv,14.68571429,14.75,14.75,14.5,0.51315812
0.4893989,43.6,43.75,43.5,43.5,Cm9,period_data_Cm9.csv,15.88571429,16,15.75,15.75,0.564473933
0.53833879,43.25,43.2,43.25,43.25,Cm9,period_data_Cm9.csv,15.53571429,15.45,15.5,15.5,0.620921326
0.59217267,40.8,40.75,40.8,40.8,Cm9,period_data_Cm9.csv,13.08571429,13,13.05,13.05,0.68301346
0.65138993,34.83333333,34.8,35,34.83333333,Cm9,period_data_Cm9.csv,7.119047619,7.05,7.25,7.083333333,0.751314798
0.71652893,30.28571429,30.33333333,30.28571429,30.28571429,Cm9,period_data_Cm9.csv,2.571428571,2.583333333,2.535714286,2.535714286,0.826446286
0.78818182,28.625,28.57142857,28.57142857,28.57142857,Cm9,period_data_Cm9.csv,0.910714286,0.821428571,0.821428571,0.821428571,0.909090911
0.867,27.71428571,27.75,27.75,27.75,Cm9,period_data_Cm9.csv,0,0,0,0,1
0.9537,27.28571429,27.25,27.25,27.25,Cm9,period_data_Cm9.csv,-0.428571429,-0.5,-0.5,-0.5,1.1
1.04907,26.875,26.85714286,26.875,26.875,Cm9,period_data_Cm9.csv,-0.839285714,-0.892857143,-0.875,-0.875,1.21
1.153977,26.75,26.75,26.75,26.75,Cm9,period_data_Cm9.csv,-0.964285714,-1,-1,-1,1.331
1.2693747,26.5,26.5,26.5,26.625,Cm9,period_data_Cm9.csv,-1.214285714,-1.25,-1.25,-1.125,1.4641
1.39631217,26.375,26.375,26.5,26.375,Cm9,period_data_Cm9.csv,-1.339285714,-1.375,-1.25,-1.375,1.61051
1.53594339,26.375,26.375,26.25,26.375,Cm9,period_data_Cm9.csv,-1.339285714,-1.375,-1.5,-1.375,1.771561003
1.68953773,26.25,26.125,26.25,26.125,Cm9,period_data_Cm9.csv,-1.464285714,-1.625,-1.5,-1.625,1.948717105
1.8584915,26.25,26.125,26.125,26.125,Cm9,period_data_Cm9.csv,-1.464285714,-1.625,-1.625,-1.625,2.143588812
2.04434065,26.125,26,26.11111111,26.125,Cm9,period_data_Cm9.csv,-1.589285714,-1.75,-1.638888889,-1.625,2.357947693
2.24877471,26,26.125,26,26.125,Cm9,period_data_Cm9.csv,-1.714285714,-1.625,-1.75,-1.625,2.593742457
2.47365218,26,26,26,26,Cm9,period_data_Cm9.csv,-1.714285714,-1.75,-1.75,-1.75,2.853116701
2.7210174,26,26,26,26,Cm9,period_data_Cm9.csv,-1.714285714,-1.75,-1.75,-1.75,3.138428374
2.99311914,26,25.875,26,25.875,Cm9,period_data_Cm9.csv,-1.714285714,-1.875,-1.75,-1.875,3.452271211
3.29243106,25.875,26,25.875,26,Cm9,period_data_Cm9.csv,-1.839285714,-1.75,-1.875,-1.75,3.797498339
3.62167416,25.875,25.875,25.875,25.875,Cm9,period_data_Cm9.csv,-1.839285714,-1.875,-1.875,-1.875,4.177248166
3.98384158,25.875,25.875,25.875,25.875,Cm9,period_data_Cm9.csv,-1.839285714,-1.875,-1.875,-1.875,4.594972987
4.38222574,25.875,25.875,25.875,25.875,Cm9,period_data_Cm9.csv,-1.839285714,-1.875,-1.875,-1.875,5.054470288
4.82044831,25.875,25.875,25.875,25.875,Cm9,period_data_Cm9.csv,-1.839285714,-1.875,-1.875,-1.875,5.559917313
5.30249314,25.875,25.75,25.875,25.75,Cm9,period_data_Cm9.csv,-1.839285714,-2,-1.875,-2,6.115909043
5.83274246,25.875,25.75,25.875,25.75,Cm9,period_data_Cm9.csv,-1.839285714,-2,-1.875,-2,6.727499954
6.4160167,25.75,25.75,25.875,25.75,Cm9,period_data_Cm9.csv,-1.964285714,-2,-1.875,-2,7.400249942
7.05761837,25.75,25.875,25.875,25.75,Cm9,period_data_Cm9.csv,-1.964285714,-1.875,-1.875,-2,8.140274937
7.76338021,25.75,25.875,25.75,25.75,Cm9,period_data_Cm9.csv,-1.964285714,-1.875,-2,-2,8.954302434
8.53971823,25.75,25.875,25.75,25.875,Cm9,period_data_Cm9.csv,-1.964285714,-1.875,-2,-1.875,9.849732676
0.04636674,25.75,25.75,25.75,25.875,Cp5,period_data_Cp5.csv,-1.964285714,-2,-2,-1.875,0.101525597
0.05100341,25.75,25.875,25.75,25.875,Cp5,period_data_Cp5.csv,-1.964285714,-1.875,-2,-1.875,0.111678148
0.05610376,25.75,25.875,25.75,25.875,Cp5,period_data_Cp5.csv,-1.964285714,-1.875,-2,-1.875,0.122845982
0.06171413,25.75,25.875,25.875,25.875,Cp5,period_data_Cp5.csv,-1.964285714,-1.875,-1.875,-1.875,0.135130567
0.06788554,25.75,25.875,25.875,25.75,Cp5,period_data_Cp5.csv,-1.964285714,-1.875,-1.875,-2,0.148643617
0.0746741,25.875,25.875,25.875,25.75,Cp5,period_data_Cp5.csv,-1.839285714,-1.875,-1.875,-2,0.163507992
0.08214151,25.875,25.75,25.875,25.75,Cp5,period_data_Cp5.csv,-1.839285714,-2,-1.875,-2,0.179858791
0.09035566,25.875,25.875,25.875,25.875,Cp5,period_data_Cp5.csv,-1.839285714,-1.875,-1.875,-1.875,0.197844668
0.09939123,25.875,25.875,26,25.875,Cp5,period_data_Cp5.csv,-1.839285714,-1.875,-1.75,-1.875,0.217629144
0.10933035,25.875,25.875,25.875,25.875,Cp5,period_data_Cp5.csv,-1.839285714,-1.875,-1.875,-1.875,0.239392052
0.12026338,26,25.875,25.875,26,Cp5,period_data_Cp5.csv,-1.714285714,-1.875,-1.875,-1.75,0.263331246
0.13228972,25.875,26,25.875,26,Cp5,period_data_Cp5.csv,-1.839285714,-1.75,-1.875,-1.75,0.289664375
0.14551869,26,26,26,26,Cp5,period_data_Cp5.csv,-1.714285714,-1.75,-1.75,-1.75,0.318630808
0.16007056,26,26,26,26,Cp5,period_data_Cp5.csv,-1.714285714,-1.75,-1.75,-1.75,0.350493891
0.17607762,26.125,26,26,26,Cp5,period_data_Cp5.csv,-1.589285714,-1.75,-1.75,-1.75,0.385543289
0.19368538,26,26.125,26.125,26.125,Cp5,period_data_Cp5.csv,-1.714285714,-1.625,-1.625,-1.625,0.424097613
0.21305392,26.125,26.125,26.22222222,26.125,Cp5,period_data_Cp5.csv,-1.589285714,-1.625,-1.527777778,-1.625,0.466507379
0.23435931,26.25,26.25,26.125,26.25,Cp5,period_data_Cp5.csv,-1.464285714,-1.5,-1.625,-1.5,0.513158113
0.25779524,26.25,26.25,26.375,26.25,Cp5,period_data_Cp5.csv,-1.464285714,-1.5,-1.375,-1.5,0.564473922
0.28357477,26.5,26.5,26.375,26.5,Cp5,period_data_Cp5.csv,-1.214285714,-1.25,-1.375,-1.25,0.620921327
0.31193225,26.625,26.625,26.625,26.57142857,Cp5,period_data_Cp5.csv,-1.089285714,-1.125,-1.125,-1.178571429,0.683013466
0.34312547,26.75,26.625,26.625,26.625,Cp5,period_data_Cp5.csv,-0.964285714,-1.125,-1.125,-1.125,0.751314802
0.37743802,27,27,27,27,Cp5,period_data_Cp5.csv,-0.714285714,-0.75,-0.75,-0.75,0.826446289
0.41518182,27.28571429,27.28571429,27.25,27.25,Cp5,period_data_Cp5.csv,-0.428571429,-0.464285714,-0.5,-0.5,0.909090913
0.4567,27.71428571,27.75,27.75,27.75,Cp5,period_data_Cp5.csv,0,0,0,0,1
0.50237,28.625,28.57142857,28.57142857,28.57142857,Cp5,period_data_Cp5.csv,0.910714286,0.821428571,0.821428571,0.821428571,1.1
0.552607,30.28571429,30.33333333,30.28571429,30.28571429,Cp5,period_data_Cp5.csv,2.571428571,2.583333333,2.535714286,2.535714286,1.21
0.6078677,34.66666667,34.8,34.83333333,34.83333333,Cp5,period_data_Cp5.csv,6.952380952,7.05,7.083333333,7.083333333,1.331
0.66865447,40.6,40.75,40.6,40.6,Cp5,period_data_Cp5.csv,12.88571429,13,12.85,12.85,1.4641
0.73551992,43.25,43,43.25,43,Cp5,period_data_Cp5.csv,15.53571429,15.25,15.5,15.25,1.610510007
0.80907191,43.4,43.5,43.5,43.5,Cp5,period_data_Cp5.csv,15.68571429,15.75,15.75,15.75,1.771561003
0.8899791,42.4,42.25,42.5,42.25,Cp5,period_data_Cp5.csv,14.68571429,14.5,14.75,14.5,1.948717101
0.97897701,41.6,41.4,41.5,41.5,Cp5,period_data_Cp5.csv,13.88571429,13.65,13.75,13.75,2.143588811
1.07687471,43.25,43,43,43.25,Cp5,period_data_Cp5.csv,15.53571429,15.25,15.25,15.5,2.35794769
1.18456218,46.75,46.75,46.75,46.75,Cp5,period_data_Cp5.csv,19.03571429,19,19,19,2.593742457
1.3030184,,,,,Cp5,period_data_Cp5.csv,,,,,2.853116707
1.43332024,,,,,Cp5,period_data_Cp5.csv,,,,,3.138428377
1.57665226,,,,,Cp5,period_data_Cp5.csv,,,,,3.452271206
1.73431749,,,,,Cp5,period_data_Cp5.csv,,,,,3.797498336
1.90774924,,,,,Cp5,period_data_Cp5.csv,,,,,4.177248172
2.09852416,,,,,Cp5,period_data_Cp5.csv,,,,,4.59497298
2.30837658,,,,,Cp5,period_data_Cp5.csv,,,,,5.054470287
2.53921424,,,,,Cp5,period_data_Cp5.csv,,,,,5.55991732
2.79313566,,,,,Cp5,period_data_Cp5.csv,,,,,6.115909043
3.07244923,,,,,Cp5,period_data_Cp5.csv,,,,,6.727499956
3.37969415,,,,,Cp5,period_data_Cp5.csv,,,,,7.400249945
3.71766356,,,,,Cp5,period_data_Cp5.csv,,,,,8.140274929
4.08942992,,,,,Cp5,period_data_Cp5.csv,,,,,8.95430243
4.49837291,,,,,Cp5,period_data_Cp5.csv,,,,,9.849732669
0.12036134,27.71428571,27.75,27.75,27.75,Gkp,period_data_Gkp.csv,0,0,0,0,0.1015256
0.13239747,27.71428571,27.75,27.75,27.75,Gkp,period_data_Gkp.csv,0,0,0,0,0.111678157
0.14563722,27.71428571,27.75,27.75,27.75,Gkp,period_data_Gkp.csv,0,0,0,0,0.122845975
0.16020094,27.71428571,27.75,27.75,27.75,Gkp,period_data_Gkp.csv,0,0,0,0,0.135130571
0.17622103,27.71428571,27.75,27.75,27.75,Gkp,period_data_Gkp.csv,0,0,0,0,0.148643624
0.19384314,27.71428571,27.75,27.75,27.75,Gkp,period_data_Gkp.csv,0,0,0,0,0.163507993
0.21322745,27.71428571,27.75,27.75,27.75,Gkp,period_data_Gkp.csv,0,0,0,0,0.179858789
0.2345502,27.71428571,27.75,27.75,27.75,Gkp,period_data_Gkp.csv,0,0,0,0,0.197844672
0.25800522,27.71428571,27.75,27.75,27.75,Gkp,period_data_Gkp.csv,0,0,0,0,0.217629139
0.28380574,27.71428571,27.75,27.75,27.75,Gkp,period_data_Gkp.csv,0,0,0,0,0.239392051
0.31218631,27.71428571,27.75,27.75,27.75,Gkp,period_data_Gkp.csv,0,0,0,0,0.263331253
0.34340494,27.71428571,27.75,27.75,27.75,Gkp,period_data_Gkp.csv,0,0,0,0,0.289664377
0.37774544,27.71428571,27.75,27.75,27.75,Gkp,period_data_Gkp.csv,0,0,0,0,0.31863082
0.41551998,27.71428571,27.75,27.75,27.75,Gkp,period_data_Gkp.csv,0,0,0,0,0.350493898
0.45707198,27.71428571,27.75,27.75,27.75,Gkp,period_data_Gkp.csv,0,0,0,0,0.38554329
0.50277918,27.71428571,27.75,27.75,27.75,Gkp,period_data_Gkp.csv,0,0,0,0,0.424097621
0.55305709,27.71428571,27.75,27.75,27.75,Gkp,period_data_Gkp.csv,0,0,0,0,0.466507376
0.6083628,27.71428571,27.75,27.75,27.75,Gkp,period_data_Gkp.csv,0,0,0,0,0.513158114
0.66919908,27.71428571,27.75,27.75,27.75,Gkp,period_data_Gkp.csv,0,0,0,0,0.564473926
0.73611899,27.71428571,27.75,27.75,27.75,Gkp,period_data_Gkp.csv,0,0,0,0,0.62092132
0.80973089,27.71428571,27.75,27.75,27.75,Gkp,period_data_Gkp.csv,0,0,0,0,0.683013453
0.89070398,27.71428571,27.75,27.75,27.75,Gkp,period_data_Gkp.csv,0,0,0,0,0.751314799
0.97977438,27.71428571,27.75,27.75,27.75,Gkp,period_data_Gkp.csv,0,0,0,0,0.826446281
1.07775182,27.71428571,27.75,27.75,27.75,Gkp,period_data_Gkp.csv,0,0,0,0,0.909090911
1.185527,27.71428571,27.75,27.75,27.75,Gkp,period_data_Gkp.csv,0,0,0,0,1
1.3040797,27.71428571,27.75,27.75,27.75,Gkp,period_data_Gkp.csv,0,0,0,0,1.1
1.43448767,27.71428571,27.75,27.75,27.75,Gkp,period_data_Gkp.csv,0,0,0,0,1.21
1.57793644,27.71428571,27.75,27.75,27.75,Gkp,period_data_Gkp.csv,0,0,0,0,1.331000003
1.73573008,27.71428571,27.75,27.75,27.75,Gkp,period_data_Gkp.csv,0,0,0,0,1.464099999
1.90930309,27.71428571,27.75,27.75,27.75,Gkp,period_data_Gkp.csv,0,0,0,0,1.610510001
2.1002334,27.71428571,27.75,27.75,27.75,Gkp,period_data_Gkp.csv,0,0,0,0,1.771561002
2.31025674,27.71428571,27.75,27.75,27.75,Gkp,period_data_Gkp.csv,0,0,0,0,1.948717102
2.54128241,27.71428571,27.75,27.75,27.75,Gkp,period_data_Gkp.csv,0,0,0,0,2.143588809
2.79541065,27.71428571,27.75,27.75,27.75,Gkp,period_data_Gkp.csv,0,0,0,0,2.357947689
3.07495172,27.71428571,27.75,27.75,27.75,Gkp,period_data_Gkp.csv,0,0,0,0,2.593742462
3.38244689,27.71428571,27.75,27.75,27.75,Gkp,period_data_Gkp.csv,0,0,0,0,2.853116707
3.72069158,27.71428571,27.75,27.75,27.75,Gkp,period_data_Gkp.csv,0,0,0,0,3.138428378
4.09276074,27.71428571,27.75,27.75,27.75,Gkp,period_data_Gkp.csv,0,0,0,0,3.452271218
4.50203681,27.71428571,27.75,27.75,27.75,Gkp,period_data_Gkp.csv,0,0,0,0,3.797498336
4.95224049,27.71428571,27.75,27.75,27.75,Gkp,period_data_Gkp.csv,0,0,0,0,4.177248169
5.44746454,27.71428571,27.75,27.75,27.75,Gkp,period_data_Gkp.csv,0,0,0,0,4.594972987
5.99221099,27.71428571,27.75,27.75,27.75,Gkp,period_data_Gkp.csv,0,0,0,0,5.054470282
6.59143209,27.71428571,27.75,27.75,27.75,Gkp,period_data_Gkp.csv,0,0,0,0,5.559917311
7.2505753,27.71428571,27.75,27.75,27.75,Gkp,period_data_Gkp.csv,0,0,0,0,6.115909043
7.97563283,27.71428571,27.75,27.75,27.75,Gkp,period_data_Gkp.csv,0,0,0,0,6.727499947
8.77319612,27.71428571,27.75,27.75,27.75,Gkp,period_data_Gkp.csv,0,0,0,0,7.400249948
9.65051573,27.71428571,27.75,27.75,27.75,Gkp,period_data_Gkp.csv,0,0,0,0,8.140274941
10.6155673,27.71428571,27.75,27.75,27.75,Gkp,period_data_Gkp.csv,0,0,0,0,8.954302433
11.67712403,27.71428571,27.75,27.75,27.75,Gkp,period_data_Gkp.csv,0,0,0,0,9.849732676
1.02E-05,27.71428571,27.75,27.75,27.75,Gp6,period_data_Gp6.csv,0,0,0,0,0.1015
1.12E-05,27.71428571,27.75,27.75,27.75,Gp6,period_data_Gp6.csv,0,0,0,0,0.1117
1.23E-05,27.71428571,27.75,27.75,27.75,Gp6,period_data_Gp6.csv,0,0,0,0,0.1228
1.35E-05,27.71428571,27.75,27.75,27.75,Gp6,period_data_Gp6.csv,0,0,0,0,0.1351
1.49E-05,27.71428571,27.75,27.75,27.75,Gp6,period_data_Gp6.csv,0,0,0,0,0.1486
1.64E-05,27.71428571,27.75,27.75,27.75,Gp6,period_data_Gp6.csv,0,0,0,0,0.1635
1.80E-05,27.71428571,27.75,27.75,27.75,Gp6,period_data_Gp6.csv,0,0,0,0,0.1799
1.98E-05,27.71428571,27.75,27.75,27.75,Gp6,period_data_Gp6.csv,0,0,0,0,0.1978
2.18E-05,27.71428571,27.75,27.75,27.75,Gp6,period_data_Gp6.csv,0,0,0,0,0.2176
2.39E-05,27.71428571,27.75,27.75,27.75,Gp6,period_data_Gp6.csv,0,0,0,0,0.2394
2.63E-05,27.71428571,27.75,27.75,27.75,Gp6,period_data_Gp6.csv,0,0,0,0,0.2633
2.90E-05,27.71428571,27.75,27.75,27.75,Gp6,period_data_Gp6.csv,0,0,0,0,0.2897
3.19E-05,27.71428571,27.75,27.75,27.75,Gp6,period_data_Gp6.csv,0,0,0,0,0.3186
3.51E-05,27.71428571,27.75,27.75,27.75,Gp6,period_data_Gp6.csv,0,0,0,0,0.3505
3.86E-05,27.71428571,27.75,27.75,27.75,Gp6,period_data_Gp6.csv,0,0,0,0,0.3855
4.24E-05,27.71428571,27.75,27.75,27.75,Gp6,period_data_Gp6.csv,0,0,0,0,0.4241
4.67E-05,27.71428571,27.75,27.75,27.75,Gp6,period_data_Gp6.csv,0,0,0,0,0.4665
5.13E-05,27.71428571,27.75,27.75,27.75,Gp6,period_data_Gp6.csv,0,0,0,0,0.5132
5.65E-05,27.71428571,27.75,27.75,27.75,Gp6,period_data_Gp6.csv,0,0,0,0,0.5645
6.21E-05,27.71428571,27.75,27.75,27.75,Gp6,period_data_Gp6.csv,0,0,0,0,0.6209
6.83E-05,27.71428571,27.75,27.75,27.75,Gp6,period_data_Gp6.csv,0,0,0,0,0.683
7.51E-05,27.71428571,27.75,27.75,27.75,Gp6,period_data_Gp6.csv,0,0,0,0,0.7513
8.26E-05,27.71428571,27.75,27.75,27.75,Gp6,period_data_Gp6.csv,0,0,0,0,0.8264
9.09E-05,27.71428571,27.75,27.75,27.75,Gp6,period_data_Gp6.csv,0,0,0,0,0.9091
0.0001,27.71428571,27.75,27.75,27.75,Gp6,period_data_Gp6.csv,0,0,0,0,1
0.00011,27.71428571,27.75,27.75,27.75,Gp6,period_data_Gp6.csv,0,0,0,0,1.1
0.000121,27.71428571,27.75,27.75,27.75,Gp6,period_data_Gp6.csv,0,0,0,0,1.21
0.0001331,27.71428571,27.75,27.75,27.75,Gp6,period_data_Gp6.csv,0,0,0,0,1.331
0.00014641,27.71428571,27.75,27.75,27.75,Gp6,period_data_Gp6.csv,0,0,0,0,1.4641
0.00016105,27.71428571,27.75,27.75,27.75,Gp6,period_data_Gp6.csv,0,0,0,0,1.6105
0.00017716,27.71428571,27.75,27.75,27.75,Gp6,period_data_Gp6.csv,0,0,0,0,1.7716
0.00019487,27.71428571,27.75,27.75,27.75,Gp6,period_data_Gp6.csv,0,0,0,0,1.9487
0.00021436,27.71428571,27.75,27.75,27.75,Gp6,period_data_Gp6.csv,0,0,0,0,2.1436
0.00023579,27.71428571,27.75,27.75,27.75,Gp6,period_data_Gp6.csv,0,0,0,0,2.3579
0.00025937,27.71428571,27.75,27.75,27.75,Gp6,period_data_Gp6.csv,0,0,0,0,2.5937
0.00028531,27.71428571,27.75,27.75,27.75,Gp6,period_data_Gp6.csv,0,0,0,0,2.8531
0.00031384,27.71428571,27.75,27.75,27.75,Gp6,period_data_Gp6.csv,0,0,0,0,3.1384
0.00034523,27.71428571,27.75,27.75,27.75,Gp6,period_data_Gp6.csv,0,0,0,0,3.4523
0.00037975,27.71428571,27.75,27.75,27.75,Gp6,period_data_Gp6.csv,0,0,0,0,3.7975
0.00041772,27.71428571,27.75,27.75,27.75,Gp6,period_data_Gp6.csv,0,0,0,0,4.1772
0.0004595,27.71428571,27.75,27.75,27.75,Gp6,period_data_Gp6.csv,0,0,0,0,4.595
0.00050545,27.71428571,27.75,27.75,27.75,Gp6,period_data_Gp6.csv,0,0,0,0,5.0545
0.00055599,27.71428571,27.75,27.75,27.75,Gp6,period_data_Gp6.csv,0,0,0,0,5.5599
0.00061159,27.71428571,27.75,27.75,27.75,Gp6,period_data_Gp6.csv,0,0,0,0,6.1159
0.00067275,27.71428571,27.75,27.75,27.75,Gp6,period_data_Gp6.csv,0,0,0,0,6.7275
0.00074002,27.71428571,27.75,27.75,27.75,Gp6,period_data_Gp6.csv,0,0,0,0,7.4002
0.00081403,27.71428571,27.75,27.75,27.75,Gp6,period_data_Gp6.csv,0,0,0,0,8.1403
0.00089543,27.71428571,27.75,27.75,27.75,Gp6,period_data_Gp6.csv,0,0,0,0,8.9543
0.00098497,27.71428571,27.75,27.75,27.75,Gp6,period_data_Gp6.csv,0,0,0,0,9.8497
0.01972642,,,,,K1,period_data_K1.csv,,,,,0.101525579
0.02169907,,,,,K1,period_data_K1.csv,,,,,0.111678178
0.02386897,,,,,K1,period_data_K1.csv,,,,,0.12284596
0.02625587,,,,,K1,period_data_K1.csv,,,,,0.135130571
0.02888146,,,,,K1,period_data_K1.csv,,,,,0.148643644
0.0317696,,,,,K1,period_data_K1.csv,,,,,0.163507977
0.03494656,,,,,K1,period_data_K1.csv,,,,,0.179858775
0.03844122,,,,,K1,period_data_K1.csv,,,,,0.197844673
0.04228534,,,,,K1,period_data_K1.csv,,,,,0.21762913
0.04651388,,,,,K1,period_data_K1.csv,,,,,0.239392074
0.05116526,,,,,K1,period_data_K1.csv,,,,,0.26333124
0.05628179,,,,,K1,period_data_K1.csv,,,,,0.289664385
0.06190997,,,,,K1,period_data_K1.csv,,,,,0.318630829
0.06810096,,,,,K1,period_data_K1.csv,,,,,0.350493875
0.07491106,24.66666667,24.75,24.625,24.625,K1,period_data_K1.csv,-3.047619048,-3,-3.125,-3.125,0.385543284
0.08240217,24.44444444,24.55555556,24.5,24.5,K1,period_data_K1.csv,-3.26984127,-3.194444444,-3.25,-3.25,0.424097633
0.09064238,24.55555556,24.55555556,24.625,24.5,K1,period_data_K1.csv,-3.158730159,-3.194444444,-3.125,-3.25,0.46650736
0.09970662,25,25,25,25,K1,period_data_K1.csv,-2.714285714,-2.75,-2.75,-2.75,0.513158106
0.10967728,25.5,25.375,25.5,25.375,K1,period_data_K1.csv,-2.214285714,-2.375,-2.25,-2.375,0.564473906
0.12064501,25.875,25.875,26,26,K1,period_data_K1.csv,-1.839285714,-1.875,-1.75,-1.75,0.620921307
0.13270951,26.25,26.25,26.375,26.375,K1,period_data_K1.csv,-1.464285714,-1.5,-1.375,-1.375,0.683013433
0.14598047,26.75,26.71428571,26.75,26.75,K1,period_data_K1.csv,-0.964285714,-1.035714286,-1,-1,0.751314822
0.16057851,27,27,27.125,27.125,K1,period_data_K1.csv,-0.714285714,-0.75,-0.625,-0.625,0.826446269
0.17663636,27.57142857,27.375,27.5,27.5,K1,period_data_K1.csv,-0.142857143,-0.375,-0.25,-0.25,0.90909089
0.1943,27.71428571,27.75,27.75,27.75,K1,period_data_K1.csv,0,0,0,0,1
0.1943,27.71428571,27.75,27.75,27.75,K1,period_data_K1.csv,0,0,0,0,1
0.21373,28,28,28,28,K1,period_data_K1.csv,0.285714286,0.25,0.25,0.25,1.1
0.235103,28.28571429,28.375,28.28571429,28.375,K1,period_data_K1.csv,0.571428571,0.625,0.535714286,0.625,1.21
0.2586133,28.57142857,28.625,28.57142857,28.625,K1,period_data_K1.csv,0.857142857,0.875,0.821428571,0.875,1.331
0.28447463,29,29,29,28.875,K1,period_data_K1.csv,1.285714286,1.25,1.25,1.125,1.4641
0.31292209,29.28571429,29.28571429,29.28571429,29.28571429,K1,period_data_K1.csv,1.571428571,1.535714286,1.535714286,1.535714286,1.610509985
0.3442143,29.71428571,29.57142857,29.71428571,29.57142857,K1,period_data_K1.csv,2,1.821428571,1.964285714,1.821428571,1.771560988
0.37863573,30.16666667,30,30.14285714,30.14285714,K1,period_data_K1.csv,2.452380952,2.25,2.392857143,2.392857143,1.948717087
0.41649931,30.57142857,30.57142857,30.5,30.57142857,K1,period_data_K1.csv,2.857142857,2.821428571,2.75,2.821428571,2.143588832
0.45814924,31.14285714,31.16666667,31.16666667,31.16666667,K1,period_data_K1.csv,3.428571429,3.416666667,3.416666667,3.416666667,2.35794771
0.50396416,32,31.83333333,32,31.85714286,K1,period_data_K1.csv,4.285714286,4.083333333,4.25,4.107142857,2.59374246
0.55436058,32.66666667,32.71428571,32.66666667,32.66666667,K1,period_data_K1.csv,4.952380952,4.964285714,4.916666667,4.916666667,2.853116727
0.60979663,33.66666667,33.83333333,33.66666667,33.66666667,K1,period_data_K1.csv,5.952380952,6.083333333,5.916666667,5.916666667,3.138428358
0.6707763,34.66666667,34.83333333,34.8,34.8,K1,period_data_K1.csv,6.952380952,7.083333333,7.05,7.05,3.45227123
0.73785393,35.66666667,35.8,35.83333333,35.83333333,K1,period_data_K1.csv,7.952380952,8.05,8.083333333,8.083333333,3.797498353
0.81163932,36.4,36.33333333,36.33333333,36.33333333,K1,period_data_K1.csv,8.685714286,8.583333333,8.583333333,8.583333333,4.177248173
0.89280325,,,,,K1,period_data_K1.csv,,,,,4.59497298
0.98208358,,,,,K1,period_data_K1.csv,,,,,5.054470304
1.08029193,,,,,K1,period_data_K1.csv,,,,,5.559917293
1.18832113,,,,,K1,period_data_K1.csv,,,,,6.115909058
1.30715324,,,,,K1,period_data_K1.csv,,,,,6.727499949
1.43786856,,,,,K1,period_data_K1.csv,,,,,7.400249923
1.58165542,,,,,K1,period_data_K1.csv,,,,,8.140274936
1.73982096,,,,,K1,period_data_K1.csv,,,,,8.954302419
1.91380306,,,,,K1,period_data_K1.csv,,,,,9.849732681
0.12070378,,,,,K10,period_data_K10.csv,,,,,0.101525595
0.13277416,,,,,K10,period_data_K10.csv,,,,,0.111678156
0.14605158,,,,,K10,period_data_K10.csv,,,,,0.122845975
0.16065674,,,,,K10,period_data_K10.csv,,,,,0.135130574
0.17672241,,,,,K10,period_data_K10.csv,,,,,0.148643629
0.19439465,,,,,K10,period_data_K10.csv,,,,,0.163507991
0.21383412,,,,,K10,period_data_K10.csv,,,,,0.179858794
0.23521753,,,,,K10,period_data_K10.csv,,,,,0.197844672
0.25873928,,,,,K10,period_data_K10.csv,,,,,0.217629136
0.28461321,,,,,K10,period_data_K10.csv,,,,,0.239392051
0.31307453,,,,,K10,period_data_K10.csv,,,,,0.263331256
0.34438198,,,,,K10,period_data_K10.csv,,,,,0.289664379
0.37882018,,,,,K10,period_data_K10.csv,,,,,0.318630818
0.4167022,,,,,K10,period_data_K10.csv,,,,,0.350493902
0.45837242,25,24.875,25,,K10,period_data_K10.csv,-2.714285714,-2.875,-2.75,,0.385543292
0.50420966,24.66666667,24.66666667,24.625,24.625,K10,period_data_K10.csv,-3.047619048,-3.083333333,-3.125,-3.125,0.42409762
0.55463062,24.44444444,24.55555556,24.5,24.55555556,K10,period_data_K10.csv,-3.26984127,-3.194444444,-3.25,-3.194444444,0.466507377
0.61009369,24.77777778,24.88888889,24.75,24.75,K10,period_data_K10.csv,-2.936507937,-2.861111111,-3,-3,0.513158121
0.67110306,25.33333333,25.375,25.375,25.25,K10,period_data_K10.csv,-2.380952381,-2.375,-2.375,-2.5,0.564473934
0.73821336,25.875,25.875,25.75,25.75,K10,period_data_K10.csv,-1.839285714,-1.875,-2,-2,0.620921322
0.8120347,26.25,26.25,26.125,26.25,K10,period_data_K10.csv,-1.464285714,-1.5,-1.625,-1.5,0.683013458
0.89323817,26.625,26.625,26.625,26.57142857,K10,period_data_K10.csv,-1.089285714,-1.125,-1.125,-1.178571429,0.751314804
0.98256198,27,27,27,27,K10,period_data_K10.csv,-0.714285714,-0.75,-0.75,-0.75,0.826446278
1.08081818,27.42857143,27.375,27.375,27.375,K10,period_data_K10.csv,-0.285714286,-0.375,-0.375,-0.375,0.909090908
1.1889,27.71428571,27.75,27.75,27.75,K10,period_data_K10.csv,0,0,0,0,1
1.30779,28.14285714,28.125,28.14285714,28.125,K10,period_data_K10.csv,0.428571429,0.375,0.392857143,0.375,1.1
1.438569,28.375,28.375,28.42857143,28.42857143,K10,period_data_K10.csv,0.660714286,0.625,0.678571429,0.678571429,1.21
1.5824259,28.875,28.71428571,28.85714286,28.71428571,K10,period_data_K10.csv,1.160714286,0.964285714,1.107142857,0.964285714,1.331
1.74066849,29.14285714,29.14285714,29.14285714,29,K10,period_data_K10.csv,1.428571429,1.392857143,1.392857143,1.25,1.4641
1.91473534,29.42857143,29.42857143,29.42857143,29.57142857,K10,period_data_K10.csv,1.714285714,1.678571429,1.678571429,1.821428571,1.610510001
2.10620887,29.71428571,29.85714286,29.83333333,29.71428571,K10,period_data_K10.csv,2,2.107142857,2.083333333,1.964285714,1.771560998
2.31682976,30,30.14285714,30,30,K10,period_data_K10.csv,2.285714286,2.392857143,2.25,2.25,1.9487171
2.54851274,30.42857143,30.5,30.42857143,30.42857143,K10,period_data_K10.csv,2.714285714,2.75,2.678571429,2.678571429,2.143588813
2.80336401,30.71428571,30.66666667,30.71428571,30.71428571,K10,period_data_K10.csv,3,2.916666667,2.964285714,2.964285714,2.357947691
3.08370041,31,31,31,31,K10,period_data_K10.csv,3.285714286,3.25,3.25,3.25,2.593742459
3.39207045,31.33333333,31.28571429,31.28571429,31.28571429,K10,period_data_K10.csv,3.619047619,3.535714286,3.535714286,3.535714286,2.853116705
3.7312775,31.5,31.57142857,31.42857143,31.57142857,K10,period_data_K10.csv,3.785714286,3.821428571,3.678571429,3.821428571,3.138428379
4.10440525,31.83333333,31.71428571,31.71428571,31.85714286,K10,period_data_K10.csv,4.119047619,3.964285714,3.964285714,4.107142857,3.452271217
4.51484577,32,32,32,32,K10,period_data_K10.csv,4.285714286,4.25,4.25,4.25,3.797498335
4.96633035,32.33333333,32.28571429,32.16666667,32.16666667,K10,period_data_K10.csv,4.619047619,4.535714286,4.416666667,4.416666667,4.177248171
5.46296338,32.5,32.57142857,32.5,32.5,K10,period_data_K10.csv,4.785714286,4.821428571,4.75,4.75,4.594972983
6.00925972,32.66666667,32.66666667,32.66666667,32.66666667,K10,period_data_K10.csv,4.952380952,4.916666667,4.916666667,4.916666667,5.054470283
6.61018569,32.85714286,32.83333333,32.83333333,32.83333333,K10,period_data_K10.csv,5.142857143,5.083333333,5.083333333,5.083333333,5.55991731
7.27120426,33,33,33,33.16666667,K10,period_data_K10.csv,5.285714286,5.25,5.25,5.416666667,6.115909042
7.99832469,33.14285714,33.16666667,33.16666667,33.16666667,K10,period_data_K10.csv,5.428571429,5.416666667,5.416666667,5.416666667,6.72749995
8.79815716,33.28571429,33.33333333,33.33333333,33.16666667,K10,period_data_K10.csv,5.571428571,5.583333333,5.583333333,5.416666667,7.400249945
9.67797287,33.5,33.33333333,33.33333333,33.5,K10,period_data_K10.csv,5.785714286,5.583333333,5.583333333,5.75,8.140274935
10.64577016,33.5,33.5,33.5,33.66666667,K10,period_data_K10.csv,5.785714286,5.75,5.75,5.916666667,8.954302431
11.71034718,33.5,33.66666667,33.66666667,33.66666667,K10,period_data_K10.csv,5.785714286,5.916666667,5.916666667,5.916666667,9.849732677
0.0337268,27.71428571,27.75,27.75,27.75,K11,period_data_K11.csv,0,0,0,0,0.101525587
0.03709948,27.71428571,27.75,27.75,27.75,K11,period_data_K11.csv,0,0,0,0,0.111678146
0.04080943,27.71428571,27.75,27.75,27.75,K11,period_data_K11.csv,0,0,0,0,0.122845966
0.04489038,27.71428571,27.75,27.75,27.75,K11,period_data_K11.csv,0,0,0,0,0.135130584
0.04937941,27.71428571,27.75,27.75,27.75,K11,period_data_K11.csv,0,0,0,0,0.148643618
0.05431735,27.71428571,27.75,27.75,27.75,K11,period_data_K11.csv,0,0,0,0,0.163507977
0.05974909,27.71428571,27.75,27.75,27.75,K11,period_data_K11.csv,0,0,0,0,0.17985879
0.065724,27.71428571,27.75,27.75,27.75,K11,period_data_K11.csv,0,0,0,0,0.197844672
0.0722964,27.71428571,27.75,27.75,27.75,K11,period_data_K11.csv,0,0,0,0,0.217629139
0.07952604,27.71428571,27.75,27.75,27.75,K11,period_data_K11.csv,0,0,0,0,0.239392053
0.08747864,27.71428571,27.75,27.75,27.75,K11,period_data_K11.csv,0,0,0,0,0.263331246
0.09622651,27.71428571,27.75,27.75,27.75,K11,period_data_K11.csv,0,0,0,0,0.289664389
0.10584916,27.71428571,27.75,27.75,27.75,K11,period_data_K11.csv,0,0,0,0,0.318630825
0.11643407,27.71428571,27.75,27.75,27.75,K11,period_data_K11.csv,0,0,0,0,0.350493889
0.12807748,27.71428571,27.75,27.75,27.75,K11,period_data_K11.csv,0,0,0,0,0.385543287
0.14088523,27.71428571,27.75,27.75,27.75,K11,period_data_K11.csv,0,0,0,0,0.424097622
0.15497375,27.71428571,27.75,27.75,27.75,K11,period_data_K11.csv,0,0,0,0,0.466507375
0.17047113,27.71428571,27.75,27.75,27.75,K11,period_data_K11.csv,0,0,0,0,0.513158128
0.18751824,27.71428571,27.75,27.75,27.75,K11,period_data_K11.csv,0,0,0,0,0.564473931
0.20627006,27.71428571,27.75,27.75,27.75,K11,period_data_K11.csv,0,0,0,0,0.620921312
0.22689707,27.71428571,27.75,27.75,27.75,K11,period_data_K11.csv,0,0,0,0,0.683013456
0.24958678,27.71428571,27.75,27.75,27.75,K11,period_data_K11.csv,0,0,0,0,0.75131481
0.27454545,27.71428571,27.75,27.75,27.75,K11,period_data_K11.csv,0,0,0,0,0.826446267
0.302,27.71428571,27.75,27.75,27.75,K11,period_data_K11.csv,0,0,0,0,0.909090909
0.3322,27.71428571,27.75,27.75,27.75,K11,period_data_K11.csv,0,0,0,0,1
0.36542,27.71428571,27.75,27.75,27.75,K11,period_data_K11.csv,0,0,0,0,1.1
0.401962,27.71428571,27.75,27.75,27.75,K11,period_data_K11.csv,0,0,0,0,1.21
0.4421582,27.71428571,27.75,27.75,27.75,K11,period_data_K11.csv,0,0,0,0,1.331
0.48637402,27.71428571,27.75,27.75,27.75,K11,period_data_K11.csv,0,0,0,0,1.4641
0.53501142,27.71428571,27.75,27.75,27.75,K11,period_data_K11.csv,0,0,0,0,1.610509994
0.58851256,27.71428571,27.75,27.75,27.75,K11,period_data_K11.csv,0,0,0,0,1.771560987
0.64736382,27.71428571,27.75,27.75,27.75,K11,period_data_K11.csv,0,0,0,0,1.948717098
0.7121002,27.71428571,27.75,27.75,27.75,K11,period_data_K11.csv,0,0,0,0,2.143588802
0.78331022,27.71428571,27.75,27.75,27.75,K11,period_data_K11.csv,0,0,0,0,2.357947682
0.86164125,27.71428571,27.75,27.75,27.75,K11,period_data_K11.csv,0,0,0,0,2.593742474
0.94780537,27.71428571,27.75,27.75,27.75,K11,period_data_K11.csv,0,0,0,0,2.853116707
1.04258591,27.71428571,27.75,27.75,27.75,K11,period_data_K11.csv,0,0,0,0,3.138428387
1.1468445,27.71428571,27.75,27.75,27.75,K11,period_data_K11.csv,0,0,0,0,3.452271222
1.26152895,27.71428571,27.75,27.75,27.75,K11,period_data_K11.csv,0,0,0,0,3.797498344
1.38768184,27.71428571,27.75,27.75,27.75,K11,period_data_K11.csv,0,0,0,0,4.177248164
1.52645003,27.71428571,27.75,27.75,27.75,K11,period_data_K11.csv,0,0,0,0,4.594972998
1.67909503,27.71428571,27.75,27.75,27.75,K11,period_data_K11.csv,0,0,0,0,5.054470289
1.84700453,27.71428571,27.75,27.75,27.75,K11,period_data_K11.csv,0,0,0,0,5.559917309
2.03170498,27.71428571,27.75,27.75,27.75,K11,period_data_K11.csv,0,0,0,0,6.115909031
2.23487548,27.71428571,27.75,27.75,27.75,K11,period_data_K11.csv,0,0,0,0,6.72749994
2.45836303,27.71428571,27.75,27.75,27.75,K11,period_data_K11.csv,0,0,0,0,7.40024994
2.70419933,27.71428571,27.75,27.75,27.75,K11,period_data_K11.csv,0,0,0,0,8.140274925
2.97461927,27.71428571,27.75,27.75,27.75,K11,period_data_K11.csv,0,0,0,0,8.954302438
3.27208119,27.71428571,27.75,27.75,27.75,K11,period_data_K11.csv,0,0,0,0,9.849732661
0.08731201,27.71428571,27.75,27.75,27.75,K12,period_data_K12.csv,0,0,0,0,0.101525593
0.09604322,27.71428571,27.75,27.75,27.75,K12,period_data_K12.csv,0,0,0,0,0.111678163
0.10564754,27.71428571,27.75,27.75,27.75,K12,period_data_K12.csv,0,0,0,0,0.122845977
0.11621229,27.71428571,27.75,27.75,27.75,K12,period_data_K12.csv,0,0,0,0,0.13513057
0.12783352,27.71428571,27.75,27.75,27.75,K12,period_data_K12.csv,0,0,0,0,0.148643628
0.14061687,27.71428571,27.75,27.75,27.75,K12,period_data_K12.csv,0,0,0,0,0.163507988
0.15467856,27.71428571,27.75,27.75,27.75,K12,period_data_K12.csv,0,0,0,0,0.179858791
0.17014642,27.71428571,27.75,27.75,27.75,K12,period_data_K12.csv,0,0,0,0,0.197844674
0.18716106,27.71428571,27.75,27.75,27.75,K12,period_data_K12.csv,0,0,0,0,0.21762914
0.20587716,27.71428571,27.75,27.75,27.75,K12,period_data_K12.csv,0,0,0,0,0.239392047
0.22646488,27.71428571,27.75,27.75,27.75,K12,period_data_K12.csv,0,0,0,0,0.263331256
0.24911137,27.71428571,27.75,27.75,27.75,K12,period_data_K12.csv,0,0,0,0,0.289664384
0.2740225,27.71428571,27.75,27.75,27.75,K12,period_data_K12.csv,0,0,0,0,0.318630814
0.30142475,27.71428571,27.75,27.75,27.75,K12,period_data_K12.csv,0,0,0,0,0.350493895
0.33156723,27.71428571,27.75,27.75,27.75,K12,period_data_K12.csv,0,0,0,0,0.385543291
0.36472395,27.71428571,27.75,27.75,27.75,K12,period_data_K12.csv,0,0,0,0,0.424097616
0.40119635,27.71428571,27.75,27.75,27.75,K12,period_data_K12.csv,0,0,0,0,0.466507384
0.44131598,27.71428571,27.75,27.75,27.75,K12,period_data_K12.csv,0,0,0,0,0.513158116
0.48544758,27.71428571,27.75,27.75,27.75,K12,period_data_K12.csv,0,0,0,0,0.56447393
0.53399234,27.71428571,27.75,27.75,27.75,K12,period_data_K12.csv,0,0,0,0,0.620921326
0.58739157,27.71428571,27.75,27.75,27.75,K12,period_data_K12.csv,0,0,0,0,0.683013453
0.64613073,27.71428571,27.75,27.75,27.75,K12,period_data_K12.csv,0,0,0,0,0.751314802
0.7107438,27.71428571,27.75,27.75,27.75,K12,period_data_K12.csv,0,0,0,0,0.826446279
0.78181818,27.71428571,27.75,27.75,27.75,K12,period_data_K12.csv,0,0,0,0,0.909090907
0.86,27.71428571,27.75,27.75,27.75,K12,period_data_K12.csv,0,0,0,0,1
0.946,27.71428571,27.75,27.75,27.75,K12,period_data_K12.csv,0,0,0,0,1.1
1.0406,27.71428571,27.75,27.75,27.75,K12,period_data_K12.csv,0,0,0,0,1.21
1.14466,27.71428571,27.75,27.75,27.75,K12,period_data_K12.csv,0,0,0,0,1.331
1.259126,27.71428571,27.75,27.75,27.75,K12,period_data_K12.csv,0,0,0,0,1.4641
1.3850386,27.71428571,27.75,27.75,27.75,K12,period_data_K12.csv,0,0,0,0,1.61051
1.52354246,27.71428571,27.75,27.75,27.75,K12,period_data_K12.csv,0,0,0,0,1.771561
1.67589671,27.71428571,27.75,27.75,27.75,K12,period_data_K12.csv,0,0,0,0,1.948717105
1.84348638,27.71428571,27.75,27.75,27.75,K12,period_data_K12.csv,0,0,0,0,2.143588814
2.02783501,27.71428571,27.75,27.75,27.75,K12,period_data_K12.csv,0,0,0,0,2.357947686
2.23061852,27.71428571,27.75,27.75,27.75,K12,period_data_K12.csv,0,0,0,0,2.593742465
2.45368037,27.71428571,27.75,27.75,27.75,K12,period_data_K12.csv,0,0,0,0,2.853116709
2.6990484,27.71428571,27.75,27.75,27.75,K12,period_data_K12.csv,0,0,0,0,3.138428372
2.96895324,27.71428571,27.75,27.75,27.75,K12,period_data_K12.csv,0,0,0,0,3.452271209
3.26584857,27.71428571,27.75,27.75,27.75,K12,period_data_K12.csv,0,0,0,0,3.797498337
3.59243343,27.71428571,27.75,27.75,27.75,K12,period_data_K12.csv,0,0,0,0,4.177248174
3.95167677,27.71428571,27.75,27.75,27.75,K12,period_data_K12.csv,0,0,0,0,4.594972988
4.34684445,27.71428571,27.75,27.75,27.75,K12,period_data_K12.csv,0,0,0,0,5.054470291
4.78152889,27.71428571,27.75,27.75,27.75,K12,period_data_K12.csv,0,0,0,0,5.559917314
5.25968178,27.71428571,27.75,27.75,27.75,K12,period_data_K12.csv,0,0,0,0,6.115909047
5.78564996,27.71428571,27.75,27.75,27.75,K12,period_data_K12.csv,0,0,0,0,6.727499953
6.36421495,27.71428571,27.75,27.75,27.75,K12,period_data_K12.csv,0,0,0,0,7.400249942
7.00063645,27.71428571,27.75,27.75,27.75,K12,period_data_K12.csv,0,0,0,0,8.140274942
7.70070009,27.71428571,27.75,27.75,27.75,K12,period_data_K12.csv,0,0,0,0,8.95430243
8.4707701,27.71428571,27.75,27.75,27.75,K12,period_data_K12.csv,0,0,0,0,9.849732674
0.1522884,27.71428571,27.75,27.75,27.75,K14,period_data_K14.csv,0,0,0,0,0.1015256
0.16751724,27.71428571,27.75,27.75,27.75,K14,period_data_K14.csv,0,0,0,0,0.11167816
0.18426896,27.71428571,27.75,27.75,27.75,K14,period_data_K14.csv,0,0,0,0,0.122845973
0.20269586,27.71428571,27.75,27.75,27.75,K14,period_data_K14.csv,0,0,0,0,0.135130573
0.22296544,27.71428571,27.75,27.75,27.75,K14,period_data_K14.csv,0,0,0,0,0.148643627
0.24526199,27.71428571,27.75,27.75,27.75,K14,period_data_K14.csv,0,0,0,0,0.163507993
0.26978818,27.71428571,27.75,27.75,27.75,K14,period_data_K14.csv,0,0,0,0,0.179858787
0.296767,27.71428571,27.75,27.75,27.75,K14,period_data_K14.csv,0,0,0,0,0.197844667
0.3264437,27.71428571,27.75,27.75,27.75,K14,period_data_K14.csv,0,0,0,0,0.217629133
0.35908807,27.71428571,27.75,27.75,27.75,K14,period_data_K14.csv,0,0,0,0,0.239392047
0.39499688,27.71428571,27.75,27.75,27.75,K14,period_data_K14.csv,0,0,0,0,0.263331253
0.43449657,27.71428571,27.75,27.75,27.75,K14,period_data_K14.csv,0,0,0,0,0.28966438
0.47794623,27.71428571,27.75,27.75,27.75,K14,period_data_K14.csv,0,0,0,0,0.31863082
0.52574085,27.71428571,27.75,27.75,27.75,K14,period_data_K14.csv,0,0,0,0,0.3504939
0.57831493,27.71428571,27.75,27.75,27.75,K14,period_data_K14.csv,0,0,0,0,0.385543287
0.63614643,27.71428571,27.75,27.75,27.75,K14,period_data_K14.csv,0,0,0,0,0.42409762
0.69976107,27.71428571,27.75,27.75,27.75,K14,period_data_K14.csv,0,0,0,0,0.46650738
0.76973718,27.71428571,27.75,27.75,27.75,K14,period_data_K14.csv,0,0,0,0,0.51315812
0.8467109,27.71428571,27.75,27.75,27.75,K14,period_data_K14.csv,0,0,0,0,0.564473933
0.93138198,27.71428571,27.75,27.75,27.75,K14,period_data_K14.csv,0,0,0,0,0.62092132
1.02452018,27.71428571,27.75,27.75,27.75,K14,period_data_K14.csv,0,0,0,0,0.683013453
1.1269722,27.71428571,27.75,27.75,27.75,K14,period_data_K14.csv,0,0,0,0,0.7513148
1.23966942,27.71428571,27.75,27.75,27.75,K14,period_data_K14.csv,0,0,0,0,0.82644628
1.36363636,27.71428571,27.75,27.75,27.75,K14,period_data_K14.csv,0,0,0,0,0.909090907
1.5,27.71428571,27.75,27.75,27.75,K14,period_data_K14.csv,0,0,0,0,1
1.65,27.71428571,27.75,27.75,27.75,K14,period_data_K14.csv,0,0,0,0,1.1
1.815,27.71428571,27.75,27.75,27.75,K14,period_data_K14.csv,0,0,0,0,1.21
1.9965,27.71428571,27.75,27.75,27.75,K14,period_data_K14.csv,0,0,0,0,1.331
2.19615,27.71428571,27.75,27.75,27.75,K14,period_data_K14.csv,0,0,0,0,1.4641
2.415765,27.71428571,27.75,27.75,27.75,K14,period_data_K14.csv,0,0,0,0,1.61051
2.6573415,27.71428571,27.75,27.75,27.75,K14,period_data_K14.csv,0,0,0,0,1.771561
2.92307565,27.71428571,27.75,27.75,27.75,K14,period_data_K14.csv,0,0,0,0,1.9487171
3.21538322,27.71428571,27.75,27.75,27.75,K14,period_data_K14.csv,0,0,0,0,2.143588813
3.53692154,27.71428571,27.75,27.75,27.75,K14,period_data_K14.csv,0,0,0,0,2.357947693
3.89061369,27.71428571,27.75,27.75,27.75,K14,period_data_K14.csv,0,0,0,0,2.59374246
4.27967506,27.71428571,27.75,27.75,27.75,K14,period_data_K14.csv,0,0,0,0,2.853116707
4.70764257,27.71428571,27.75,27.75,27.75,K14,period_data_K14.csv,0,0,0,0,3.13842838
5.17840682,27.71428571,27.75,27.75,27.75,K14,period_data_K14.csv,0,0,0,0,3.452271213
5.6962475,27.71428571,27.75,27.75,27.75,K14,period_data_K14.csv,0,0,0,0,3.797498333
6.26587225,27.71428571,27.75,27.75,27.75,K14,period_data_K14.csv,0,0,0,0,4.177248167
6.89245948,27.71428571,27.75,27.75,27.75,K14,period_data_K14.csv,0,0,0,0,4.594972987
7.58170543,27.71428571,27.75,27.75,27.75,K14,period_data_K14.csv,0,0,0,0,5.054470287
8.33987597,27.71428571,27.75,27.75,27.75,K14,period_data_K14.csv,0,0,0,0,5.559917313
9.17386357,27.71428571,27.75,27.75,27.75,K14,period_data_K14.csv,0,0,0,0,6.115909047
10.09124992,27.71428571,27.75,27.75,27.75,K14,period_data_K14.csv,0,0,0,0,6.727499947
11.10037492,27.71428571,27.75,27.75,27.75,K14,period_data_K14.csv,0,0,0,0,7.400249947
12.21041241,27.71428571,27.75,27.75,27.75,K14,period_data_K14.csv,0,0,0,0,8.14027494
13.43145365,27.71428571,27.75,27.75,27.75,K14,period_data_K14.csv,0,0,0,0,8.954302433
14.77459901,27.71428571,27.75,27.75,27.75,K14,period_data_K14.csv,0,0,0,0,9.849732673
0.16384201,39.2,39.2,39.2,39.2,K2,period_data_K2.csv,11.48571429,11.45,11.45,11.45,0.101525598
0.18022621,37.6,37.4,37.6,37.6,K2,period_data_K2.csv,9.885714286,9.65,9.85,9.85,0.111678157
0.19824883,35.8,35.66666667,35.83333333,35.83333333,K2,period_data_K2.csv,8.085714286,7.916666667,8.083333333,8.083333333,0.122845972
0.21807372,34,33.83333333,34,34,K2,period_data_K2.csv,6.285714286,6.083333333,6.25,6.25,0.135130574
0.23988109,32.57142857,32.5,32.5,32.5,K2,period_data_K2.csv,4.857142857,4.75,4.75,4.75,0.14864363
0.2638692,31.33333333,31.42857143,31.42857143,31.57142857,K2,period_data_K2.csv,3.619047619,3.678571429,3.678571429,3.821428571,0.163507994
0.29025612,30.66666667,30.66666667,30.71428571,30.57142857,K2,period_data_K2.csv,2.952380952,2.916666667,2.964285714,2.821428571,0.179858793
0.31928173,30.14285714,30,30.14285714,30,K2,period_data_K2.csv,2.428571429,2.25,2.392857143,2.25,0.197844671
0.3512099,29.57142857,29.57142857,29.57142857,29.57142857,K2,period_data_K2.csv,1.857142857,1.821428571,1.821428571,1.821428571,0.217629136
0.38633089,29.14285714,29.14285714,29.14285714,29.14285714,K2,period_data_K2.csv,1.428571429,1.392857143,1.392857143,1.392857143,0.23939205
0.42496398,28.85714286,29,29,29,K2,period_data_K2.csv,1.142857143,1.25,1.25,1.25,0.263331255
0.46746038,28.625,28.71428571,28.71428571,28.71428571,K2,period_data_K2.csv,0.910714286,0.964285714,0.964285714,0.964285714,0.289664382
0.51420641,28.5,28.42857143,28.57142857,28.57142857,K2,period_data_K2.csv,0.785714286,0.678571429,0.821428571,0.821428571,0.318630815
0.56562705,28.25,28.375,28.28571429,28.28571429,K2,period_data_K2.csv,0.535714286,0.625,0.535714286,0.535714286,0.350493896
0.62218976,28.125,28.25,28.14285714,28.14285714,K2,period_data_K2.csv,0.410714286,0.5,0.392857143,0.392857143,0.385543289
0.68440874,28.14285714,28.125,28.14285714,28.125,K2,period_data_K2.csv,0.428571429,0.375,0.392857143,0.375,0.424097621
0.75284961,28,28,28.14285714,28.125,K2,period_data_K2.csv,0.285714286,0.25,0.392857143,0.375,0.46650738
0.82813457,28,28,28,28,K2,period_data_K2.csv,0.285714286,0.25,0.25,0.25,0.513158117
0.91094803,27.85714286,28,28,28,K2,period_data_K2.csv,0.142857143,0.25,0.25,0.25,0.564473931
1.00204283,27.85714286,27.875,27.85714286,27.875,K2,period_data_K2.csv,0.142857143,0.125,0.107142857,0.125,0.620921322
1.10224711,27.85714286,27.875,27.75,27.75,K2,period_data_K2.csv,0.142857143,0.125,0,0,0.683013453
1.21247183,27.71428571,27.75,27.875,27.875,K2,period_data_K2.csv,0,0,0.125,0.125,0.751314804
1.33371901,27.85714286,27.875,27.75,27.75,K2,period_data_K2.csv,0.142857143,0.125,0,0,0.826446282
1.46709091,27.85714286,27.75,27.75,27.75,K2,period_data_K2.csv,0.142857143,0,0,0,0.90909091
1.6138,27.71428571,27.75,27.75,27.75,K2,period_data_K2.csv,0,0,0,0,1
1.6138,27.71428571,27.75,27.75,27.75,K2,period_data_K2.csv,0,0,0,0,1
1.77518,27.71428571,27.75,27.75,27.75,K2,period_data_K2.csv,0,0,0,0,1.1
1.952698,27.71428571,27.75,27.625,27.625,K2,period_data_K2.csv,0,0,-0.125,-0.125,1.21
2.1479678,27.71428571,27.625,27.625,27.75,K2,period_data_K2.csv,0,-0.125,-0.125,0,1.331
2.36276458,27.71428571,27.625,27.75,27.75,K2,period_data_K2.csv,0,-0.125,0,0,1.4641
2.59904104,27.71428571,27.625,27.75,27.75,K2,period_data_K2.csv,0,-0.125,0,0,1.610510001
2.85894514,27.71428571,27.75,27.75,27.75,K2,period_data_K2.csv,0,0,0,0,1.771560999
3.14483966,27.71428571,27.75,27.75,27.75,K2,period_data_K2.csv,0,0,0,0,1.948717102
3.45932362,27.71428571,27.75,27.75,27.75,K2,period_data_K2.csv,0,0,0,0,2.143588809
3.80525598,27.71428571,27.75,27.75,27.75,K2,period_data_K2.csv,0,0,0,0,2.357947689
4.18578158,27.71428571,27.75,27.75,27.75,K2,period_data_K2.csv,0,0,0,0,2.593742459
4.60435974,27.71428571,27.75,27.75,27.75,K2,period_data_K2.csv,0,0,0,0,2.853116706
5.06479571,27.71428571,27.75,27.75,27.75,K2,period_data_K2.csv,0,0,0,0,3.138428374
5.57127529,27.71428571,27.75,27.75,27.75,K2,period_data_K2.csv,0,0,0,0,3.452271217
6.12840281,27.71428571,27.75,27.75,27.75,K2,period_data_K2.csv,0,0,0,0,3.797498333
6.7412431,27.71428571,27.75,27.75,27.75,K2,period_data_K2.csv,0,0,0,0,4.177248172
7.41536741,27.71428571,27.75,27.75,27.75,K2,period_data_K2.csv,0,0,0,0,4.594972989
8.15690415,27.71428571,27.75,27.75,27.75,K2,period_data_K2.csv,0,0,0,0,5.054470288
8.97259456,27.71428571,27.75,27.75,27.75,K2,period_data_K2.csv,0,0,0,0,5.559917313
9.86985402,27.71428571,27.75,27.75,27.75,K2,period_data_K2.csv,0,0,0,0,6.115909047
10.85683942,27.71428571,27.75,27.75,27.75,K2,period_data_K2.csv,0,0,0,0,6.72749995
11.94252336,27.71428571,27.75,27.75,27.75,K2,period_data_K2.csv,0,0,0,0,7.400249944
13.1367757,27.71428571,27.75,27.75,27.75,K2,period_data_K2.csv,0,0,0,0,8.140274941
14.45045327,27.71428571,27.75,27.75,27.75,K2,period_data_K2.csv,0,0,0,0,8.954302435
15.89549859,27.71428571,27.75,27.75,27.75,K2,period_data_K2.csv,0,0,0,0,9.849732674
0.22614827,,,,,K3,period_data_K3.csv,,,,,0.101525598
0.2487631,,,,,K3,period_data_K3.csv,,,,,0.111678159
0.27363941,,,,,K3,period_data_K3.csv,,,,,0.122845975
0.30100335,,,,,K3,period_data_K3.csv,,,,,0.135130572
0.33110368,,,,,K3,period_data_K3.csv,,,,,0.148643627
0.36421405,,,,,K3,period_data_K3.csv,,,,,0.163507991
0.40063545,,,,,K3,period_data_K3.csv,,,,,0.179858788
0.440699,,,,,K3,period_data_K3.csv,,,,,0.197844669
0.4847689,37.5,37.6,37.8,37.6,K3,period_data_K3.csv,9.785714286,9.85,10.05,9.85,0.217629136
0.53324579,35.8,35.83333333,35.83333333,35.83333333,K3,period_data_K3.csv,8.085714286,8.083333333,8.083333333,8.083333333,0.239392049
0.58657037,33.66666667,33.83333333,33.83333333,33.66666667,K3,period_data_K3.csv,5.952380952,6.083333333,6.083333333,5.916666667,0.263331255
0.64522741,32.16666667,32.14285714,32.16666667,32.16666667,K3,period_data_K3.csv,4.452380952,4.392857143,4.416666667,4.416666667,0.289664382
0.70975015,31,31,31,31,K3,period_data_K3.csv,3.285714286,3.25,3.25,3.25,0.318630819
0.78072516,30.14285714,30.14285714,30.14285714,30.16666667,K3,period_data_K3.csv,2.428571429,2.392857143,2.392857143,2.416666667,0.350493899
0.85879768,29.42857143,29.42857143,29.42857143,29.42857143,K3,period_data_K3.csv,1.714285714,1.678571429,1.678571429,1.678571429,0.385543291
0.94467744,29,29,29,29,K3,period_data_K3.csv,1.285714286,1.25,1.25,1.25,0.424097616
1.03914519,28.75,28.71428571,28.71428571,28.57142857,K3,period_data_K3.csv,1.035714286,0.964285714,0.964285714,0.821428571,0.46650738
1.14305971,28.5,28.5,28.42857143,28.42857143,K3,period_data_K3.csv,0.785714286,0.75,0.678571429,0.678571429,0.513158119
1.25736568,28.28571429,28.25,28.28571429,28.28571429,K3,period_data_K3.csv,0.571428571,0.5,0.535714286,0.535714286,0.56447393
1.38310225,28.14285714,28.125,28.14285714,28.125,K3,period_data_K3.csv,0.428571429,0.375,0.392857143,0.375,0.620921324
1.52141247,28,28,28,28,K3,period_data_K3.csv,0.285714286,0.25,0.25,0.25,0.683013455
1.67355372,28,27.875,28,27.875,K3,period_data_K3.csv,0.285714286,0.125,0.25,0.125,0.751314801
1.84090909,27.85714286,27.875,27.75,27.75,K3,period_data_K3.csv,0.142857143,0.125,0,0,0.826446281
2.025,27.85714286,27.875,27.75,27.75,K3,period_data_K3.csv,0.142857143,0.125,0,0,0.909090909
2.2275,27.71428571,27.75,27.75,27.75,K3,period_data_K3.csv,0,0,0,0,1
2.45025,27.71428571,27.625,27.625,27.75,K3,period_data_K3.csv,0,-0.125,-0.125,0,1.1
2.695275,27.57142857,27.75,27.75,27.75,K3,period_data_K3.csv,-0.142857143,0,0,0,1.21
2.9648025,27.71428571,27.75,27.75,27.75,K3,period_data_K3.csv,0,0,0,0,1.331
3.26128275,27.71428571,27.625,27.625,27.625,K3,period_data_K3.csv,0,-0.125,-0.125,-0.125,1.4641
3.58741103,27.71428571,27.625,27.625,27.625,K3,period_data_K3.csv,0,-0.125,-0.125,-0.125,1.610510002
3.94615213,27.71428571,27.625,27.625,27.625,K3,period_data_K3.csv,0,-0.125,-0.125,-0.125,1.771561001
4.34076734,27.71428571,27.625,27.625,27.625,K3,period_data_K3.csv,0,-0.125,-0.125,-0.125,1.9487171
4.77484407,27.57142857,27.625,27.625,27.625,K3,period_data_K3.csv,-0.142857143,-0.125,-0.125,-0.125,2.143588808
5.25232848,27.57142857,27.625,27.625,27.75,K3,period_data_K3.csv,-0.142857143,-0.125,-0.125,0,2.35794769
5.77756133,27.57142857,27.625,27.625,27.625,K3,period_data_K3.csv,-0.142857143,-0.125,-0.125,-0.125,2.59374246
6.35531746,27.57142857,27.75,27.75,27.625,K3,period_data_K3.csv,-0.142857143,0,0,-0.125,2.853116705
6.99084921,27.57142857,27.625,27.75,27.625,K3,period_data_K3.csv,-0.142857143,-0.125,0,-0.125,3.138428377
7.68993413,27.57142857,27.625,27.625,27.625,K3,period_data_K3.csv,-0.142857143,-0.125,-0.125,-0.125,3.452271214
8.45892754,27.57142857,27.625,27.625,27.625,K3,period_data_K3.csv,-0.142857143,-0.125,-0.125,-0.125,3.797498334
9.3048203,27.57142857,27.625,27.625,27.625,K3,period_data_K3.csv,-0.142857143,-0.125,-0.125,-0.125,4.177248171
10.23530233,27.57142857,27.625,27.625,27.625,K3,period_data_K3.csv,-0.142857143,-0.125,-0.125,-0.125,4.594972988
11.25883256,27.57142857,27.625,27.625,27.625,K3,period_data_K3.csv,-0.142857143,-0.125,-0.125,-0.125,5.054470285
12.38471582,27.57142857,27.625,27.625,27.625,K3,period_data_K3.csv,-0.142857143,-0.125,-0.125,-0.125,5.559917315
13.6231874,27.57142857,27.625,27.625,27.625,K3,period_data_K3.csv,-0.142857143,-0.125,-0.125,-0.125,6.115909046
14.98550614,27.57142857,27.625,27.625,27.625,K3,period_data_K3.csv,-0.142857143,-0.125,-0.125,-0.125,6.727499951
16.48405675,27.57142857,27.625,27.625,27.625,K3,period_data_K3.csv,-0.142857143,-0.125,-0.125,-0.125,7.400249944
18.13246243,27.57142857,27.625,27.625,27.625,K3,period_data_K3.csv,-0.142857143,-0.125,-0.125,-0.125,8.140274941
19.94570867,27.57142857,27.625,27.625,27.625,K3,period_data_K3.csv,-0.142857143,-0.125,-0.125,-0.125,8.954302433
21.94027954,27.57142857,27.625,27.625,27.625,K3,period_data_K3.csv,-0.142857143,-0.125,-0.125,-0.125,9.849732678
0.04061024,36,36,36,36,K4,period_data_K4.csv,8.285714286,8.25,8.25,8.25,0.1015256
0.04467126,35.66666667,35.6,35.66666667,35.66666667,K4,period_data_K4.csv,7.952380952,7.85,7.916666667,7.916666667,0.11167815
0.04913839,35.16666667,35.2,35.16666667,35.16666667,K4,period_data_K4.csv,7.452380952,7.45,7.416666667,7.416666667,0.122845975
0.05405223,34.66666667,34.83333333,34.83333333,34.8,K4,period_data_K4.csv,6.952380952,7.083333333,7.083333333,7.05,0.135130575
0.05945745,34.33333333,34.33333333,34.4,34.33333333,K4,period_data_K4.csv,6.619047619,6.583333333,6.65,6.583333333,0.148643625
0.0654032,33.83333333,33.83333333,33.83333333,34,K4,period_data_K4.csv,6.119047619,6.083333333,6.083333333,6.25,0.163508
0.07194352,33.57142857,33.33333333,33.5,33.33333333,K4,period_data_K4.csv,5.857142857,5.583333333,5.75,5.583333333,0.1798588
0.07913787,33.14285714,33,33,33,K4,period_data_K4.csv,5.428571429,5.25,5.25,5.25,0.197844675
0.08705165,32.66666667,32.57142857,32.66666667,32.5,K4,period_data_K4.csv,4.952380952,4.821428571,4.916666667,4.75,0.217629125
0.09575682,32.16666667,32.14285714,32.16666667,32.28571429,K4,period_data_K4.csv,4.452380952,4.392857143,4.416666667,4.535714286,0.23939205
0.1053325,32,31.85714286,31.85714286,31.85714286,K4,period_data_K4.csv,4.285714286,4.107142857,4.107142857,4.107142857,0.26333125
0.11586575,31.5,31.5,31.42857143,31.42857143,K4,period_data_K4.csv,3.785714286,3.75,3.678571429,3.678571429,0.289664375
0.12745233,31,31,31.14285714,31.14285714,K4,period_data_K4.csv,3.285714286,3.25,3.392857143,3.392857143,0.318630825
0.14019756,30.71428571,30.66666667,30.85714286,30.83333333,K4,period_data_K4.csv,3,2.916666667,3.107142857,3.083333333,0.3504939
0.15421732,30.42857143,30.42857143,30.5,30.5,K4,period_data_K4.csv,2.714285714,2.678571429,2.75,2.75,0.3855433
0.16963905,30.14285714,30.14285714,30,30,K4,period_data_K4.csv,2.428571429,2.392857143,2.25,2.25,0.424097625
0.18660295,29.71428571,29.71428571,29.85714286,29.71428571,K4,period_data_K4.csv,2,1.964285714,2.107142857,1.964285714,0.466507375
0.20526325,29.42857143,29.42857143,29.42857143,29.42857143,K4,period_data_K4.csv,1.714285714,1.678571429,1.678571429,1.678571429,0.513158125
0.22578957,29.25,29.14285714,29.14285714,29.14285714,K4,period_data_K4.csv,1.535714286,1.392857143,1.392857143,1.392857143,0.564473925
0.24836853,28.875,28.85714286,28.85714286,28.85714286,K4,period_data_K4.csv,1.160714286,1.107142857,1.107142857,1.107142857,0.620921325
0.27320538,28.625,28.71428571,28.71428571,28.71428571,K4,period_data_K4.csv,0.910714286,0.964285714,0.964285714,0.964285714,0.68301345
0.30052592,28.42857143,28.375,28.28571429,28.28571429,K4,period_data_K4.csv,0.714285714,0.625,0.535714286,0.535714286,0.7513148
0.33057851,28.14285714,28.25,28.14285714,28.125,K4,period_data_K4.csv,0.428571429,0.5,0.392857143,0.375,0.826446275
0.36363636,28,28,28,27.875,K4,period_data_K4.csv,0.285714286,0.25,0.25,0.125,0.9090909
0.4,27.71428571,27.75,27.75,27.75,K4,period_data_K4.csv,0,0,0,0,1
0.44,27.57142857,27.625,27.5,27.5,K4,period_data_K4.csv,-0.142857143,-0.125,-0.25,-0.25,1.1
0.484,27.42857143,27.5,27.375,27.375,K4,period_data_K4.csv,-0.285714286,-0.25,-0.375,-0.375,1.21
0.5324,27.28571429,27.375,27.375,27.375,K4,period_data_K4.csv,-0.428571429,-0.375,-0.375,-0.375,1.331
0.58564,27.28571429,27.125,27.25,27.125,K4,period_data_K4.csv,-0.428571429,-0.625,-0.5,-0.625,1.4641
0.644204,27.125,27.125,27.125,27.125,K4,period_data_K4.csv,-0.589285714,-0.625,-0.625,-0.625,1.61051
0.7086244,27,27,27.125,27.125,K4,period_data_K4.csv,-0.714285714,-0.75,-0.625,-0.625,1.771561
0.77948684,27,27,27,27,K4,period_data_K4.csv,-0.714285714,-0.75,-0.75,-0.75,1.9487171
0.85743552,27,26.85714286,26.875,26.875,K4,period_data_K4.csv,-0.714285714,-0.892857143,-0.875,-0.875,2.1435888
0.94317908,26.875,26.85714286,26.875,26.875,K4,period_data_K4.csv,-0.839285714,-0.892857143,-0.875,-0.875,2.3579477
1.03749698,26.75,26.85714286,26.875,26.875,K4,period_data_K4.csv,-0.964285714,-0.892857143,-0.875,-0.875,2.59374245
1.14124668,26.75,26.71428571,26.75,26.75,K4,period_data_K4.csv,-0.964285714,-1.035714286,-1,-1,2.8531167
1.25537135,26.875,26.71428571,26.75,26.75,K4,period_data_K4.csv,-0.839285714,-1.035714286,-1,-1,3.138428375
1.38090849,26.75,26.71428571,26.75,26.75,K4,period_data_K4.csv,-0.964285714,-1.035714286,-1,-1,3.452271225
1.51899933,26.75,26.71428571,26.75,26.625,K4,period_data_K4.csv,-0.964285714,-1.035714286,-1,-1.125,3.797498325
1.67089927,26.75,26.71428571,26.75,26.625,K4,period_data_K4.csv,-0.964285714,-1.035714286,-1,-1.125,4.177248175
1.83798919,26.625,26.75,26.75,26.75,K4,period_data_K4.csv,-1.089285714,-1,-1,-1,4.594972975
2.02178811,26.625,26.75,26.75,26.75,K4,period_data_K4.csv,-1.089285714,-1,-1,-1,5.054470275
2.22396693,26.625,26.625,26.625,26.75,K4,period_data_K4.csv,-1.089285714,-1.125,-1.125,-1,5.559917325
2.44636362,26.625,26.625,26.625,26.75,K4,period_data_K4.csv,-1.089285714,-1.125,-1.125,-1,6.11590905
2.69099998,26.625,26.625,26.625,26.75,K4,period_data_K4.csv,-1.089285714,-1.125,-1.125,-1,6.72749995
2.96009998,26.625,26.625,26.625,26.625,K4,period_data_K4.csv,-1.089285714,-1.125,-1.125,-1.125,7.40024995
3.25610998,26.625,26.625,26.625,26.625,K4,period_data_K4.csv,-1.089285714,-1.125,-1.125,-1.125,8.14027495
3.58172097,26.625,26.625,26.625,26.625,K4,period_data_K4.csv,-1.089285714,-1.125,-1.125,-1.125,8.954302425
3.93989307,26.625,26.625,26.625,26.625,K4,period_data_K4.csv,-1.089285714,-1.125,-1.125,-1.125,9.849732675
0.03756447,45.4,45.5,45.5,45.5,K5,period_data_K5.csv,17.68571429,17.75,17.75,17.75,0.101525595
0.04132092,44.75,44.75,44.75,44.75,K5,period_data_K5.csv,17.03571429,17,17,17,0.111678162
0.04545301,44.25,44.5,44.5,44.25,K5,period_data_K5.csv,16.53571429,16.75,16.75,16.5,0.122845973
0.04999831,43.5,43.6,43.5,43.75,K5,period_data_K5.csv,15.78571429,15.85,15.75,16,0.135130568
0.05499814,42.75,42.8,42.8,42.8,K5,period_data_K5.csv,15.03571429,15.05,15.05,15.05,0.148643622
0.06049796,42,42,42,42,K5,period_data_K5.csv,14.28571429,14.25,14.25,14.25,0.163508
0.06654775,41.2,41,41,41,K5,period_data_K5.csv,13.48571429,13.25,13.25,13.25,0.179858784
0.07320253,40.2,40.2,40.25,40.25,K5,period_data_K5.csv,12.48571429,12.45,12.5,12.5,0.197844676
0.08052278,39.2,39.4,39.2,39.2,K5,period_data_K5.csv,11.48571429,11.65,11.45,11.45,0.217629135
0.08857506,38.33333333,38.2,38.4,38.4,K5,period_data_K5.csv,10.61904762,10.45,10.65,10.65,0.239392054
0.09743256,37.4,37.5,37.4,37.4,K5,period_data_K5.csv,9.685714286,9.75,9.65,9.65,0.263331243
0.10717582,36.4,36.5,36.5,36.5,K5,period_data_K5.csv,8.685714286,8.75,8.75,8.75,0.289664378
0.1178934,35.5,35.8,35.66666667,35.66666667,K5,period_data_K5.csv,7.785714286,8.05,7.916666667,7.916666667,0.318630811
0.12968274,34.66666667,34.83333333,34.83333333,34.8,K5,period_data_K5.csv,6.952380952,7.083333333,7.083333333,7.05,0.350493892
0.14265102,34,33.83333333,34,34,K5,period_data_K5.csv,6.285714286,6.083333333,6.25,6.25,0.385543297
0.15691612,33.14285714,33.16666667,33.16666667,33.33333333,K5,period_data_K5.csv,5.428571429,5.416666667,5.416666667,5.583333333,0.424097622
0.17260773,32.5,32.42857143,32.5,32.5,K5,period_data_K5.csv,4.785714286,4.678571429,4.75,4.75,0.466507378
0.1898685,31.83333333,31.71428571,31.71428571,31.85714286,K5,period_data_K5.csv,4.119047619,3.964285714,3.964285714,4.107142857,0.513158108
0.20885535,31.16666667,31.16666667,31.14285714,31.14285714,K5,period_data_K5.csv,3.452380952,3.416666667,3.392857143,3.392857143,0.564473919
0.22974089,30.42857143,30.66666667,30.57142857,30.57142857,K5,period_data_K5.csv,2.714285714,2.916666667,2.821428571,2.821428571,0.620921324
0.25271498,30,30,30,30,K5,period_data_K5.csv,2.285714286,2.25,2.25,2.25,0.683013459
0.27798648,29.28571429,29.28571429,29.28571429,29.28571429,K5,period_data_K5.csv,1.571428571,1.535714286,1.535714286,1.535714286,0.751314811
0.30578512,28.875,28.85714286,28.85714286,28.85714286,K5,period_data_K5.csv,1.160714286,1.107142857,1.107142857,1.107142857,0.82644627
0.33636364,28.28571429,28.375,28.28571429,28.28571429,K5,period_data_K5.csv,0.571428571,0.625,0.535714286,0.535714286,0.909090919
0.37,27.71428571,27.75,27.75,27.75,K5,period_data_K5.csv,0,0,0,0,1
0.407,27.14285714,27.25,27.25,27.25,K5,period_data_K5.csv,-0.571428571,-0.5,-0.5,-0.5,1.1
0.4477,26.75,26.71428571,26.75,26.75,K5,period_data_K5.csv,-0.964285714,-1.035714286,-1,-1,1.21
0.49247,26.25,26.25,26.25,26.33333333,K5,period_data_K5.csv,-1.464285714,-1.5,-1.5,-1.416666667,1.331
0.541717,25.875,25.875,25.88888889,25.875,K5,period_data_K5.csv,-1.839285714,-1.875,-1.861111111,-1.875,1.4641
0.5958887,25.5,25.5,25.375,25.5,K5,period_data_K5.csv,-2.214285714,-2.25,-2.375,-2.25,1.61051
0.65547757,25.11111111,25.125,25.125,25.125,K5,period_data_K5.csv,-2.603174603,-2.625,-2.625,-2.625,1.771561
0.72102533,24.88888889,24.875,24.875,24.875,K5,period_data_K5.csv,-2.825396825,-2.875,-2.875,-2.875,1.948717108
0.79312786,24.77777778,24.75,24.75,24.75,K5,period_data_K5.csv,-2.936507937,-3,-3,-3,2.143588811
0.87244065,24.77777778,24.75,24.75,24.75,K5,period_data_K5.csv,-2.936507937,-3,-3,-3,2.357947703
0.95968471,24.88888889,24.875,24.875,24.875,K5,period_data_K5.csv,-2.825396825,-2.875,-2.875,-2.875,2.593742459
1.05565318,25,25,25,25,K5,period_data_K5.csv,-2.714285714,-2.75,-2.75,-2.75,2.853116703
1.1612185,25.125,25,25.11111111,25.125,K5,period_data_K5.csv,-2.589285714,-2.75,-2.638888889,-2.625,3.138428378
1.27734035,25.125,25.125,25.11111111,25.125,K5,period_data_K5.csv,-2.589285714,-2.625,-2.638888889,-2.625,3.452271216
1.40507438,25.125,25.25,25.33333333,25.33333333,K5,period_data_K5.csv,-2.589285714,-2.5,-2.416666667,-2.416666667,3.797498324
1.54558182,25.375,25.25,25.25,25.33333333,K5,period_data_K5.csv,-2.339285714,-2.5,-2.5,-2.416666667,4.177248162
1.70014,25.375,25.25,25.25,,K5,period_data_K5.csv,-2.339285714,-2.5,-2.5,,4.594972973
1.87015401,25.375,25.42857143,25.375,,K5,period_data_K5.csv,-2.339285714,-2.321428571,-2.375,,5.054470297
2.05716941,25.42857143,25.42857143,25.5,,K5,period_data_K5.csv,-2.285714286,-2.321428571,-2.25,,5.559917324
2.26288635,25.42857143,25.5,,,K5,period_data_K5.csv,-2.285714286,-2.25,,,6.115909054
2.48917498,25.57142857,25.5,,,K5,period_data_K5.csv,-2.142857143,-2.25,,,6.727499946
2.73809248,25.5,25.5,,,K5,period_data_K5.csv,-2.214285714,-2.25,,,7.400249946
3.01190173,25.5,25.5,,,K5,period_data_K5.csv,-2.214285714,-2.25,,,8.140274946
3.3130919,25.5,,,,K5,period_data_K5.csv,-2.214285714,,,,8.954302432
3.64440109,25.5,,,,K5,period_data_K5.csv,-2.214285714,,,,9.849732676
0.05019426,27,27,27.125,27,K6,period_data_K6.csv,-0.714285714,-0.75,-0.625,-0.75,0.101525607
0.05521368,27,27,27.125,27,K6,period_data_K6.csv,-0.714285714,-0.75,-0.625,-0.75,0.111678155
0.06073505,27,27,27.125,27,K6,period_data_K6.csv,-0.714285714,-0.75,-0.625,-0.75,0.122845975
0.06680855,27,27,27.125,27,K6,period_data_K6.csv,-0.714285714,-0.75,-0.625,-0.75,0.135130562
0.07348941,27,27.14285714,27.125,27,K6,period_data_K6.csv,-0.714285714,-0.607142857,-0.625,-0.75,0.148643629
0.08083835,27,27.14285714,27.125,27,K6,period_data_K6.csv,-0.714285714,-0.607142857,-0.625,-0.75,0.163507989
0.08892219,27,27.14285714,27.125,27,K6,period_data_K6.csv,-0.714285714,-0.607142857,-0.625,-0.75,0.179858799
0.0978144,27,27.14285714,27.125,27.125,K6,period_data_K6.csv,-0.714285714,-0.607142857,-0.625,-0.625,0.19784466
0.10759584,27,27.14285714,27.125,27.125,K6,period_data_K6.csv,-0.714285714,-0.607142857,-0.625,-0.625,0.217629126
0.11835543,27,27.14285714,27.125,27.125,K6,period_data_K6.csv,-0.714285714,-0.607142857,-0.625,-0.625,0.239392051
0.13019097,27.125,27.14285714,27.125,27.125,K6,period_data_K6.csv,-0.589285714,-0.607142857,-0.625,-0.625,0.26333125
0.14321007,27.125,27.14285714,27,27.125,K6,period_data_K6.csv,-0.589285714,-0.607142857,-0.75,-0.625,0.289664381
0.15753108,27.125,27.14285714,27.125,27.125,K6,period_data_K6.csv,-0.589285714,-0.607142857,-0.625,-0.625,0.318630825
0.17328418,27.125,27.14285714,27.125,27.25,K6,period_data_K6.csv,-0.589285714,-0.607142857,-0.625,-0.5,0.350493892
0.1906126,27.25,27.14285714,27.25,27.125,K6,period_data_K6.csv,-0.464285714,-0.607142857,-0.5,-0.625,0.385543285
0.20967386,27.125,27.28571429,27.25,27.25,K6,period_data_K6.csv,-0.589285714,-0.464285714,-0.5,-0.5,0.424097613
0.23064125,27.28571429,27.375,27.25,27.25,K6,period_data_K6.csv,-0.428571429,-0.375,-0.5,-0.5,0.466507383
0.25370537,27.42857143,27.25,27.375,27.375,K6,period_data_K6.csv,-0.285714286,-0.5,-0.375,-0.375,0.513158111
0.27907591,27.42857143,27.375,27.5,27.375,K6,period_data_K6.csv,-0.285714286,-0.375,-0.25,-0.375,0.564473928
0.3069835,27.57142857,27.375,27.5,27.5,K6,period_data_K6.csv,-0.142857143,-0.375,-0.25,-0.25,0.620921319
0.33768185,27.57142857,27.5,27.625,27.5,K6,period_data_K6.csv,-0.142857143,-0.25,-0.125,-0.25,0.683013451
0.37145004,27.71428571,27.5,27.625,27.625,K6,period_data_K6.csv,0,-0.25,-0.125,-0.125,0.751314806
0.40859504,27.71428571,27.625,27.625,27.625,K6,period_data_K6.csv,0,-0.125,-0.125,-0.125,0.826446278
0.44945455,27.71428571,27.625,27.625,27.75,K6,period_data_K6.csv,0,-0.125,-0.125,0,0.909090918
0.4944,27.71428571,27.75,27.75,27.75,K6,period_data_K6.csv,0,0,0,0,1
0.54384,27.85714286,27.75,27.75,27.75,K6,period_data_K6.csv,0.142857143,0,0,0,1.1
0.598224,27.85714286,27.875,27.75,27.875,K6,period_data_K6.csv,0.142857143,0.125,0,0.125,1.21
0.6580464,27.85714286,27.75,27.75,27.75,K6,period_data_K6.csv,0.142857143,0,0,0,1.331
0.72385104,27.71428571,27.75,27.75,27.75,K6,period_data_K6.csv,0,0,0,0,1.4641
0.79623614,27.57142857,27.625,27.625,27.625,K6,period_data_K6.csv,-0.142857143,-0.125,-0.125,-0.125,1.610509992
0.87585976,27.57142857,27.5,27.5,27.625,K6,period_data_K6.csv,-0.142857143,-0.25,-0.25,-0.125,1.771561003
0.96344573,27.42857143,27.375,27.375,27.375,K6,period_data_K6.csv,-0.285714286,-0.375,-0.375,-0.375,1.948717091
1.05979031,27.28571429,27.125,27.125,27.125,K6,period_data_K6.csv,-0.428571429,-0.625,-0.625,-0.625,2.143588815
1.16576934,27,27,27,27,K6,period_data_K6.csv,-0.714285714,-0.75,-0.75,-0.75,2.357947694
1.28234627,26.875,26.71428571,26.75,26.75,K6,period_data_K6.csv,-0.839285714,-1.035714286,-1,-1,2.593742456
1.4105809,26.5,26.5,26.5,26.5,K6,period_data_K6.csv,-1.214285714,-1.25,-1.25,-1.25,2.853116707
1.55163899,26.25,26.25,26.25,26.125,K6,period_data_K6.csv,-1.464285714,-1.5,-1.5,-1.625,3.138428378
1.70680289,26.25,26.25,26.25,26.25,K6,period_data_K6.csv,-1.464285714,-1.5,-1.5,-1.5,3.452271218
1.87748318,26.71428571,26.71428571,26.75,26.75,K6,period_data_K6.csv,-1,-1.035714286,-1,-1,3.797498341
2.06523149,,,,27.2,K6,period_data_K6.csv,,,,-0.55,4.177248159
2.27175464,,,,,K6,period_data_K6.csv,,,,,4.594972977
2.49893011,,,,,K6,period_data_K6.csv,,,,,5.054470287
2.74882312,,,,,K6,period_data_K6.csv,,,,,5.559917314
3.02370543,,,,,K6,period_data_K6.csv,,,,,6.115909041
3.32607597,,,,,K6,period_data_K6.csv,,,,,6.727499939
3.65868357,,,,,K6,period_data_K6.csv,,,,,7.400249939
4.02455193,,,,,K6,period_data_K6.csv,,,,,8.140274939
4.42700712,,,,,K6,period_data_K6.csv,,,,,8.954302427
4.86970783,,,,,K6,period_data_K6.csv,,,,,9.849732666
0.24454471,27,27,27,27,K7,period_data_K7.csv,-0.714285714,-0.75,-0.75,-0.75,0.101525599
0.26899918,27,27,27,27,K7,period_data_K7.csv,-0.714285714,-0.75,-0.75,-0.75,0.111678158
0.2958991,27,27,27,27,K7,period_data_K7.csv,-0.714285714,-0.75,-0.75,-0.75,0.122845975
0.32548901,27.125,27,27.125,27,K7,period_data_K7.csv,-0.589285714,-0.75,-0.625,-0.75,0.135130573
0.35803791,27.125,27,27,27,K7,period_data_K7.csv,-0.589285714,-0.75,-0.75,-0.75,0.148643629
0.3938417,27,27.14285714,27.125,27.125,K7,period_data_K7.csv,-0.714285714,-0.607142857,-0.625,-0.625,0.163507992
0.43322587,27.125,27.14285714,27.125,27.125,K7,period_data_K7.csv,-0.589285714,-0.607142857,-0.625,-0.625,0.179858791
0.47654845,27.125,27.14285714,27.125,27.125,K7,period_data_K7.csv,-0.589285714,-0.607142857,-0.625,-0.625,0.197844667
0.5242033,27.125,27.14285714,27.125,27.125,K7,period_data_K7.csv,-0.589285714,-0.607142857,-0.625,-0.625,0.217629136
0.57662363,27.25,27.14285714,27.25,27.125,K7,period_data_K7.csv,-0.464285714,-0.607142857,-0.5,-0.625,0.23939205
0.63428599,27.125,27.28571429,27.25,27.25,K7,period_data_K7.csv,-0.589285714,-0.464285714,-0.5,-0.5,0.263331253
0.69771459,27.28571429,27.25,27.25,27.25,K7,period_data_K7.csv,-0.428571429,-0.5,-0.5,-0.5,0.289664379
0.76748605,27.28571429,27.375,27.25,27.375,K7,period_data_K7.csv,-0.428571429,-0.375,-0.5,-0.375,0.318630817
0.84423466,27.42857143,27.25,27.375,27.25,K7,period_data_K7.csv,-0.285714286,-0.5,-0.375,-0.5,0.350493901
0.92865812,27.28571429,27.375,27.375,27.375,K7,period_data_K7.csv,-0.428571429,-0.375,-0.375,-0.375,0.385543289
1.02152393,27.42857143,27.375,27.375,27.375,K7,period_data_K7.csv,-0.285714286,-0.375,-0.375,-0.375,0.424097617
1.12367633,27.42857143,27.375,27.375,27.5,K7,period_data_K7.csv,-0.285714286,-0.375,-0.375,-0.25,0.466507382
1.23604396,27.42857143,27.5,27.5,27.375,K7,period_data_K7.csv,-0.285714286,-0.25,-0.25,-0.375,0.513158118
1.35964836,27.57142857,27.5,27.5,27.5,K7,period_data_K7.csv,-0.142857143,-0.25,-0.25,-0.25,0.564473932
1.49561319,27.57142857,27.625,27.625,27.625,K7,period_data_K7.csv,-0.142857143,-0.125,-0.125,-0.125,0.620921323
1.64517451,27.57142857,27.625,27.625,27.5,K7,period_data_K7.csv,-0.142857143,-0.125,-0.125,-0.25,0.683013455
1.80969196,27.57142857,27.625,27.75,27.625,K7,period_data_K7.csv,-0.142857143,-0.125,0,-0.125,0.751314801
1.99066116,27.71428571,27.75,27.625,27.75,K7,period_data_K7.csv,0,0,-0.125,0,0.826446282
2.18972727,27.71428571,27.625,27.75,27.625,K7,period_data_K7.csv,0,-0.125,0,-0.125,0.909090908
2.4087,27.71428571,27.75,27.75,27.75,K7,period_data_K7.csv,0,0,0,0,1
2.64957,27.85714286,27.875,27.875,27.75,K7,period_data_K7.csv,0.142857143,0.125,0.125,0,1.1
2.914527,27.71428571,27.875,27.75,27.875,K7,period_data_K7.csv,0,0.125,0,0.125,1.21
3.2059797,27.85714286,27.875,27.875,27.875,K7,period_data_K7.csv,0.142857143,0.125,0.125,0.125,1.331
3.52657767,27.85714286,27.875,27.85714286,27.875,K7,period_data_K7.csv,0.142857143,0.125,0.107142857,0.125,1.4641
3.87923544,28,27.875,27.85714286,27.875,K7,period_data_K7.csv,0.285714286,0.125,0.107142857,0.125,1.610510001
4.26715898,28,28,27.85714286,28,K7,period_data_K7.csv,0.285714286,0.25,0.107142857,0.25,1.771561
4.69387488,27.85714286,28,28,28,K7,period_data_K7.csv,0.142857143,0.25,0.25,0.25,1.948717101
5.16326237,28,27.875,28,28,K7,period_data_K7.csv,0.285714286,0.125,0.25,0.25,2.143588811
5.6795886,28,28,28,28.125,K7,period_data_K7.csv,0.285714286,0.25,0.25,0.375,2.35794769
6.24754746,28,28,28,28,K7,period_data_K7.csv,0.285714286,0.25,0.25,0.25,2.593742459
6.87230221,28,28,28,28,K7,period_data_K7.csv,0.285714286,0.25,0.25,0.25,2.853116706
7.55953243,28,28,28,28,K7,period_data_K7.csv,0.285714286,0.25,0.25,0.25,3.138428376
8.31548567,28.14285714,28,28,28,K7,period_data_K7.csv,0.428571429,0.25,0.25,0.25,3.452271213
9.14703424,28.14285714,28.125,28,28,K7,period_data_K7.csv,0.428571429,0.375,0.25,0.25,3.797498335
10.06173767,28.14285714,28.125,28.14285714,28,K7,period_data_K7.csv,0.428571429,0.375,0.392857143,0.25,4.177248171
11.06791143,28.14285714,28.125,28.14285714,28.125,K7,period_data_K7.csv,0.428571429,0.375,0.392857143,0.375,4.594972985
12.17470258,28.14285714,28.125,28.14285714,28.125,K7,period_data_K7.csv,0.428571429,0.375,0.392857143,0.375,5.054470287
13.39217283,28.14285714,28.125,28.14285714,28.125,K7,period_data_K7.csv,0.428571429,0.375,0.392857143,0.375,5.559917312
14.73139012,28.14285714,28.125,28.14285714,28.125,K7,period_data_K7.csv,0.428571429,0.375,0.392857143,0.375,6.115909046
16.20452913,28.14285714,28.125,28.14285714,28.125,K7,period_data_K7.csv,0.428571429,0.375,0.392857143,0.375,6.72749995
17.82498204,28,28.125,28.14285714,28.125,K7,period_data_K7.csv,0.285714286,0.375,0.392857143,0.375,7.400249944
19.60748024,28,28.125,28.14285714,28.125,K7,period_data_K7.csv,0.285714286,0.375,0.392857143,0.375,8.140274937
21.56822827,28,28.125,28.14285714,28.125,K7,period_data_K7.csv,0.285714286,0.375,0.392857143,0.375,8.954302433
23.7250511,28,28.125,28.14285714,28.125,K7,period_data_K7.csv,0.285714286,0.375,0.392857143,0.375,9.849732677
0.03311765,,,,25.66666667,K8,period_data_K8.csv,,,,-2.083333333,0.101525598
0.03642942,,,,25.57142857,K8,period_data_K8.csv,,,,-2.178571429,0.111678173
0.04007236,,,,25.57142857,K8,period_data_K8.csv,,,,-2.178571429,0.122845984
0.04407959,25.57142857,25.5,,25.57142857,K8,period_data_K8.csv,-2.142857143,-2.25,,-2.178571429,0.135130564
0.04848755,25.5,25.42857143,,25.5,K8,period_data_K8.csv,-2.214285714,-2.321428571,,-2.25,0.148643624
0.05333631,25.375,25.5,25.5,25.5,K8,period_data_K8.csv,-2.339285714,-2.25,-2.25,-2.25,0.163508001
0.05866994,25.375,25.375,25.375,25.375,K8,period_data_K8.csv,-2.339285714,-2.375,-2.375,-2.375,0.179858798
0.06453693,25.25,25.375,25.33333333,25.33333333,K8,period_data_K8.csv,-2.464285714,-2.375,-2.416666667,-2.416666667,0.197844666
0.07099062,25.25,25.25,25.22222222,25.22222222,K8,period_data_K8.csv,-2.464285714,-2.5,-2.527777778,-2.527777778,0.217629123
0.07808969,25.5,25.375,25.44444444,25.44444444,K8,period_data_K8.csv,-2.214285714,-2.375,-2.305555556,-2.305555556,0.23939206
0.08589866,27.125,27,27,27,K8,period_data_K8.csv,-0.589285714,-0.75,-0.75,-0.75,0.263331269
0.09448852,27.42857143,27.5,27.375,27.375,K8,period_data_K8.csv,-0.285714286,-0.25,-0.375,-0.375,0.289664378
0.10393737,27.75,27.75,27.85714286,27.71428571,K8,period_data_K8.csv,0.035714286,0,0.107142857,-0.035714286,0.318630809
0.11433111,27.875,27.875,28,27.85714286,K8,period_data_K8.csv,0.160714286,0.125,0.25,0.107142857,0.350493899
0.12576422,28,28.125,28.14285714,28.14285714,K8,period_data_K8.csv,0.285714286,0.375,0.392857143,0.392857143,0.385543286
0.13834064,28.25,28.14285714,28.14285714,28.28571429,K8,period_data_K8.csv,0.535714286,0.392857143,0.392857143,0.535714286,0.424097609
0.15217471,28.25,28.28571429,28.28571429,28.28571429,K8,period_data_K8.csv,0.535714286,0.535714286,0.535714286,0.535714286,0.466507388
0.16739218,28.25,28.42857143,28.28571429,28.42857143,K8,period_data_K8.csv,0.535714286,0.678571429,0.535714286,0.678571429,0.513158124
0.1841314,28.25,28.42857143,28.28571429,28.42857143,K8,period_data_K8.csv,0.535714286,0.678571429,0.535714286,0.678571429,0.564473942
0.20254454,28.375,28.375,28.28571429,28.28571429,K8,period_data_K8.csv,0.660714286,0.625,0.535714286,0.535714286,0.620921337
0.22279899,28.25,28.25,28.28571429,28.28571429,K8,period_data_K8.csv,0.535714286,0.5,0.535714286,0.535714286,0.683013458
0.24507889,28.14285714,28.125,28.28571429,28.14285714,K8,period_data_K8.csv,0.428571429,0.375,0.535714286,0.392857143,0.751314807
0.26958678,28,28.125,28.14285714,28.125,K8,period_data_K8.csv,0.285714286,0.375,0.392857143,0.375,0.826446291
0.29654545,28,28,27.85714286,28,K8,period_data_K8.csv,0.285714286,0.25,0.107142857,0.25,0.909090895
0.3262,27.71428571,27.75,27.75,27.75,K8,period_data_K8.csv,0,0,0,0,1
0.35882,27.42857143,27.5,27.5,27.625,K8,period_data_K8.csv,-0.285714286,-0.25,-0.25,-0.125,1.1
0.394702,27.28571429,27.375,27.375,27.375,K8,period_data_K8.csv,-0.428571429,-0.375,-0.375,-0.375,1.21
0.4341722,27.125,27,27,27.125,K8,period_data_K8.csv,-0.589285714,-0.75,-0.75,-0.625,1.331
0.47758942,26.875,26.85714286,26.875,26.75,K8,period_data_K8.csv,-0.839285714,-0.892857143,-0.875,-1,1.4641
0.52534836,26.625,26.5,26.625,26.5,K8,period_data_K8.csv,-1.089285714,-1.25,-1.125,-1.25,1.610509994
0.5778832,26.375,26.25,26.25,26.25,K8,period_data_K8.csv,-1.339285714,-1.5,-1.5,-1.5,1.771561006
0.63567152,25.875,25.875,25.88888889,25.875,K8,period_data_K8.csv,-1.839285714,-1.875,-1.861111111,-1.875,1.948717106
0.69923867,25.625,25.625,25.625,25.75,K8,period_data_K8.csv,-2.089285714,-2.125,-2.125,-2,2.143588811
0.76916254,25.44444444,25.375,25.375,25.375,K8,period_data_K8.csv,-2.26984127,-2.375,-2.375,-2.375,2.357947701
0.84607879,25.22222222,25.25,25.125,25.125,K8,period_data_K8.csv,-2.492063492,-2.5,-2.625,-2.625,2.593742459
0.93068667,25.11111111,25.125,25,25,K8,period_data_K8.csv,-2.603174603,-2.625,-2.75,-2.75,2.853116708
1.02375534,25.22222222,25.125,25.125,25.125,K8,period_data_K8.csv,-2.492063492,-2.625,-2.625,-2.625,3.138428387
1.12613087,25.375,25.375,25.375,25.375,K8,period_data_K8.csv,-2.339285714,-2.375,-2.375,-2.375,3.452271214
1.23874396,25.71428571,,25.71428571,,K8,period_data_K8.csv,-2,,-2.035714286,,3.797498345
1.36261835,,,,,K8,period_data_K8.csv,,,,,4.177248161
1.49888019,,,,,K8,period_data_K8.csv,,,,,4.594972992
1.64876821,,,,,K8,period_data_K8.csv,,,,,5.054470294
1.81364503,,,,,K8,period_data_K8.csv,,,,,5.559917321
1.99500953,,,,,K8,period_data_K8.csv,,,,,6.115909044
2.19451048,,,,,K8,period_data_K8.csv,,,,,6.727499939
2.41396153,,,,,K8,period_data_K8.csv,,,,,7.400249939
2.65535768,,,,,K8,period_data_K8.csv,,,,,8.140274923
2.92089345,,,,,K8,period_data_K8.csv,,,,,8.954302422
3.2129828,,,,,K8,period_data_K8.csv,,,,,9.849732679
0.18248211,,,,,K9,period_data_K9.csv,,,,,0.101525598
0.20073032,,,,,K9,period_data_K9.csv,,,,,0.111678157
0.22080335,,,,,K9,period_data_K9.csv,,,,,0.122845972
0.24288369,,,,,K9,period_data_K9.csv,,,,,0.135130572
0.26717206,,,,,K9,period_data_K9.csv,,,,,0.14864363
0.29388926,,,,,K9,period_data_K9.csv,,,,,0.163507989
0.32327819,,,,,K9,period_data_K9.csv,,,,,0.17985879
0.35560601,,,,,K9,period_data_K9.csv,,,,,0.19784467
0.39116661,23.11111111,23.11111111,23,,K9,period_data_K9.csv,-4.603174603,-4.638888889,-4.75,,0.217629137
0.43028327,23.33333333,23.44444444,23.44444444,23.4,K9,period_data_K9.csv,-4.380952381,-4.305555556,-4.305555556,-4.35,0.23939205
0.4733116,23.77777778,23.77777778,23.88888889,23.77777778,K9,period_data_K9.csv,-3.936507937,-3.972222222,-3.861111111,-3.972222222,0.263331256
0.52064276,24.25,24.33333333,24.33333333,24.22222222,K9,period_data_K9.csv,-3.464285714,-3.416666667,-3.416666667,-3.527777778,0.289664382
0.57270703,24.75,24.77777778,24.875,24.77777778,K9,period_data_K9.csv,-2.964285714,-2.972222222,-2.875,-2.972222222,0.318630817
0.62997773,25.22222222,25.22222222,25.25,25.25,K9,period_data_K9.csv,-2.492063492,-2.527777778,-2.5,-2.5,0.350493897
0.69297551,25.75,25.75,25.625,25.625,K9,period_data_K9.csv,-1.964285714,-2,-2.125,-2.125,0.38554329
0.76227306,26.125,26.125,26,26,K9,period_data_K9.csv,-1.589285714,-1.625,-1.75,-1.75,0.424097619
0.83850037,26.375,26.375,26.375,26.375,K9,period_data_K9.csv,-1.339285714,-1.375,-1.375,-1.375,0.466507383
0.9223504,26.75,26.625,26.625,26.625,K9,period_data_K9.csv,-0.964285714,-1.125,-1.125,-1.125,0.513158117
1.01458544,27,26.85714286,26.875,26.875,K9,period_data_K9.csv,-0.714285714,-0.892857143,-0.875,-0.875,0.564473929
1.11604399,27.125,27,27.125,27.125,K9,period_data_K9.csv,-0.589285714,-0.75,-0.625,-0.625,0.620921325
1.22764838,27.42857143,27.25,27.375,27.375,K9,period_data_K9.csv,-0.285714286,-0.5,-0.375,-0.375,0.683013453
1.35041322,27.42857143,27.375,27.375,27.375,K9,period_data_K9.csv,-0.285714286,-0.375,-0.375,-0.375,0.751314799
1.48545455,27.57142857,27.5,27.625,27.625,K9,period_data_K9.csv,-0.142857143,-0.25,-0.125,-0.125,0.826446284
1.634,27.71428571,27.75,27.75,27.75,K9,period_data_K9.csv,0,0,0,0,0.909090909
1.7974,27.71428571,27.75,27.75,27.75,K9,period_data_K9.csv,0,0,0,0,1
1.97714,27.71428571,27.875,27.875,27.875,K9,period_data_K9.csv,0,0.125,0.125,0.125,1.1
2.174854,27.85714286,27.875,27.85714286,27.875,K9,period_data_K9.csv,0.142857143,0.125,0.107142857,0.125,1.21
2.3923394,28,28,28,27.875,K9,period_data_K9.csv,0.285714286,0.25,0.25,0.125,1.331
2.63157334,27.85714286,28,28,28,K9,period_data_K9.csv,0.142857143,0.25,0.25,0.25,1.4641
2.89473067,28,28,28,28,K9,period_data_K9.csv,0.285714286,0.25,0.25,0.25,1.610509998
3.18420374,28,28,28,28,K9,period_data_K9.csv,0.285714286,0.25,0.25,0.25,1.771560999
3.50262412,28.14285714,28,28,28,K9,period_data_K9.csv,0.428571429,0.25,0.25,0.25,1.948717102
3.85288653,28.14285714,28.125,28,28.125,K9,period_data_K9.csv,0.428571429,0.375,0.25,0.375,2.143588812
4.23817518,28,28.125,28.14285714,28.125,K9,period_data_K9.csv,0.285714286,0.375,0.392857143,0.375,2.357947691
4.6619927,28,28.125,28.14285714,28.125,K9,period_data_K9.csv,0.285714286,0.375,0.392857143,0.375,2.593742461
5.12819197,28,28.125,28.14285714,28.125,K9,period_data_K9.csv,0.285714286,0.375,0.392857143,0.375,2.853116707
5.64101116,28,28,28.14285714,28.125,K9,period_data_K9.csv,0.285714286,0.25,0.392857143,0.375,3.138428374
6.20511228,28.14285714,28,28.14285714,28.125,K9,period_data_K9.csv,0.428571429,0.25,0.392857143,0.375,3.452271214
6.82562351,28.14285714,28.125,28,28,K9,period_data_K9.csv,0.428571429,0.375,0.25,0.25,3.797498336
7.50818586,28.14285714,28.125,28,28,K9,period_data_K9.csv,0.428571429,0.375,0.25,0.25,4.17724817
8.25900445,28.14285714,28.125,28,28.125,K9,period_data_K9.csv,0.428571429,0.375,0.25,0.375,4.594972989
9.08490489,28.14285714,28.125,28,28.125,K9,period_data_K9.csv,0.428571429,0.375,0.25,0.375,5.054470285
9.99339538,28.14285714,28.125,28,28.125,K9,period_data_K9.csv,0.428571429,0.375,0.25,0.375,5.559917314
10.99273492,28.14285714,28.125,28.14285714,28.125,K9,period_data_K9.csv,0.428571429,0.375,0.392857143,0.375,6.115909046
12.09200841,28.14285714,28.125,28.14285714,28.125,K9,period_data_K9.csv,0.428571429,0.375,0.392857143,0.375,6.72749995
13.30120925,28.14285714,28.125,28.14285714,28.125,K9,period_data_K9.csv,0.428571429,0.375,0.392857143,0.375,7.400249944
14.63133017,28.14285714,28.125,28.14285714,28.125,K9,period_data_K9.csv,0.428571429,0.375,0.392857143,0.375,8.140274936
16.09446319,28.14285714,28.125,28.14285714,28.125,K9,period_data_K9.csv,0.428571429,0.375,0.392857143,0.375,8.954302431
17.70390951,28.14285714,28.125,28.14285714,28.125,K9,period_data_K9.csv,0.428571429,0.375,0.392857143,0.375,9.849732675
0.07962653,45.4,45.5,45.5,45.75,d1,period_data_d1.csv,17.68571429,17.75,17.75,18,0.101525602
0.08758918,45.25,45.5,45.25,45.25,d1,period_data_d1.csv,17.53571429,17.75,17.5,17.5,0.111678159
0.0963481,45.25,45,45.25,45,d1,period_data_d1.csv,17.53571429,17.25,17.5,17.25,0.122845977
0.10598291,44.75,44.8,44.75,44.75,d1,period_data_d1.csv,17.03571429,17.05,17,17,0.135130575
0.1165812,44.25,44.4,44,44.25,d1,period_data_d1.csv,16.53571429,16.65,16.25,16.5,0.148643631
0.12823932,43.75,43.75,43.4,43.4,d1,period_data_d1.csv,16.03571429,16,15.65,15.65,0.163507994
0.14106325,42.8,42.5,42.8,42.6,d1,period_data_d1.csv,15.08571429,14.75,15.05,14.85,0.179858791
0.15516957,41.8,41.8,41.75,41.75,d1,period_data_d1.csv,14.08571429,14.05,14,14,0.197844664
0.17068653,40.8,40.6,40.6,40.8,d1,period_data_d1.csv,13.08571429,12.85,12.85,13.05,0.217629134
0.18775518,39.6,39.6,39.6,39.6,d1,period_data_d1.csv,11.88571429,11.85,11.85,11.85,0.239392044
0.2065307,38.6,38.5,38.4,38.6,d1,period_data_d1.csv,10.88571429,10.75,10.65,10.85,0.263331251
0.22718377,37.4,37.4,37.33333333,37.5,d1,period_data_d1.csv,9.685714286,9.65,9.583333333,9.75,0.289664376
0.24990215,36.5,36.4,36.4,36.4,d1,period_data_d1.csv,8.785714286,8.65,8.65,8.65,0.318630817
0.27489237,35.5,35.5,35.4,35.4,d1,period_data_d1.csv,7.785714286,7.75,7.65,7.65,0.350493905
0.3023816,34.4,34.5,34.5,34.5,d1,period_data_d1.csv,6.685714286,6.75,6.75,6.75,0.385543287
0.33261976,33.66666667,33.5,33.66666667,33.66666667,d1,period_data_d1.csv,5.952380952,5.75,5.916666667,5.916666667,0.424097616
0.36588174,32.66666667,32.83333333,32.71428571,32.85714286,d1,period_data_d1.csv,4.952380952,5.083333333,4.964285714,5.107142857,0.466507382
0.40246991,32.14285714,32,32,32,d1,period_data_d1.csv,4.428571429,4.25,4.25,4.25,0.513158116
0.4427169,31.28571429,31.42857143,31.33333333,31.28571429,d1,period_data_d1.csv,3.571428571,3.678571429,3.583333333,3.535714286,0.564473926
0.48698859,30.66666667,30.71428571,30.57142857,30.57142857,d1,period_data_d1.csv,2.952380952,2.964285714,2.821428571,2.821428571,0.620921318
0.53568745,30,30,30,30.14285714,d1,period_data_d1.csv,2.285714286,2.25,2.25,2.392857143,0.683013451
0.5892562,29.42857143,29.42857143,29.42857143,29.42857143,d1,period_data_d1.csv,1.714285714,1.678571429,1.678571429,1.678571429,0.751314803
0.64818182,28.875,28.85714286,28.85714286,28.85714286,d1,period_data_d1.csv,1.160714286,1.107142857,1.107142857,1.107142857,0.826446283
0.713,28.28571429,28.25,28.28571429,28.28571429,d1,period_data_d1.csv,0.571428571,0.5,0.535714286,0.535714286,0.909090909
0.7843,27.71428571,27.75,27.75,27.75,d1,period_data_d1.csv,0,0,0,0,1
0.86273,27.28571429,27.25,27.25,27.25,d1,period_data_d1.csv,-0.428571429,-0.5,-0.5,-0.5,1.1
0.949003,26.75,26.75,26.75,26.75,d1,period_data_d1.csv,-0.964285714,-1,-1,-1,1.21
1.0439033,26.25,26.25,26.25,26.25,d1,period_data_d1.csv,-1.464285714,-1.5,-1.5,-1.5,1.331
1.14829363,25.875,25.875,25.875,25.75,d1,period_data_d1.csv,-1.839285714,-1.875,-1.875,-2,1.4641
1.26312299,25.33333333,25.375,25.375,25.375,d1,period_data_d1.csv,-2.380952381,-2.375,-2.375,-2.375,1.610509996
1.38943529,24.88888889,24.88888889,24.875,24.88888889,d1,period_data_d1.csv,-2.825396825,-2.861111111,-2.875,-2.861111111,1.771560997
1.52837882,24.5,24.44444444,24.44444444,24.55555556,d1,period_data_d1.csv,-3.214285714,-3.305555556,-3.305555556,-3.194444444,1.948717098
1.6812167,24.11111111,24.11111111,24.22222222,24.11111111,d1,period_data_d1.csv,-3.603174603,-3.638888889,-3.527777778,-3.638888889,2.143588805
1.84933837,23.66666667,23.77777778,23.77777778,23.66666667,d1,period_data_d1.csv,-4.047619048,-3.972222222,-3.972222222,-4.083333333,2.357947686
2.03427221,23.33333333,23.33333333,23.33333333,23.4,d1,period_data_d1.csv,-4.380952381,-4.416666667,-4.416666667,-4.35,2.593742458
2.23769943,23,23.11111111,23.1,23,d1,period_data_d1.csv,-4.714285714,-4.638888889,-4.65,-4.75,2.853116703
2.46146938,22.88888889,22.77777778,22.88888889,22.88888889,d1,period_data_d1.csv,-4.825396825,-4.972222222,-4.861111111,-4.861111111,3.138428382
2.70761631,22.77777778,22.88888889,22.77777778,22.88888889,d1,period_data_d1.csv,-4.936507937,-4.861111111,-4.972222222,-4.861111111,3.45227121
2.97837794,22.88888889,22.88888889,23,22.88888889,d1,period_data_d1.csv,-4.825396825,-4.861111111,-4.75,-4.861111111,3.79749833
3.27621574,23.125,23.125,23,23.14285714,d1,period_data_d1.csv,-4.589285714,-4.625,-4.75,-4.607142857,4.17724817
3.60383731,,,,,d1,period_data_d1.csv,,,,,4.594972982
3.96422104,,,,,d1,period_data_d1.csv,,,,,5.054470279
4.36064315,,,,,d1,period_data_d1.csv,,,,,5.559917315
4.79670746,,,,,d1,period_data_d1.csv,,,,,6.11590904
5.27637821,,,,,d1,period_data_d1.csv,,,,,6.727499949
5.80401603,,,,,d1,period_data_d1.csv,,,,,7.400249943
6.38441763,,,,,d1,period_data_d1.csv,,,,,8.140274933
7.0228594,,,,,d1,period_data_d1.csv,,,,,8.954302435
7.72514534,,,,,d1,period_data_d1.csv,,,,,9.849732679
0.0376863,27.71428571,27.75,27.75,27.75,d2D,period_data_d2D.csv,0,0,0,0,0.101525593
0.04145493,27.71428571,27.75,27.75,27.75,d2D,period_data_d2D.csv,0,0,0,0,0.111678152
0.04560043,27.71428571,27.75,27.75,27.75,d2D,period_data_d2D.csv,0,0,0,0,0.122845986
0.05016047,27.71428571,27.75,27.75,27.75,d2D,period_data_d2D.csv,0,0,0,0,0.135130577
0.05517651,27.71428571,27.75,27.75,27.75,d2D,period_data_d2D.csv,0,0,0,0,0.148643615
0.06069417,27.71428571,27.75,27.75,27.75,d2D,period_data_d2D.csv,0,0,0,0,0.163508001
0.06676358,27.71428571,27.75,27.75,27.75,d2D,period_data_d2D.csv,0,0,0,0,0.179858782
0.07343994,27.71428571,27.75,27.75,27.75,d2D,period_data_d2D.csv,0,0,0,0,0.197844666
0.08078394,27.71428571,27.75,27.75,27.75,d2D,period_data_d2D.csv,0,0,0,0,0.217629149
0.08886233,27.71428571,27.75,27.75,27.75,d2D,period_data_d2D.csv,0,0,0,0,0.239392053
0.09774856,27.71428571,27.75,27.75,27.75,d2D,period_data_d2D.csv,0,0,0,0,0.26333125
0.10752342,27.71428571,27.75,27.75,27.75,d2D,period_data_d2D.csv,0,0,0,0,0.289664386
0.11827576,27.71428571,27.75,27.75,27.75,d2D,period_data_d2D.csv,0,0,0,0,0.318630819
0.13010334,27.71428571,27.75,27.75,27.75,d2D,period_data_d2D.csv,0,0,0,0,0.350493912
0.14311367,27.71428571,27.75,27.75,27.75,d2D,period_data_d2D.csv,0,0,0,0,0.385543292
0.15742504,27.71428571,27.75,27.75,27.75,d2D,period_data_d2D.csv,0,0,0,0,0.424097629
0.17316754,27.71428571,27.75,27.75,27.75,d2D,period_data_d2D.csv,0,0,0,0,0.466507381
0.19048429,27.71428571,27.75,27.75,27.75,d2D,period_data_d2D.csv,0,0,0,0,0.513158109
0.20953272,27.71428571,27.75,27.75,27.75,d2D,period_data_d2D.csv,0,0,0,0,0.564473922
0.230486,27.71428571,27.75,27.75,27.75,d2D,period_data_d2D.csv,0,0,0,0,0.620921336
0.25353459,27.71428571,27.75,27.75,27.75,d2D,period_data_d2D.csv,0,0,0,0,0.683013443
0.27888805,27.71428571,27.75,27.75,27.75,d2D,period_data_d2D.csv,0,0,0,0,0.75131479
0.30677686,27.71428571,27.75,27.75,27.75,d2D,period_data_d2D.csv,0,0,0,0,0.826446282
0.33745455,27.71428571,27.75,27.75,27.75,d2D,period_data_d2D.csv,0,0,0,0,0.909090921
0.3712,27.71428571,27.75,27.75,27.75,d2D,period_data_d2D.csv,0,0,0,0,1
0.40832,27.71428571,27.75,27.75,27.75,d2D,period_data_d2D.csv,0,0,0,0,1.1
0.449152,27.71428571,27.75,27.75,27.75,d2D,period_data_d2D.csv,0,0,0,0,1.21
0.4940672,27.71428571,27.75,27.75,27.75,d2D,period_data_d2D.csv,0,0,0,0,1.331
0.54347392,27.71428571,27.75,27.75,27.75,d2D,period_data_d2D.csv,0,0,0,0,1.4641
0.59782131,27.71428571,27.75,27.75,27.75,d2D,period_data_d2D.csv,0,0,0,0,1.610509995
0.65760344,27.71428571,27.75,27.75,27.75,d2D,period_data_d2D.csv,0,0,0,0,1.771560991
0.72336379,27.71428571,27.75,27.75,27.75,d2D,period_data_d2D.csv,0,0,0,0,1.948717107
0.79570017,27.71428571,27.75,27.75,27.75,d2D,period_data_d2D.csv,0,0,0,0,2.14358882
0.87527018,27.71428571,27.75,27.75,27.75,d2D,period_data_d2D.csv,0,0,0,0,2.357947683
0.9627972,27.71428571,27.75,27.75,27.75,d2D,period_data_d2D.csv,0,0,0,0,2.593742457
1.05907692,27.71428571,27.75,27.75,27.75,d2D,period_data_d2D.csv,0,0,0,0,2.853116703
1.16498461,27.71428571,27.75,27.75,27.75,d2D,period_data_d2D.csv,0,0,0,0,3.138428367
1.28148307,27.71428571,27.75,27.75,27.75,d2D,period_data_d2D.csv,0,0,0,0,3.452271202
1.40963138,27.71428571,27.75,27.75,27.75,d2D,period_data_d2D.csv,0,0,0,0,3.79749833
1.55059452,27.71428571,27.75,27.75,27.75,d2D,period_data_d2D.csv,0,0,0,0,4.177248168
1.70565397,27.71428571,27.75,27.75,27.75,d2D,period_data_d2D.csv,0,0,0,0,4.59497298
1.87621937,27.71428571,27.75,27.75,27.75,d2D,period_data_d2D.csv,0,0,0,0,5.054470286
2.06384131,27.71428571,27.75,27.75,27.75,d2D,period_data_d2D.csv,0,0,0,0,5.559917322
2.27022544,27.71428571,27.75,27.75,27.75,d2D,period_data_d2D.csv,0,0,0,0,6.115909052
2.49724798,27.71428571,27.75,27.75,27.75,d2D,period_data_d2D.csv,0,0,0,0,6.727499946
2.74697278,27.71428571,27.75,27.75,27.75,d2D,period_data_d2D.csv,0,0,0,0,7.400249946
3.02167006,27.71428571,27.75,27.75,27.75,d2D,period_data_d2D.csv,0,0,0,0,8.140274946
3.32383706,27.71428571,27.75,27.75,27.75,d2D,period_data_d2D.csv,0,0,0,0,8.954302425
3.65622077,27.71428571,27.75,27.75,27.75,d2D,period_data_d2D.csv,0,0,0,0,9.849732678
0.02961502,,,,,d2L,period_data_d2L.csv,,,,,0.101525609
0.03257652,,,,,d2L,period_data_d2L.csv,,,,,0.111678162
0.03583417,,,,,d2L,period_data_d2L.csv,,,,,0.122845972
0.03941759,,,,,d2L,period_data_d2L.csv,,,,,0.135130579
0.04335935,,,,,d2L,period_data_d2L.csv,,,,,0.148643641
0.04769528,,,,,d2L,period_data_d2L.csv,,,,,0.163507988
0.05246481,,,,,d2L,period_data_d2L.csv,,,,,0.179858793
0.05771129,,,,,d2L,period_data_d2L.csv,,,,,0.197844669
0.06348242,,,,,d2L,period_data_d2L.csv,,,,,0.21762914
0.06983066,,,,,d2L,period_data_d2L.csv,,,,,0.239392047
0.07681373,,,,,d2L,period_data_d2L.csv,,,,,0.263331265
0.0844951,,,,,d2L,period_data_d2L.csv,,,,,0.289664381
0.09294461,,,,,d2L,period_data_d2L.csv,,,,,0.318630819
0.10223907,,,,,d2L,period_data_d2L.csv,,,,,0.350493898
0.11246298,,,,,d2L,period_data_d2L.csv,,,,,0.385543298
0.12370928,,,,,d2L,period_data_d2L.csv,,,,,0.424097635
0.1360802,29.5,29.57142857,29.42857143,29.57142857,d2L,period_data_d2L.csv,1.785714286,1.821428571,1.678571429,1.821428571,0.466507371
0.14968822,28.42857143,28.57142857,28.5,28.5,d2L,period_data_d2L.csv,0.714285714,0.821428571,0.75,0.75,0.513158108
0.16465705,28.14285714,28.28571429,28.28571429,28.28571429,d2L,period_data_d2L.csv,0.428571429,0.535714286,0.535714286,0.535714286,0.564473946
0.18112275,28.25,28.28571429,28.28571429,28.14285714,d2L,period_data_d2L.csv,0.535714286,0.535714286,0.535714286,0.392857143,0.620921323
0.19923502,28.25,28.14285714,28.28571429,28.28571429,d2L,period_data_d2L.csv,0.535714286,0.392857143,0.535714286,0.535714286,0.683013438
0.21915853,28.25,28.28571429,28.28571429,28.28571429,d2L,period_data_d2L.csv,0.535714286,0.535714286,0.535714286,0.535714286,0.75131481
0.24107438,28,28.125,28.14285714,28,d2L,period_data_d2L.csv,0.285714286,0.375,0.392857143,0.25,0.82644628
0.26518182,28,28,28,27.875,d2L,period_data_d2L.csv,0.285714286,0.25,0.25,0.125,0.909090915
0.2917,27.71428571,27.75,27.75,27.75,d2L,period_data_d2L.csv,0,0,0,0,1
0.32087,27.57142857,27.5,27.625,27.5,d2L,period_data_d2L.csv,-0.142857143,-0.25,-0.125,-0.25,1.1
0.352957,27.375,27.28571429,27.375,27.375,d2L,period_data_d2L.csv,-0.339285714,-0.464285714,-0.375,-0.375,1.21
0.3882527,27.25,27.28571429,27.25,27.28571429,d2L,period_data_d2L.csv,-0.464285714,-0.464285714,-0.5,-0.464285714,1.331
0.42707797,27.125,27.125,27.14285714,27.14285714,d2L,period_data_d2L.csv,-0.589285714,-0.625,-0.607142857,-0.607142857,1.4641
0.46978577,27.125,27,27,27,d2L,period_data_d2L.csv,-0.589285714,-0.75,-0.75,-0.75,1.61051001
0.51676434,27.25,27.125,27.14285714,27.14285714,d2L,period_data_d2L.csv,-0.464285714,-0.625,-0.607142857,-0.607142857,1.771560987
0.56844078,27.25,27.25,27.14285714,27.28571429,d2L,period_data_d2L.csv,-0.464285714,-0.5,-0.607142857,-0.464285714,1.948717107
0.62528486,27.5,27.57142857,27.5,27.57142857,d2L,period_data_d2L.csv,-0.214285714,-0.178571429,-0.25,-0.178571429,2.143588824
0.68781334,27.875,27.85714286,27.875,27.875,d2L,period_data_d2L.csv,0.160714286,0.107142857,0.125,0.125,2.357947686
0.75659468,28.42857143,28.25,28.25,28.375,d2L,period_data_d2L.csv,0.714285714,0.5,0.5,0.625,2.593742475
0.83225414,28.85714286,29,29,28.85714286,d2L,period_data_d2L.csv,1.142857143,1.25,1.25,1.107142857,2.853116695
0.91547956,29.57142857,29.71428571,29.71428571,29.57142857,d2L,period_data_d2L.csv,1.857142857,1.964285714,1.964285714,1.821428571,3.138428385
1.00702751,30.42857143,30.28571429,30.33333333,30.33333333,d2L,period_data_d2L.csv,2.714285714,2.535714286,2.583333333,2.583333333,3.452271203
1.10773026,31,31,31.14285714,31.14285714,d2L,period_data_d2L.csv,3.285714286,3.25,3.392857143,3.392857143,3.79749832
1.21850329,31.5,31.28571429,31.28571429,31.42857143,d2L,period_data_d2L.csv,3.785714286,3.535714286,3.535714286,3.678571429,4.177248166
1.34035362,,,,,d2L,period_data_d2L.csv,,,,,4.594972986
1.47438898,,,,,d2L,period_data_d2L.csv,,,,,5.054470278
1.62182788,,,,,d2L,period_data_d2L.csv,,,,,5.559917312
1.78401067,,,,,d2L,period_data_d2L.csv,,,,,6.11590905
1.96241174,,,,,d2L,period_data_d2L.csv,,,,,6.727499966
2.15865291,,,,,d2L,period_data_d2L.csv,,,,,7.400249949
2.3745182,,,,,d2L,period_data_d2L.csv,,,,,8.14027494
2.61197002,,,,,d2L,period_data_d2L.csv,,,,,8.954302434
2.87316702,,,,,d2L,period_data_d2L.csv,,,,,9.849732671
0.05102677,27.71428571,27.75,27.75,27.75,d3D,period_data_d3D.csv,0,0,0,0,0.101525607
0.05612944,27.71428571,27.75,27.75,27.75,d3D,period_data_d3D.csv,0,0,0,0,0.111678154
0.06174239,27.71428571,27.75,27.75,27.75,d3D,period_data_d3D.csv,0,0,0,0,0.122845981
0.06791662,27.71428571,27.75,27.75,27.75,d3D,period_data_d3D.csv,0,0,0,0,0.135130561
0.07470829,27.71428571,27.75,27.75,27.75,d3D,period_data_d3D.csv,0,0,0,0,0.148643633
0.08217912,27.71428571,27.75,27.75,27.75,d3D,period_data_d3D.csv,0,0,0,0,0.163507998
0.09039703,27.71428571,27.75,27.75,27.75,d3D,period_data_d3D.csv,0,0,0,0,0.179858794
0.09943673,27.71428571,27.75,27.75,27.75,d3D,period_data_d3D.csv,0,0,0,0,0.197844668
0.1093804,27.71428571,27.75,27.75,27.75,d3D,period_data_d3D.csv,0,0,0,0,0.217629129
0.12031844,27.71428571,27.75,27.75,27.75,d3D,period_data_d3D.csv,0,0,0,0,0.239392041
0.13235029,27.71428571,27.75,27.75,27.75,d3D,period_data_d3D.csv,0,0,0,0,0.263331257
0.14558532,27.71428571,27.75,27.75,27.75,d3D,period_data_d3D.csv,0,0,0,0,0.289664385
0.16014385,27.71428571,27.75,27.75,27.75,d3D,period_data_d3D.csv,0,0,0,0,0.31863082
0.17615823,27.71428571,27.75,27.75,27.75,d3D,period_data_d3D.csv,0,0,0,0,0.350493892
0.19377406,27.71428571,27.75,27.75,27.75,d3D,period_data_d3D.csv,0,0,0,0,0.385543295
0.21315146,27.71428571,27.75,27.75,27.75,d3D,period_data_d3D.csv,0,0,0,0,0.424097612
0.23446661,27.71428571,27.75,27.75,27.75,d3D,period_data_d3D.csv,0,0,0,0,0.466507382
0.25791327,27.71428571,27.75,27.75,27.75,d3D,period_data_d3D.csv,0,0,0,0,0.513158118
0.2837046,27.71428571,27.75,27.75,27.75,d3D,period_data_d3D.csv,0,0,0,0,0.564473936
0.31207506,27.71428571,27.75,27.75,27.75,d3D,period_data_d3D.csv,0,0,0,0,0.620921329
0.34328256,27.71428571,27.75,27.75,27.75,d3D,period_data_d3D.csv,0,0,0,0,0.68301345
0.37761082,27.71428571,27.75,27.75,27.75,d3D,period_data_d3D.csv,0,0,0,0,0.751314803
0.4153719,27.71428571,27.75,27.75,27.75,d3D,period_data_d3D.csv,0,0,0,0,0.826446279
0.45690909,27.71428571,27.75,27.75,27.75,d3D,period_data_d3D.csv,0,0,0,0,0.909090907
0.5026,27.71428571,27.75,27.75,27.75,d3D,period_data_d3D.csv,0,0,0,0,1
0.55286,27.71428571,27.75,27.75,27.75,d3D,period_data_d3D.csv,0,0,0,0,1.1
0.608146,27.71428571,27.75,27.75,27.75,d3D,period_data_d3D.csv,0,0,0,0,1.21
0.6689606,27.71428571,27.75,27.75,27.75,d3D,period_data_d3D.csv,0,0,0,0,1.331
0.73585666,27.71428571,27.75,27.75,27.75,d3D,period_data_d3D.csv,0,0,0,0,1.4641
0.80944233,27.71428571,27.75,27.75,27.75,d3D,period_data_d3D.csv,0,0,0,0,1.610510008
0.89038656,27.71428571,27.75,27.75,27.75,d3D,period_data_d3D.csv,0,0,0,0,1.771561003
0.97942521,27.71428571,27.75,27.75,27.75,d3D,period_data_d3D.csv,0,0,0,0,1.948717091
1.07736774,27.71428571,27.75,27.75,27.75,d3D,period_data_d3D.csv,0,0,0,0,2.143588818
1.18510451,27.71428571,27.75,27.75,27.75,d3D,period_data_d3D.csv,0,0,0,0,2.357947692
1.30361496,27.71428571,27.75,27.75,27.75,d3D,period_data_d3D.csv,0,0,0,0,2.593742459
1.43397646,27.71428571,27.75,27.75,27.75,d3D,period_data_d3D.csv,0,0,0,0,2.853116713
1.5773741,27.71428571,27.75,27.75,27.75,d3D,period_data_d3D.csv,0,0,0,0,3.138428372
1.73511151,27.71428571,27.75,27.75,27.75,d3D,period_data_d3D.csv,0,0,0,0,3.45227121
1.90862266,27.71428571,27.75,27.75,27.75,d3D,period_data_d3D.csv,0,0,0,0,3.797498329
2.09948493,27.71428571,27.75,27.75,27.75,d3D,period_data_d3D.csv,0,0,0,0,4.17724817
2.30943342,27.71428571,27.75,27.75,27.75,d3D,period_data_d3D.csv,0,0,0,0,4.594972981
2.54037677,27.71428571,27.75,27.75,27.75,d3D,period_data_d3D.csv,0,0,0,0,5.054470294
2.79441444,27.71428571,27.75,27.75,27.75,d3D,period_data_d3D.csv,0,0,0,0,5.55991731
3.07385589,27.71428571,27.75,27.75,27.75,d3D,period_data_d3D.csv,0,0,0,0,6.115909053
3.38124147,27.71428571,27.75,27.75,27.75,d3D,period_data_d3D.csv,0,0,0,0,6.72749994
3.71936562,27.71428571,27.75,27.75,27.75,d3D,period_data_d3D.csv,0,0,0,0,7.40024994
4.09130218,27.71428571,27.75,27.75,27.75,d3D,period_data_d3D.csv,0,0,0,0,8.14027493
4.5004324,27.71428571,27.75,27.75,27.75,d3D,period_data_d3D.csv,0,0,0,0,8.954302427
4.95047564,27.71428571,27.75,27.75,27.75,d3D,period_data_d3D.csv,0,0,0,0,9.84973267
0.05513855,42.25,42.4,42.2,42.2,d3L,period_data_d3L.csv,14.53571429,14.65,14.45,14.45,0.101525594
0.06065241,42,42,42,42,d3L,period_data_d3L.csv,14.28571429,14.25,14.25,14.25,0.111678162
0.06671765,41.5,41.2,41.4,41.4,d3L,period_data_d3L.csv,13.78571429,13.45,13.65,13.65,0.122845977
0.07338941,40.6,40.75,40.6,40.6,d3L,period_data_d3L.csv,12.88571429,13,12.85,12.85,0.135130565
0.08072835,39.8,39.8,39.8,39.6,d3L,period_data_d3L.csv,12.08571429,12.05,12.05,11.85,0.14864362
0.08880119,38.8,38.8,38.8,38.8,d3L,period_data_d3L.csv,11.08571429,11.05,11.05,11.05,0.163507991
0.09768131,38,37.8,37.8,38,d3L,period_data_d3L.csv,10.28571429,10.05,10.05,10.25,0.179858792
0.10744944,37,37,37,37,d3L,period_data_d3L.csv,9.285714286,9.25,9.25,9.25,0.197844669
0.11819438,36,36.16666667,36.16666667,36,d3L,period_data_d3L.csv,8.285714286,8.416666667,8.416666667,8.25,0.217629129
0.13001382,35.16666667,35.2,35.16666667,35.16666667,d3L,period_data_d3L.csv,7.452380952,7.45,7.416666667,7.416666667,0.239392046
0.1430152,34.16666667,34.33333333,34.2,34.33333333,d3L,period_data_d3L.csv,6.452380952,6.583333333,6.45,6.583333333,0.263331247
0.15731672,33.33333333,33.5,33.5,33.5,d3L,period_data_d3L.csv,5.619047619,5.75,5.75,5.75,0.289664371
0.1730484,32.71428571,32.83333333,32.83333333,32.83333333,d3L,period_data_d3L.csv,5,5.083333333,5.083333333,5.083333333,0.318630823
0.19035324,32,32,32,32,d3L,period_data_d3L.csv,4.285714286,4.25,4.25,4.25,0.350493905
0.20938856,31.33333333,31.42857143,31.42857143,31.42857143,d3L,period_data_d3L.csv,3.619047619,3.678571429,3.678571429,3.678571429,0.385543289
0.23032742,30.85714286,30.83333333,30.85714286,30.85714286,d3L,period_data_d3L.csv,3.142857143,3.083333333,3.107142857,3.107142857,0.424097625
0.25336016,30.42857143,30.42857143,30.42857143,30.33333333,d3L,period_data_d3L.csv,2.714285714,2.678571429,2.678571429,2.583333333,0.466507384
0.27869617,29.85714286,29.85714286,29.83333333,29.85714286,d3L,period_data_d3L.csv,2.142857143,2.107142857,2.083333333,2.107142857,0.513158111
0.30656579,29.42857143,29.42857143,29.42857143,29.57142857,d3L,period_data_d3L.csv,1.714285714,1.678571429,1.678571429,1.821428571,0.564473927
0.33722237,29.14285714,29.14285714,29.14285714,29.14285714,d3L,period_data_d3L.csv,1.428571429,1.392857143,1.392857143,1.392857143,0.620921322
0.37094461,28.625,28.71428571,28.71428571,28.71428571,d3L,period_data_d3L.csv,0.910714286,0.964285714,0.964285714,0.964285714,0.68301346
0.40803907,28.5,28.5,28.42857143,28.42857143,d3L,period_data_d3L.csv,0.785714286,0.75,0.678571429,0.678571429,0.751314804
0.44884298,28.28571429,28.125,28.14285714,28.125,d3L,period_data_d3L.csv,0.571428571,0.375,0.392857143,0.375,0.82644629
0.49372727,27.85714286,28,28,28,d3L,period_data_d3L.csv,0.142857143,0.25,0.25,0.25,0.909090904
0.5431,27.71428571,27.75,27.75,27.75,d3L,period_data_d3L.csv,0,0,0,0,1
0.59741,27.57142857,27.625,27.625,27.5,d3L,period_data_d3L.csv,-0.142857143,-0.125,-0.125,-0.25,1.1
0.657151,27.42857143,27.5,27.5,27.375,d3L,period_data_d3L.csv,-0.285714286,-0.25,-0.25,-0.375,1.21
0.7228661,27.42857143,27.375,27.375,27.375,d3L,period_data_d3L.csv,-0.285714286,-0.375,-0.375,-0.375,1.331
0.79515271,27.28571429,27.25,27.25,27.25,d3L,period_data_d3L.csv,-0.428571429,-0.5,-0.5,-0.5,1.4641
0.87466798,27.25,27.25,27.125,27.25,d3L,period_data_d3L.csv,-0.464285714,-0.5,-0.625,-0.5,1.610509998
0.96213478,27.125,27.14285714,27.25,27.125,d3L,period_data_d3L.csv,-0.589285714,-0.607142857,-0.5,-0.625,1.771561002
1.05834826,27.125,27.14285714,27.125,27.125,d3L,period_data_d3L.csv,-0.589285714,-0.607142857,-0.625,-0.625,1.948717106
1.16418308,27.125,27.14285714,27.125,27,d3L,period_data_d3L.csv,-0.589285714,-0.607142857,-0.625,-0.75,2.143588805
1.28060139,27.125,27,27.125,27.125,d3L,period_data_d3L.csv,-0.589285714,-0.75,-0.625,-0.625,2.357947689
1.40866153,27.125,27,27.125,27.125,d3L,period_data_d3L.csv,-0.589285714,-0.75,-0.625,-0.625,2.59374246
1.54952768,27.125,27,27.125,27.125,d3L,period_data_d3L.csv,-0.589285714,-0.75,-0.625,-0.625,2.8531167
1.70448045,27.125,27,27,27.125,d3L,period_data_d3L.csv,-0.589285714,-0.75,-0.75,-0.625,3.138428374
1.8749285,27.125,27,27,27.125,d3L,period_data_d3L.csv,-0.589285714,-0.75,-0.75,-0.625,3.452271221
2.06242135,27.125,27,27.125,27,d3L,period_data_d3L.csv,-0.589285714,-0.75,-0.625,-0.75,3.797498343
2.26866348,27.125,27,27.125,27,d3L,period_data_d3L.csv,-0.589285714,-0.75,-0.625,-0.75,4.177248168
2.49552983,27.125,27,27.125,27,d3L,period_data_d3L.csv,-0.589285714,-0.75,-0.625,-0.75,4.594972988
2.74508281,27.125,27,27.125,27,d3L,period_data_d3L.csv,-0.589285714,-0.75,-0.625,-0.75,5.054470282
3.01959109,27.125,27,27.125,27,d3L,period_data_d3L.csv,-0.589285714,-0.75,-0.625,-0.75,5.559917308
3.3215502,27.125,27,27.125,27,d3L,period_data_d3L.csv,-0.589285714,-0.75,-0.625,-0.75,6.115909041
3.65370522,27.125,27,27.125,27,d3L,period_data_d3L.csv,-0.589285714,-0.75,-0.625,-0.75,6.727499945
4.01907574,27.125,27,27.125,27,d3L,period_data_d3L.csv,-0.589285714,-0.75,-0.625,-0.75,7.400249936
4.42098332,27.125,27,27.125,27,d3L,period_data_d3L.csv,-0.589285714,-0.75,-0.625,-0.75,8.14027494
4.86308165,27,27,27.125,27,d3L,period_data_d3L.csv,-0.714285714,-0.75,-0.625,-0.75,8.95430243
5.34938982,27,27,27.125,27,d3L,period_data_d3L.csv,-0.714285714,-0.75,-0.625,-0.75,9.849732683
0.04471187,27.71428571,27.75,27.75,27.75,d5D,period_data_d5D.csv,0,0,0,0,0.10152559
0.04918306,27.71428571,27.75,27.75,27.75,d5D,period_data_d5D.csv,0,0,0,0,0.111678156
0.05410137,27.71428571,27.75,27.75,27.75,d5D,period_data_d5D.csv,0,0,0,0,0.122845981
0.0595115,27.71428571,27.75,27.75,27.75,d5D,period_data_d5D.csv,0,0,0,0,0.135130563
0.06546265,27.71428571,27.75,27.75,27.75,d5D,period_data_d5D.csv,0,0,0,0,0.148643619
0.07200892,27.71428571,27.75,27.75,27.75,d5D,period_data_d5D.csv,0,0,0,0,0.163507993
0.07920981,27.71428571,27.75,27.75,27.75,d5D,period_data_d5D.csv,0,0,0,0,0.179858787
0.08713079,27.71428571,27.75,27.75,27.75,d5D,period_data_d5D.csv,0,0,0,0,0.197844664
0.09584387,27.71428571,27.75,27.75,27.75,d5D,period_data_d5D.csv,0,0,0,0,0.217629133
0.10542826,27.71428571,27.75,27.75,27.75,d5D,period_data_d5D.csv,0,0,0,0,0.239392053
0.11597108,27.71428571,27.75,27.75,27.75,d5D,period_data_d5D.csv,0,0,0,0,0.263331244
0.12756819,27.71428571,27.75,27.75,27.75,d5D,period_data_d5D.csv,0,0,0,0,0.289664373
0.14032501,27.71428571,27.75,27.75,27.75,d5D,period_data_d5D.csv,0,0,0,0,0.318630813
0.15435751,27.71428571,27.75,27.75,27.75,d5D,period_data_d5D.csv,0,0,0,0,0.350493892
0.16979326,27.71428571,27.75,27.75,27.75,d5D,period_data_d5D.csv,0,0,0,0,0.385543279
0.18677259,27.71428571,27.75,27.75,27.75,d5D,period_data_d5D.csv,0,0,0,0,0.424097616
0.20544985,27.71428571,27.75,27.75,27.75,d5D,period_data_d5D.csv,0,0,0,0,0.46650738
0.22599484,27.71428571,27.75,27.75,27.75,d5D,period_data_d5D.csv,0,0,0,0,0.513158129
0.24859432,27.71428571,27.75,27.75,27.75,d5D,period_data_d5D.csv,0,0,0,0,0.564473933
0.27345375,27.71428571,27.75,27.75,27.75,d5D,period_data_d5D.csv,0,0,0,0,0.620921322
0.30079913,27.71428571,27.75,27.75,27.75,d5D,period_data_d5D.csv,0,0,0,0,0.683013465
0.33087904,27.71428571,27.75,27.75,27.75,d5D,period_data_d5D.csv,0,0,0,0,0.751314805
0.36396694,27.71428571,27.75,27.75,27.75,d5D,period_data_d5D.csv,0,0,0,0,0.826446276
0.40036364,27.71428571,27.75,27.75,27.75,d5D,period_data_d5D.csv,0,0,0,0,0.909090917
0.4404,27.71428571,27.75,27.75,27.75,d5D,period_data_d5D.csv,0,0,0,0,1
0.48444,27.71428571,27.75,27.75,27.75,d5D,period_data_d5D.csv,0,0,0,0,1.1
0.532884,27.71428571,27.75,27.75,27.75,d5D,period_data_d5D.csv,0,0,0,0,1.21
0.5861724,27.71428571,27.75,27.75,27.75,d5D,period_data_d5D.csv,0,0,0,0,1.331
0.64478964,27.71428571,27.75,27.75,27.75,d5D,period_data_d5D.csv,0,0,0,0,1.4641
0.7092686,27.71428571,27.75,27.75,27.75,d5D,period_data_d5D.csv,0,0,0,0,1.610509991
0.78019546,27.71428571,27.75,27.75,27.75,d5D,period_data_d5D.csv,0,0,0,0,1.77156099
0.85821501,27.71428571,27.75,27.75,27.75,d5D,period_data_d5D.csv,0,0,0,0,1.948717098
0.94403651,27.71428571,27.75,27.75,27.75,d5D,period_data_d5D.csv,0,0,0,0,2.143588806
1.03844016,27.71428571,27.75,27.75,27.75,d5D,period_data_d5D.csv,0,0,0,0,2.357947684
1.14228418,27.71428571,27.75,27.75,27.75,d5D,period_data_d5D.csv,0,0,0,0,2.593742461
1.2565126,27.71428571,27.75,27.75,27.75,d5D,period_data_d5D.csv,0,0,0,0,2.853116712
1.38216386,27.71428571,27.75,27.75,27.75,d5D,period_data_d5D.csv,0,0,0,0,3.138428383
1.52038024,27.71428571,27.75,27.75,27.75,d5D,period_data_d5D.csv,0,0,0,0,3.452271208
1.67241827,27.71428571,27.75,27.75,27.75,d5D,period_data_d5D.csv,0,0,0,0,3.797498342
1.83966009,27.71428571,27.75,27.75,27.75,d5D,period_data_d5D.csv,0,0,0,0,4.177248161
2.0236261,27.71428571,27.75,27.75,27.75,d5D,period_data_d5D.csv,0,0,0,0,4.594972979
2.22598871,27.71428571,27.75,27.75,27.75,d5D,period_data_d5D.csv,0,0,0,0,5.054470277
2.44858758,27.71428571,27.75,27.75,27.75,d5D,period_data_d5D.csv,0,0,0,0,5.559917302
2.69344634,27.71428571,27.75,27.75,27.75,d5D,period_data_d5D.csv,0,0,0,0,6.115909037
2.96279098,27.71428571,27.75,27.75,27.75,d5D,period_data_d5D.csv,0,0,0,0,6.727499955
3.25907008,27.71428571,27.75,27.75,27.75,d5D,period_data_d5D.csv,0,0,0,0,7.400249955
3.58497708,27.71428571,27.75,27.75,27.75,d5D,period_data_d5D.csv,0,0,0,0,8.140274932
3.94347479,27.71428571,27.75,27.75,27.75,d5D,period_data_d5D.csv,0,0,0,0,8.95430243
4.33782227,27.71428571,27.75,27.75,27.75,d5D,period_data_d5D.csv,0,0,0,0,9.849732675
0.51485661,27.71428571,27.75,27.75,27.75,d5L,period_data_d5L.csv,0,0,0,0,0.101525597
0.56634227,27.71428571,27.75,27.75,27.75,d5L,period_data_d5L.csv,0,0,0,0,0.111678157
0.6229765,27.71428571,27.75,27.75,27.75,d5L,period_data_d5L.csv,0,0,0,0,0.122845973
0.68527415,27.71428571,27.75,27.75,27.75,d5L,period_data_d5L.csv,0,0,0,0,0.135130571
0.75380157,27.71428571,27.75,27.75,27.75,d5L,period_data_d5L.csv,0,0,0,0,0.148643629
0.82918172,27.71428571,27.75,27.75,27.75,d5L,period_data_d5L.csv,0,0,0,0,0.16350799
0.9120999,27.71428571,27.75,27.75,27.75,d5L,period_data_d5L.csv,0,0,0,0,0.179858791
1.00330988,27.71428571,27.75,27.75,27.75,d5L,period_data_d5L.csv,0,0,0,0,0.197844668
1.10364087,27.71428571,27.75,27.75,27.75,d5L,period_data_d5L.csv,0,0,0,0,0.217629135
1.21400496,27.71428571,27.75,27.75,27.75,d5L,period_data_d5L.csv,0,0,0,0,0.239392049
1.33540546,27.71428571,27.75,27.75,27.75,d5L,period_data_d5L.csv,0,0,0,0,0.263331255
1.468946,27.71428571,27.75,27.75,27.75,d5L,period_data_d5L.csv,0,0,0,0,0.289664379
1.6158406,27.71428571,27.75,27.75,27.75,d5L,period_data_d5L.csv,0,0,0,0,0.318630817
1.77742466,27.71428571,27.75,27.75,27.75,d5L,period_data_d5L.csv,0,0,0,0,0.350493899
1.95516713,27.71428571,27.75,27.75,27.75,d5L,period_data_d5L.csv,0,0,0,0,0.38554329
2.15068384,27.71428571,27.75,27.75,27.75,d5L,period_data_d5L.csv,0,0,0,0,0.424097618
2.36575223,27.71428571,27.75,27.75,27.75,d5L,period_data_d5L.csv,0,0,0,0,0.466507381
2.60232745,27.71428571,27.75,27.75,27.75,d5L,period_data_d5L.csv,0,0,0,0,0.513158118
2.86256019,27.71428571,27.75,27.75,27.75,d5L,period_data_d5L.csv,0,0,0,0,0.564473929
3.14881621,27.71428571,27.75,27.75,27.75,d5L,period_data_d5L.csv,0,0,0,0,0.620921322
3.46369783,27.71428571,27.75,27.75,27.75,d5L,period_data_d5L.csv,0,0,0,0,0.683013454
3.81006762,27.71428571,27.75,27.75,27.75,d5L,period_data_d5L.csv,0,0,0,0,0.751314801
4.19107438,27.71428571,27.75,27.75,27.75,d5L,period_data_d5L.csv,0,0,0,0,0.826446281
4.61018182,27.71428571,27.75,27.75,27.75,d5L,period_data_d5L.csv,0,0,0,0,0.909090909
5.0712,27.71428571,27.75,27.75,27.75,d5L,period_data_d5L.csv,0,0,0,0,1
5.57832,27.71428571,27.75,27.75,27.75,d5L,period_data_d5L.csv,0,0,0,0,1.1
6.136152,27.71428571,27.75,27.75,27.75,d5L,period_data_d5L.csv,0,0,0,0,1.21
6.7497672,27.71428571,27.75,27.75,27.75,d5L,period_data_d5L.csv,0,0,0,0,1.331
7.42474392,27.71428571,27.75,27.75,27.75,d5L,period_data_d5L.csv,0,0,0,0,1.4641
8.16721831,27.71428571,27.75,27.75,27.75,d5L,period_data_d5L.csv,0,0,0,0,1.61051
8.98394014,27.71428571,27.75,27.75,27.75,d5L,period_data_d5L.csv,0,0,0,0,1.771560999
9.88233416,27.71428571,27.75,27.75,27.75,d5L,period_data_d5L.csv,0,0,0,0,1.9487171
10.87056757,27.71428571,27.75,27.75,27.75,d5L,period_data_d5L.csv,0,0,0,0,2.143588809
11.95762433,27.71428571,27.75,27.75,27.75,d5L,period_data_d5L.csv,0,0,0,0,2.357947691
13.15338676,27.71428571,27.75,27.75,27.75,d5L,period_data_d5L.csv,0,0,0,0,2.593742459
14.46872544,27.71428571,27.75,27.75,27.75,d5L,period_data_d5L.csv,0,0,0,0,2.853116706
15.91559798,27.71428571,27.75,27.75,27.75,d5L,period_data_d5L.csv,0,0,0,0,3.138428376
17.50715778,27.71428571,27.75,27.75,27.75,d5L,period_data_d5L.csv,0,0,0,0,3.452271214
19.25787356,27.71428571,27.75,27.75,27.75,d5L,period_data_d5L.csv,0,0,0,0,3.797498336
21.18366092,27.71428571,27.75,27.75,27.75,d5L,period_data_d5L.csv,0,0,0,0,4.17724817
23.30202701,27.71428571,27.75,27.75,27.75,d5L,period_data_d5L.csv,0,0,0,0,4.594972987
25.63222971,27.71428571,27.75,27.75,27.75,d5L,period_data_d5L.csv,0,0,0,0,5.054470285
28.19545268,27.71428571,27.75,27.75,27.75,d5L,period_data_d5L.csv,0,0,0,0,5.559917313
31.01499795,27.71428571,27.75,27.75,27.75,d5L,period_data_d5L.csv,0,0,0,0,6.115909045
34.11649774,27.71428571,27.75,27.75,27.75,d5L,period_data_d5L.csv,0,0,0,0,6.727499949
37.52814752,27.71428571,27.75,27.75,27.75,d5L,period_data_d5L.csv,0,0,0,0,7.400249945
41.28096227,27.71428571,27.75,27.75,27.75,d5L,period_data_d5L.csv,0,0,0,0,8.140274939
45.4090585,27.71428571,27.75,27.75,27.75,d5L,period_data_d5L.csv,0,0,0,0,8.954302433
49.94996435,27.71428571,27.75,27.75,27.75,d5L,period_data_d5L.csv,0,0,0,0,9.849732677
0.00022336,27.85714286,27.875,27.75,27.75,de1,period_data_de1.csv,0.142857143,0.125,0,0,0.101527273
0.00024569,27.85714286,27.875,27.75,27.75,de1,period_data_de1.csv,0.142857143,0.125,0,0,0.111677273
0.00027026,27.85714286,27.875,27.75,27.75,de1,period_data_de1.csv,0.142857143,0.125,0,0,0.122845455
0.00029729,27.85714286,27.875,27.75,27.75,de1,period_data_de1.csv,0.142857143,0.125,0,0,0.135131818
0.00032702,27.85714286,27.875,27.75,27.75,de1,period_data_de1.csv,0.142857143,0.125,0,0,0.148645455
0.00035972,27.85714286,27.875,27.75,27.75,de1,period_data_de1.csv,0.142857143,0.125,0,0,0.163509091
0.00039569,27.85714286,27.875,27.75,27.75,de1,period_data_de1.csv,0.142857143,0.125,0,0,0.179859091
0.00043526,27.85714286,27.875,27.75,27.75,de1,period_data_de1.csv,0.142857143,0.125,0,0,0.197845455
0.00047878,27.85714286,27.875,27.75,27.75,de1,period_data_de1.csv,0.142857143,0.125,0,0,0.217627273
0.00052666,27.85714286,27.75,27.75,27.75,de1,period_data_de1.csv,0.142857143,0,0,0,0.239390909
0.00057933,27.85714286,27.75,27.75,27.75,de1,period_data_de1.csv,0.142857143,0,0,0,0.263331818
0.00063726,27.85714286,27.75,27.75,27.75,de1,period_data_de1.csv,0.142857143,0,0,0,0.289663636
0.00070099,27.85714286,27.75,27.75,27.75,de1,period_data_de1.csv,0.142857143,0,0,0,0.318631818
0.00077109,27.85714286,27.75,27.75,27.75,de1,period_data_de1.csv,0.142857143,0,0,0,0.350495455
0.0008482,27.85714286,27.75,27.75,27.75,de1,period_data_de1.csv,0.142857143,0,0,0,0.385545455
0.00093301,27.85714286,27.75,27.75,27.75,de1,period_data_de1.csv,0.142857143,0,0,0,0.424095455
0.00102632,27.85714286,27.75,27.75,27.75,de1,period_data_de1.csv,0.142857143,0,0,0,0.466509091
0.00112895,27.85714286,27.75,27.75,27.75,de1,period_data_de1.csv,0.142857143,0,0,0,0.513159091
0.00124184,27.85714286,27.75,27.75,27.75,de1,period_data_de1.csv,0.142857143,0,0,0,0.564472727
0.00136603,27.85714286,27.75,27.75,27.75,de1,period_data_de1.csv,0.142857143,0,0,0,0.620922727
0.00150263,27.71428571,27.75,27.75,27.75,de1,period_data_de1.csv,0,0,0,0,0.683013636
0.00165289,27.71428571,27.75,27.75,27.75,de1,period_data_de1.csv,0,0,0,0,0.751313636
0.00181818,27.71428571,27.75,27.75,27.75,de1,period_data_de1.csv,0,0,0,0,0.826445455
0.002,27.71428571,27.75,27.75,27.75,de1,period_data_de1.csv,0,0,0,0,0.909090909
0.0022,27.71428571,27.75,27.75,27.75,de1,period_data_de1.csv,0,0,0,0,1
0.00242,27.71428571,27.75,27.75,27.75,de1,period_data_de1.csv,0,0,0,0,1.1
0.002662,27.71428571,27.75,27.75,27.75,de1,period_data_de1.csv,0,0,0,0,1.21
0.0029282,27.71428571,27.75,27.75,27.75,de1,period_data_de1.csv,0,0,0,0,1.331
0.00322102,27.71428571,27.75,27.75,27.75,de1,period_data_de1.csv,0,0,0,0,1.4641
0.00354312,27.71428571,27.75,27.625,27.625,de1,period_data_de1.csv,0,0,-0.125,-0.125,1.610509091
0.00389743,27.71428571,27.75,27.625,27.625,de1,period_data_de1.csv,0,0,-0.125,-0.125,1.771559091
0.00428718,27.71428571,27.625,27.75,27.75,de1,period_data_de1.csv,0,-0.125,0,0,1.948718182
0.0047159,27.71428571,27.625,27.75,27.75,de1,period_data_de1.csv,0,-0.125,0,0,2.143590909
0.00518748,27.57142857,27.625,27.75,27.75,de1,period_data_de1.csv,-0.142857143,-0.125,0,0,2.357945455
0.00570623,27.71428571,27.75,27.75,27.75,de1,period_data_de1.csv,0,0,0,0,2.593740909
0.00627686,27.71428571,27.75,27.75,27.75,de1,period_data_de1.csv,0,0,0,0,2.853118182
0.00690454,27.71428571,27.75,27.625,27.625,de1,period_data_de1.csv,0,0,-0.125,-0.125,3.138427273
0.007595,27.71428571,27.625,27.625,27.625,de1,period_data_de1.csv,0,-0.125,-0.125,-0.125,3.452272727
0.0083545,27.71428571,27.625,27.625,27.625,de1,period_data_de1.csv,0,-0.125,-0.125,-0.125,3.7975
0.00918995,27.57142857,27.625,27.625,27.625,de1,period_data_de1.csv,-0.142857143,-0.125,-0.125,-0.125,4.17725
0.01010894,27.57142857,27.625,27.625,27.625,de1,period_data_de1.csv,-0.142857143,-0.125,-0.125,-0.125,4.594972727
0.01111983,27.57142857,27.5,27.5,27.5,de1,period_data_de1.csv,-0.142857143,-0.25,-0.25,-0.25,5.054468182
0.01223182,27.57142857,27.5,27.625,27.625,de1,period_data_de1.csv,-0.142857143,-0.25,-0.125,-0.125,5.559918182
0.013455,27.57142857,27.625,27.625,27.625,de1,period_data_de1.csv,-0.142857143,-0.125,-0.125,-0.125,6.115909091
0.0148005,27.57142857,27.5,27.5,27.5,de1,period_data_de1.csv,-0.142857143,-0.25,-0.25,-0.25,6.7275
0.01628055,27.57142857,27.5,27.5,27.5,de1,period_data_de1.csv,-0.142857143,-0.25,-0.25,-0.25,7.40025
0.0179086,27.42857143,27.5,27.375,27.375,de1,period_data_de1.csv,-0.285714286,-0.25,-0.375,-0.375,8.140272727
0.01969947,27.42857143,27.375,27.5,27.5,de1,period_data_de1.csv,-0.285714286,-0.375,-0.25,-0.25,8.954304545
0.02166941,27.42857143,27.5,27.5,27.5,de1,period_data_de1.csv,-0.285714286,-0.25,-0.25,-0.25,9.849731818
0.04813329,37.5,37.4,37.4,37.4,de2,period_data_de2.csv,9.785714286,9.65,9.65,9.65,0.101525606
0.05294661,37.2,37,37.2,37,de2,period_data_de2.csv,9.485714286,9.25,9.45,9.25,0.111678148
0.05824128,36.8,36.83333333,36.8,36.8,de2,period_data_de2.csv,9.085714286,9.083333333,9.05,9.05,0.122845982
0.0640654,36.4,36.5,36.4,36.5,de2,period_data_de2.csv,8.685714286,8.75,8.65,8.75,0.135130563
0.07047194,36.2,36.16666667,36,36.16666667,de2,period_data_de2.csv,8.485714286,8.416666667,8.25,8.416666667,0.148643619
0.07751914,35.6,35.83333333,35.83333333,35.83333333,de2,period_data_de2.csv,7.885714286,8.083333333,8.083333333,8.083333333,0.163507994
0.08527105,35.33333333,35.33333333,35.5,35.33333333,de2,period_data_de2.csv,7.619047619,7.583333333,7.75,7.583333333,0.179858785
0.09379816,35,35,35,35,de2,period_data_de2.csv,7.285714286,7.25,7.25,7.25,0.197844674
0.10317797,34.5,34.6,34.5,34.66666667,de2,period_data_de2.csv,6.785714286,6.85,6.75,6.916666667,0.217629129
0.11349577,34.16666667,34.16666667,34.16666667,34.2,de2,period_data_de2.csv,6.452380952,6.416666667,6.416666667,6.45,0.239392048
0.12484535,33.66666667,33.66666667,33.66666667,33.66666667,de2,period_data_de2.csv,5.952380952,5.916666667,5.916666667,5.916666667,0.263331259
0.13732988,33.16666667,33.33333333,33.33333333,33.33333333,de2,period_data_de2.csv,5.452380952,5.583333333,5.583333333,5.583333333,0.289664375
0.15106287,32.85714286,32.83333333,33,32.83333333,de2,period_data_de2.csv,5.142857143,5.083333333,5.25,5.083333333,0.318630816
0.16616916,32.42857143,32.33333333,32.33333333,32.33333333,de2,period_data_de2.csv,4.714285714,4.583333333,4.583333333,4.583333333,0.350493904
0.18278607,31.83333333,32,32,32,de2,period_data_de2.csv,4.119047619,4.25,4.25,4.25,0.385543282
0.20106468,31.5,31.42857143,31.42857143,31.42857143,de2,period_data_de2.csv,3.785714286,3.678571429,3.678571429,3.678571429,0.424097617
0.22117115,31,31,31,31,de2,period_data_de2.csv,3.285714286,3.25,3.25,3.25,0.466507382
0.24328826,30.71428571,30.66666667,30.71428571,30.71428571,de2,period_data_de2.csv,3,2.916666667,2.964285714,2.964285714,0.51315811
0.26761709,30.14285714,30.14285714,30.14285714,30.14285714,de2,period_data_de2.csv,2.428571429,2.392857143,2.392857143,2.392857143,0.56447393
0.2943788,29.71428571,29.71428571,29.71428571,29.71428571,de2,period_data_de2.csv,2,1.964285714,1.964285714,1.964285714,0.620921325
0.32381668,29.42857143,29.42857143,29.28571429,29.28571429,de2,period_data_de2.csv,1.714285714,1.678571429,1.535714286,1.535714286,0.683013457
0.35619835,28.875,29,29,29,de2,period_data_de2.csv,1.160714286,1.25,1.25,1.25,0.751314807
0.39181818,28.5,28.42857143,28.42857143,28.42857143,de2,period_data_de2.csv,0.785714286,0.678571429,0.678571429,0.678571429,0.826446277
0.431,28.14285714,28.125,28.14285714,28.125,de2,period_data_de2.csv,0.428571429,0.375,0.392857143,0.375,0.909090909
0.4741,27.71428571,27.75,27.75,27.75,de2,period_data_de2.csv,0,0,0,0,1
0.52151,27.28571429,27.375,27.375,27.375,de2,period_data_de2.csv,-0.428571429,-0.375,-0.375,-0.375,1.1
0.573661,27,27,27,27,de2,period_data_de2.csv,-0.714285714,-0.75,-0.75,-0.75,1.21
0.6310271,26.625,26.625,26.625,26.71428571,de2,period_data_de2.csv,-1.089285714,-1.125,-1.125,-1.035714286,1.331
0.69412981,26.375,26.375,26.375,26.375,de2,period_data_de2.csv,-1.339285714,-1.375,-1.375,-1.375,1.4641
0.76354279,26,26.125,26.125,26.125,de2,period_data_de2.csv,-1.714285714,-1.625,-1.625,-1.625,1.610509998
0.83989707,25.75,25.75,25.75,25.75,de2,period_data_de2.csv,-1.964285714,-2,-2,-2,1.771561
0.92388678,25.44444444,25.5,25.5,25.5,de2,period_data_de2.csv,-2.26984127,-2.25,-2.25,-2.25,1.948717106
1.01627545,25.22222222,25.11111111,25.25,25.25,de2,period_data_de2.csv,-2.492063492,-2.638888889,-2.5,-2.5,2.1435888
1.117903,24.88888889,25,24.875,24.875,de2,period_data_de2.csv,-2.825396825,-2.75,-2.875,-2.875,2.35794769
1.2296933,24.66666667,24.66666667,24.75,24.77777778,de2,period_data_de2.csv,-3.047619048,-3.083333333,-3,-2.972222222,2.593742459
1.35266263,24.55555556,24.44444444,24.44444444,24.55555556,de2,period_data_de2.csv,-3.158730159,-3.305555556,-3.305555556,-3.194444444,2.853116705
1.48792889,24.25,24.22222222,24.22222222,24.22222222,de2,period_data_de2.csv,-3.464285714,-3.527777778,-3.527777778,-3.527777778,3.13842837
1.63672178,24.125,24.11111111,24.11111111,24.11111111,de2,period_data_de2.csv,-3.589285714,-3.638888889,-3.638888889,-3.638888889,3.452271209
1.80039396,23.88888889,23.88888889,24,23.88888889,de2,period_data_de2.csv,-3.825396825,-3.861111111,-3.75,-3.861111111,3.797498334
1.98043336,23.88888889,23.77777778,23.77777778,23.88888889,de2,period_data_de2.csv,-3.825396825,-3.972222222,-3.972222222,-3.861111111,4.177248175
2.17847669,23.66666667,23.66666667,23.66666667,23.66666667,de2,period_data_de2.csv,-4.047619048,-4.083333333,-4.083333333,-4.083333333,4.59497298
2.39632436,23.55555556,23.55555556,23.55555556,23.55555556,de2,period_data_de2.csv,-4.158730159,-4.194444444,-4.194444444,-4.194444444,5.054470281
2.6359568,23.55555556,23.55555556,23.55555556,23.55555556,de2,period_data_de2.csv,-4.158730159,-4.194444444,-4.194444444,-4.194444444,5.559917317
2.89955248,23.55555556,23.44444444,23.44444444,23.44444444,de2,period_data_de2.csv,-4.158730159,-4.305555556,-4.305555556,-4.305555556,6.115909049
3.18950773,23.55555556,23.44444444,23.55555556,23.55555556,de2,period_data_de2.csv,-4.158730159,-4.305555556,-4.194444444,-4.194444444,6.727499958
3.5084585,23.55555556,23.66666667,23.66666667,23.66666667,de2,period_data_de2.csv,-4.158730159,-4.083333333,-4.083333333,-4.083333333,7.400249947
3.85930435,23.77777778,23.77777778,23.77777778,23.77777778,de2,period_data_de2.csv,-3.936507937,-3.972222222,-3.972222222,-3.972222222,8.140274942
4.24523478,24,23.88888889,23.88888889,24,de2,period_data_de2.csv,-3.714285714,-3.861111111,-3.861111111,-3.75,8.954302426
4.66975826,24.11111111,24.11111111,24.125,24.125,de2,period_data_de2.csv,-3.603174603,-3.638888889,-3.625,-3.625,9.849732672
0.03822439,27.71428571,27.75,27.75,27.75,de3,period_data_de3.csv,0,0,0,0,0.101525604
0.04204683,27.71428571,27.75,27.75,27.75,de3,period_data_de3.csv,0,0,0,0,0.111678167
0.04625151,27.71428571,27.75,27.75,27.75,de3,period_data_de3.csv,0,0,0,0,0.122845976
0.05087666,27.71428571,27.75,27.75,27.75,de3,period_data_de3.csv,0,0,0,0,0.135130571
0.05596433,27.71428571,27.75,27.75,27.75,de3,period_data_de3.csv,0,0,0,0,0.148643639
0.06156076,27.71428571,27.75,27.75,27.75,de3,period_data_de3.csv,0,0,0,0,0.163507995
0.06771683,27.71428571,27.75,27.75,27.75,de3,period_data_de3.csv,0,0,0,0,0.179858778
0.07448852,27.71428571,27.75,27.75,27.75,de3,period_data_de3.csv,0,0,0,0,0.197844675
0.08193737,27.71428571,27.75,27.75,27.75,de3,period_data_de3.csv,0,0,0,0,0.217629137
0.09013111,27.71428571,27.75,27.75,27.75,de3,period_data_de3.csv,0,0,0,0,0.239392058
0.09914422,27.71428571,27.75,27.75,27.75,de3,period_data_de3.csv,0,0,0,0,0.263331262
0.10905864,27.71428571,27.75,27.75,27.75,de3,period_data_de3.csv,0,0,0,0,0.289664382
0.1199645,27.71428571,27.75,27.75,27.75,de3,period_data_de3.csv,0,0,0,0,0.31863081
0.13196095,27.71428571,27.75,27.875,27.75,de3,period_data_de3.csv,0,0,0.125,0,0.350493891
0.14515705,27.71428571,27.75,27.875,27.75,de3,period_data_de3.csv,0,0,0.125,0,0.385543293
0.15967275,27.71428571,27.75,27.75,27.875,de3,period_data_de3.csv,0,0,0,0.125,0.42409761
0.17564003,27.71428571,27.75,27.75,27.75,de3,period_data_de3.csv,0,0,0,0,0.466507384
0.19320403,27.71428571,27.75,27.75,27.75,de3,period_data_de3.csv,0,0,0,0,0.513158114
0.21252443,27.71428571,27.75,27.75,27.75,de3,period_data_de3.csv,0,0,0,0,0.564473918
0.23377688,27.71428571,27.75,27.75,27.75,de3,period_data_de3.csv,0,0,0,0,0.620921328
0.25715457,27.71428571,27.75,27.75,27.75,de3,period_data_de3.csv,0,0,0,0,0.683013466
0.28287002,27.71428571,27.75,27.75,27.75,de3,period_data_de3.csv,0,0,0,0,0.751314794
0.31115702,27.71428571,27.75,27.75,27.75,de3,period_data_de3.csv,0,0,0,0,0.826446268
0.34227273,27.71428571,27.75,27.75,27.75,de3,period_data_de3.csv,0,0,0,0,0.909090916
0.3765,27.71428571,27.75,27.75,27.75,de3,period_data_de3.csv,0,0,0,0,1
0.41415,27.71428571,27.75,27.75,27.75,de3,period_data_de3.csv,0,0,0,0,1.1
0.455565,27.71428571,27.75,27.75,27.75,de3,period_data_de3.csv,0,0,0,0,1.21
0.5011215,27.71428571,27.75,27.75,27.75,de3,period_data_de3.csv,0,0,0,0,1.331
0.55123365,27.85714286,27.75,27.75,27.75,de3,period_data_de3.csv,0.142857143,0,0,0,1.4641
0.60635702,27.85714286,27.75,27.75,27.75,de3,period_data_de3.csv,0.142857143,0,0,0,1.610510013
0.66699272,27.85714286,27.75,27.75,27.75,de3,period_data_de3.csv,0.142857143,0,0,0,1.771561009
0.73369199,27.85714286,27.75,27.75,27.75,de3,period_data_de3.csv,0.142857143,0,0,0,1.948717105
0.80706119,27.71428571,27.75,27.75,27.75,de3,period_data_de3.csv,0,0,0,0,2.143588818
0.88776731,27.71428571,27.75,27.875,27.75,de3,period_data_de3.csv,0,0,0.125,0,2.357947703
0.97654404,27.71428571,27.75,27.75,27.75,de3,period_data_de3.csv,0,0,0,0,2.59374247
1.07419844,27.71428571,27.75,27.75,27.75,de3,period_data_de3.csv,0,0,0,0,2.853116707
1.18161828,27.71428571,27.75,27.75,27.75,de3,period_data_de3.csv,0,0,0,0,3.138428367
1.29978011,27.71428571,27.75,27.75,27.75,de3,period_data_de3.csv,0,0,0,0,3.452271208
1.42975812,27.85714286,27.75,27.75,27.75,de3,period_data_de3.csv,0.142857143,0,0,0,3.797498327
1.57273394,27.71428571,27.75,27.75,27.75,de3,period_data_de3.csv,0,0,0,0,4.177248181
1.73000733,27.71428571,27.75,27.75,27.75,de3,period_data_de3.csv,0,0,0,0,4.594972988
1.90300806,27.71428571,27.75,27.71428571,27.75,de3,period_data_de3.csv,0,0,-0.035714286,0,5.054470279
2.09330887,27.71428571,27.75,27.71428571,27.75,de3,period_data_de3.csv,0,0,-0.035714286,0,5.559917317
2.30263976,27.85714286,27.75,27.71428571,27.75,de3,period_data_de3.csv,0.142857143,0,-0.035714286,0,6.115909057
2.53290373,27.71428571,27.75,27.85714286,27.75,de3,period_data_de3.csv,0,0,0.107142857,0,6.727499947
2.7861941,27.71428571,27.75,27.71428571,27.75,de3,period_data_de3.csv,0,0,-0.035714286,0,7.400249934
3.06481351,27.71428571,27.75,27.71428571,27.75,de3,period_data_de3.csv,0,0,-0.035714286,0,8.140274927
3.37129487,27.85714286,27.75,27.71428571,27.75,de3,period_data_de3.csv,0.142857143,0,-0.035714286,0,8.954302444
3.70842435,27.71428571,27.75,27.71428571,27.875,de3,period_data_de3.csv,0,0,-0.035714286,0.125,9.849732669
0.04040719,29.42857143,29.42857143,29.42857143,29.42857143,de4,period_data_de4.csv,1.714285714,1.678571429,1.678571429,1.678571429,0.101525603
0.04444791,29.42857143,29.42857143,29.42857143,29.42857143,de4,period_data_de4.csv,1.714285714,1.678571429,1.678571429,1.678571429,0.111678166
0.0488927,29.28571429,29.42857143,29.42857143,29.42857143,de4,period_data_de4.csv,1.571428571,1.678571429,1.678571429,1.678571429,0.12284598
0.05378197,29.42857143,29.42857143,29.42857143,29.42857143,de4,period_data_de4.csv,1.714285714,1.678571429,1.678571429,1.678571429,0.135130578
0.05916016,29.28571429,29.28571429,29.28571429,29.28571429,de4,period_data_de4.csv,1.571428571,1.535714286,1.535714286,1.535714286,0.148643618
0.06507618,29.28571429,29.28571429,29.42857143,29.28571429,de4,period_data_de4.csv,1.571428571,1.535714286,1.678571429,1.535714286,0.16350799
0.0715838,29.28571429,29.28571429,29.28571429,29.28571429,de4,period_data_de4.csv,1.571428571,1.535714286,1.535714286,1.535714286,0.179858794
0.07874218,29.28571429,29.14285714,29.14285714,29.14285714,de4,period_data_de4.csv,1.571428571,1.392857143,1.392857143,1.392857143,0.197844673
0.0866164,29.14285714,29.28571429,29.28571429,29.14285714,de4,period_data_de4.csv,1.428571429,1.535714286,1.535714286,1.392857143,0.217629146
0.09527804,29.14285714,29.14285714,29.14285714,29.14285714,de4,period_data_de4.csv,1.428571429,1.392857143,1.392857143,1.392857143,0.23939206
0.10480584,29,29,29.14285714,29.14285714,de4,period_data_de4.csv,1.285714286,1.25,1.392857143,1.392857143,0.263331256
0.11528642,29.125,29,29,29,de4,period_data_de4.csv,1.410714286,1.25,1.25,1.25,0.289664372
0.12681507,29,28.85714286,29,29,de4,period_data_de4.csv,1.285714286,1.107142857,1.25,1.25,0.318630829
0.13949657,28.875,28.85714286,28.85714286,28.85714286,de4,period_data_de4.csv,1.160714286,1.107142857,1.107142857,1.107142857,0.350493894
0.15344623,28.75,28.85714286,28.85714286,28.85714286,de4,period_data_de4.csv,1.035714286,1.107142857,1.107142857,1.107142857,0.385543291
0.16879085,28.75,28.71428571,28.71428571,28.85714286,de4,period_data_de4.csv,1.035714286,0.964285714,0.964285714,1.107142857,0.424097613
0.18566994,28.625,28.71428571,28.57142857,28.57142857,de4,period_data_de4.csv,0.910714286,0.964285714,0.821428571,0.821428571,0.466507387
0.20423693,28.5,28.57142857,28.57142857,28.57142857,de4,period_data_de4.csv,0.785714286,0.821428571,0.821428571,0.821428571,0.513158116
0.22466062,28.5,28.5,28.57142857,28.42857143,de4,period_data_de4.csv,0.785714286,0.75,0.821428571,0.678571429,0.56447392
0.24712669,28.375,28.375,28.42857143,28.42857143,de4,period_data_de4.csv,0.660714286,0.625,0.678571429,0.678571429,0.620921332
0.27183936,28.28571429,28.25,28.14285714,28.14285714,de4,period_data_de4.csv,0.571428571,0.5,0.392857143,0.392857143,0.683013467
0.29902329,28.14285714,28.125,28.14285714,28.125,de4,period_data_de4.csv,0.428571429,0.375,0.392857143,0.375,0.751314799
0.32892562,28,28,28,28,de4,period_data_de4.csv,0.285714286,0.25,0.25,0.25,0.826446281
0.36181818,27.85714286,27.875,27.85714286,27.875,de4,period_data_de4.csv,0.142857143,0.125,0.107142857,0.125,0.909090905
0.398,27.71428571,27.75,27.75,27.75,de4,period_data_de4.csv,0,0,0,0,1
0.4378,27.57142857,27.625,27.625,27.625,de4,period_data_de4.csv,-0.142857143,-0.125,-0.125,-0.125,1.1
0.48158,27.42857143,27.5,27.375,27.375,de4,period_data_de4.csv,-0.285714286,-0.25,-0.375,-0.375,1.21
0.529738,27.28571429,27.25,27.25,27.25,de4,period_data_de4.csv,-0.428571429,-0.5,-0.5,-0.5,1.331
0.5827118,27.125,27.14285714,27.125,27.125,de4,period_data_de4.csv,-0.589285714,-0.607142857,-0.625,-0.625,1.4641
0.64098298,26.875,27,27,27,de4,period_data_de4.csv,-0.839285714,-0.75,-0.75,-0.75,1.61051
0.70508128,26.875,26.71428571,26.75,26.75,de4,period_data_de4.csv,-0.839285714,-1.035714286,-1,-1,1.771561005
0.77558941,26.625,26.625,26.75,26.625,de4,period_data_de4.csv,-1.089285714,-1.125,-1,-1.125,1.948717111
0.85314835,26.5,26.5,26.5,26.375,de4,period_data_de4.csv,-1.214285714,-1.25,-1.25,-1.375,2.143588819
0.93846318,26.25,26.25,26.375,26.25,de4,period_data_de4.csv,-1.464285714,-1.5,-1.375,-1.5,2.357947688
1.0323095,26.125,26,26.125,26,de4,period_data_de4.csv,-1.589285714,-1.75,-1.625,-1.75,2.593742462
1.13554045,25.875,25.875,25.875,26,de4,period_data_de4.csv,-1.839285714,-1.875,-1.875,-1.75,2.853116709
1.24909449,25.75,25.75,25.625,25.75,de4,period_data_de4.csv,-1.964285714,-2,-2.125,-2,3.138428367
1.37400394,25.5,25.5,25.5,25.5,de4,period_data_de4.csv,-2.214285714,-2.25,-2.25,-2.25,3.452271206
1.51140434,25.33333333,25.375,25.375,25.25,de4,period_data_de4.csv,-2.380952381,-2.375,-2.375,-2.5,3.797498342
1.66254477,25.11111111,25.125,25.125,25.25,de4,period_data_de4.csv,-2.603174603,-2.625,-2.625,-2.5,4.177248166
1.82879925,25,24.88888889,25,25,de4,period_data_de4.csv,-2.714285714,-2.861111111,-2.75,-2.75,4.59497299
2.01167917,24.77777778,24.77777778,24.75,24.75,de4,period_data_de4.csv,-2.936507937,-2.972222222,-3,-3,5.054470276
2.21284709,24.66666667,24.66666667,24.5,24.625,de4,period_data_de4.csv,-3.047619048,-3.083333333,-3.25,-3.125,5.559917312
2.4341318,24.44444444,24.44444444,24.44444444,24.44444444,de4,period_data_de4.csv,-3.26984127,-3.305555556,-3.305555556,-3.305555556,6.115909045
2.67754498,24.22222222,24.22222222,24.33333333,24.33333333,de4,period_data_de4.csv,-3.492063492,-3.527777778,-3.416666667,-3.416666667,6.72749995
2.94529948,24.125,24.11111111,24.11111111,24.22222222,de4,period_data_de4.csv,-3.589285714,-3.638888889,-3.638888889,-3.527777778,7.40024995
3.23982943,24,24,23.88888889,24,de4,period_data_de4.csv,-3.714285714,-3.75,-3.861111111,-3.75,8.14027495
3.56381237,23.77777778,23.77777778,23.88888889,23.88888889,de4,period_data_de4.csv,-3.936507937,-3.972222222,-3.861111111,-3.861111111,8.954302437
3.9201936,23.77777778,23.77777778,23.77777778,23.77777778,de4,period_data_de4.csv,-3.936507937,-3.972222222,-3.972222222,-3.972222222,9.849732663
3.05E-05,27.71428571,27.75,27.75,27.75,de5,period_data_de5.csv,0,0,0,0,0.101533333
3.35E-05,27.71428571,27.75,27.75,27.75,de5,period_data_de5.csv,0,0,0,0,0.111666667
3.69E-05,27.71428571,27.75,27.75,27.75,de5,period_data_de5.csv,0,0,0,0,0.122833333
4.05E-05,27.71428571,27.75,27.75,27.75,de5,period_data_de5.csv,0,0,0,0,0.135133333
4.46E-05,27.71428571,27.75,27.75,27.75,de5,period_data_de5.csv,0,0,0,0,0.148633333
4.91E-05,27.71428571,27.75,27.75,27.75,de5,period_data_de5.csv,0,0,0,0,0.1635
5.40E-05,27.71428571,27.75,27.75,27.75,de5,period_data_de5.csv,0,0,0,0,0.179866667
5.94E-05,27.71428571,27.75,27.75,27.75,de5,period_data_de5.csv,0,0,0,0,0.197833333
6.53E-05,27.71428571,27.75,27.75,27.75,de5,period_data_de5.csv,0,0,0,0,0.217633333
7.18E-05,27.71428571,27.75,27.75,27.75,de5,period_data_de5.csv,0,0,0,0,0.2394
7.90E-05,27.71428571,27.75,27.75,27.75,de5,period_data_de5.csv,0,0,0,0,0.263333333
8.69E-05,27.71428571,27.75,27.75,27.75,de5,period_data_de5.csv,0,0,0,0,0.289666667
9.56E-05,27.71428571,27.75,27.75,27.75,de5,period_data_de5.csv,0,0,0,0,0.318633333
0.00010515,27.71428571,27.75,27.75,27.75,de5,period_data_de5.csv,0,0,0,0,0.3505
0.00011566,27.71428571,27.75,27.75,27.75,de5,period_data_de5.csv,0,0,0,0,0.385533333
0.00012723,27.71428571,27.75,27.75,27.75,de5,period_data_de5.csv,0,0,0,0,0.4241
0.00013995,27.71428571,27.75,27.75,27.75,de5,period_data_de5.csv,0,0,0,0,0.4665
0.00015395,27.71428571,27.75,27.75,27.75,de5,period_data_de5.csv,0,0,0,0,0.513166667
0.00016934,27.71428571,27.75,27.75,27.75,de5,period_data_de5.csv,0,0,0,0,0.564466667
0.00018628,27.71428571,27.75,27.75,27.75,de5,period_data_de5.csv,0,0,0,0,0.620933333
0.0002049,27.71428571,27.75,27.75,27.75,de5,period_data_de5.csv,0,0,0,0,0.683
0.00022539,27.71428571,27.75,27.75,27.75,de5,period_data_de5.csv,0,0,0,0,0.7513
0.00024793,27.71428571,27.75,27.75,27.75,de5,period_data_de5.csv,0,0,0,0,0.826433333
0.00027273,27.71428571,27.75,27.75,27.75,de5,period_data_de5.csv,0,0,0,0,0.9091
0.0003,27.71428571,27.75,27.75,27.75,de5,period_data_de5.csv,0,0,0,0,1
0.00033,27.71428571,27.75,27.75,27.75,de5,period_data_de5.csv,0,0,0,0,1.1
0.000363,27.71428571,27.75,27.75,27.75,de5,period_data_de5.csv,0,0,0,0,1.21
0.0003993,27.71428571,27.75,27.75,27.75,de5,period_data_de5.csv,0,0,0,0,1.331
0.00043923,27.71428571,27.75,27.75,27.75,de5,period_data_de5.csv,0,0,0,0,1.4641
0.00048315,27.71428571,27.75,27.75,27.75,de5,period_data_de5.csv,0,0,0,0,1.6105
0.00053147,27.71428571,27.75,27.75,27.75,de5,period_data_de5.csv,0,0,0,0,1.771566667
0.00058462,27.71428571,27.75,27.75,27.75,de5,period_data_de5.csv,0,0,0,0,1.948733333
0.00064308,27.71428571,27.75,27.75,27.75,de5,period_data_de5.csv,0,0,0,0,2.1436
0.00070738,27.71428571,27.75,27.75,27.75,de5,period_data_de5.csv,0,0,0,0,2.357933333
0.00077812,27.71428571,27.75,27.75,27.75,de5,period_data_de5.csv,0,0,0,0,2.593733333
0.00085594,27.71428571,27.75,27.75,27.75,de5,period_data_de5.csv,0,0,0,0,2.853133333
0.00094153,27.71428571,27.75,27.75,27.75,de5,period_data_de5.csv,0,0,0,0,3.138433333
0.00103568,27.71428571,27.75,27.75,27.75,de5,period_data_de5.csv,0,0,0,0,3.452266667
0.00113925,27.71428571,27.75,27.75,27.75,de5,period_data_de5.csv,0,0,0,0,3.7975
0.00125317,27.71428571,27.75,27.75,27.75,de5,period_data_de5.csv,0,0,0,0,4.177233333
0.00137849,27.71428571,27.75,27.75,27.75,de5,period_data_de5.csv,0,0,0,0,4.594966667
0.00151634,27.71428571,27.75,27.75,27.75,de5,period_data_de5.csv,0,0,0,0,5.054466667
0.00166798,27.71428571,27.75,27.75,27.75,de5,period_data_de5.csv,0,0,0,0,5.559933333
0.00183477,27.71428571,27.75,27.75,27.75,de5,period_data_de5.csv,0,0,0,0,6.1159
0.00201825,27.71428571,27.75,27.75,27.75,de5,period_data_de5.csv,0,0,0,0,6.7275
0.00222007,27.71428571,27.75,27.75,27.75,de5,period_data_de5.csv,0,0,0,0,7.400233333
0.00244208,27.71428571,27.75,27.75,27.75,de5,period_data_de5.csv,0,0,0,0,8.140266667
0.00268629,27.71428571,27.75,27.75,27.75,de5,period_data_de5.csv,0,0,0,0,8.9543
0.00295492,27.71428571,27.75,27.75,27.75,de5,period_data_de5.csv,0,0,0,0,9.849733333
0.00101526,27.71428571,27.75,27.75,27.75,dg1,period_data_dg1.csv,0,0,0,0,0.101526
0.00111678,27.71428571,27.75,27.75,27.75,dg1,period_data_dg1.csv,0,0,0,0,0.111678
0.00122846,27.71428571,27.75,27.75,27.75,dg1,period_data_dg1.csv,0,0,0,0,0.122846
0.00135131,27.71428571,27.75,27.75,27.75,dg1,period_data_dg1.csv,0,0,0,0,0.135131
0.00148644,27.71428571,27.75,27.75,27.75,dg1,period_data_dg1.csv,0,0,0,0,0.148644
0.00163508,27.71428571,27.75,27.75,27.75,dg1,period_data_dg1.csv,0,0,0,0,0.163508
0.00179859,27.71428571,27.75,27.75,27.75,dg1,period_data_dg1.csv,0,0,0,0,0.179859
0.00197845,27.71428571,27.75,27.75,27.75,dg1,period_data_dg1.csv,0,0,0,0,0.197845
0.00217629,27.71428571,27.75,27.75,27.75,dg1,period_data_dg1.csv,0,0,0,0,0.217629
0.00239392,27.71428571,27.75,27.75,27.75,dg1,period_data_dg1.csv,0,0,0,0,0.239392
0.00263331,27.71428571,27.75,27.75,27.75,dg1,period_data_dg1.csv,0,0,0,0,0.263331
0.00289664,27.71428571,27.75,27.75,27.75,dg1,period_data_dg1.csv,0,0,0,0,0.289664
0.00318631,27.71428571,27.75,27.75,27.75,dg1,period_data_dg1.csv,0,0,0,0,0.318631
0.00350494,27.71428571,27.75,27.75,27.75,dg1,period_data_dg1.csv,0,0,0,0,0.350494
0.00385543,27.71428571,27.75,27.75,27.75,dg1,period_data_dg1.csv,0,0,0,0,0.385543
0.00424098,27.71428571,27.75,27.75,27.75,dg1,period_data_dg1.csv,0,0,0,0,0.424098
0.00466507,27.71428571,27.75,27.75,27.75,dg1,period_data_dg1.csv,0,0,0,0,0.466507
0.00513158,27.71428571,27.75,27.75,27.75,dg1,period_data_dg1.csv,0,0,0,0,0.513158
0.00564474,27.71428571,27.75,27.75,27.75,dg1,period_data_dg1.csv,0,0,0,0,0.564474
0.00620921,27.71428571,27.75,27.75,27.75,dg1,period_data_dg1.csv,0,0,0,0,0.620921
0.00683013,27.71428571,27.75,27.75,27.75,dg1,period_data_dg1.csv,0,0,0,0,0.683013
0.00751315,27.71428571,27.75,27.75,27.75,dg1,period_data_dg1.csv,0,0,0,0,0.751315
0.00826446,27.71428571,27.75,27.75,27.75,dg1,period_data_dg1.csv,0,0,0,0,0.826446
0.00909091,27.71428571,27.75,27.75,27.75,dg1,period_data_dg1.csv,0,0,0,0,0.909091
0.01,27.71428571,27.75,27.75,27.75,dg1,period_data_dg1.csv,0,0,0,0,1
0.011,27.71428571,27.75,27.75,27.75,dg1,period_data_dg1.csv,0,0,0,0,1.1
0.0121,27.71428571,27.75,27.75,27.75,dg1,period_data_dg1.csv,0,0,0,0,1.21
0.01331,27.71428571,27.75,27.75,27.75,dg1,period_data_dg1.csv,0,0,0,0,1.331
0.014641,27.71428571,27.75,27.75,27.75,dg1,period_data_dg1.csv,0,0,0,0,1.4641
0.0161051,27.71428571,27.75,27.75,27.75,dg1,period_data_dg1.csv,0,0,0,0,1.61051
0.01771561,27.71428571,27.75,27.75,27.75,dg1,period_data_dg1.csv,0,0,0,0,1.771561
0.01948717,27.71428571,27.75,27.75,27.75,dg1,period_data_dg1.csv,0,0,0,0,1.948717
0.02143589,27.71428571,27.75,27.75,27.75,dg1,period_data_dg1.csv,0,0,0,0,2.143589
0.02357948,27.71428571,27.75,27.75,27.75,dg1,period_data_dg1.csv,0,0,0,0,2.357948
0.02593742,27.71428571,27.75,27.75,27.75,dg1,period_data_dg1.csv,0,0,0,0,2.593742
0.02853117,27.71428571,27.75,27.75,27.75,dg1,period_data_dg1.csv,0,0,0,0,2.853117
0.03138428,27.71428571,27.75,27.75,27.75,dg1,period_data_dg1.csv,0,0,0,0,3.138428
0.03452271,27.71428571,27.75,27.75,27.75,dg1,period_data_dg1.csv,0,0,0,0,3.452271
0.03797498,27.71428571,27.75,27.75,27.75,dg1,period_data_dg1.csv,0,0,0,0,3.797498
0.04177248,27.71428571,27.75,27.75,27.75,dg1,period_data_dg1.csv,0,0,0,0,4.177248
0.04594973,27.71428571,27.75,27.75,27.75,dg1,period_data_dg1.csv,0,0,0,0,4.594973
0.0505447,27.71428571,27.75,27.75,27.75,dg1,period_data_dg1.csv,0,0,0,0,5.05447
0.05559917,27.71428571,27.75,27.75,27.75,dg1,period_data_dg1.csv,0,0,0,0,5.559917
0.06115909,27.71428571,27.75,27.75,27.75,dg1,period_data_dg1.csv,0,0,0,0,6.115909
0.067275,27.71428571,27.75,27.75,27.75,dg1,period_data_dg1.csv,0,0,0,0,6.7275
0.0740025,27.71428571,27.75,27.75,27.75,dg1,period_data_dg1.csv,0,0,0,0,7.40025
0.08140275,27.71428571,27.75,27.75,27.75,dg1,period_data_dg1.csv,0,0,0,0,8.140275
0.08954302,27.71428571,27.75,27.75,27.75,dg1,period_data_dg1.csv,0,0,0,0,8.954302
0.09849733,27.71428571,27.75,27.75,27.75,dg1,period_data_dg1.csv,0,0,0,0,9.849733
0.12997327,27.71428571,27.75,27.75,27.75,dg2,period_data_dg2.csv,0,0,0,0,0.101525595
0.1429706,27.71428571,27.75,27.75,27.75,dg2,period_data_dg2.csv,0,0,0,0,0.111678157
0.15726766,27.71428571,27.75,27.75,27.75,dg2,period_data_dg2.csv,0,0,0,0,0.122845973
0.17299443,27.71428571,27.75,27.75,27.75,dg2,period_data_dg2.csv,0,0,0,0,0.135130573
0.19029387,27.71428571,27.75,27.75,27.75,dg2,period_data_dg2.csv,0,0,0,0,0.148643628
0.20932326,27.71428571,27.75,27.75,27.75,dg2,period_data_dg2.csv,0,0,0,0,0.163507993
0.23025558,27.71428571,27.75,27.75,27.75,dg2,period_data_dg2.csv,0,0,0,0,0.179858788
0.25328114,27.71428571,27.75,27.75,27.75,dg2,period_data_dg2.csv,0,0,0,0,0.197844668
0.27860925,27.71428571,27.75,27.75,27.75,dg2,period_data_dg2.csv,0,0,0,0,0.217629132
0.30647018,27.71428571,27.75,27.75,27.75,dg2,period_data_dg2.csv,0,0,0,0,0.239392049
0.3371172,27.71428571,27.75,27.75,27.75,dg2,period_data_dg2.csv,0,0,0,0,0.263331256
0.37082892,27.71428571,27.75,27.75,27.75,dg2,period_data_dg2.csv,0,0,0,0,0.289664381
0.40791181,27.71428571,27.75,27.75,27.75,dg2,period_data_dg2.csv,0,0,0,0,0.318630818
0.44870299,27.71428571,27.75,27.75,27.75,dg2,period_data_dg2.csv,0,0,0,0,0.350493899
0.49357329,27.71428571,27.75,27.75,27.75,dg2,period_data_dg2.csv,0,0,0,0,0.385543289
0.54293062,27.71428571,27.75,27.75,27.75,dg2,period_data_dg2.csv,0,0,0,0,0.424097619
0.59722368,27.71428571,27.75,27.75,27.75,dg2,period_data_dg2.csv,0,0,0,0,0.466507379
0.65694605,27.71428571,27.75,27.75,27.75,dg2,period_data_dg2.csv,0,0,0,0,0.513158119
0.72264065,27.71428571,27.75,27.75,27.75,dg2,period_data_dg2.csv,0,0,0,0,0.564473927
0.79490472,27.71428571,27.75,27.75,27.75,dg2,period_data_dg2.csv,0,0,0,0,0.620921323
0.87439519,27.71428571,27.75,27.75,27.75,dg2,period_data_dg2.csv,0,0,0,0,0.683013454
0.96183471,27.71428571,27.75,27.75,27.75,dg2,period_data_dg2.csv,0,0,0,0,0.7513148
1.05801818,27.71428571,27.75,27.75,27.75,dg2,period_data_dg2.csv,0,0,0,0,0.82644628
1.16382,27.71428571,27.75,27.75,27.75,dg2,period_data_dg2.csv,0,0,0,0,0.909090909
1.280202,27.71428571,27.75,27.75,27.75,dg2,period_data_dg2.csv,0,0,0,0,1
1.4082222,27.71428571,27.75,27.75,27.75,dg2,period_data_dg2.csv,0,0,0,0,1.1
1.54904442,27.71428571,27.75,27.75,27.75,dg2,period_data_dg2.csv,0,0,0,0,1.21
1.70394886,27.71428571,27.75,27.75,27.75,dg2,period_data_dg2.csv,0,0,0,0,1.330999998
1.87434375,27.71428571,27.75,27.75,27.75,dg2,period_data_dg2.csv,0,0,0,0,1.464100001
2.06177812,27.71428571,27.75,27.75,27.75,dg2,period_data_dg2.csv,0,0,0,0,1.610509998
2.26795594,27.71428571,27.75,27.75,27.75,dg2,period_data_dg2.csv,0,0,0,0,1.771561004
2.49475153,27.71428571,27.75,27.75,27.75,dg2,period_data_dg2.csv,0,0,0,0,1.948717101
2.74422668,27.71428571,27.75,27.75,27.75,dg2,period_data_dg2.csv,0,0,0,0,2.143588809
3.01864935,27.71428571,27.75,27.75,27.75,dg2,period_data_dg2.csv,0,0,0,0,2.357947691
3.32051428,27.71428571,27.75,27.75,27.75,dg2,period_data_dg2.csv,0,0,0,0,2.593742456
3.65256571,27.71428571,27.75,27.75,27.75,dg2,period_data_dg2.csv,0,0,0,0,2.853116703
4.01782228,27.71428571,27.75,27.75,27.75,dg2,period_data_dg2.csv,0,0,0,0,3.138428373
4.41960451,27.71428571,27.75,27.75,27.75,dg2,period_data_dg2.csv,0,0,0,0,3.452271212
4.86156496,27.71428571,27.75,27.75,27.75,dg2,period_data_dg2.csv,0,0,0,0,3.797498332
5.34772146,27.71428571,27.75,27.75,27.75,dg2,period_data_dg2.csv,0,0,0,0,4.177248169
5.88249361,27.71428571,27.75,27.75,27.75,dg2,period_data_dg2.csv,0,0,0,0,4.594972989
6.47074297,27.71428571,27.75,27.75,27.75,dg2,period_data_dg2.csv,0,0,0,0,5.054470287
7.11781726,27.71428571,27.75,27.75,27.75,dg2,period_data_dg2.csv,0,0,0,0,5.55991731
7.82959899,27.71428571,27.75,27.75,27.75,dg2,period_data_dg2.csv,0,0,0,0,6.115909044
8.61255889,27.71428571,27.75,27.75,27.75,dg2,period_data_dg2.csv,0,0,0,0,6.727499949
9.47381478,27.71428571,27.75,27.75,27.75,dg2,period_data_dg2.csv,0,0,0,0,7.400249945
10.42119626,27.71428571,27.75,27.75,27.75,dg2,period_data_dg2.csv,0,0,0,0,8.140274941
11.46331588,27.71428571,27.75,27.75,27.75,dg2,period_data_dg2.csv,0,0,0,0,8.95430243
12.60964747,27.71428571,27.75,27.75,27.75,dg2,period_data_dg2.csv,0,0,0,0,9.849732675
0.00101526,27.71428571,27.75,27.75,27.75,dg3,period_data_dg3.csv,0,0,0,0,0.101526
0.00111678,27.71428571,27.75,27.75,27.75,dg3,period_data_dg3.csv,0,0,0,0,0.111678
0.00122846,27.71428571,27.75,27.75,27.75,dg3,period_data_dg3.csv,0,0,0,0,0.122846
0.00135131,27.71428571,27.75,27.75,27.75,dg3,period_data_dg3.csv,0,0,0,0,0.135131
0.00148644,27.71428571,27.75,27.75,27.75,dg3,period_data_dg3.csv,0,0,0,0,0.148644
0.00163508,27.71428571,27.75,27.75,27.75,dg3,period_data_dg3.csv,0,0,0,0,0.163508
0.00179859,27.71428571,27.75,27.75,27.75,dg3,period_data_dg3.csv,0,0,0,0,0.179859
0.00197845,27.71428571,27.75,27.75,27.75,dg3,period_data_dg3.csv,0,0,0,0,0.197845
0.00217629,27.71428571,27.75,27.75,27.75,dg3,period_data_dg3.csv,0,0,0,0,0.217629
0.00239392,27.71428571,27.75,27.75,27.75,dg3,period_data_dg3.csv,0,0,0,0,0.239392
0.00263331,27.71428571,27.75,27.75,27.75,dg3,period_data_dg3.csv,0,0,0,0,0.263331
0.00289664,27.71428571,27.75,27.75,27.75,dg3,period_data_dg3.csv,0,0,0,0,0.289664
0.00318631,27.71428571,27.75,27.75,27.75,dg3,period_data_dg3.csv,0,0,0,0,0.318631
0.00350494,27.71428571,27.75,27.75,27.75,dg3,period_data_dg3.csv,0,0,0,0,0.350494
0.00385543,27.71428571,27.75,27.75,27.75,dg3,period_data_dg3.csv,0,0,0,0,0.385543
0.00424098,27.71428571,27.75,27.75,27.75,dg3,period_data_dg3.csv,0,0,0,0,0.424098
0.00466507,27.71428571,27.75,27.75,27.75,dg3,period_data_dg3.csv,0,0,0,0,0.466507
0.00513158,27.71428571,27.75,27.75,27.75,dg3,period_data_dg3.csv,0,0,0,0,0.513158
0.00564474,27.71428571,27.75,27.75,27.75,dg3,period_data_dg3.csv,0,0,0,0,0.564474
0.00620921,27.71428571,27.75,27.75,27.75,dg3,period_data_dg3.csv,0,0,0,0,0.620921
0.00683013,27.71428571,27.75,27.75,27.75,dg3,period_data_dg3.csv,0,0,0,0,0.683013
0.00751315,27.71428571,27.75,27.75,27.75,dg3,period_data_dg3.csv,0,0,0,0,0.751315
0.00826446,27.71428571,27.75,27.75,27.75,dg3,period_data_dg3.csv,0,0,0,0,0.826446
0.00909091,27.71428571,27.75,27.75,27.75,dg3,period_data_dg3.csv,0,0,0,0,0.909091
0.01,27.71428571,27.75,27.75,27.75,dg3,period_data_dg3.csv,0,0,0,0,1
0.011,27.71428571,27.75,27.75,27.75,dg3,period_data_dg3.csv,0,0,0,0,1.1
0.0121,27.71428571,27.75,27.75,27.75,dg3,period_data_dg3.csv,0,0,0,0,1.21
0.01331,27.71428571,27.75,27.75,27.75,dg3,period_data_dg3.csv,0,0,0,0,1.331
0.014641,27.71428571,27.75,27.75,27.75,dg3,period_data_dg3.csv,0,0,0,0,1.4641
0.0161051,27.71428571,27.75,27.75,27.75,dg3,period_data_dg3.csv,0,0,0,0,1.61051
0.01771561,27.71428571,27.75,27.75,27.75,dg3,period_data_dg3.csv,0,0,0,0,1.771561
0.01948717,27.71428571,27.75,27.75,27.75,dg3,period_data_dg3.csv,0,0,0,0,1.948717
0.02143589,27.71428571,27.75,27.75,27.75,dg3,period_data_dg3.csv,0,0,0,0,2.143589
0.02357948,27.71428571,27.75,27.75,27.75,dg3,period_data_dg3.csv,0,0,0,0,2.357948
0.02593742,27.71428571,27.75,27.75,27.75,dg3,period_data_dg3.csv,0,0,0,0,2.593742
0.02853117,27.71428571,27.75,27.75,27.75,dg3,period_data_dg3.csv,0,0,0,0,2.853117
0.03138428,27.71428571,27.75,27.75,27.75,dg3,period_data_dg3.csv,0,0,0,0,3.138428
0.03452271,27.71428571,27.75,27.75,27.75,dg3,period_data_dg3.csv,0,0,0,0,3.452271
0.03797498,27.71428571,27.75,27.75,27.75,dg3,period_data_dg3.csv,0,0,0,0,3.797498
0.04177248,27.71428571,27.75,27.75,27.75,dg3,period_data_dg3.csv,0,0,0,0,4.177248
0.04594973,27.71428571,27.75,27.75,27.75,dg3,period_data_dg3.csv,0,0,0,0,4.594973
0.0505447,27.71428571,27.75,27.75,27.75,dg3,period_data_dg3.csv,0,0,0,0,5.05447
0.05559917,27.71428571,27.75,27.75,27.75,dg3,period_data_dg3.csv,0,0,0,0,5.559917
0.06115909,27.71428571,27.75,27.75,27.75,dg3,period_data_dg3.csv,0,0,0,0,6.115909
0.067275,27.71428571,27.75,27.75,27.75,dg3,period_data_dg3.csv,0,0,0,0,6.7275
0.0740025,27.71428571,27.75,27.75,27.75,dg3,period_data_dg3.csv,0,0,0,0,7.40025
0.08140275,27.71428571,27.75,27.75,27.75,dg3,period_data_dg3.csv,0,0,0,0,8.140275
0.08954302,27.71428571,27.75,27.75,27.75,dg3,period_data_dg3.csv,0,0,0,0,8.954302
0.09849733,27.71428571,27.75,27.75,27.75,dg3,period_data_dg3.csv,0,0,0,0,9.849733
0.1777167,27.71428571,27.75,27.75,27.75,dg4,period_data_dg4.csv,0,0,0,0,0.101525597
0.19548837,27.71428571,27.75,27.75,27.75,dg4,period_data_dg4.csv,0,0,0,0,0.111678157
0.21503721,27.71428571,27.75,27.75,27.75,dg4,period_data_dg4.csv,0,0,0,0,0.122845974
0.23654093,27.71428571,27.75,27.75,27.75,dg4,period_data_dg4.csv,0,0,0,0,0.135130571
0.26019502,27.71428571,27.75,27.75,27.75,dg4,period_data_dg4.csv,0,0,0,0,0.148643627
0.28621452,27.71428571,27.75,27.75,27.75,dg4,period_data_dg4.csv,0,0,0,0,0.163507988
0.31483598,27.71428571,27.75,27.75,27.75,dg4,period_data_dg4.csv,0,0,0,0,0.179858792
0.34631957,27.71428571,27.75,27.75,27.75,dg4,period_data_dg4.csv,0,0,0,0,0.197844666
0.38095153,27.71428571,27.75,27.75,27.75,dg4,period_data_dg4.csv,0,0,0,0,0.217629134
0.41904669,27.71428571,27.75,27.75,27.75,dg4,period_data_dg4.csv,0,0,0,0,0.239392052
0.46095135,27.71428571,27.75,27.75,27.75,dg4,period_data_dg4.csv,0,0,0,0,0.263331252
0.50704649,27.71428571,27.75,27.75,27.75,dg4,period_data_dg4.csv,0,0,0,0,0.28966438
0.55775114,27.71428571,27.75,27.75,27.75,dg4,period_data_dg4.csv,0,0,0,0,0.318630819
0.61352625,27.71428571,27.75,27.75,27.75,dg4,period_data_dg4.csv,0,0,0,0,0.350493898
0.67487888,27.71428571,27.75,27.75,27.75,dg4,period_data_dg4.csv,0,0,0,0,0.385543291
0.74236677,27.71428571,27.75,27.75,27.75,dg4,period_data_dg4.csv,0,0,0,0,0.424097621
0.81660344,27.71428571,27.75,27.75,27.75,dg4,period_data_dg4.csv,0,0,0,0,0.466507379
0.89826379,27.71428571,27.75,27.75,27.75,dg4,period_data_dg4.csv,0,0,0,0,0.513158121
0.98809016,27.71428571,27.75,27.75,27.75,dg4,period_data_dg4.csv,0,0,0,0,0.564473927
1.08689918,27.71428571,27.75,27.75,27.75,dg4,period_data_dg4.csv,0,0,0,0,0.620921322
1.1955891,27.71428571,27.75,27.75,27.75,dg4,period_data_dg4.csv,0,0,0,0,0.683013456
1.31514801,27.71428571,27.75,27.75,27.75,dg4,period_data_dg4.csv,0,0,0,0,0.751314801
1.44666281,27.71428571,27.75,27.75,27.75,dg4,period_data_dg4.csv,0,0,0,0,0.826446281
1.59132909,27.71428571,27.75,27.75,27.75,dg4,period_data_dg4.csv,0,0,0,0,0.909090909
1.750462,27.71428571,27.75,27.75,27.75,dg4,period_data_dg4.csv,0,0,0,0,1
1.9255082,27.71428571,27.75,27.75,27.75,dg4,period_data_dg4.csv,0,0,0,0,1.1
2.11805902,27.71428571,27.75,27.75,27.75,dg4,period_data_dg4.csv,0,0,0,0,1.21
2.32986492,27.71428571,27.75,27.75,27.75,dg4,period_data_dg4.csv,0,0,0,0,1.330999999
2.56285141,27.71428571,27.75,27.75,27.75,dg4,period_data_dg4.csv,0,0,0,0,1.464099998
2.81913656,27.71428571,27.75,27.75,27.75,dg4,period_data_dg4.csv,0,0,0,0,1.610510003
3.10105021,27.71428571,27.75,27.75,27.75,dg4,period_data_dg4.csv,0,0,0,0,1.771560999
3.41115523,27.71428571,27.75,27.75,27.75,dg4,period_data_dg4.csv,0,0,0,0,1.948717099
3.75227076,27.71428571,27.75,27.75,27.75,dg4,period_data_dg4.csv,0,0,0,0,2.143588813
4.12749783,27.71428571,27.75,27.75,27.75,dg4,period_data_dg4.csv,0,0,0,0,2.35794769
4.54024761,27.71428571,27.75,27.75,27.75,dg4,period_data_dg4.csv,0,0,0,0,2.593742458
4.99427238,27.71428571,27.75,27.75,27.75,dg4,period_data_dg4.csv,0,0,0,0,2.853116709
5.49369961,27.71428571,27.75,27.75,27.75,dg4,period_data_dg4.csv,0,0,0,0,3.138428375
6.04306957,27.71428571,27.75,27.75,27.75,dg4,period_data_dg4.csv,0,0,0,0,3.452271212
6.64737653,27.71428571,27.75,27.75,27.75,dg4,period_data_dg4.csv,0,0,0,0,3.797498335
7.31211419,27.71428571,27.75,27.75,27.75,dg4,period_data_dg4.csv,0,0,0,0,4.177248172
8.0433256,27.71428571,27.75,27.75,27.75,dg4,period_data_dg4.csv,0,0,0,0,4.594972984
8.84765816,27.71428571,27.75,27.75,27.75,dg4,period_data_dg4.csv,0,0,0,0,5.054470283
9.73242398,27.71428571,27.75,27.75,27.75,dg4,period_data_dg4.csv,0,0,0,0,5.559917313
10.70566638,27.71428571,27.75,27.75,27.75,dg4,period_data_dg4.csv,0,0,0,0,6.115909046
11.77623302,27.71428571,27.75,27.75,27.75,dg4,period_data_dg4.csv,0,0,0,0,6.727499951
12.95385632,27.71428571,27.75,27.75,27.75,dg4,period_data_dg4.csv,0,0,0,0,7.400249945
14.24924195,27.71428571,27.75,27.75,27.75,dg4,period_data_dg4.csv,0,0,0,0,8.140274939
15.67416614,27.71428571,27.75,27.75,27.75,dg4,period_data_dg4.csv,0,0,0,0,8.95430243
17.24158276,27.71428571,27.75,27.75,27.75,dg4,period_data_dg4.csv,0,0,0,0,9.849732676
0.10839492,27.71428571,27.75,27.75,27.75,dg5,period_data_dg5.csv,0,0,0,0,0.101525597
0.11923441,27.71428571,27.75,27.75,27.75,dg5,period_data_dg5.csv,0,0,0,0,0.111678154
0.13115785,27.71428571,27.75,27.75,27.75,dg5,period_data_dg5.csv,0,0,0,0,0.122845969
0.14427364,27.71428571,27.75,27.75,27.75,dg5,period_data_dg5.csv,0,0,0,0,0.13513057
0.158701,27.71428571,27.75,27.75,27.75,dg5,period_data_dg5.csv,0,0,0,0,0.148643624
0.1745711,27.71428571,27.75,27.75,27.75,dg5,period_data_dg5.csv,0,0,0,0,0.163507986
0.19202822,27.71428571,27.75,27.75,27.75,dg5,period_data_dg5.csv,0,0,0,0,0.179858794
0.21123104,27.71428571,27.75,27.75,27.75,dg5,period_data_dg5.csv,0,0,0,0,0.197844672
0.23235414,27.71428571,27.75,27.75,27.75,dg5,period_data_dg5.csv,0,0,0,0,0.217629135
0.25558955,27.71428571,27.75,27.75,27.75,dg5,period_data_dg5.csv,0,0,0,0,0.239392045
0.28114851,27.71428571,27.75,27.75,27.75,dg5,period_data_dg5.csv,0,0,0,0,0.263331254
0.30926336,27.71428571,27.75,27.75,27.75,dg5,period_data_dg5.csv,0,0,0,0,0.289664378
0.3401897,27.71428571,27.75,27.75,27.75,dg5,period_data_dg5.csv,0,0,0,0,0.31863082
0.37420867,27.71428571,27.75,27.75,27.75,dg5,period_data_dg5.csv,0,0,0,0,0.350493902
0.41162953,27.71428571,27.75,27.75,27.75,dg5,period_data_dg5.csv,0,0,0,0,0.385543286
0.45279249,27.71428571,27.75,27.75,27.75,dg5,period_data_dg5.csv,0,0,0,0,0.424097621
0.49807174,27.71428571,27.75,27.75,27.75,dg5,period_data_dg5.csv,0,0,0,0,0.466507384
0.54787891,27.71428571,27.75,27.75,27.75,dg5,period_data_dg5.csv,0,0,0,0,0.513158119
0.6026668,27.71428571,27.75,27.75,27.75,dg5,period_data_dg5.csv,0,0,0,0,0.564473929
0.66293348,27.71428571,27.75,27.75,27.75,dg5,period_data_dg5.csv,0,0,0,0,0.620921322
0.72922683,27.71428571,27.75,27.75,27.75,dg5,period_data_dg5.csv,0,0,0,0,0.683013457
0.80214951,27.71428571,27.75,27.75,27.75,dg5,period_data_dg5.csv,0,0,0,0,0.751314799
0.88236446,27.71428571,27.75,27.75,27.75,dg5,period_data_dg5.csv,0,0,0,0,0.826446278
0.97060091,27.71428571,27.75,27.75,27.75,dg5,period_data_dg5.csv,0,0,0,0,0.90909091
1.067661,27.71428571,27.75,27.75,27.75,dg5,period_data_dg5.csv,0,0,0,0,1
1.1744271,27.71428571,27.75,27.75,27.75,dg5,period_data_dg5.csv,0,0,0,0,1.1
1.29186981,27.71428571,27.75,27.75,27.75,dg5,period_data_dg5.csv,0,0,0,0,1.21
1.42105679,27.71428571,27.75,27.75,27.75,dg5,period_data_dg5.csv,0,0,0,0,1.330999999
1.56316247,27.71428571,27.75,27.75,27.75,dg5,period_data_dg5.csv,0,0,0,0,1.4641
1.71947872,27.71428571,27.75,27.75,27.75,dg5,period_data_dg5.csv,0,0,0,0,1.610510003
1.89142659,27.71428571,27.75,27.75,27.75,dg5,period_data_dg5.csv,0,0,0,0,1.771561001
2.08056925,27.71428571,27.75,27.75,27.75,dg5,period_data_dg5.csv,0,0,0,0,1.948717102
2.28862617,27.71428571,27.75,27.75,27.75,dg5,period_data_dg5.csv,0,0,0,0,2.143588808
2.51748879,27.71428571,27.75,27.75,27.75,dg5,period_data_dg5.csv,0,0,0,0,2.357947691
2.76923767,27.71428571,27.75,27.75,27.75,dg5,period_data_dg5.csv,0,0,0,0,2.593742461
3.04616144,27.71428571,27.75,27.75,27.75,dg5,period_data_dg5.csv,0,0,0,0,2.85311671
3.35077758,27.71428571,27.75,27.75,27.75,dg5,period_data_dg5.csv,0,0,0,0,3.138428378
3.68585534,27.71428571,27.75,27.75,27.75,dg5,period_data_dg5.csv,0,0,0,0,3.452271217
4.05444087,27.71428571,27.75,27.75,27.75,dg5,period_data_dg5.csv,0,0,0,0,3.797498335
4.45988496,27.71428571,27.75,27.75,27.75,dg5,period_data_dg5.csv,0,0,0,0,4.177248171
4.90587345,27.71428571,27.75,27.75,27.75,dg5,period_data_dg5.csv,0,0,0,0,4.594972983
5.3964608,27.71428571,27.75,27.75,27.75,dg5,period_data_dg5.csv,0,0,0,0,5.054470286
5.93610688,27.71428571,27.75,27.75,27.75,dg5,period_data_dg5.csv,0,0,0,0,5.559917315
6.52971757,27.71428571,27.75,27.75,27.75,dg5,period_data_dg5.csv,0,0,0,0,6.115909048
7.18268932,27.71428571,27.75,27.75,27.75,dg5,period_data_dg5.csv,0,0,0,0,6.727499946
7.90095826,27.71428571,27.75,27.75,27.75,dg5,period_data_dg5.csv,0,0,0,0,7.400249948
8.69105408,27.71428571,27.75,27.75,27.75,dg5,period_data_dg5.csv,0,0,0,0,8.140274937
9.56015949,27.71428571,27.75,27.75,27.75,dg5,period_data_dg5.csv,0,0,0,0,8.954302433
10.51617544,27.71428571,27.75,27.75,27.75,dg5,period_data_dg5.csv,0,0,0,0,9.849732677
0.00101526,27.71428571,27.75,27.75,27.75,dp6,period_data_dp6.csv,0,0,0,0,0.101526
0.00111678,27.71428571,27.75,27.75,27.75,dp6,period_data_dp6.csv,0,0,0,0,0.111678
0.00122846,27.71428571,27.75,27.75,27.75,dp6,period_data_dp6.csv,0,0,0,0,0.122846
0.00135131,27.71428571,27.75,27.75,27.75,dp6,period_data_dp6.csv,0,0,0,0,0.135131
0.00148644,27.71428571,27.75,27.75,27.75,dp6,period_data_dp6.csv,0,0,0,0,0.148644
0.00163508,27.71428571,27.75,27.75,27.75,dp6,period_data_dp6.csv,0,0,0,0,0.163508
0.00179859,27.71428571,27.75,27.75,27.75,dp6,period_data_dp6.csv,0,0,0,0,0.179859
0.00197845,27.71428571,27.75,27.75,27.75,dp6,period_data_dp6.csv,0,0,0,0,0.197845
0.00217629,27.71428571,27.75,27.75,27.75,dp6,period_data_dp6.csv,0,0,0,0,0.217629
0.00239392,27.71428571,27.75,27.75,27.75,dp6,period_data_dp6.csv,0,0,0,0,0.239392
0.00263331,27.71428571,27.75,27.75,27.75,dp6,period_data_dp6.csv,0,0,0,0,0.263331
0.00289664,27.71428571,27.75,27.75,27.75,dp6,period_data_dp6.csv,0,0,0,0,0.289664
0.00318631,27.71428571,27.75,27.75,27.75,dp6,period_data_dp6.csv,0,0,0,0,0.318631
0.00350494,27.71428571,27.75,27.75,27.75,dp6,period_data_dp6.csv,0,0,0,0,0.350494
0.00385543,27.71428571,27.75,27.75,27.75,dp6,period_data_dp6.csv,0,0,0,0,0.385543
0.00424098,27.71428571,27.75,27.75,27.75,dp6,period_data_dp6.csv,0,0,0,0,0.424098
0.00466507,27.71428571,27.75,27.75,27.75,dp6,period_data_dp6.csv,0,0,0,0,0.466507
0.00513158,27.71428571,27.75,27.75,27.75,dp6,period_data_dp6.csv,0,0,0,0,0.513158
0.00564474,27.71428571,27.75,27.75,27.75,dp6,period_data_dp6.csv,0,0,0,0,0.564474
0.00620921,27.71428571,27.75,27.75,27.75,dp6,period_data_dp6.csv,0,0,0,0,0.620921
0.00683013,27.71428571,27.75,27.75,27.75,dp6,period_data_dp6.csv,0,0,0,0,0.683013
0.00751315,27.71428571,27.75,27.75,27.75,dp6,period_data_dp6.csv,0,0,0,0,0.751315
0.00826446,27.71428571,27.75,27.75,27.75,dp6,period_data_dp6.csv,0,0,0,0,0.826446
0.00909091,27.71428571,27.75,27.75,27.75,dp6,period_data_dp6.csv,0,0,0,0,0.909091
0.01,27.71428571,27.75,27.75,27.75,dp6,period_data_dp6.csv,0,0,0,0,1
0.011,27.71428571,27.75,27.75,27.75,dp6,period_data_dp6.csv,0,0,0,0,1.1
0.0121,27.71428571,27.75,27.75,27.75,dp6,period_data_dp6.csv,0,0,0,0,1.21
0.01331,27.71428571,27.75,27.75,27.75,dp6,period_data_dp6.csv,0,0,0,0,1.331
0.014641,27.71428571,27.75,27.75,27.75,dp6,period_data_dp6.csv,0,0,0,0,1.4641
0.0161051,27.71428571,27.75,27.75,27.75,dp6,period_data_dp6.csv,0,0,0,0,1.61051
0.01771561,27.71428571,27.75,27.75,27.75,dp6,period_data_dp6.csv,0,0,0,0,1.771561
0.01948717,27.71428571,27.75,27.75,27.75,dp6,period_data_dp6.csv,0,0,0,0,1.948717
0.02143589,27.71428571,27.75,27.75,27.75,dp6,period_data_dp6.csv,0,0,0,0,2.143589
0.02357948,27.71428571,27.75,27.75,27.75,dp6,period_data_dp6.csv,0,0,0,0,2.357948
0.02593742,27.71428571,27.75,27.75,27.75,dp6,period_data_dp6.csv,0,0,0,0,2.593742
0.02853117,27.71428571,27.75,27.75,27.75,dp6,period_data_dp6.csv,0,0,0,0,2.853117
0.03138428,27.71428571,27.75,27.75,27.75,dp6,period_data_dp6.csv,0,0,0,0,3.138428
0.03452271,27.71428571,27.75,27.75,27.75,dp6,period_data_dp6.csv,0,0,0,0,3.452271
0.03797498,27.71428571,27.75,27.75,27.75,dp6,period_data_dp6.csv,0,0,0,0,3.797498
0.04177248,27.71428571,27.75,27.75,27.75,dp6,period_data_dp6.csv,0,0,0,0,4.177248
0.04594973,27.71428571,27.75,27.75,27.75,dp6,period_data_dp6.csv,0,0,0,0,4.594973
0.0505447,27.71428571,27.75,27.75,27.75,dp6,period_data_dp6.csv,0,0,0,0,5.05447
0.05559917,27.71428571,27.75,27.75,27.75,dp6,period_data_dp6.csv,0,0,0,0,5.559917
0.06115909,27.71428571,27.75,27.75,27.75,dp6,period_data_dp6.csv,0,0,0,0,6.115909
0.067275,27.71428571,27.75,27.75,27.75,dp6,period_data_dp6.csv,0,0,0,0,6.7275
0.0740025,27.71428571,27.75,27.75,27.75,dp6,period_data_dp6.csv,0,0,0,0,7.40025
0.08140275,27.71428571,27.75,27.75,27.75,dp6,period_data_dp6.csv,0,0,0,0,8.140275
0.08954302,27.71428571,27.75,27.75,27.75,dp6,period_data_dp6.csv,0,0,0,0,8.954302
0.09849733,27.71428571,27.75,27.75,27.75,dp6,period_data_dp6.csv,0,0,0,0,9.849733
0.00010153,27.71428571,27.75,27.75,27.75,g1,period_data_g1.csv,0,0,0,0,0.10153
0.00011168,27.71428571,27.75,27.75,27.75,g1,period_data_g1.csv,0,0,0,0,0.11168
0.00012285,27.71428571,27.75,27.75,27.75,g1,period_data_g1.csv,0,0,0,0,0.12285
0.00013513,27.71428571,27.75,27.75,27.75,g1,period_data_g1.csv,0,0,0,0,0.13513
0.00014864,27.71428571,27.75,27.75,27.75,g1,period_data_g1.csv,0,0,0,0,0.14864
0.00016351,27.71428571,27.75,27.75,27.75,g1,period_data_g1.csv,0,0,0,0,0.16351
0.00017986,27.71428571,27.75,27.75,27.75,g1,period_data_g1.csv,0,0,0,0,0.17986
0.00019784,27.71428571,27.75,27.75,27.75,g1,period_data_g1.csv,0,0,0,0,0.19784
0.00021763,27.71428571,27.75,27.75,27.75,g1,period_data_g1.csv,0,0,0,0,0.21763
0.00023939,27.71428571,27.75,27.75,27.75,g1,period_data_g1.csv,0,0,0,0,0.23939
0.00026333,27.71428571,27.75,27.75,27.75,g1,period_data_g1.csv,0,0,0,0,0.26333
0.00028966,27.71428571,27.75,27.75,27.75,g1,period_data_g1.csv,0,0,0,0,0.28966
0.00031863,27.71428571,27.75,27.75,27.75,g1,period_data_g1.csv,0,0,0,0,0.31863
0.00035049,27.71428571,27.75,27.75,27.75,g1,period_data_g1.csv,0,0,0,0,0.35049
0.00038554,27.71428571,27.75,27.75,27.75,g1,period_data_g1.csv,0,0,0,0,0.38554
0.0004241,27.71428571,27.75,27.75,27.75,g1,period_data_g1.csv,0,0,0,0,0.4241
0.00046651,27.71428571,27.75,27.75,27.75,g1,period_data_g1.csv,0,0,0,0,0.46651
0.00051316,27.71428571,27.75,27.75,27.75,g1,period_data_g1.csv,0,0,0,0,0.51316
0.00056447,27.71428571,27.75,27.75,27.75,g1,period_data_g1.csv,0,0,0,0,0.56447
0.00062092,27.71428571,27.75,27.75,27.75,g1,period_data_g1.csv,0,0,0,0,0.62092
0.00068301,27.71428571,27.75,27.75,27.75,g1,period_data_g1.csv,0,0,0,0,0.68301
0.00075131,27.71428571,27.75,27.75,27.75,g1,period_data_g1.csv,0,0,0,0,0.75131
0.00082645,27.71428571,27.75,27.75,27.75,g1,period_data_g1.csv,0,0,0,0,0.82645
0.00090909,27.71428571,27.75,27.75,27.75,g1,period_data_g1.csv,0,0,0,0,0.90909
0.001,27.71428571,27.75,27.75,27.75,g1,period_data_g1.csv,0,0,0,0,1
0.0011,27.71428571,27.75,27.75,27.75,g1,period_data_g1.csv,0,0,0,0,1.1
0.00121,27.71428571,27.75,27.75,27.75,g1,period_data_g1.csv,0,0,0,0,1.21
0.001331,27.71428571,27.75,27.75,27.75,g1,period_data_g1.csv,0,0,0,0,1.331
0.0014641,27.71428571,27.75,27.75,27.75,g1,period_data_g1.csv,0,0,0,0,1.4641
0.00161051,27.71428571,27.75,27.75,27.75,g1,period_data_g1.csv,0,0,0,0,1.61051
0.00177156,27.71428571,27.75,27.75,27.75,g1,period_data_g1.csv,0,0,0,0,1.77156
0.00194872,27.71428571,27.75,27.75,27.75,g1,period_data_g1.csv,0,0,0,0,1.94872
0.00214359,27.71428571,27.75,27.75,27.75,g1,period_data_g1.csv,0,0,0,0,2.14359
0.00235795,27.71428571,27.75,27.75,27.75,g1,period_data_g1.csv,0,0,0,0,2.35795
0.00259374,27.71428571,27.75,27.75,27.75,g1,period_data_g1.csv,0,0,0,0,2.59374
0.00285312,27.71428571,27.75,27.75,27.75,g1,period_data_g1.csv,0,0,0,0,2.85312
0.00313843,27.71428571,27.75,27.75,27.75,g1,period_data_g1.csv,0,0,0,0,3.13843
0.00345227,27.71428571,27.75,27.75,27.75,g1,period_data_g1.csv,0,0,0,0,3.45227
0.0037975,27.71428571,27.75,27.75,27.75,g1,period_data_g1.csv,0,0,0,0,3.7975
0.00417725,27.71428571,27.75,27.75,27.75,g1,period_data_g1.csv,0,0,0,0,4.17725
0.00459497,27.71428571,27.75,27.75,27.75,g1,period_data_g1.csv,0,0,0,0,4.59497
0.00505447,27.71428571,27.75,27.75,27.75,g1,period_data_g1.csv,0,0,0,0,5.05447
0.00555992,27.71428571,27.75,27.75,27.75,g1,period_data_g1.csv,0,0,0,0,5.55992
0.00611591,27.71428571,27.75,27.75,27.75,g1,period_data_g1.csv,0,0,0,0,6.11591
0.0067275,27.71428571,27.75,27.75,27.75,g1,period_data_g1.csv,0,0,0,0,6.7275
0.00740025,27.71428571,27.75,27.75,27.75,g1,period_data_g1.csv,0,0,0,0,7.40025
0.00814027,27.71428571,27.75,27.75,27.75,g1,period_data_g1.csv,0,0,0,0,8.14027
0.0089543,27.71428571,27.75,27.75,27.75,g1,period_data_g1.csv,0,0,0,0,8.9543
0.00984973,27.71428571,27.75,27.75,27.75,g1,period_data_g1.csv,0,0,0,0,9.84973
0.01827461,27.71428571,27.75,27.75,27.75,g2,period_data_g2.csv,0,0,0,0,0.101525611
0.02010207,27.71428571,27.75,27.75,27.75,g2,period_data_g2.csv,0,0,0,0,0.111678167
0.02211228,27.71428571,27.75,27.75,27.75,g2,period_data_g2.csv,0,0,0,0,0.122846
0.0243235,27.71428571,27.75,27.75,27.75,g2,period_data_g2.csv,0,0,0,0,0.135130556
0.02675585,27.71428571,27.75,27.75,27.75,g2,period_data_g2.csv,0,0,0,0,0.148643611
0.02943144,27.71428571,27.75,27.75,27.75,g2,period_data_g2.csv,0,0,0,0,0.163508
0.03237458,27.71428571,27.75,27.75,27.75,g2,period_data_g2.csv,0,0,0,0,0.179858778
0.03561204,27.71428571,27.75,27.75,27.75,g2,period_data_g2.csv,0,0,0,0,0.197844667
0.03917324,27.71428571,27.75,27.75,27.75,g2,period_data_g2.csv,0,0,0,0,0.217629111
0.04309057,27.71428571,27.75,27.75,27.75,g2,period_data_g2.csv,0,0,0,0,0.239392056
0.04739963,27.71428571,27.75,27.75,27.75,g2,period_data_g2.csv,0,0,0,0,0.263331278
0.05213959,27.71428571,27.75,27.75,27.75,g2,period_data_g2.csv,0,0,0,0,0.289664389
0.05735355,27.71428571,27.75,27.75,27.75,g2,period_data_g2.csv,0,0,0,0,0.318630833
0.0630889,27.71428571,27.75,27.75,27.75,g2,period_data_g2.csv,0,0,0,0,0.350493889
0.06939779,27.71428571,27.75,27.75,27.75,g2,period_data_g2.csv,0,0,0,0,0.385543278
0.07633757,27.71428571,27.75,27.75,27.75,g2,period_data_g2.csv,0,0,0,0,0.424097611
0.08397133,27.71428571,27.75,27.75,27.75,g2,period_data_g2.csv,0,0,0,0,0.466507389
0.09236846,27.71428571,27.75,27.75,27.75,g2,period_data_g2.csv,0,0,0,0,0.513158111
0.10160531,27.71428571,27.75,27.75,27.75,g2,period_data_g2.csv,0,0,0,0,0.564473944
0.11176584,27.71428571,27.75,27.75,27.75,g2,period_data_g2.csv,0,0,0,0,0.620921333
0.12294242,27.71428571,27.75,27.75,27.75,g2,period_data_g2.csv,0,0,0,0,0.683013444
0.13523666,27.71428571,27.75,27.75,27.75,g2,period_data_g2.csv,0,0,0,0,0.751314778
0.14876033,27.71428571,27.75,27.75,27.75,g2,period_data_g2.csv,0,0,0,0,0.826446278
0.16363636,27.71428571,27.75,27.75,27.75,g2,period_data_g2.csv,0,0,0,0,0.909090889
0.18,27.71428571,27.75,27.75,27.75,g2,period_data_g2.csv,0,0,0,0,1
0.198,27.71428571,27.75,27.75,27.75,g2,period_data_g2.csv,0,0,0,0,1.1
0.2178,27.71428571,27.75,27.75,27.75,g2,period_data_g2.csv,0,0,0,0,1.21
0.23958,27.71428571,27.75,27.75,27.75,g2,period_data_g2.csv,0,0,0,0,1.331
0.263538,27.71428571,27.75,27.75,27.75,g2,period_data_g2.csv,0,0,0,0,1.4641
0.2898918,27.71428571,27.75,27.75,27.75,g2,period_data_g2.csv,0,0,0,0,1.61051
0.31888098,27.71428571,27.75,27.75,27.75,g2,period_data_g2.csv,0,0,0,0,1.771561
0.35076908,27.71428571,27.75,27.75,27.75,g2,period_data_g2.csv,0,0,0,0,1.948717111
0.38584599,27.71428571,27.75,27.75,27.75,g2,period_data_g2.csv,0,0,0,0,2.143588833
0.42443058,27.71428571,27.75,27.75,27.75,g2,period_data_g2.csv,0,0,0,0,2.357947667
0.46687364,27.71428571,27.75,27.75,27.75,g2,period_data_g2.csv,0,0,0,0,2.593742444
0.51356101,27.71428571,27.75,27.75,27.75,g2,period_data_g2.csv,0,0,0,0,2.853116722
0.56491711,27.71428571,27.75,27.75,27.75,g2,period_data_g2.csv,0,0,0,0,3.138428389
0.62140882,27.71428571,27.75,27.75,27.75,g2,period_data_g2.csv,0,0,0,0,3.452271222
0.6835497,27.71428571,27.75,27.75,27.75,g2,period_data_g2.csv,0,0,0,0,3.797498333
0.75190467,27.71428571,27.75,27.75,27.75,g2,period_data_g2.csv,0,0,0,0,4.177248167
0.82709514,27.71428571,27.75,27.75,27.75,g2,period_data_g2.csv,0,0,0,0,4.594973
0.90980465,27.71428571,27.75,27.75,27.75,g2,period_data_g2.csv,0,0,0,0,5.054470278
1.00078512,27.71428571,27.75,27.75,27.75,g2,period_data_g2.csv,0,0,0,0,5.559917333
1.10086363,27.71428571,27.75,27.75,27.75,g2,period_data_g2.csv,0,0,0,0,6.115909056
1.21094999,27.71428571,27.75,27.75,27.75,g2,period_data_g2.csv,0,0,0,0,6.727499944
1.33204499,27.71428571,27.75,27.75,27.75,g2,period_data_g2.csv,0,0,0,0,7.400249944
1.46524949,27.71428571,27.75,27.75,27.75,g2,period_data_g2.csv,0,0,0,0,8.140274944
1.61177444,27.71428571,27.75,27.75,27.75,g2,period_data_g2.csv,0,0,0,0,8.954302444
1.77295188,27.71428571,27.75,27.75,27.75,g2,period_data_g2.csv,0,0,0,0,9.849732667
0.02162495,27.71428571,27.75,27.75,27.75,k1D,period_data_k1D.csv,0,0,0,0,0.101525587
0.02378745,27.71428571,27.75,27.75,27.75,k1D,period_data_k1D.csv,0,0,0,0,0.111678169
0.02616619,27.71428571,27.75,27.75,27.75,k1D,period_data_k1D.csv,0,0,0,0,0.122845962
0.02878281,27.71428571,27.75,27.75,27.75,k1D,period_data_k1D.csv,0,0,0,0,0.135130563
0.03166109,27.71428571,27.75,27.75,27.75,k1D,period_data_k1D.csv,0,0,0,0,0.148643615
0.0348272,27.71428571,27.75,27.75,27.75,k1D,period_data_k1D.csv,0,0,0,0,0.163507981
0.03830992,27.71428571,27.75,27.75,27.75,k1D,period_data_k1D.csv,0,0,0,0,0.179858779
0.04214091,27.71428571,27.75,27.75,27.75,k1D,period_data_k1D.csv,0,0,0,0,0.197844648
0.04635501,27.71428571,27.75,27.75,27.75,k1D,period_data_k1D.csv,0,0,0,0,0.217629155
0.05099051,27.71428571,27.75,27.75,27.75,k1D,period_data_k1D.csv,0,0,0,0,0.239392066
0.05608956,27.71428571,27.75,27.75,27.75,k1D,period_data_k1D.csv,0,0,0,0,0.263331268
0.06169851,27.71428571,27.75,27.75,27.75,k1D,period_data_k1D.csv,0,0,0,0,0.289664366
0.06786836,27.71428571,27.75,27.75,27.75,k1D,period_data_k1D.csv,0,0,0,0,0.318630798
0.0746552,27.71428571,27.75,27.75,27.75,k1D,period_data_k1D.csv,0,0,0,0,0.350493897
0.08212072,27.71428571,27.75,27.75,27.75,k1D,period_data_k1D.csv,0,0,0,0,0.385543286
0.09033279,27.71428571,27.75,27.75,27.75,k1D,period_data_k1D.csv,0,0,0,0,0.424097606
0.09936607,27.71428571,27.75,27.75,27.75,k1D,period_data_k1D.csv,0,0,0,0,0.466507371
0.10930268,27.71428571,27.75,27.75,27.75,k1D,period_data_k1D.csv,0,0,0,0,0.513158122
0.12023295,27.71428571,27.75,27.75,27.75,k1D,period_data_k1D.csv,0,0,0,0,0.564473944
0.13225624,27.71428571,27.75,27.75,27.75,k1D,period_data_k1D.csv,0,0,0,0,0.620921315
0.14548187,27.71428571,27.75,27.75,27.75,k1D,period_data_k1D.csv,0,0,0,0,0.683013474
0.16003005,27.71428571,27.75,27.75,27.75,k1D,period_data_k1D.csv,0,0,0,0,0.751314789
0.17603306,27.71428571,27.75,27.75,27.75,k1D,period_data_k1D.csv,0,0,0,0,0.826446291
0.19363636,27.71428571,27.75,27.75,27.75,k1D,period_data_k1D.csv,0,0,0,0,0.909090892
0.213,27.71428571,27.75,27.75,27.75,k1D,period_data_k1D.csv,0,0,0,0,1
0.213,27.71428571,27.75,27.75,27.75,k1D,period_data_k1D.csv,0,0,0,0,1
0.2343,27.71428571,27.75,27.75,27.75,k1D,period_data_k1D.csv,0,0,0,0,1.1
0.25773,27.71428571,27.75,27.75,27.75,k1D,period_data_k1D.csv,0,0,0,0,1.21
0.283503,27.71428571,27.75,27.75,27.75,k1D,period_data_k1D.csv,0,0,0,0,1.331
0.3118533,27.71428571,27.75,27.75,27.75,k1D,period_data_k1D.csv,0,0,0,0,1.4641
0.34303863,27.71428571,27.75,27.75,27.75,k1D,period_data_k1D.csv,0,0,0,0,1.61051
0.37734249,27.71428571,27.75,27.75,27.75,k1D,period_data_k1D.csv,0,0,0,0,1.771560986
0.41507674,27.71428571,27.75,27.75,27.75,k1D,period_data_k1D.csv,0,0,0,0,1.948717089
0.45658442,27.71428571,27.75,27.75,27.75,k1D,period_data_k1D.csv,0,0,0,0,2.143588826
0.50224286,27.71428571,27.75,27.75,27.75,k1D,period_data_k1D.csv,0,0,0,0,2.3579477
0.55246714,27.71428571,27.75,27.75,27.75,k1D,period_data_k1D.csv,0,0,0,0,2.593742441
0.60771386,27.71428571,27.75,27.75,27.75,k1D,period_data_k1D.csv,0,0,0,0,2.853116714
0.66848524,27.71428571,27.75,27.75,27.75,k1D,period_data_k1D.csv,0,0,0,0,3.138428357
0.73533377,27.71428571,27.75,27.75,27.75,k1D,period_data_k1D.csv,0,0,0,0,3.452271221
0.80886715,27.71428571,27.75,27.75,27.75,k1D,period_data_k1D.csv,0,0,0,0,3.797498357
0.88975386,27.71428571,27.75,27.75,27.75,k1D,period_data_k1D.csv,0,0,0,0,4.177248169
0.97872925,27.71428571,27.75,27.75,27.75,k1D,period_data_k1D.csv,0,0,0,0,4.594973005
1.07660217,27.71428571,27.75,27.75,27.75,k1D,period_data_k1D.csv,0,0,0,0,5.054470282
1.18426239,27.71428571,27.75,27.75,27.75,k1D,period_data_k1D.csv,0,0,0,0,5.559917324
1.30268863,27.71428571,27.75,27.75,27.75,k1D,period_data_k1D.csv,0,0,0,0,6.115909061
1.43295749,27.71428571,27.75,27.75,27.75,k1D,period_data_k1D.csv,0,0,0,0,6.727499953
1.57625324,27.71428571,27.75,27.75,27.75,k1D,period_data_k1D.csv,0,0,0,0,7.400249953
1.73387856,27.71428571,27.75,27.75,27.75,k1D,period_data_k1D.csv,0,0,0,0,8.14027493
1.90726642,27.71428571,27.75,27.75,27.75,k1D,period_data_k1D.csv,0,0,0,0,8.954302441
2.09799306,27.71428571,27.75,27.75,27.75,k1D,period_data_k1D.csv,0,0,0,0,9.849732676
0.02909724,,,,,k1L,period_data_k1L.csv,,,,,0.101525611
0.03200696,,,,,k1L,period_data_k1L.csv,,,,,0.111678158
0.03520766,,43,42.75,42.75,k1L,period_data_k1L.csv,,15.25,15,15,0.122845987
0.03872842,41.25,41.25,41.2,41.2,k1L,period_data_k1L.csv,13.53571429,13.5,13.45,13.45,0.135130565
0.04260126,39.8,39.8,39.8,40,k1L,period_data_k1L.csv,12.08571429,12.05,12.05,12.25,0.148643615
0.04686139,38.6,38.6,38.6,38.6,k1L,period_data_k1L.csv,10.88571429,10.85,10.85,10.85,0.16350799
0.05154753,37.83333333,37.8,37.8,37.6,k1L,period_data_k1L.csv,10.11904762,10.05,10.05,9.85,0.179858793
0.05670228,37.6,37.5,37.4,37.4,k1L,period_data_k1L.csv,9.885714286,9.75,9.65,9.65,0.197844662
0.06237251,37.4,37.5,37.4,37.4,k1L,period_data_k1L.csv,9.685714286,9.75,9.65,9.65,0.217629135
0.06860976,37.4,37.6,37.6,37.4,k1L,period_data_k1L.csv,9.685714286,9.85,9.85,9.65,0.239392045
0.07547074,37.2,37.2,37.16666667,37.33333333,k1L,period_data_k1L.csv,9.485714286,9.45,9.416666667,9.583333333,0.263331263
0.08301781,37,37.2,37,37,k1L,period_data_k1L.csv,9.285714286,9.45,9.25,9.25,0.289664375
0.09131959,36.66666667,36.6,36.66666667,36.6,k1L,period_data_k1L.csv,8.952380952,8.85,8.916666667,8.85,0.318630809
0.10045155,36,36.16666667,36,36,k1L,period_data_k1L.csv,8.285714286,8.416666667,8.25,8.25,0.350493894
0.11049671,35.5,35.5,35.6,35.4,k1L,period_data_k1L.csv,7.785714286,7.75,7.85,7.65,0.385543301
0.12154638,34.8,34.66666667,34.83333333,34.83333333,k1L,period_data_k1L.csv,7.085714286,6.916666667,7.083333333,7.083333333,0.424097627
0.13370102,34,34.2,34,34,k1L,period_data_k1L.csv,6.285714286,6.45,6.25,6.25,0.466507397
0.14707112,33.33333333,33.16666667,33.28571429,33.16666667,k1L,period_data_k1L.csv,5.619047619,5.416666667,5.535714286,5.416666667,0.51315813
0.16177823,32.42857143,32.5,32.5,32.5,k1L,period_data_k1L.csv,4.714285714,4.75,4.75,4.75,0.564473936
0.17795605,31.66666667,31.66666667,31.71428571,31.71428571,k1L,period_data_k1L.csv,3.952380952,3.916666667,3.964285714,3.964285714,0.620921319
0.19575166,30.85714286,30.83333333,30.85714286,30.83333333,k1L,period_data_k1L.csv,3.142857143,3.083333333,3.107142857,3.083333333,0.683013468
0.21532682,30,30,30,30,k1L,period_data_k1L.csv,2.285714286,2.25,2.25,2.25,0.751314794
0.2368595,29.28571429,29.28571429,29.28571429,29.28571429,k1L,period_data_k1L.csv,1.571428571,1.535714286,1.535714286,1.535714286,0.826446267
0.26054545,28.5,28.5,28.42857143,28.42857143,k1L,period_data_k1L.csv,0.785714286,0.75,0.678571429,0.678571429,0.909090893
0.2866,27.71428571,27.75,27.75,27.75,k1L,period_data_k1L.csv,0,0,0,0,1
0.2866,27.71428571,27.75,27.75,27.75,k1L,period_data_k1L.csv,0,0,0,0,1
0.31526,27,27,27,27,k1L,period_data_k1L.csv,-0.714285714,-0.75,-0.75,-0.75,1.1
0.346786,26.375,26.375,26.375,26.25,k1L,period_data_k1L.csv,-1.339285714,-1.375,-1.375,-1.5,1.21
0.3814646,25.66666667,25.75,25.625,25.625,k1L,period_data_k1L.csv,-2.047619048,-2,-2.125,-2.125,1.331
0.41961106,25,24.88888889,25,24.88888889,k1L,period_data_k1L.csv,-2.714285714,-2.861111111,-2.75,-2.861111111,1.4641
0.46157217,24.25,24.33333333,24.33333333,24.33333333,k1L,period_data_k1L.csv,-3.464285714,-3.416666667,-3.416666667,-3.416666667,1.610510014
0.50772938,23.77777778,23.77777778,23.66666667,23.8,k1L,period_data_k1L.csv,-3.936507937,-3.972222222,-4.083333333,-3.95,1.771560991
0.55850232,23.22222222,23.11111111,23.22222222,23.22222222,k1L,period_data_k1L.csv,-4.492063492,-4.638888889,-4.527777778,-4.527777778,1.948717097
0.61435255,22.6,22.7,22.55555556,22.55555556,k1L,period_data_k1L.csv,-5.114285714,-5.05,-5.194444444,-5.194444444,2.1435888
0.67578781,22.11111111,22.1,22.1,22.1,k1L,period_data_k1L.csv,-5.603174603,-5.65,-5.65,-5.65,2.357947697
0.74336659,21.6,21.6,21.6,21.6,k1L,period_data_k1L.csv,-6.114285714,-6.15,-6.15,-6.15,2.593742463
0.81770325,21.2,21.1,21.09090909,21.2,k1L,period_data_k1L.csv,-6.514285714,-6.65,-6.659090909,-6.55,2.853116713
0.89947357,20.72727273,20.7,20.7,20.8,k1L,period_data_k1L.csv,-6.987012987,-7.05,-7.05,-6.95,3.138428367
0.98942093,20.36363636,20.36363636,20.4,20.36363636,k1L,period_data_k1L.csv,-7.350649351,-7.386363636,-7.35,-7.386363636,3.452271214
1.08836302,20.09090909,20.09090909,20.09090909,20.18181818,k1L,period_data_k1L.csv,-7.623376623,-7.659090909,-7.659090909,-7.568181818,3.797498325
1.19719933,20.1,20.09090909,20.09090909,20,k1L,period_data_k1L.csv,-7.614285714,-7.659090909,-7.659090909,-7.75,4.177248186
1.31691926,20.125,,20.11111111,,k1L,period_data_k1L.csv,-7.589285714,,-7.638888889,,4.594972994
1.44861118,,,,,k1L,period_data_k1L.csv,,,,,5.054470272
1.5934723,,,,,k1L,period_data_k1L.csv,,,,,5.559917306
1.75281953,,,,,k1L,period_data_k1L.csv,,,,,6.115909037
1.92810149,,,,,k1L,period_data_k1L.csv,,,,,6.727499965
2.12091163,,,,,k1L,period_data_k1L.csv,,,,,7.40024993
2.3330028,,,,,k1L,period_data_k1L.csv,,,,,8.140274948
2.56630308,,,,,k1L,period_data_k1L.csv,,,,,8.954302442
2.82293338,,,,,k1L,period_data_k1L.csv,,,,,9.849732659
0.03553396,,,,,k2,period_data_k2.csv,,,,,0.1015256
0.03908736,,,,,k2,period_data_k2.csv,,,,,0.111678171
0.04299609,,,,,k2,period_data_k2.csv,,,,,0.122845971
0.0472957,,,,,k2,period_data_k2.csv,,,,,0.135130571
0.05202527,,,,,k2,period_data_k2.csv,,,,,0.148643629
0.0572278,,,,,k2,period_data_k2.csv,,,,,0.163508
0.06295058,,,,,k2,period_data_k2.csv,,,,,0.1798588
0.06924563,,,,,k2,period_data_k2.csv,,,,,0.197844657
0.0761702,,,,,k2,period_data_k2.csv,,,,,0.217629143
0.08378722,,,,,k2,period_data_k2.csv,,,,,0.239392057
0.09216594,,,,,k2,period_data_k2.csv,,,,,0.263331257
0.10138253,,,,,k2,period_data_k2.csv,,,,,0.289664371
0.11152079,,,,,k2,period_data_k2.csv,,,,,0.318630829
0.12267286,,,,,k2,period_data_k2.csv,,,,,0.350493886
0.13494015,,,,,k2,period_data_k2.csv,,,,,0.385543286
0.14843417,30.28571429,30.14285714,30.16666667,30.16666667,k2,period_data_k2.csv,2.571428571,2.392857143,2.416666667,2.416666667,0.424097629
0.16327758,29.14285714,29,29.14285714,29.14285714,k2,period_data_k2.csv,1.428571429,1.25,1.392857143,1.392857143,0.466507371
0.17960534,28.42857143,28.42857143,28.375,28.5,k2,period_data_k2.csv,0.714285714,0.678571429,0.625,0.75,0.513158114
0.19756588,28.42857143,28.42857143,28.28571429,28.42857143,k2,period_data_k2.csv,0.714285714,0.678571429,0.535714286,0.678571429,0.564473943
0.21732246,28.375,28.42857143,28.42857143,28.42857143,k2,period_data_k2.csv,0.660714286,0.678571429,0.678571429,0.678571429,0.620921314
0.23905471,28.375,28.42857143,28.28571429,28.28571429,k2,period_data_k2.csv,0.660714286,0.678571429,0.535714286,0.535714286,0.683013457
0.26296018,28.25,28.14285714,28.28571429,28.28571429,k2,period_data_k2.csv,0.535714286,0.392857143,0.535714286,0.535714286,0.7513148
0.2892562,28.125,28.125,28.14285714,28.14285714,k2,period_data_k2.csv,0.410714286,0.375,0.392857143,0.392857143,0.826446286
0.31818182,28,28,27.85714286,27.875,k2,period_data_k2.csv,0.285714286,0.25,0.107142857,0.125,0.909090914
0.35,27.71428571,27.75,27.75,27.75,k2,period_data_k2.csv,0,0,0,0,1
0.385,27.57142857,27.5,27.5,27.5,k2,period_data_k2.csv,-0.142857143,-0.25,-0.25,-0.25,1.1
0.4235,27.375,27.28571429,27.375,27.375,k2,period_data_k2.csv,-0.339285714,-0.464285714,-0.375,-0.375,1.21
0.46585,27.25,27.14285714,27.25,27.125,k2,period_data_k2.csv,-0.464285714,-0.607142857,-0.5,-0.625,1.331
0.512435,27.125,27,27.125,27.14285714,k2,period_data_k2.csv,-0.589285714,-0.75,-0.625,-0.607142857,1.4641
0.5636785,27.125,27,27,27,k2,period_data_k2.csv,-0.589285714,-0.75,-0.75,-0.75,1.61051
0.62004635,27.125,27,27,27,k2,period_data_k2.csv,-0.589285714,-0.75,-0.75,-0.75,1.771561
0.68205099,27.125,27.125,27.14285714,27,k2,period_data_k2.csv,-0.589285714,-0.625,-0.607142857,-0.75,1.948717114
0.75025608,27.25,27.25,27.25,27.14285714,k2,period_data_k2.csv,-0.464285714,-0.5,-0.5,-0.607142857,2.1435888
0.82528169,27.375,27.42857143,27.375,27.375,k2,period_data_k2.csv,-0.339285714,-0.321428571,-0.375,-0.375,2.357947686
0.90780986,27.875,27.85714286,27.875,27.75,k2,period_data_k2.csv,0.160714286,0.107142857,0.125,0,2.593742457
0.99859085,28.14285714,28.25,28.125,28.25,k2,period_data_k2.csv,0.428571429,0.5,0.375,0.5,2.853116714
1.09844993,28.57142857,28.625,28.71428571,28.57142857,k2,period_data_k2.csv,0.857142857,0.875,0.964285714,0.821428571,3.138428371
1.20829493,29,29.14285714,29.14285714,29.14285714,k2,period_data_k2.csv,1.285714286,1.392857143,1.392857143,1.392857143,3.452271229
1.32912442,29.57142857,29.42857143,29.57142857,29.57142857,k2,period_data_k2.csv,1.857142857,1.678571429,1.821428571,1.821428571,3.797498343
1.46203686,29.71428571,29.57142857,29.71428571,29.57142857,k2,period_data_k2.csv,2,1.821428571,1.964285714,1.821428571,4.177248171
1.60824055,29.42857143,29.42857143,29.42857143,29.42857143,k2,period_data_k2.csv,1.714285714,1.678571429,1.678571429,1.678571429,4.594973
1.7690646,28.71428571,28.85714286,28.71428571,28.85714286,k2,period_data_k2.csv,1,1.107142857,0.964285714,1.107142857,5.054470286
1.94597106,,,,,k2,period_data_k2.csv,,,,,5.559917314
2.14056817,,,,,k2,period_data_k2.csv,,,,,6.115909057
2.35462498,,,,,k2,period_data_k2.csv,,,,,6.727499943
2.59008748,,,,,k2,period_data_k2.csv,,,,,7.400249943
2.84909623,,,,,k2,period_data_k2.csv,,,,,8.140274943
3.13400585,,,,,k2,period_data_k2.csv,,,,,8.954302429
3.44740644,,,,,k2,period_data_k2.csv,,,,,9.849732686
0.05907775,43,43,43.25,43,k3,period_data_k3.csv,15.28571429,15.25,15.5,15.25,0.101525606
0.06498552,42.5,42.6,42.25,42.6,k3,period_data_k3.csv,14.78571429,14.85,14.5,14.85,0.111678158
0.07148407,41.75,41.8,41.8,41.8,k3,period_data_k3.csv,14.03571429,14.05,14.05,14.05,0.12284597
0.07863248,40.8,40.8,40.8,41,k3,period_data_k3.csv,13.08571429,13.05,13.05,13.25,0.135130572
0.08649573,40,40,40,40,k3,period_data_k3.csv,12.28571429,12.25,12.25,12.25,0.148643633
0.0951453,39,38.8,39,39,k3,period_data_k3.csv,11.28571429,11.05,11.25,11.25,0.163507991
0.10465983,38,38,38,37.8,k3,period_data_k3.csv,10.28571429,10.25,10.25,10.05,0.17985879
0.11512581,37,37,37,37,k3,period_data_k3.csv,9.285714286,9.25,9.25,9.25,0.197844664
0.12663839,36,36,36,36,k3,period_data_k3.csv,8.285714286,8.25,8.25,8.25,0.217629129
0.13930223,35,35.2,35,35.16666667,k3,period_data_k3.csv,7.285714286,7.45,7.25,7.416666667,0.239392043
0.15323246,34.33333333,34.33333333,34.16666667,34.33333333,k3,period_data_k3.csv,6.619047619,6.583333333,6.416666667,6.583333333,0.26333126
0.1685557,33.5,33.33333333,33.5,33.33333333,k3,period_data_k3.csv,5.785714286,5.583333333,5.75,5.583333333,0.289664375
0.18541127,32.71428571,32.66666667,32.66666667,32.66666667,k3,period_data_k3.csv,5,4.916666667,4.916666667,4.916666667,0.318630813
0.2039524,32,32,32,32,k3,period_data_k3.csv,4.285714286,4.25,4.25,4.25,0.350493899
0.22434764,31.33333333,31.42857143,31.42857143,31.42857143,k3,period_data_k3.csv,3.619047619,3.678571429,3.678571429,3.678571429,0.385543289
0.2467824,30.85714286,30.83333333,30.85714286,30.85714286,k3,period_data_k3.csv,3.142857143,3.083333333,3.107142857,3.107142857,0.424097611
0.27146064,30.28571429,30.28571429,30.28571429,30.28571429,k3,period_data_k3.csv,2.571428571,2.535714286,2.535714286,2.535714286,0.466507372
0.29860671,29.85714286,29.85714286,29.85714286,29.85714286,k3,period_data_k3.csv,2.142857143,2.107142857,2.107142857,2.107142857,0.51315812
0.32846738,29.28571429,29.42857143,29.42857143,29.42857143,k3,period_data_k3.csv,1.571428571,1.678571429,1.678571429,1.678571429,0.56447393
0.36131412,29.14285714,29,29,29.14285714,k3,period_data_k3.csv,1.428571429,1.25,1.25,1.392857143,0.620921327
0.39744553,28.625,28.71428571,28.71428571,28.71428571,k3,period_data_k3.csv,0.910714286,0.964285714,0.964285714,0.964285714,0.683013456
0.43719008,28.5,28.5,28.42857143,28.42857143,k3,period_data_k3.csv,0.785714286,0.75,0.678571429,0.678571429,0.751314796
0.48090909,28.14285714,28.125,28.14285714,28.125,k3,period_data_k3.csv,0.428571429,0.375,0.392857143,0.375,0.826446279
0.529,27.85714286,28,28,28,k3,period_data_k3.csv,0.142857143,0.25,0.25,0.25,0.909090909
0.5819,27.71428571,27.75,27.75,27.75,k3,period_data_k3.csv,0,0,0,0,1
0.64009,27.57142857,27.625,27.5,27.5,k3,period_data_k3.csv,-0.142857143,-0.125,-0.25,-0.25,1.1
0.704099,27.42857143,27.5,27.375,27.375,k3,period_data_k3.csv,-0.285714286,-0.25,-0.375,-0.375,1.21
0.7745089,27.28571429,27.375,27.375,27.375,k3,period_data_k3.csv,-0.428571429,-0.375,-0.375,-0.375,1.331
0.85195979,27.28571429,27.375,27.25,27.375,k3,period_data_k3.csv,-0.428571429,-0.375,-0.5,-0.375,1.4641
0.93715577,27.25,27.28571429,27.125,27.25,k3,period_data_k3.csv,-0.464285714,-0.464285714,-0.625,-0.5,1.610510002
1.03087135,27.25,27.14285714,27.25,27.125,k3,period_data_k3.csv,-0.464285714,-0.607142857,-0.5,-0.625,1.771561007
1.13395848,27.125,27.14285714,27.125,27.25,k3,period_data_k3.csv,-0.589285714,-0.607142857,-0.625,-0.5,1.948717099
1.24735433,27.125,27.14285714,27.125,27.125,k3,period_data_k3.csv,-0.589285714,-0.607142857,-0.625,-0.625,2.143588813
1.37208976,27.125,27.14285714,27,27.125,k3,period_data_k3.csv,-0.589285714,-0.607142857,-0.75,-0.625,2.357947689
1.50929874,27,27.14285714,27,27.125,k3,period_data_k3.csv,-0.714285714,-0.607142857,-0.75,-0.625,2.593742464
1.66022861,27,27.14285714,27,27.125,k3,period_data_k3.csv,-0.714285714,-0.607142857,-0.75,-0.625,2.853116704
1.82625147,27,27.14285714,27.125,27.125,k3,period_data_k3.csv,-0.714285714,-0.607142857,-0.625,-0.625,3.138428373
2.00887662,27,27.14285714,27.125,27.125,k3,period_data_k3.csv,-0.714285714,-0.607142857,-0.625,-0.625,3.452271215
2.20976428,27,27.14285714,27.125,27.125,k3,period_data_k3.csv,-0.714285714,-0.607142857,-0.625,-0.625,3.797498333
2.43074071,27,27.14285714,27.125,27.125,k3,period_data_k3.csv,-0.714285714,-0.607142857,-0.625,-0.625,4.17724817
2.67381478,27,27.14285714,27.125,27.125,k3,period_data_k3.csv,-0.714285714,-0.607142857,-0.625,-0.625,4.594972985
2.94119626,27,27.14285714,27.125,27.125,k3,period_data_k3.csv,-0.714285714,-0.607142857,-0.625,-0.625,5.054470287
3.23531588,27,27.14285714,27.125,27.125,k3,period_data_k3.csv,-0.714285714,-0.607142857,-0.625,-0.625,5.559917305
3.55884747,27,27.14285714,27.125,27.125,k3,period_data_k3.csv,-0.714285714,-0.607142857,-0.625,-0.625,6.115909039
3.91473222,27,27.14285714,27.125,27.125,k3,period_data_k3.csv,-0.714285714,-0.607142857,-0.625,-0.625,6.727499948
4.30620544,27,27.14285714,27.125,27.125,k3,period_data_k3.csv,-0.714285714,-0.607142857,-0.625,-0.625,7.40024994
4.73682599,27,27.14285714,27.125,27.125,k3,period_data_k3.csv,-0.714285714,-0.607142857,-0.625,-0.625,8.140274944
5.21050859,27,27.14285714,27.125,27.125,k3,period_data_k3.csv,-0.714285714,-0.607142857,-0.625,-0.625,8.95430244
5.73155944,27,27.14285714,27.125,27.125,k3,period_data_k3.csv,-0.714285714,-0.607142857,-0.625,-0.625,9.849732669
0.09391118,61,61,61,61,k4,period_data_k4.csv,33.28571429,33.25,33.25,33.25,0.1015256
0.1033023,58,58,58.33333333,58,k4,period_data_k4.csv,30.28571429,30.25,30.58333333,30.25,0.111678162
0.11363253,55,55,55,55,k4,period_data_k4.csv,27.28571429,27.25,27.25,27.25,0.122845978
0.12499578,52.33333333,52.25,52,52,k4,period_data_k4.csv,24.61904762,24.5,24.25,24.25,0.135130573
0.13749536,49.25,49.33333333,49.25,49.25,k4,period_data_k4.csv,21.53571429,21.58333333,21.5,21.5,0.148643632
0.15124489,46.75,46.75,46.75,46.75,k4,period_data_k4.csv,19.03571429,19,19,19,0.163507989
0.16636938,44.5,44.5,44.5,44.5,k4,period_data_k4.csv,16.78571429,16.75,16.75,16.75,0.179858789
0.18300632,42.5,42.4,42.6,42.6,k4,period_data_k4.csv,14.78571429,14.65,14.85,14.85,0.19784467
0.20130695,40.6,40.75,40.6,40.6,k4,period_data_k4.csv,12.88571429,13,12.85,12.85,0.217629135
0.22143765,39,39,39.2,39.2,k4,period_data_k4.csv,11.28571429,11.25,11.45,11.45,0.239392054
0.24358141,37.66666667,37.8,37.8,37.8,k4,period_data_k4.csv,9.952380952,10.05,10.05,10.05,0.263331254
0.26793955,36.4,36.5,36.33333333,36.5,k4,period_data_k4.csv,8.685714286,8.75,8.583333333,8.75,0.289664378
0.29473351,35.33333333,35.33333333,35.33333333,35.33333333,k4,period_data_k4.csv,7.619047619,7.583333333,7.583333333,7.583333333,0.318630822
0.32420686,34.33333333,34.33333333,34.33333333,34.2,k4,period_data_k4.csv,6.619047619,6.583333333,6.583333333,6.45,0.350493903
0.35662754,33.33333333,33.33333333,33.5,33.5,k4,period_data_k4.csv,5.619047619,5.583333333,5.75,5.75,0.385543286
0.3922903,32.57142857,32.66666667,32.5,32.5,k4,period_data_k4.csv,4.857142857,4.916666667,4.75,4.75,0.424097622
0.43151933,31.83333333,32,31.83333333,31.85714286,k4,period_data_k4.csv,4.119047619,4.25,4.083333333,4.107142857,0.466507384
0.47467126,31.16666667,31.14285714,31.14285714,31.28571429,k4,period_data_k4.csv,3.452380952,3.392857143,3.392857143,3.535714286,0.513158119
0.52213839,30.57142857,30.5,30.57142857,30.57142857,k4,period_data_k4.csv,2.857142857,2.75,2.821428571,2.821428571,0.564473935
0.57435222,30,30,30,30,k4,period_data_k4.csv,2.285714286,2.25,2.25,2.25,0.620921319
0.63178745,29.42857143,29.42857143,29.42857143,29.42857143,k4,period_data_k4.csv,1.714285714,1.678571429,1.678571429,1.678571429,0.683013459
0.69496619,29,29,29,29,k4,period_data_k4.csv,1.285714286,1.25,1.25,1.25,0.7513148
0.76446281,28.625,28.42857143,28.57142857,28.57142857,k4,period_data_k4.csv,0.910714286,0.678571429,0.821428571,0.821428571,0.826446281
0.84090909,28.14285714,28.125,28.14285714,28.125,k4,period_data_k4.csv,0.428571429,0.375,0.392857143,0.375,0.909090908
0.925,27.71428571,27.75,27.75,27.75,k4,period_data_k4.csv,0,0,0,0,1
1.0175,27.42857143,27.5,27.375,27.375,k4,period_data_k4.csv,-0.285714286,-0.25,-0.375,-0.375,1.1
1.11925,27.125,27.14285714,27.125,27.125,k4,period_data_k4.csv,-0.589285714,-0.607142857,-0.625,-0.625,1.21
1.231175,26.75,26.85714286,26.75,26.75,k4,period_data_k4.csv,-0.964285714,-0.892857143,-1,-1,1.331
1.3542925,26.625,26.625,26.625,26.625,k4,period_data_k4.csv,-1.089285714,-1.125,-1.125,-1.125,1.4641
1.48972175,26.25,26.25,26.25,26.375,k4,period_data_k4.csv,-1.464285714,-1.5,-1.5,-1.375,1.61051
1.63869393,26,26.125,26.125,26.125,k4,period_data_k4.csv,-1.714285714,-1.625,-1.625,-1.625,1.771561005
1.80256332,25.875,26,25.875,25.875,k4,period_data_k4.csv,-1.839285714,-1.75,-1.875,-1.875,1.948717103
1.98281965,25.75,25.625,25.75,25.75,k4,period_data_k4.csv,-1.964285714,-2.125,-2,-2,2.143588811
2.18110161,25.625,25.5,25.625,25.5,k4,period_data_k4.csv,-2.089285714,-2.25,-2.125,-2.25,2.357947686
2.39921178,25.375,25.375,25.375,25.375,k4,period_data_k4.csv,-2.339285714,-2.375,-2.375,-2.375,2.593742465
2.63913295,25.22222222,25.25,25.25,25.25,k4,period_data_k4.csv,-2.492063492,-2.5,-2.5,-2.5,2.853116703
2.90304625,25.11111111,25.125,25.25,25.125,k4,period_data_k4.csv,-2.603174603,-2.625,-2.5,-2.625,3.138428378
3.19335087,25.11111111,25,25,25.125,k4,period_data_k4.csv,-2.603174603,-2.75,-2.75,-2.625,3.452271211
3.51268596,24.88888889,24.875,24.875,25,k4,period_data_k4.csv,-2.825396825,-2.875,-2.875,-2.75,3.797498335
3.86395456,24.77777778,24.875,24.75,24.875,k4,period_data_k4.csv,-2.936507937,-2.875,-3,-2.875,4.177248173
4.25035001,24.77777778,24.66666667,24.625,24.625,k4,period_data_k4.csv,-2.936507937,-3.083333333,-3.125,-3.125,4.594972984
4.67538501,24.66666667,24.66666667,24.625,24.625,k4,period_data_k4.csv,-3.047619048,-3.083333333,-3.125,-3.125,5.054470281
5.14292351,24.55555556,24.66666667,24.625,24.625,k4,period_data_k4.csv,-3.158730159,-3.083333333,-3.125,-3.125,5.559917308
5.65721587,24.66666667,24.625,24.625,24.75,k4,period_data_k4.csv,-3.047619048,-3.125,-3.125,-3,6.115909049
6.22293745,24.66666667,24.625,24.75,24.75,k4,period_data_k4.csv,-3.047619048,-3.125,-3,-3,6.727499946
6.8452312,24.77777778,24.875,24.75,24.875,k4,period_data_k4.csv,-2.936507937,-2.875,-3,-2.875,7.400249946
7.52975432,25,24.875,25,24.875,k4,period_data_k4.csv,-2.714285714,-2.875,-2.75,-2.875,8.140274941
8.28272975,25,25,25,25,k4,period_data_k4.csv,-2.714285714,-2.75,-2.75,-2.75,8.954302432
9.11100273,25.125,25,25.11111111,25.11111111,k4,period_data_k4.csv,-2.589285714,-2.75,-2.638888889,-2.638888889,9.849732681
0.01615272,27.71428571,27.75,27.75,27.75,k5,period_data_k5.csv,0,0,0,0,0.101525581
0.01776799,27.71428571,27.75,27.75,27.75,k5,period_data_k5.csv,0,0,0,0,0.111678127
0.01954479,27.71428571,27.75,27.75,27.75,k5,period_data_k5.csv,0,0,0,0,0.122845946
0.02149927,27.71428571,27.75,27.75,27.75,k5,period_data_k5.csv,0,0,0,0,0.135130547
0.0236492,27.71428571,27.75,27.75,27.75,k5,period_data_k5.csv,0,0,0,0,0.14864362
0.02601412,27.71428571,27.75,27.75,27.75,k5,period_data_k5.csv,0,0,0,0,0.163507982
0.02861553,27.71428571,27.75,27.75,27.75,k5,period_data_k5.csv,0,0,0,0,0.179858768
0.03147709,27.71428571,27.75,27.75,27.75,k5,period_data_k5.csv,0,0,0,0,0.197844689
0.0346248,27.71428571,27.75,27.75,27.75,k5,period_data_k5.csv,0,0,0,0,0.217629164
0.03808728,27.71428571,27.75,27.75,27.75,k5,period_data_k5.csv,0,0,0,0,0.23939208
0.041896,27.71428571,27.75,27.75,27.75,k5,period_data_k5.csv,0,0,0,0,0.263331238
0.0460856,27.71428571,27.75,27.75,27.75,k5,period_data_k5.csv,0,0,0,0,0.289664362
0.05069416,27.71428571,27.75,27.75,27.75,k5,period_data_k5.csv,0,0,0,0,0.318630798
0.05576358,27.71428571,27.75,27.75,27.75,k5,period_data_k5.csv,0,0,0,0,0.350493903
0.06133994,27.71428571,27.75,27.75,27.75,k5,period_data_k5.csv,0,0,0,0,0.385543306
0.06747393,27.71428571,27.75,27.75,27.75,k5,period_data_k5.csv,0,0,0,0,0.424097612
0.07422132,27.71428571,27.75,27.75,27.75,k5,period_data_k5.csv,0,0,0,0,0.466507354
0.08164346,27.71428571,27.75,27.75,27.75,k5,period_data_k5.csv,0,0,0,0,0.51315814
0.0898078,27.71428571,27.75,27.75,27.75,k5,period_data_k5.csv,0,0,0,0,0.564473916
0.09878858,27.71428571,27.75,27.75,27.75,k5,period_data_k5.csv,0,0,0,0,0.620921307
0.10866744,27.71428571,27.75,27.75,27.75,k5,period_data_k5.csv,0,0,0,0,0.683013451
0.11953418,27.71428571,27.75,27.75,27.75,k5,period_data_k5.csv,0,0,0,0,0.751314771
0.1314876,27.71428571,27.75,27.75,27.75,k5,period_data_k5.csv,0,0,0,0,0.82644626
0.14463636,27.71428571,27.75,27.75,27.75,k5,period_data_k5.csv,0,0,0,0,0.909090886
0.1591,27.71428571,27.75,27.75,27.75,k5,period_data_k5.csv,0,0,0,0,1
0.17501,27.71428571,27.75,27.75,27.75,k5,period_data_k5.csv,0,0,0,0,1.1
0.192511,27.71428571,27.75,27.75,27.75,k5,period_data_k5.csv,0,0,0,0,1.21
0.2117621,27.71428571,27.75,27.75,27.75,k5,period_data_k5.csv,0,0,0,0,1.331
0.23293831,27.71428571,27.75,27.75,27.75,k5,period_data_k5.csv,0,0,0,0,1.4641
0.25623214,27.71428571,27.75,27.75,27.75,k5,period_data_k5.csv,0,0,0,0,1.610509994
0.28185536,27.71428571,27.75,27.75,27.75,k5,period_data_k5.csv,0,0,0,0,1.771561031
0.31004089,27.71428571,27.75,27.75,27.75,k5,period_data_k5.csv,0,0,0,0,1.948717096
0.34104498,27.71428571,27.75,27.75,27.75,k5,period_data_k5.csv,0,0,0,0,2.143588812
0.37514948,27.71428571,27.75,27.75,27.75,k5,period_data_k5.csv,0,0,0,0,2.357947706
0.41266443,27.71428571,27.75,27.75,27.75,k5,period_data_k5.csv,0,0,0,0,2.593742489
0.45393087,27.71428571,27.75,27.75,27.75,k5,period_data_k5.csv,0,0,0,0,2.853116719
0.49932395,27.71428571,27.75,27.75,27.75,k5,period_data_k5.csv,0,0,0,0,3.138428347
0.54925635,27.71428571,27.75,27.75,27.75,k5,period_data_k5.csv,0,0,0,0,3.452271213
0.60418199,27.71428571,27.75,27.75,27.75,k5,period_data_k5.csv,0,0,0,0,3.797498366
0.66460018,27.71428571,27.75,27.75,27.75,k5,period_data_k5.csv,0,0,0,0,4.177248146
0.7310602,27.71428571,27.75,27.75,27.75,k5,period_data_k5.csv,0,0,0,0,4.594972973
0.80416622,27.71428571,27.75,27.75,27.75,k5,period_data_k5.csv,0,0,0,0,5.05447027
0.88458284,27.71428571,27.75,27.75,27.75,k5,period_data_k5.csv,0,0,0,0,5.559917285
0.97304113,27.71428571,27.75,27.75,27.75,k5,period_data_k5.csv,0,0,0,0,6.115909051
1.07034524,27.71428571,27.75,27.75,27.75,k5,period_data_k5.csv,0,0,0,0,6.727499937
1.17737977,27.71428571,27.75,27.75,27.75,k5,period_data_k5.csv,0,0,0,0,7.400249969
1.29511774,27.71428571,27.75,27.75,27.75,k5,period_data_k5.csv,0,0,0,0,8.140274921
1.42462952,27.71428571,27.75,27.75,27.75,k5,period_data_k5.csv,0,0,0,0,8.954302451
1.56709247,27.71428571,27.75,27.75,27.75,k5,period_data_k5.csv,0,0,0,0,9.849732684
0.71067919,27.71428571,27.75,27.75,27.75,kd,period_data_kd.csv,0,0,0,0,0.101525599
0.7817471,27.71428571,27.75,27.75,27.75,kd,period_data_kd.csv,0,0,0,0,0.111678157
0.85992182,27.71428571,27.75,27.75,27.75,kd,period_data_kd.csv,0,0,0,0,0.122845974
0.945914,27.71428571,27.75,27.75,27.75,kd,period_data_kd.csv,0,0,0,0,0.135130571
1.0405054,27.71428571,27.75,27.75,27.75,kd,period_data_kd.csv,0,0,0,0,0.148643629
1.14455594,27.71428571,27.75,27.75,27.75,kd,period_data_kd.csv,0,0,0,0,0.163507991
1.25901153,27.71428571,27.75,27.75,27.75,kd,period_data_kd.csv,0,0,0,0,0.17985879
1.38491268,27.71428571,27.75,27.75,27.75,kd,period_data_kd.csv,0,0,0,0,0.197844669
1.52340395,27.71428571,27.75,27.75,27.75,kd,period_data_kd.csv,0,0,0,0,0.217629136
1.67574435,27.71428571,27.75,27.75,27.75,kd,period_data_kd.csv,0,0,0,0,0.23939205
1.84331878,27.71428571,27.75,27.75,27.75,kd,period_data_kd.csv,0,0,0,0,0.263331254
2.02765066,27.71428571,27.75,27.75,27.75,kd,period_data_kd.csv,0,0,0,0,0.28966438
2.23041572,27.71428571,27.75,27.75,27.75,kd,period_data_kd.csv,0,0,0,0,0.318630817
2.4534573,27.71428571,27.75,27.75,27.75,kd,period_data_kd.csv,0,0,0,0,0.3504939
2.69880303,27.71428571,27.75,27.75,27.75,kd,period_data_kd.csv,0,0,0,0,0.38554329
2.96868333,27.71428571,27.75,27.75,27.75,kd,period_data_kd.csv,0,0,0,0,0.424097619
3.26555166,27.71428571,27.75,27.75,27.75,kd,period_data_kd.csv,0,0,0,0,0.46650738
3.59210683,27.71428571,27.75,27.75,27.75,kd,period_data_kd.csv,0,0,0,0,0.513158119
3.95131751,27.71428571,27.75,27.75,27.75,kd,period_data_kd.csv,0,0,0,0,0.56447393
4.34644926,27.71428571,27.75,27.75,27.75,kd,period_data_kd.csv,0,0,0,0,0.620921323
4.78109419,27.71428571,27.75,27.75,27.75,kd,period_data_kd.csv,0,0,0,0,0.683013456
5.25920361,27.71428571,27.75,27.75,27.75,kd,period_data_kd.csv,0,0,0,0,0.751314801
5.78512397,27.71428571,27.75,27.75,27.75,kd,period_data_kd.csv,0,0,0,0,0.826446281
6.36363636,27.71428571,27.75,27.75,27.75,kd,period_data_kd.csv,0,0,0,0,0.909090909
7,27.71428571,27.75,27.75,27.75,kd,period_data_kd.csv,0,0,0,0,1
7.7,27.71428571,27.75,27.75,27.75,kd,period_data_kd.csv,0,0,0,0,1.1
8.47,27.71428571,27.75,27.75,27.75,kd,period_data_kd.csv,0,0,0,0,1.21
9.317,27.71428571,27.75,27.75,27.75,kd,period_data_kd.csv,0,0,0,0,1.331
10.2487,27.71428571,27.75,27.75,27.75,kd,period_data_kd.csv,0,0,0,0,1.4641
11.27357,27.71428571,27.75,27.75,27.75,kd,period_data_kd.csv,0,0,0,0,1.61051
12.400927,27.71428571,27.75,27.75,27.75,kd,period_data_kd.csv,0,0,0,0,1.771561
13.6410197,27.71428571,27.75,27.75,27.75,kd,period_data_kd.csv,0,0,0,0,1.9487171
15.00512167,27.71428571,27.75,27.75,27.75,kd,period_data_kd.csv,0,0,0,0,2.14358881
16.50563384,27.71428571,27.75,27.625,27.625,kd,period_data_kd.csv,0,0,-0.125,-0.125,2.357947691
18.15619722,27.71428571,27.75,27.625,27.625,kd,period_data_kd.csv,0,0,-0.125,-0.125,2.59374246
19.97181694,27.71428571,27.75,27.625,27.625,kd,period_data_kd.csv,0,0,-0.125,-0.125,2.853116706
21.96899864,27.71428571,27.625,27.625,27.625,kd,period_data_kd.csv,0,-0.125,-0.125,-0.125,3.138428377
24.1658985,27.71428571,27.625,27.625,27.625,kd,period_data_kd.csv,0,-0.125,-0.125,-0.125,3.452271214
26.58248835,27.71428571,27.625,27.625,27.625,kd,period_data_kd.csv,0,-0.125,-0.125,-0.125,3.797498336
29.24073719,27.57142857,27.625,27.625,27.75,kd,period_data_kd.csv,-0.142857143,-0.125,-0.125,0,4.17724817
32.1648109,27.57142857,27.625,27.75,27.75,kd,period_data_kd.csv,-0.142857143,-0.125,0,0,4.594972986
35.38129199,27.57142857,27.625,27.75,27.75,kd,period_data_kd.csv,-0.142857143,-0.125,0,0,5.054470284
38.91942119,27.57142857,27.625,27.75,27.75,kd,period_data_kd.csv,-0.142857143,-0.125,0,0,5.559917313
42.81136331,27.71428571,27.75,27.625,27.625,kd,period_data_kd.csv,0,0,-0.125,-0.125,6.115909044
47.09249965,27.71428571,27.625,27.625,27.625,kd,period_data_kd.csv,0,-0.125,-0.125,-0.125,6.72749995
51.80174961,27.71428571,27.625,27.625,27.625,kd,period_data_kd.csv,0,-0.125,-0.125,-0.125,7.400249944
56.98192457,27.57142857,27.625,27.625,27.625,kd,period_data_kd.csv,-0.142857143,-0.125,-0.125,-0.125,8.140274939
62.68011703,27.57142857,27.625,27.625,27.625,kd,period_data_kd.csv,-0.142857143,-0.125,-0.125,-0.125,8.954302433
68.94812873,27.57142857,27.625,27.625,27.625,kd,period_data_kd.csv,-0.142857143,-0.125,-0.125,-0.125,9.849732676
1361.052167,27.57142857,27.5,27.5,27.5,kmcc,period_data_kmcc.csv,-0.142857143,-0.25,-0.25,-0.25,0.101525598
1497.157383,27.57142857,27.625,27.5,27.5,kmcc,period_data_kmcc.csv,-0.142857143,-0.125,-0.25,-0.25,0.111678158
1646.873122,27.57142857,27.625,27.625,27.625,kmcc,period_data_kmcc.csv,-0.142857143,-0.125,-0.125,-0.125,0.122845974
1811.560434,27.57142857,27.625,27.625,27.625,kmcc,period_data_kmcc.csv,-0.142857143,-0.125,-0.125,-0.125,0.135130571
1992.716477,27.57142857,27.625,27.625,27.625,kmcc,period_data_kmcc.csv,-0.142857143,-0.125,-0.125,-0.125,0.148643628
2191.988125,27.71428571,27.625,27.625,27.625,kmcc,period_data_kmcc.csv,0,-0.125,-0.125,-0.125,0.163507991
2411.186938,27.71428571,27.625,27.625,27.625,kmcc,period_data_kmcc.csv,0,-0.125,-0.125,-0.125,0.17985879
2652.305631,27.71428571,27.625,27.625,27.625,kmcc,period_data_kmcc.csv,0,-0.125,-0.125,-0.125,0.197844669
2917.536194,27.71428571,27.75,27.625,27.625,kmcc,period_data_kmcc.csv,0,0,-0.125,-0.125,0.217629136
3209.289814,27.71428571,27.75,27.625,27.625,kmcc,period_data_kmcc.csv,0,0,-0.125,-0.125,0.239392049
3530.218795,27.71428571,27.75,27.75,27.75,kmcc,period_data_kmcc.csv,0,0,0,0,0.263331254
3883.240675,27.71428571,27.75,27.75,27.75,kmcc,period_data_kmcc.csv,0,0,0,0,0.28966438
4271.564742,27.71428571,27.75,27.75,27.75,kmcc,period_data_kmcc.csv,0,0,0,0,0.318630818
4698.721216,27.71428571,27.75,27.75,27.75,kmcc,period_data_kmcc.csv,0,0,0,0,0.350493899
5168.593338,27.71428571,27.75,27.75,27.75,kmcc,period_data_kmcc.csv,0,0,0,0,0.385543289
5685.452672,27.71428571,27.75,27.75,27.75,kmcc,period_data_kmcc.csv,0,0,0,0,0.424097618
6253.997939,27.71428571,27.75,27.75,27.75,kmcc,period_data_kmcc.csv,0,0,0,0,0.46650738
6879.397733,27.71428571,27.75,27.75,27.75,kmcc,period_data_kmcc.csv,0,0,0,0,0.513158118
7567.337506,27.71428571,27.75,27.75,27.75,kmcc,period_data_kmcc.csv,0,0,0,0,0.56447393
8324.071257,27.71428571,27.75,27.75,27.75,kmcc,period_data_kmcc.csv,0,0,0,0,0.620921323
9156.478383,27.71428571,27.75,27.75,27.75,kmcc,period_data_kmcc.csv,0,0,0,0,0.683013455
10072.12622,27.71428571,27.75,27.75,27.75,kmcc,period_data_kmcc.csv,0,0,0,0,0.751314801
11079.33884,27.71428571,27.75,27.75,27.75,kmcc,period_data_kmcc.csv,0,0,0,0,0.826446281
12187.27273,27.71428571,27.75,27.75,27.75,kmcc,period_data_kmcc.csv,0,0,0,0,0.909090909
13406,27.71428571,27.75,27.75,27.75,kmcc,period_data_kmcc.csv,0,0,0,0,1
14746.6,27.71428571,27.75,27.75,27.75,kmcc,period_data_kmcc.csv,0,0,0,0,1.1
16221.26,27.71428571,27.75,27.75,27.75,kmcc,period_data_kmcc.csv,0,0,0,0,1.21
17843.386,27.71428571,27.75,27.75,27.75,kmcc,period_data_kmcc.csv,0,0,0,0,1.331
19627.7246,27.71428571,27.75,27.75,27.75,kmcc,period_data_kmcc.csv,0,0,0,0,1.4641
21590.49706,27.71428571,27.75,27.75,27.75,kmcc,period_data_kmcc.csv,0,0,0,0,1.61051
23749.54677,27.71428571,27.75,27.75,27.75,kmcc,period_data_kmcc.csv,0,0,0,0,1.771561
26124.50144,27.71428571,27.75,27.75,27.75,kmcc,period_data_kmcc.csv,0,0,0,0,1.9487171
28736.95159,27.71428571,27.75,27.75,27.75,kmcc,period_data_kmcc.csv,0,0,0,0,2.14358881
31610.64675,27.71428571,27.75,27.75,27.875,kmcc,period_data_kmcc.csv,0,0,0,0.125,2.357947691
34771.71142,27.71428571,27.75,27.875,27.875,kmcc,period_data_kmcc.csv,0,0,0.125,0.125,2.59374246
38248.88256,27.71428571,27.75,27.875,27.875,kmcc,period_data_kmcc.csv,0,0,0.125,0.125,2.853116706
42073.77082,27.71428571,27.75,27.875,27.875,kmcc,period_data_kmcc.csv,0,0,0.125,0.125,3.138428377
46281.1479,27.71428571,27.75,27.875,27.875,kmcc,period_data_kmcc.csv,0,0,0.125,0.125,3.452271214
50909.26269,27.71428571,27.75,27.875,27.75,kmcc,period_data_kmcc.csv,0,0,0.125,0,3.797498336
56000.18896,27.71428571,27.875,27.75,27.75,kmcc,period_data_kmcc.csv,0,0.125,0,0,4.177248169
61600.20786,27.85714286,27.875,27.75,27.75,kmcc,period_data_kmcc.csv,0.142857143,0.125,0,0,4.594972986
67760.22864,27.85714286,27.875,27.75,27.75,kmcc,period_data_kmcc.csv,0.142857143,0.125,0,0,5.054470285
74536.2515,27.85714286,27.875,27.75,27.75,kmcc,period_data_kmcc.csv,0.142857143,0.125,0,0,5.559917313
81989.87666,27.85714286,27.875,27.75,27.75,kmcc,period_data_kmcc.csv,0.142857143,0.125,0,0,6.115909045
90188.86432,27.85714286,27.875,27.75,27.75,kmcc,period_data_kmcc.csv,0.142857143,0.125,0,0,6.727499949
99207.75075,27.85714286,27.75,27.75,27.75,kmcc,period_data_kmcc.csv,0.142857143,0,0,0,7.400249944
109128.5258,27.85714286,27.75,27.75,27.75,kmcc,period_data_kmcc.csv,0.142857143,0,0,0,8.140274939
120041.3784,27.85714286,27.75,27.75,27.75,kmcc,period_data_kmcc.csv,0.142857143,0,0,0,8.954302433
132045.5163,27.85714286,27.75,27.75,27.75,kmcc,period_data_kmcc.csv,0.142857143,0,0,0,9.849732676
13.90900693,27.85714286,27.75,27.75,27.75,kmpac,period_data_kmpac.csv,0.142857143,0,0,0,0.101525598
15.29990762,27.71428571,27.75,27.75,27.75,kmpac,period_data_kmpac.csv,0,0,0,0,0.111678158
16.82989838,27.71428571,27.75,27.75,27.75,kmpac,period_data_kmpac.csv,0,0,0,0,0.122845974
18.51288822,27.71428571,27.75,27.75,27.75,kmpac,period_data_kmpac.csv,0,0,0,0,0.135130571
20.36417704,27.71428571,27.75,27.75,27.75,kmpac,period_data_kmpac.csv,0,0,0,0,0.148643628
22.40059474,27.71428571,27.75,27.75,27.75,kmpac,period_data_kmpac.csv,0,0,0,0,0.163507991
24.64065422,27.71428571,27.75,27.75,27.75,kmpac,period_data_kmpac.csv,0,0,0,0,0.17985879
27.10471964,27.71428571,27.75,27.75,27.75,kmpac,period_data_kmpac.csv,0,0,0,0,0.197844669
29.8151916,27.71428571,27.75,27.75,27.75,kmpac,period_data_kmpac.csv,0,0,0,0,0.217629136
32.79671076,27.71428571,27.75,27.75,27.75,kmpac,period_data_kmpac.csv,0,0,0,0,0.239392049
36.07638184,27.71428571,27.75,27.75,27.75,kmpac,period_data_kmpac.csv,0,0,0,0,0.263331254
39.68402002,27.71428571,27.75,27.75,27.75,kmpac,period_data_kmpac.csv,0,0,0,0,0.28966438
43.65242203,27.71428571,27.75,27.75,27.75,kmpac,period_data_kmpac.csv,0,0,0,0,0.318630818
48.01766423,27.71428571,27.75,27.75,27.75,kmpac,period_data_kmpac.csv,0,0,0,0,0.350493899
52.81943065,27.71428571,27.75,27.75,27.75,kmpac,period_data_kmpac.csv,0,0,0,0,0.385543289
58.10137372,27.71428571,27.75,27.75,27.75,kmpac,period_data_kmpac.csv,0,0,0,0,0.424097618
63.91151109,27.71428571,27.75,27.75,27.75,kmpac,period_data_kmpac.csv,0,0,0,0,0.46650738
70.3026622,27.71428571,27.75,27.75,27.75,kmpac,period_data_kmpac.csv,0,0,0,0,0.513158118
77.33292842,27.71428571,27.75,27.75,27.75,kmpac,period_data_kmpac.csv,0,0,0,0,0.56447393
85.06622126,27.71428571,27.75,27.75,27.75,kmpac,period_data_kmpac.csv,0,0,0,0,0.620921323
93.57284339,27.71428571,27.75,27.75,27.75,kmpac,period_data_kmpac.csv,0,0,0,0,0.683013455
102.9301277,27.71428571,27.75,27.75,27.75,kmpac,period_data_kmpac.csv,0,0,0,0,0.751314801
113.2231405,27.71428571,27.75,27.75,27.75,kmpac,period_data_kmpac.csv,0,0,0,0,0.826446281
124.5454546,27.71428571,27.75,27.75,27.75,kmpac,period_data_kmpac.csv,0,0,0,0,0.909090909
137,27.71428571,27.75,27.75,27.75,kmpac,period_data_kmpac.csv,0,0,0,0,1
150.7,27.71428571,27.75,27.75,27.75,kmpac,period_data_kmpac.csv,0,0,0,0,1.1
165.77,27.71428571,27.75,27.75,27.75,kmpac,period_data_kmpac.csv,0,0,0,0,1.21
182.347,27.71428571,27.75,27.75,27.75,kmpac,period_data_kmpac.csv,0,0,0,0,1.331
200.5817,27.71428571,27.75,27.75,27.75,kmpac,period_data_kmpac.csv,0,0,0,0,1.4641
220.63987,27.71428571,27.75,27.75,27.75,kmpac,period_data_kmpac.csv,0,0,0,0,1.61051
242.703857,27.71428571,27.75,27.75,27.75,kmpac,period_data_kmpac.csv,0,0,0,0,1.771561
266.9742427,27.71428571,27.75,27.75,27.75,kmpac,period_data_kmpac.csv,0,0,0,0,1.9487171
293.671667,27.71428571,27.75,27.75,27.75,kmpac,period_data_kmpac.csv,0,0,0,0,2.14358881
323.0388337,27.71428571,27.75,27.75,27.75,kmpac,period_data_kmpac.csv,0,0,0,0,2.357947691
355.342717,27.71428571,27.75,27.75,27.75,kmpac,period_data_kmpac.csv,0,0,0,0,2.59374246
390.8769887,27.71428571,27.75,27.75,27.75,kmpac,period_data_kmpac.csv,0,0,0,0,2.853116706
429.9646876,27.71428571,27.75,27.75,27.75,kmpac,period_data_kmpac.csv,0,0,0,0,3.138428377
472.9611564,27.71428571,27.75,27.75,27.75,kmpac,period_data_kmpac.csv,0,0,0,0,3.452271214
520.257272,27.71428571,27.75,27.75,27.75,kmpac,period_data_kmpac.csv,0,0,0,0,3.797498336
572.2829992,27.71428571,27.75,27.75,27.75,kmpac,period_data_kmpac.csv,0,0,0,0,4.177248169
629.5112991,27.71428571,27.75,27.75,27.75,kmpac,period_data_kmpac.csv,0,0,0,0,4.594972986
692.462429,27.71428571,27.75,27.75,27.75,kmpac,period_data_kmpac.csv,0,0,0,0,5.054470285
761.708672,27.71428571,27.75,27.75,27.75,kmpac,period_data_kmpac.csv,0,0,0,0,5.559917314
837.8795391,27.71428571,27.75,27.75,27.75,kmpac,period_data_kmpac.csv,0,0,0,0,6.115909045
921.6674931,27.71428571,27.75,27.75,27.75,kmpac,period_data_kmpac.csv,0,0,0,0,6.727499949
1013.834242,27.71428571,27.75,27.75,27.75,kmpac,period_data_kmpac.csv,0,0,0,0,7.400249944
1115.217667,27.71428571,27.75,27.75,27.75,kmpac,period_data_kmpac.csv,0,0,0,0,8.140274939
1226.739433,27.71428571,27.75,27.75,27.75,kmpac,period_data_kmpac.csv,0,0,0,0,8.954302433
1349.413377,27.71428571,27.75,27.75,27.75,kmpac,period_data_kmpac.csv,0,0,0,0,9.849732676
727.1263328,27.71428571,27.75,27.625,27.625,kmpbc,period_data_kmpbc.csv,0,0,-0.125,-0.125,0.101525598
799.8389661,27.71428571,27.75,27.625,27.625,kmpbc,period_data_kmpbc.csv,0,0,-0.125,-0.125,0.111678158
879.8228627,27.71428571,27.75,27.75,27.75,kmpbc,period_data_kmpbc.csv,0,0,0,0,0.122845974
967.805149,27.71428571,27.75,27.75,27.75,kmpbc,period_data_kmpbc.csv,0,0,0,0,0.135130571
1064.585664,27.71428571,27.75,27.75,27.75,kmpbc,period_data_kmpbc.csv,0,0,0,0,0.148643628
1171.04423,27.71428571,27.75,27.75,27.75,kmpbc,period_data_kmpbc.csv,0,0,0,0,0.163507991
1288.148653,27.71428571,27.75,27.75,27.75,kmpbc,period_data_kmpbc.csv,0,0,0,0,0.17985879
1416.963519,27.71428571,27.75,27.75,27.75,kmpbc,period_data_kmpbc.csv,0,0,0,0,0.197844669
1558.659871,27.71428571,27.75,27.75,27.75,kmpbc,period_data_kmpbc.csv,0,0,0,0,0.217629136
1714.525858,27.85714286,27.75,27.75,27.75,kmpbc,period_data_kmpbc.csv,0.142857143,0,0,0,0.239392049
1885.978443,27.85714286,27.75,27.75,27.75,kmpbc,period_data_kmpbc.csv,0.142857143,0,0,0,0.263331254
2074.576288,27.85714286,27.75,27.75,27.75,kmpbc,period_data_kmpbc.csv,0.142857143,0,0,0,0.28966438
2282.033916,27.85714286,27.75,27.75,27.75,kmpbc,period_data_kmpbc.csv,0.142857143,0,0,0,0.318630818
2510.237308,27.71428571,27.625,27.75,27.75,kmpbc,period_data_kmpbc.csv,0,-0.125,0,0,0.350493899
2761.261039,27.71428571,27.75,27.75,27.75,kmpbc,period_data_kmpbc.csv,0,0,0,0,0.385543289
3037.387143,27.71428571,27.75,27.75,27.75,kmpbc,period_data_kmpbc.csv,0,0,0,0,0.424097618
3341.125857,27.71428571,27.75,27.75,27.75,kmpbc,period_data_kmpbc.csv,0,0,0,0,0.46650738
3675.238443,27.71428571,27.75,27.75,27.625,kmpbc,period_data_kmpbc.csv,0,0,0,-0.125,0.513158118
4042.762287,27.71428571,27.75,27.75,27.75,kmpbc,period_data_kmpbc.csv,0,0,0,0,0.56447393
4447.038516,27.71428571,27.75,27.75,27.75,kmpbc,period_data_kmpbc.csv,0,0,0,0,0.620921323
4891.742367,27.71428571,27.75,27.75,27.75,kmpbc,period_data_kmpbc.csv,0,0,0,0,0.683013455
5380.916604,27.71428571,27.75,27.75,27.75,kmpbc,period_data_kmpbc.csv,0,0,0,0,0.751314801
5919.008264,27.71428571,27.75,27.75,27.75,kmpbc,period_data_kmpbc.csv,0,0,0,0,0.826446281
6510.909091,27.71428571,27.75,27.75,27.75,kmpbc,period_data_kmpbc.csv,0,0,0,0,0.909090909
7162,27.71428571,27.75,27.75,27.75,kmpbc,period_data_kmpbc.csv,0,0,0,0,1
7878.2,27.71428571,27.75,27.75,27.75,kmpbc,period_data_kmpbc.csv,0,0,0,0,1.1
8666.02,27.71428571,27.75,27.75,27.75,kmpbc,period_data_kmpbc.csv,0,0,0,0,1.21
9532.622,27.71428571,27.75,27.75,27.75,kmpbc,period_data_kmpbc.csv,0,0,0,0,1.331
10485.8842,27.71428571,27.75,27.75,27.75,kmpbc,period_data_kmpbc.csv,0,0,0,0,1.4641
11534.47262,27.71428571,27.75,27.75,27.75,kmpbc,period_data_kmpbc.csv,0,0,0,0,1.61051
12687.91988,27.85714286,27.75,27.75,27.75,kmpbc,period_data_kmpbc.csv,0.142857143,0,0,0,1.771561
13956.71187,27.85714286,27.75,27.75,27.75,kmpbc,period_data_kmpbc.csv,0.142857143,0,0,0,1.9487171
15352.38306,27.85714286,27.75,27.75,27.75,kmpbc,period_data_kmpbc.csv,0.142857143,0,0,0,2.14358881
16887.62136,27.85714286,27.75,27.75,27.75,kmpbc,period_data_kmpbc.csv,0.142857143,0,0,0,2.357947691
18576.3835,27.85714286,27.75,27.75,27.75,kmpbc,period_data_kmpbc.csv,0.142857143,0,0,0,2.59374246
20434.02185,27.85714286,27.75,27.75,27.75,kmpbc,period_data_kmpbc.csv,0.142857143,0,0,0,2.853116706
22477.42403,27.85714286,27.75,27.75,27.75,kmpbc,period_data_kmpbc.csv,0.142857143,0,0,0,3.138428377
24725.16644,27.85714286,27.875,27.75,27.75,kmpbc,period_data_kmpbc.csv,0.142857143,0.125,0,0,3.452271214
27197.68308,27.71428571,27.875,27.75,27.75,kmpbc,period_data_kmpbc.csv,0,0.125,0,0,3.797498336
29917.45139,27.71428571,27.75,27.75,27.75,kmpbc,period_data_kmpbc.csv,0,0,0,0,4.177248169
32909.19653,27.71428571,27.75,27.75,27.75,kmpbc,period_data_kmpbc.csv,0,0,0,0,4.594972986
36200.11618,27.71428571,27.75,27.875,27.75,kmpbc,period_data_kmpbc.csv,0,0,0.125,0,5.054470285
39820.1278,27.71428571,27.75,27.875,27.875,kmpbc,period_data_kmpbc.csv,0,0,0.125,0.125,5.559917313
43802.14058,27.71428571,27.75,27.75,27.875,kmpbc,period_data_kmpbc.csv,0,0,0,0.125,6.115909045
48182.35464,27.71428571,27.75,27.75,27.75,kmpbc,period_data_kmpbc.csv,0,0,0,0,6.727499949
53000.5901,27.71428571,27.75,27.75,27.75,kmpbc,period_data_kmpbc.csv,0,0,0,0,7.400249944
58300.64911,27.71428571,27.75,27.75,27.75,kmpbc,period_data_kmpbc.csv,0,0,0,0,8.140274939
64130.71402,27.71428571,27.75,27.75,27.75,kmpbc,period_data_kmpbc.csv,0,0,0,0,8.954302433
70543.78542,27.71428571,27.75,27.75,27.75,kmpbc,period_data_kmpbc.csv,0,0,0,0,9.849732676
0.088043,25,25,25,25,p1,period_data_p1.csv,-2.714285714,-2.75,-2.75,-2.75,0.1015256
0.0968473,25.11111111,25,25.125,25,p1,period_data_p1.csv,-2.603174603,-2.75,-2.625,-2.75,0.11167816
0.10653203,25.11111111,25.125,25.125,25.125,p1,period_data_p1.csv,-2.603174603,-2.625,-2.625,-2.625,0.122845976
0.11718523,25.22222222,25.125,25.125,25.25,p1,period_data_p1.csv,-2.492063492,-2.625,-2.625,-2.5,0.13513057
0.12890375,25.33333333,25.25,25.25,25.375,p1,period_data_p1.csv,-2.380952381,-2.5,-2.5,-2.375,0.148643623
0.14179413,25.33333333,25.375,25.375,25.375,p1,period_data_p1.csv,-2.380952381,-2.375,-2.375,-2.375,0.163507991
0.15597354,25.5,25.375,25.5,25.5,p1,period_data_p1.csv,-2.214285714,-2.375,-2.25,-2.25,0.179858787
0.1715709,25.5,25.625,25.5,25.5,p1,period_data_p1.csv,-2.214285714,-2.125,-2.25,-2.25,0.197844673
0.18872799,25.75,25.625,25.625,25.625,p1,period_data_p1.csv,-1.964285714,-2.125,-2.125,-2.125,0.21762914
0.20760079,25.75,25.75,25.75,25.75,p1,period_data_p1.csv,-1.964285714,-2,-2,-2,0.239392055
0.22836086,25.875,25.875,25.88888889,25.875,p1,period_data_p1.csv,-1.839285714,-1.875,-1.861111111,-1.875,0.26333125
0.25119695,26,26,26,26,p1,period_data_p1.csv,-1.714285714,-1.75,-1.75,-1.75,0.28966438
0.27631665,26.125,26.125,26,26.125,p1,period_data_p1.csv,-1.589285714,-1.625,-1.75,-1.625,0.318630823
0.30394831,26.25,26.25,26.25,26.25,p1,period_data_p1.csv,-1.464285714,-1.5,-1.5,-1.5,0.3504939
0.33434314,26.375,26.375,26.375,26.375,p1,period_data_p1.csv,-1.339285714,-1.375,-1.375,-1.375,0.385543289
0.36777745,26.5,26.5,26.5,26.5,p1,period_data_p1.csv,-1.214285714,-1.25,-1.25,-1.25,0.424097613
0.4045552,26.625,26.625,26.625,26.625,p1,period_data_p1.csv,-1.089285714,-1.125,-1.125,-1.125,0.46650738
0.44501072,26.75,26.71428571,26.75,26.75,p1,period_data_p1.csv,-0.964285714,-1.035714286,-1,-1,0.513158118
0.48951179,26.875,26.85714286,26.875,26.875,p1,period_data_p1.csv,-0.839285714,-0.892857143,-0.875,-0.875,0.564473928
0.53846297,27.125,27,27.125,27.125,p1,period_data_p1.csv,-0.589285714,-0.75,-0.625,-0.625,0.620921321
0.59230927,27.28571429,27.125,27.25,27.25,p1,period_data_p1.csv,-0.428571429,-0.625,-0.5,-0.5,0.683013457
0.6515402,27.42857143,27.375,27.375,27.375,p1,period_data_p1.csv,-0.285714286,-0.375,-0.375,-0.375,0.751314806
0.71669421,27.42857143,27.5,27.5,27.5,p1,period_data_p1.csv,-0.285714286,-0.25,-0.25,-0.25,0.826446275
0.78836364,27.57142857,27.625,27.625,27.625,p1,period_data_p1.csv,-0.142857143,-0.125,-0.125,-0.125,0.909090913
0.8672,27.71428571,27.75,27.75,27.75,p1,period_data_p1.csv,0,0,0,0,1
0.95392,27.85714286,27.875,27.85714286,27.875,p1,period_data_p1.csv,0.142857143,0.125,0.107142857,0.125,1.1
1.049312,28,28,28,28,p1,period_data_p1.csv,0.285714286,0.25,0.25,0.25,1.21
1.1542432,28.28571429,28.25,28.14285714,28.25,p1,period_data_p1.csv,0.571428571,0.5,0.392857143,0.5,1.331
1.26966752,28.25,28.375,28.28571429,28.28571429,p1,period_data_p1.csv,0.535714286,0.625,0.535714286,0.535714286,1.4641
1.39663427,28.5,28.42857143,28.57142857,28.42857143,p1,period_data_p1.csv,0.785714286,0.678571429,0.821428571,0.678571429,1.610509998
1.5362977,28.75,28.71428571,28.57142857,28.71428571,p1,period_data_p1.csv,1.035714286,0.964285714,0.821428571,0.964285714,1.771561001
1.68992747,28.71428571,28.71428571,28.71428571,28.71428571,p1,period_data_p1.csv,1,0.964285714,0.964285714,0.964285714,1.948717101
1.85892022,29,29,29,29,p1,period_data_p1.csv,1.285714286,1.25,1.25,1.25,2.143588815
2.04481224,29.14285714,29.28571429,29.14285714,29.25,p1,period_data_p1.csv,1.428571429,1.535714286,1.392857143,1.5,2.357947694
2.24929346,29.28571429,29.28571429,29.28571429,29.42857143,p1,period_data_p1.csv,1.571428571,1.535714286,1.535714286,1.678571429,2.593742458
2.47422281,29.57142857,29.57142857,29.57142857,29.57142857,p1,period_data_p1.csv,1.857142857,1.821428571,1.821428571,1.821428571,2.853116709
2.72164509,29.71428571,29.71428571,29.71428571,29.85714286,p1,period_data_p1.csv,2,1.964285714,1.964285714,2.107142857,3.138428379
2.9938096,30,30,30,30,p1,period_data_p1.csv,2.285714286,2.25,2.25,2.25,3.452271218
3.29319056,30.28571429,30.28571429,30.28571429,30.28571429,p1,period_data_p1.csv,2.571428571,2.535714286,2.535714286,2.535714286,3.797498339
3.62250961,30.71428571,30.71428571,30.66666667,30.57142857,p1,period_data_p1.csv,3,2.964285714,2.916666667,2.821428571,4.177248167
3.98476057,30.85714286,31,30.83333333,31,p1,period_data_p1.csv,3.142857143,3.25,3.083333333,3.25,4.594972982
4.38323663,31.28571429,31.33333333,31.33333333,31.33333333,p1,period_data_p1.csv,3.571428571,3.583333333,3.583333333,3.583333333,5.054470284
4.82156029,31.85714286,31.83333333,31.85714286,31.85714286,p1,period_data_p1.csv,4.142857143,4.083333333,4.107142857,4.107142857,5.559917309
5.30371632,32.16666667,32.33333333,32.28571429,32.28571429,p1,period_data_p1.csv,4.452380952,4.583333333,4.535714286,4.535714286,6.115909041
5.83408796,32.83333333,32.85714286,32.83333333,32.83333333,p1,period_data_p1.csv,5.119047619,5.107142857,5.083333333,5.083333333,6.727499954
6.41749675,33.5,33.5,33.66666667,33.5,p1,period_data_p1.csv,5.785714286,5.75,5.916666667,5.75,7.400249942
7.05924643,34.16666667,34.16666667,34.33333333,34.16666667,p1,period_data_p1.csv,6.452380952,6.416666667,6.583333333,6.416666667,8.140274942
7.76517107,35.16666667,35.16666667,35.2,35.2,p1,period_data_p1.csv,7.452380952,7.416666667,7.45,7.45,8.954302433
8.54168818,36.33333333,36.2,36.16666667,36.16666667,p1,period_data_p1.csv,8.619047619,8.45,8.416666667,8.416666667,9.84973268
0.02414279,27.42857143,27.375,27.375,27.375,p1L,period_data_p1L.csv,-0.285714286,-0.375,-0.375,-0.375,0.10152561
0.02655707,27.42857143,27.375,27.375,27.375,p1L,period_data_p1L.csv,-0.285714286,-0.375,-0.375,-0.375,0.111678175
0.02921277,27.42857143,27.375,27.375,27.375,p1L,period_data_p1L.csv,-0.285714286,-0.375,-0.375,-0.375,0.122845963
0.03213405,27.42857143,27.25,27.375,27.375,p1L,period_data_p1L.csv,-0.285714286,-0.5,-0.375,-0.375,0.135130572
0.03534745,27.42857143,27.25,27.375,27.375,p1L,period_data_p1L.csv,-0.285714286,-0.5,-0.375,-0.375,0.148643608
0.0388822,27.28571429,27.375,27.375,27.375,p1L,period_data_p1L.csv,-0.428571429,-0.375,-0.375,-0.375,0.16350799
0.04277042,27.28571429,27.375,27.375,27.375,p1L,period_data_p1L.csv,-0.428571429,-0.375,-0.375,-0.375,0.179858789
0.04704746,27.28571429,27.375,27.375,27.375,p1L,period_data_p1L.csv,-0.428571429,-0.375,-0.375,-0.375,0.197844659
0.05175221,27.28571429,27.375,27.375,27.375,p1L,period_data_p1L.csv,-0.428571429,-0.375,-0.375,-0.375,0.217629142
0.05692743,27.42857143,27.375,27.375,27.375,p1L,period_data_p1L.csv,-0.285714286,-0.375,-0.375,-0.375,0.239392052
0.06262017,27.42857143,27.375,27.375,27.375,p1L,period_data_p1L.csv,-0.285714286,-0.375,-0.375,-0.375,0.263331245
0.06888219,27.42857143,27.375,27.375,27.375,p1L,period_data_p1L.csv,-0.285714286,-0.375,-0.375,-0.375,0.289664382
0.07577041,27.42857143,27.5,27.375,27.375,p1L,period_data_p1L.csv,-0.285714286,-0.25,-0.375,-0.375,0.318630824
0.08334745,27.42857143,27.5,27.5,27.5,p1L,period_data_p1L.csv,-0.285714286,-0.25,-0.25,-0.25,0.350493902
0.09168219,27.57142857,27.5,27.5,27.5,p1L,period_data_p1L.csv,-0.142857143,-0.25,-0.25,-0.25,0.385543272
0.10085041,27.57142857,27.5,27.5,27.5,p1L,period_data_p1L.csv,-0.142857143,-0.25,-0.25,-0.25,0.424097603
0.11093546,27.42857143,27.5,27.5,27.5,p1L,period_data_p1L.csv,-0.285714286,-0.25,-0.25,-0.25,0.466507401
0.122029,27.42857143,27.5,27.625,27.625,p1L,period_data_p1L.csv,-0.285714286,-0.25,-0.125,-0.125,0.513158116
0.1342319,27.57142857,27.5,27.5,27.5,p1L,period_data_p1L.csv,-0.142857143,-0.25,-0.25,-0.25,0.564473928
0.14765509,27.57142857,27.625,27.5,27.5,p1L,period_data_p1L.csv,-0.142857143,-0.125,-0.25,-0.25,0.62092132
0.1624206,27.57142857,27.625,27.625,27.625,p1L,period_data_p1L.csv,-0.142857143,-0.125,-0.125,-0.125,0.683013457
0.17866266,27.71428571,27.75,27.625,27.625,p1L,period_data_p1L.csv,0,0,-0.125,-0.125,0.751314802
0.19652893,27.57142857,27.625,27.75,27.75,p1L,period_data_p1L.csv,-0.142857143,-0.125,0,0,0.826446299
0.21618182,27.71428571,27.625,27.625,27.625,p1L,period_data_p1L.csv,0,-0.125,-0.125,-0.125,0.909090917
0.2378,27.71428571,27.75,27.75,27.75,p1L,period_data_p1L.csv,0,0,0,0,1
0.26158,27.85714286,27.875,27.75,27.75,p1L,period_data_p1L.csv,0.142857143,0.125,0,0,1.1
0.287738,27.71428571,27.875,27.875,27.875,p1L,period_data_p1L.csv,0,0.125,0.125,0.125,1.21
0.3165118,27.85714286,27.875,27.875,27.875,p1L,period_data_p1L.csv,0.142857143,0.125,0.125,0.125,1.331
0.34816298,28,28,28,27.875,p1L,period_data_p1L.csv,0.285714286,0.25,0.25,0.125,1.4641
0.38297928,27.85714286,28,28,28,p1L,period_data_p1L.csv,0.142857143,0.25,0.25,0.25,1.610510008
0.42127721,28,28,28,28,p1L,period_data_p1L.csv,0.285714286,0.25,0.25,0.25,1.771561018
0.46340493,28.14285714,28.125,28.14285714,28.125,p1L,period_data_p1L.csv,0.428571429,0.375,0.392857143,0.375,1.948717115
0.50974542,28.14285714,28.125,28.14285714,28.125,p1L,period_data_p1L.csv,0.428571429,0.375,0.392857143,0.375,2.143588814
0.56071996,28.14285714,28.25,28.14285714,28.14285714,p1L,period_data_p1L.csv,0.428571429,0.5,0.392857143,0.392857143,2.357947687
0.61679196,28.375,28.25,28.42857143,28.42857143,p1L,period_data_p1L.csv,0.660714286,0.5,0.678571429,0.678571429,2.593742473
0.67847115,28.375,28.375,28.28571429,28.28571429,p1L,period_data_p1L.csv,0.660714286,0.625,0.535714286,0.535714286,2.853116695
0.74631827,28.375,28.42857143,28.42857143,28.42857143,p1L,period_data_p1L.csv,0.660714286,0.678571429,0.678571429,0.678571429,3.138428385
0.82095009,28.625,28.57142857,28.57142857,28.57142857,p1L,period_data_p1L.csv,0.910714286,0.821428571,0.821428571,0.821428571,3.452271194
0.9030451,28.625,28.57142857,28.57142857,28.57142857,p1L,period_data_p1L.csv,0.910714286,0.821428571,0.821428571,0.821428571,3.797498318
0.99334961,28.85714286,28.71428571,28.71428571,28.71428571,p1L,period_data_p1L.csv,1.142857143,0.964285714,0.964285714,0.964285714,4.17724815
1.09268458,28.71428571,28.85714286,28.85714286,28.85714286,p1L,period_data_p1L.csv,1,1.107142857,1.107142857,1.107142857,4.594973003
1.20195303,28.85714286,28.85714286,28.875,28.85714286,p1L,period_data_p1L.csv,1.142857143,1.107142857,1.125,1.107142857,5.054470269
1.32214834,29,29,29,29,p1L,period_data_p1L.csv,1.285714286,1.25,1.25,1.25,5.559917325
1.45436317,29.14285714,29.14285714,29.14285714,29.125,p1L,period_data_p1L.csv,1.428571429,1.392857143,1.392857143,1.375,6.115909041
1.59979949,29.28571429,29.42857143,29.28571429,29.28571429,p1L,period_data_p1L.csv,1.571428571,1.678571429,1.535714286,1.535714286,6.727499958
1.75977944,29.42857143,29.5,29.42857143,29.42857143,p1L,period_data_p1L.csv,1.714285714,1.75,1.678571429,1.678571429,7.400249958
1.93575738,29.57142857,29.71428571,29.57142857,29.71428571,p1L,period_data_p1L.csv,1.857142857,1.964285714,1.821428571,1.964285714,8.140274937
2.12933312,29.85714286,29.85714286,29.85714286,29.71428571,p1L,period_data_p1L.csv,2.142857143,2.107142857,2.107142857,1.964285714,8.954302439
2.34226643,30,30,30,30,p1L,period_data_p1L.csv,2.285714286,2.25,2.25,2.25,9.849732675
0.07977881,,,,,p2,period_data_p2.csv,,,,,0.101525592
0.0877567,,,,,p2,period_data_p2.csv,,,,,0.111678162
0.09653237,,,,,p2,period_data_p2.csv,,,,,0.122845979
0.1061856,,,,,p2,period_data_p2.csv,,,,,0.135130568
0.11680416,,,,,p2,period_data_p2.csv,,,,,0.148643624
0.12848458,,,,,p2,period_data_p2.csv,,,,,0.163507992
0.14133304,,,,,p2,period_data_p2.csv,,,,,0.179858794
0.15546634,35.8,35.83333333,36,35.8,p2,period_data_p2.csv,8.085714286,8.083333333,8.25,8.05,0.197844668
0.17101297,36.4,36.66666667,36.66666667,36.5,p2,period_data_p2.csv,8.685714286,8.916666667,8.916666667,8.75,0.21762913
0.18811427,36.4,36.5,36.5,36.5,p2,period_data_p2.csv,8.685714286,8.75,8.75,8.75,0.239392046
0.2069257,35.83333333,35.6,35.83333333,35.66666667,p2,period_data_p2.csv,8.119047619,7.85,8.083333333,7.916666667,0.263331255
0.22761827,34.83333333,34.83333333,34.8,34.8,p2,period_data_p2.csv,7.119047619,7.083333333,7.05,7.05,0.28966438
0.2503801,33.83333333,33.66666667,33.83333333,33.83333333,p2,period_data_p2.csv,6.119047619,5.916666667,6.083333333,6.083333333,0.318630822
0.27541811,32.83333333,32.71428571,32.83333333,32.83333333,p2,period_data_p2.csv,5.119047619,4.964285714,5.083333333,5.083333333,0.350493904
0.30295992,32,31.83333333,31.85714286,31.85714286,p2,period_data_p2.csv,4.285714286,4.083333333,4.107142857,4.107142857,0.385543293
0.33325591,31.14285714,31.16666667,31.14285714,31.16666667,p2,period_data_p2.csv,3.428571429,3.416666667,3.392857143,3.416666667,0.42409762
0.3665815,30.57142857,30.57142857,30.66666667,30.5,p2,period_data_p2.csv,2.857142857,2.821428571,2.916666667,2.75,0.466507381
0.40323965,30,30.14285714,30,30,p2,period_data_p2.csv,2.285714286,2.392857143,2.25,2.25,0.513158119
0.44356361,29.57142857,29.57142857,29.57142857,29.71428571,p2,period_data_p2.csv,1.857142857,1.821428571,1.821428571,1.964285714,0.564473925
0.48791998,29.28571429,29.28571429,29.28571429,29.14285714,p2,period_data_p2.csv,1.571428571,1.535714286,1.535714286,1.392857143,0.620921329
0.53671197,28.85714286,28.85714286,28.85714286,29,p2,period_data_p2.csv,1.142857143,1.107142857,1.107142857,1.25,0.683013451
0.59038317,28.71428571,28.625,28.71428571,28.71428571,p2,period_data_p2.csv,1,0.875,0.964285714,0.964285714,0.7513148
0.64942149,28.28571429,28.375,28.28571429,28.25,p2,period_data_p2.csv,0.571428571,0.625,0.535714286,0.5,0.826446284
0.71436364,28,28,28,28,p2,period_data_p2.csv,0.285714286,0.25,0.25,0.25,0.909090914
0.7858,27.71428571,27.75,27.75,27.75,p2,period_data_p2.csv,0,0,0,0,1
0.86438,27.57142857,27.375,27.5,27.5,p2,period_data_p2.csv,-0.142857143,-0.375,-0.25,-0.25,1.1
0.950818,27,27.125,27,27.125,p2,period_data_p2.csv,-0.714285714,-0.625,-0.75,-0.625,1.21
1.0458998,26.75,26.85714286,26.75,26.75,p2,period_data_p2.csv,-0.964285714,-0.892857143,-1,-1,1.331
1.15048978,26.25,26.25,26.375,26.375,p2,period_data_p2.csv,-1.464285714,-1.5,-1.375,-1.375,1.4641
1.26553876,25.875,25.875,26,25.875,p2,period_data_p2.csv,-1.839285714,-1.875,-1.75,-1.875,1.610510003
1.39209263,25.5,25.5,25.5,25.5,p2,period_data_p2.csv,-2.214285714,-2.25,-2.25,-2.25,1.771560995
1.5313019,25,25,25,25,p2,period_data_p2.csv,-2.714285714,-2.75,-2.75,-2.75,1.948717104
1.68443209,24.55555556,24.55555556,24.625,24.5,p2,period_data_p2.csv,-3.158730159,-3.194444444,-3.125,-3.25,2.143588814
1.8528753,24.44444444,24.44444444,24.5,24.5,p2,period_data_p2.csv,-3.26984127,-3.305555556,-3.25,-3.25,2.357947697
2.03816283,24.66666667,24.75,24.75,24.75,p2,period_data_p2.csv,-3.047619048,-3,-3,-3,2.593742466
2.24197911,,,,,p2,period_data_p2.csv,,,,,2.853116709
2.46617702,,,,,p2,period_data_p2.csv,,,,,3.138428379
2.71279472,,,,,p2,period_data_p2.csv,,,,,3.452271214
2.98407419,,,,,p2,period_data_p2.csv,,,,,3.797498333
3.28248161,,,,,p2,period_data_p2.csv,,,,,4.177248167
3.61072977,,,,,p2,period_data_p2.csv,,,,,4.594972983
3.97180275,,,,,p2,period_data_p2.csv,,,,,5.054470285
4.36898302,,,,,p2,period_data_p2.csv,,,,,5.559917307
4.80588133,,,,,p2,period_data_p2.csv,,,,,6.115909048
5.28646946,,,,,p2,period_data_p2.csv,,,,,6.727499949
5.81511641,,,,,p2,period_data_p2.csv,,,,,7.400249949
6.39662805,,,,,p2,period_data_p2.csv,,,,,8.140274943
7.03629085,,,,,p2,period_data_p2.csv,,,,,8.954302431
7.73991994,,,,,p2,period_data_p2.csv,,,,,9.84973268
0.06235702,27.125,27,27.125,27.125,p3,period_data_p3.csv,-0.589285714,-0.75,-0.625,-0.625,0.101525594
0.06859272,27.125,27,27.125,27.125,p3,period_data_p3.csv,-0.589285714,-0.75,-0.625,-0.625,0.11167815
0.075452,27.125,27,27.125,27.125,p3,period_data_p3.csv,-0.589285714,-0.75,-0.625,-0.625,0.122845979
0.0829972,27.125,27,27.125,27,p3,period_data_p3.csv,-0.589285714,-0.75,-0.625,-0.75,0.135130576
0.09129692,27.125,27,27.125,27,p3,period_data_p3.csv,-0.589285714,-0.75,-0.625,-0.75,0.148643634
0.10042661,27.125,27,27.125,27,p3,period_data_p3.csv,-0.589285714,-0.75,-0.625,-0.75,0.163507994
0.11046927,27.125,27,27.125,27,p3,period_data_p3.csv,-0.589285714,-0.75,-0.625,-0.75,0.179858792
0.1215162,27.125,27.14285714,27.125,27,p3,period_data_p3.csv,-0.589285714,-0.607142857,-0.625,-0.75,0.197844676
0.13366782,27.125,27.14285714,27.125,27.125,p3,period_data_p3.csv,-0.589285714,-0.607142857,-0.625,-0.625,0.217629144
0.1470346,27.125,27.14285714,27.125,27.125,p3,period_data_p3.csv,-0.589285714,-0.607142857,-0.625,-0.625,0.239392055
0.16173806,27.125,27.14285714,27.25,27.125,p3,period_data_p3.csv,-0.589285714,-0.607142857,-0.5,-0.625,0.26333126
0.17791186,27.125,27.14285714,27.25,27.125,p3,period_data_p3.csv,-0.589285714,-0.607142857,-0.5,-0.625,0.289664376
0.19570305,27.125,27.25,27.125,27.125,p3,period_data_p3.csv,-0.589285714,-0.5,-0.625,-0.625,0.318630821
0.21527335,27.125,27.25,27.125,27.25,p3,period_data_p3.csv,-0.589285714,-0.5,-0.625,-0.5,0.350493894
0.23680069,27.28571429,27.25,27.25,27.25,p3,period_data_p3.csv,-0.428571429,-0.5,-0.5,-0.5,0.385543292
0.26048076,27.28571429,27.25,27.25,27.25,p3,period_data_p3.csv,-0.428571429,-0.5,-0.5,-0.5,0.424097623
0.28652883,27.28571429,27.25,27.25,27.25,p3,period_data_p3.csv,-0.428571429,-0.5,-0.5,-0.5,0.466507375
0.31518172,27.28571429,27.375,27.375,27.375,p3,period_data_p3.csv,-0.428571429,-0.375,-0.375,-0.375,0.513158124
0.34669989,27.42857143,27.375,27.375,27.375,p3,period_data_p3.csv,-0.285714286,-0.375,-0.375,-0.375,0.564473934
0.38136988,27.42857143,27.375,27.375,27.375,p3,period_data_p3.csv,-0.285714286,-0.375,-0.375,-0.375,0.620921329
0.41950686,27.42857143,27.5,27.5,27.5,p3,period_data_p3.csv,-0.285714286,-0.25,-0.25,-0.25,0.683013448
0.46145755,27.57142857,27.625,27.5,27.625,p3,period_data_p3.csv,-0.142857143,-0.125,-0.25,-0.125,0.7513148
0.50760331,27.57142857,27.625,27.625,27.625,p3,period_data_p3.csv,-0.142857143,-0.125,-0.125,-0.125,0.826446288
0.55836364,27.71428571,27.75,27.75,27.75,p3,period_data_p3.csv,0,0,0,0,0.909090915
0.6142,27.71428571,27.75,27.75,27.75,p3,period_data_p3.csv,0,0,0,0,1
0.67562,27.71428571,27.75,27.875,27.875,p3,period_data_p3.csv,0,0,0.125,0.125,1.1
0.743182,28,27.875,27.85714286,27.875,p3,period_data_p3.csv,0.285714286,0.125,0.107142857,0.125,1.21
0.8175002,28,28,28,28,p3,period_data_p3.csv,0.285714286,0.25,0.25,0.25,1.331
0.89925022,28,28.125,28,28.125,p3,period_data_p3.csv,0.285714286,0.375,0.25,0.375,1.4641
0.98917524,28.28571429,28.25,28.14285714,28.125,p3,period_data_p3.csv,0.571428571,0.5,0.392857143,0.375,1.610509997
1.08809277,28.28571429,28.25,28.28571429,28.28571429,p3,period_data_p3.csv,0.571428571,0.5,0.535714286,0.535714286,1.771561006
1.19690204,28.25,28.375,28.42857143,28.42857143,p3,period_data_p3.csv,0.535714286,0.625,0.678571429,0.678571429,1.948717095
1.31659225,28.5,28.5,28.42857143,28.42857143,p3,period_data_p3.csv,0.785714286,0.75,0.678571429,0.678571429,2.143588815
1.44825147,28.5,28.57142857,28.57142857,28.57142857,p3,period_data_p3.csv,0.785714286,0.821428571,0.821428571,0.821428571,2.357947688
1.59307662,28.625,28.57142857,28.57142857,28.57142857,p3,period_data_p3.csv,0.910714286,0.821428571,0.821428571,0.821428571,2.593742462
1.75238428,28.75,28.85714286,28.85714286,28.85714286,p3,period_data_p3.csv,1.035714286,1.107142857,1.107142857,1.107142857,2.853116705
1.92762271,28.875,28.85714286,28.85714286,28.85714286,p3,period_data_p3.csv,1.160714286,1.107142857,1.107142857,1.107142857,3.138428378
2.12038498,28.875,29,28.85714286,29,p3,period_data_p3.csv,1.160714286,1.25,1.107142857,1.25,3.452271215
2.33242348,29,29,29,29,p3,period_data_p3.csv,1.285714286,1.25,1.25,1.25,3.797498339
2.56566583,29.14285714,29.14285714,29.14285714,29.14285714,p3,period_data_p3.csv,1.428571429,1.392857143,1.392857143,1.392857143,4.177248176
2.82223241,29.28571429,29.28571429,29.28571429,29.14285714,p3,period_data_p3.csv,1.571428571,1.535714286,1.535714286,1.392857143,4.594972989
3.10445565,29.42857143,29.28571429,29.42857143,29.42857143,p3,period_data_p3.csv,1.714285714,1.535714286,1.678571429,1.678571429,5.054470287
3.41490121,29.42857143,29.57142857,29.57142857,29.57142857,p3,period_data_p3.csv,1.714285714,1.821428571,1.821428571,1.821428571,5.559917307
3.75639134,29.71428571,29.57142857,29.57142857,29.71428571,p3,period_data_p3.csv,2,1.821428571,1.821428571,1.964285714,6.115909052
4.13203047,29.85714286,29.85714286,29.66666667,29.71428571,p3,period_data_p3.csv,2.142857143,2.107142857,1.916666667,1.964285714,6.727499951
4.54523352,30,30,30,30,p3,period_data_p3.csv,2.285714286,2.25,2.25,2.25,7.400249951
4.99975687,30.14285714,30.28571429,30.28571429,30.14285714,p3,period_data_p3.csv,2.428571429,2.535714286,2.535714286,2.392857143,8.140274943
5.49973255,30.42857143,30.33333333,30.57142857,30.42857143,p3,period_data_p3.csv,2.714285714,2.583333333,2.821428571,2.678571429,8.954302426
6.04970581,30.66666667,30.71428571,30.71428571,30.71428571,p3,period_data_p3.csv,2.952380952,2.964285714,2.964285714,2.964285714,9.849732677
0.11431782,25.375,25.25,25.33333333,25.33333333,p4,period_data_p4.csv,-2.339285714,-2.5,-2.416666667,-2.416666667,0.101525595
0.12574961,25.25,25.25,25.22222222,25.22222222,p4,period_data_p4.csv,-2.464285714,-2.5,-2.527777778,-2.527777778,0.111678162
0.13832457,25.25,25.25,25.22222222,25.11111111,p4,period_data_p4.csv,-2.464285714,-2.5,-2.527777778,-2.638888889,0.122845977
0.15215702,25.125,25.125,25.11111111,25.22222222,p4,period_data_p4.csv,-2.589285714,-2.625,-2.638888889,-2.527777778,0.135130568
0.16737273,25.125,25,25.11111111,25.11111111,p4,period_data_p4.csv,-2.589285714,-2.75,-2.638888889,-2.638888889,0.148643632
0.18411,25.125,25.125,25.22222222,25.11111111,p4,period_data_p4.csv,-2.589285714,-2.625,-2.527777778,-2.638888889,0.163507993
0.202521,25.125,25.125,25.22222222,25.22222222,p4,period_data_p4.csv,-2.589285714,-2.625,-2.527777778,-2.527777778,0.179858792
0.2227731,25.375,25.25,25.22222222,25.33333333,p4,period_data_p4.csv,-2.339285714,-2.5,-2.527777778,-2.416666667,0.197844671
0.24505041,25.375,25.5,25.44444444,25.44444444,p4,period_data_p4.csv,-2.339285714,-2.25,-2.305555556,-2.305555556,0.217629139
0.26955545,25.625,25.5,25.66666667,25.55555556,p4,period_data_p4.csv,-2.089285714,-2.25,-2.083333333,-2.194444444,0.239392052
0.29651099,25.625,25.75,25.66666667,25.77777778,p4,period_data_p4.csv,-2.089285714,-2,-2.083333333,-1.972222222,0.263331252
0.32616209,25.875,25.875,25.875,25.88888889,p4,period_data_p4.csv,-1.839285714,-1.875,-1.875,-1.861111111,0.289664378
0.3587783,26,26,26,26,p4,period_data_p4.csv,-1.714285714,-1.75,-1.75,-1.75,0.318630817
0.39465613,26.125,26.125,26.125,26.125,p4,period_data_p4.csv,-1.589285714,-1.625,-1.625,-1.625,0.350493899
0.43412174,26.375,26.375,26.375,26.375,p4,period_data_p4.csv,-1.339285714,-1.375,-1.375,-1.375,0.385543286
0.47753392,26.375,26.375,26.375,26.375,p4,period_data_p4.csv,-1.339285714,-1.375,-1.375,-1.375,0.42409762
0.52528731,26.625,26.71428571,26.625,26.625,p4,period_data_p4.csv,-1.089285714,-1.035714286,-1.125,-1.125,0.46650738
0.57781604,26.75,26.75,26.75,26.625,p4,period_data_p4.csv,-0.964285714,-1,-1,-1.125,0.513158117
0.63559765,26.875,26.875,26.875,26.875,p4,period_data_p4.csv,-0.839285714,-0.875,-0.875,-0.875,0.564473934
0.69915741,27,27,27,27,p4,period_data_p4.csv,-0.714285714,-0.75,-0.75,-0.75,0.620921323
0.76907315,27.14285714,27.125,27.125,27.125,p4,period_data_p4.csv,-0.571428571,-0.625,-0.625,-0.625,0.683013455
0.84598047,27.28571429,27.25,27.25,27.25,p4,period_data_p4.csv,-0.428571429,-0.5,-0.5,-0.5,0.751314805
0.93057851,27.57142857,27.375,27.5,27.5,p4,period_data_p4.csv,-0.142857143,-0.375,-0.25,-0.25,0.826446279
1.02363636,27.57142857,27.625,27.625,27.625,p4,period_data_p4.csv,-0.142857143,-0.125,-0.125,-0.125,0.909090906
1.126,27.71428571,27.75,27.75,27.75,p4,period_data_p4.csv,0,0,0,0,1
1.2386,27.85714286,27.875,27.85714286,27.875,p4,period_data_p4.csv,0.142857143,0.125,0.107142857,0.125,1.1
1.36246,28.14285714,28.125,28,28,p4,period_data_p4.csv,0.428571429,0.375,0.25,0.25,1.21
1.498706,28.28571429,28.25,28.28571429,28.28571429,p4,period_data_p4.csv,0.571428571,0.5,0.535714286,0.535714286,1.331
1.6485766,28.5,28.375,28.28571429,28.42857143,p4,period_data_p4.csv,0.785714286,0.625,0.535714286,0.678571429,1.4641
1.81343426,28.5,28.57142857,28.57142857,28.57142857,p4,period_data_p4.csv,0.785714286,0.821428571,0.821428571,0.821428571,1.61051
1.99477769,28.75,28.71428571,28.71428571,28.71428571,p4,period_data_p4.csv,1.035714286,0.964285714,0.964285714,0.964285714,1.771561004
2.19425545,28.875,28.85714286,29,28.85714286,p4,period_data_p4.csv,1.160714286,1.107142857,1.25,1.107142857,1.948717096
2.413681,29.14285714,29,29,29,p4,period_data_p4.csv,1.428571429,1.25,1.25,1.25,2.14358881
2.6550491,29.14285714,29.14285714,29.14285714,29.28571429,p4,period_data_p4.csv,1.428571429,1.392857143,1.392857143,1.535714286,2.357947691
2.92055401,29.42857143,29.42857143,29.42857143,29.42857143,p4,period_data_p4.csv,1.714285714,1.678571429,1.678571429,1.678571429,2.59374246
3.21260941,29.57142857,29.57142857,29.71428571,29.57142857,p4,period_data_p4.csv,1.857142857,1.821428571,1.964285714,1.821428571,2.853116705
3.53387035,29.71428571,29.71428571,29.85714286,29.71428571,p4,period_data_p4.csv,2,1.964285714,2.107142857,1.964285714,3.138428375
3.88725739,30,30,30,29.83333333,p4,period_data_p4.csv,2.285714286,2.25,2.25,2.083333333,3.452271217
4.27598313,30.14285714,30.14285714,30.14285714,30.28571429,p4,period_data_p4.csv,2.428571429,2.392857143,2.392857143,2.535714286,3.797498339
4.70358144,30.42857143,30.33333333,30.28571429,30.42857143,p4,period_data_p4.csv,2.714285714,2.583333333,2.535714286,2.678571429,4.177248171
5.17393958,30.57142857,30.5,30.71428571,30.57142857,p4,period_data_p4.csv,2.857142857,2.75,2.964285714,2.821428571,4.594972984
5.69133354,30.71428571,30.85714286,30.85714286,30.85714286,p4,period_data_p4.csv,3,3.107142857,3.107142857,3.107142857,5.054470284
6.26046689,31,31,31.14285714,31,p4,period_data_p4.csv,3.285714286,3.25,3.392857143,3.25,5.559917309
6.88651358,31.16666667,31.28571429,31.28571429,31.28571429,p4,period_data_p4.csv,3.452380952,3.535714286,3.535714286,3.535714286,6.115909041
7.57516494,31.5,31.57142857,31.57142857,31.57142857,p4,period_data_p4.csv,3.785714286,3.821428571,3.821428571,3.821428571,6.727499947
8.33268144,31.66666667,31.85714286,31.66666667,31.85714286,p4,period_data_p4.csv,3.952380952,4.107142857,3.916666667,4.107142857,7.400249947
9.16594958,32,32,32,32,p4,period_data_p4.csv,4.285714286,4.25,4.25,4.25,8.140274938
10.08254454,32.28571429,32.16666667,32.16666667,32.33333333,p4,period_data_p4.csv,4.571428571,4.416666667,4.416666667,4.583333333,8.954302433
11.09079899,32.57142857,32.5,32.5,32.66666667,p4,period_data_p4.csv,4.857142857,4.75,4.75,4.916666667,9.849732673
0.0537375,27.71428571,27.75,27.75,27.75,p5,period_data_p5.csv,0,0,0,0,0.1015256
0.05911125,27.71428571,27.75,27.75,27.75,p5,period_data_p5.csv,0,0,0,0,0.11167816
0.06502237,27.71428571,27.75,27.75,27.75,p5,period_data_p5.csv,0,0,0,0,0.122845966
0.07152461,27.71428571,27.75,27.75,27.75,p5,period_data_p5.csv,0,0,0,0,0.135130569
0.07867707,27.71428571,27.75,27.75,27.75,p5,period_data_p5.csv,0,0,0,0,0.148643624
0.08654478,27.71428571,27.75,27.75,27.75,p5,period_data_p5.csv,0,0,0,0,0.163507992
0.09519926,27.71428571,27.75,27.75,27.75,p5,period_data_p5.csv,0,0,0,0,0.179858795
0.10471918,27.71428571,27.75,27.75,27.75,p5,period_data_p5.csv,0,0,0,0,0.197844663
0.1151911,27.71428571,27.75,27.75,27.75,p5,period_data_p5.csv,0,0,0,0,0.217629133
0.12671021,27.71428571,27.75,27.75,27.75,p5,period_data_p5.csv,0,0,0,0,0.239392046
0.13938123,27.71428571,27.75,27.75,27.75,p5,period_data_p5.csv,0,0,0,0,0.263331249
0.15331936,27.71428571,27.75,27.75,27.75,p5,period_data_p5.csv,0,0,0,0,0.289664387
0.16865129,27.71428571,27.75,27.75,27.75,p5,period_data_p5.csv,0,0,0,0,0.318630814
0.18551642,27.71428571,27.75,27.75,27.75,p5,period_data_p5.csv,0,0,0,0,0.350493898
0.20406806,27.71428571,27.75,27.75,27.75,p5,period_data_p5.csv,0,0,0,0,0.385543284
0.22447487,27.71428571,27.75,27.75,27.75,p5,period_data_p5.csv,0,0,0,0,0.424097619
0.24692236,27.71428571,27.75,27.75,27.75,p5,period_data_p5.csv,0,0,0,0,0.466507387
0.27161459,27.71428571,27.75,27.75,27.75,p5,period_data_p5.csv,0,0,0,0,0.513158114
0.29877605,27.71428571,27.75,27.75,27.75,p5,period_data_p5.csv,0,0,0,0,0.564473928
0.32865366,27.71428571,27.75,27.75,27.75,p5,period_data_p5.csv,0,0,0,0,0.62092133
0.36151902,27.71428571,27.75,27.75,27.75,p5,period_data_p5.csv,0,0,0,0,0.683013452
0.39767092,27.71428571,27.75,27.75,27.75,p5,period_data_p5.csv,0,0,0,0,0.751314793
0.43743802,27.71428571,27.75,27.75,27.75,p5,period_data_p5.csv,0,0,0,0,0.826446288
0.48118182,27.71428571,27.75,27.75,27.75,p5,period_data_p5.csv,0,0,0,0,0.909090913
0.5293,27.71428571,27.75,27.75,27.75,p5,period_data_p5.csv,0,0,0,0,1
0.58223,27.71428571,27.75,27.75,27.75,p5,period_data_p5.csv,0,0,0,0,1.1
0.640453,27.71428571,27.75,27.75,27.75,p5,period_data_p5.csv,0,0,0,0,1.21
0.7044983,27.71428571,27.75,27.75,27.75,p5,period_data_p5.csv,0,0,0,0,1.331
0.77494813,27.71428571,27.75,27.75,27.75,p5,period_data_p5.csv,0,0,0,0,1.4641
0.85244294,27.71428571,27.75,27.75,27.75,p5,period_data_p5.csv,0,0,0,0,1.610509994
0.93768724,27.71428571,27.75,27.75,27.75,p5,period_data_p5.csv,0,0,0,0,1.771561005
1.03145596,27.71428571,27.75,27.75,27.75,p5,period_data_p5.csv,0,0,0,0,1.948717098
1.13460156,27.71428571,27.75,27.75,27.75,p5,period_data_p5.csv,0,0,0,0,2.143588815
1.24806171,27.71428571,27.75,27.75,27.75,p5,period_data_p5.csv,0,0,0,0,2.357947686
1.37286788,27.71428571,27.75,27.75,27.75,p5,period_data_p5.csv,0,0,0,0,2.593742452
1.51015467,27.71428571,27.75,27.75,27.75,p5,period_data_p5.csv,0,0,0,0,2.853116701
1.66117014,27.71428571,27.75,27.75,27.75,p5,period_data_p5.csv,0,0,0,0,3.138428377
1.82728715,27.71428571,27.75,27.75,27.75,p5,period_data_p5.csv,0,0,0,0,3.452271207
2.01001587,27.71428571,27.75,27.75,27.75,p5,period_data_p5.csv,0,0,0,0,3.797498337
2.21101746,27.71428571,27.75,27.75,27.75,p5,period_data_p5.csv,0,0,0,0,4.177248177
2.4321192,27.71428571,27.75,27.75,27.75,p5,period_data_p5.csv,0,0,0,0,4.594972983
2.67533112,27.71428571,27.75,27.75,27.75,p5,period_data_p5.csv,0,0,0,0,5.054470282
2.94286423,27.71428571,27.75,27.75,27.75,p5,period_data_p5.csv,0,0,0,0,5.559917306
3.23715066,27.71428571,27.75,27.75,27.75,p5,period_data_p5.csv,0,0,0,0,6.11590905
3.56086572,27.71428571,27.75,27.75,27.75,p5,period_data_p5.csv,0,0,0,0,6.727499943
3.9169523,27.71428571,27.75,27.75,27.75,p5,period_data_p5.csv,0,0,0,0,7.400249953
4.30864753,27.71428571,27.75,27.75,27.75,p5,period_data_p5.csv,0,0,0,0,8.140274948
4.73951228,27.71428571,27.75,27.75,27.75,p5,period_data_p5.csv,0,0,0,0,8.954302437
5.21346351,27.71428571,27.75,27.75,27.75,p5,period_data_p5.csv,0,0,0,0,9.849732685
0.14483642,27.71428571,27.75,27.75,27.75,q1a,period_data_q1a.csv,0,0,0,0,0.101525599
0.15932006,27.71428571,27.75,27.75,27.75,q1a,period_data_q1a.csv,0,0,0,0,0.111678158
0.17525207,27.71428571,27.75,27.75,27.75,q1a,period_data_q1a.csv,0,0,0,0,0.122845976
0.19277727,27.71428571,27.75,27.75,27.75,q1a,period_data_q1a.csv,0,0,0,0,0.135130569
0.212055,27.71428571,27.75,27.75,27.75,q1a,period_data_q1a.csv,0,0,0,0,0.148643628
0.2332605,27.71428571,27.75,27.75,27.75,q1a,period_data_q1a.csv,0,0,0,0,0.163507991
0.25658655,27.71428571,27.75,27.75,27.75,q1a,period_data_q1a.csv,0,0,0,0,0.17985879
0.2822452,27.71428571,27.75,27.75,27.75,q1a,period_data_q1a.csv,0,0,0,0,0.197844666
0.31046973,27.71428571,27.75,27.75,27.75,q1a,period_data_q1a.csv,0,0,0,0,0.217629139
0.3415167,27.71428571,27.75,27.75,27.75,q1a,period_data_q1a.csv,0,0,0,0,0.239392051
0.37566837,27.71428571,27.75,27.75,27.75,q1a,period_data_q1a.csv,0,0,0,0,0.263331256
0.4132352,27.71428571,27.75,27.75,27.75,q1a,period_data_q1a.csv,0,0,0,0,0.289664377
0.45455872,27.71428571,27.75,27.75,27.75,q1a,period_data_q1a.csv,0,0,0,0,0.318630815
0.5000146,27.71428571,27.75,27.75,27.75,q1a,period_data_q1a.csv,0,0,0,0,0.350493902
0.55001606,27.71428571,27.75,27.75,27.75,q1a,period_data_q1a.csv,0,0,0,0,0.385543292
0.60501766,27.71428571,27.75,27.75,27.75,q1a,period_data_q1a.csv,0,0,0,0,0.424097617
0.66551943,27.71428571,27.75,27.75,27.75,q1a,period_data_q1a.csv,0,0,0,0,0.466507381
0.73207137,27.71428571,27.75,27.75,27.75,q1a,period_data_q1a.csv,0,0,0,0,0.513158117
0.80527851,27.71428571,27.75,27.75,27.75,q1a,period_data_q1a.csv,0,0,0,0,0.564473931
0.88580636,27.71428571,27.75,27.75,27.75,q1a,period_data_q1a.csv,0,0,0,0,0.620921323
0.974387,27.71428571,27.75,27.75,27.75,q1a,period_data_q1a.csv,0,0,0,0,0.683013459
1.07182569,27.71428571,27.75,27.75,27.75,q1a,period_data_q1a.csv,0,0,0,0,0.751314797
1.17900826,27.71428571,27.75,27.75,27.75,q1a,period_data_q1a.csv,0,0,0,0,0.826446278
1.29690909,27.71428571,27.75,27.75,27.75,q1a,period_data_q1a.csv,0,0,0,0,0.909090908
1.4266,27.71428571,27.75,27.75,27.75,q1a,period_data_q1a.csv,0,0,0,0,1
1.4266,27.71428571,27.75,27.75,27.75,q1a,period_data_q1a.csv,0,0,0,0,1
1.56926,27.71428571,27.75,27.75,27.75,q1a,period_data_q1a.csv,0,0,0,0,1.1
1.726186,27.71428571,27.75,27.75,27.75,q1a,period_data_q1a.csv,0,0,0,0,1.21
1.8988046,27.71428571,27.75,27.75,27.75,q1a,period_data_q1a.csv,0,0,0,0,1.331
2.08868506,27.71428571,27.75,27.75,27.75,q1a,period_data_q1a.csv,0,0,0,0,1.4641
2.29755357,27.71428571,27.75,27.75,27.75,q1a,period_data_q1a.csv,0,0,0,0,1.610510003
2.52730892,27.71428571,27.75,27.75,27.75,q1a,period_data_q1a.csv,0,0,0,0,1.771560998
2.78003981,27.71428571,27.75,27.75,27.75,q1a,period_data_q1a.csv,0,0,0,0,1.948717097
3.0580438,27.71428571,27.75,27.75,27.75,q1a,period_data_q1a.csv,0,0,0,0,2.143588813
3.36384818,27.71428571,27.75,27.75,27.75,q1a,period_data_q1a.csv,0,0,0,0,2.357947694
3.70023299,27.71428571,27.75,27.75,27.75,q1a,period_data_q1a.csv,0,0,0,0,2.593742458
4.07025629,27.71428571,27.75,27.75,27.75,q1a,period_data_q1a.csv,0,0,0,0,2.853116704
4.47728192,27.71428571,27.75,27.75,27.75,q1a,period_data_q1a.csv,0,0,0,0,3.138428375
4.92501011,27.85714286,27.75,27.75,27.75,q1a,period_data_q1a.csv,0.142857143,0,0,0,3.452271211
5.41751113,27.85714286,27.75,27.75,27.75,q1a,period_data_q1a.csv,0.142857143,0,0,0,3.797498339
5.95926224,27.85714286,27.75,27.75,27.75,q1a,period_data_q1a.csv,0.142857143,0,0,0,4.17724817
6.55518846,27.85714286,27.75,27.75,27.75,q1a,period_data_q1a.csv,0.142857143,0,0,0,4.594972985
7.21070731,27.85714286,27.75,27.75,27.75,q1a,period_data_q1a.csv,0.142857143,0,0,0,5.054470286
7.93177804,27.85714286,27.875,27.75,27.75,q1a,period_data_q1a.csv,0.142857143,0.125,0,0,5.559917314
8.72495584,27.71428571,27.75,27.75,27.75,q1a,period_data_q1a.csv,0,0,0,0,6.115909042
9.59745143,27.71428571,27.75,27.875,27.875,q1a,period_data_q1a.csv,0,0,0.125,0.125,6.727499951
10.55719657,27.71428571,27.75,27.75,27.75,q1a,period_data_q1a.csv,0,0,0,0,7.400249944
11.61291623,27.71428571,27.75,27.75,27.75,q1a,period_data_q1a.csv,0,0,0,0,8.14027494
12.77420785,27.71428571,27.75,27.75,27.75,q1a,period_data_q1a.csv,0,0,0,0,8.954302432
14.05162864,27.85714286,27.75,27.75,27.75,q1a,period_data_q1a.csv,0.142857143,0,0,0,9.849732679
0.36295401,27.71428571,27.75,27.75,27.75,q1b,period_data_q1b.csv,0,0,0,0,0.101525597
0.39924941,27.71428571,27.75,27.75,27.75,q1b,period_data_q1b.csv,0,0,0,0,0.111678157
0.43917436,27.71428571,27.75,27.75,27.75,q1b,period_data_q1b.csv,0,0,0,0,0.122845975
0.48309179,27.71428571,27.75,27.75,27.75,q1b,period_data_q1b.csv,0,0,0,0,0.135130571
0.53140097,27.71428571,27.75,27.875,27.75,q1b,period_data_q1b.csv,0,0,0.125,0,0.148643628
0.58454107,27.71428571,27.75,27.75,27.875,q1b,period_data_q1b.csv,0,0,0,0.125,0.163507992
0.64299517,27.71428571,27.75,27.75,27.75,q1b,period_data_q1b.csv,0,0,0,0,0.179858789
0.70729469,27.71428571,27.75,27.75,27.75,q1b,period_data_q1b.csv,0,0,0,0,0.197844669
0.77802416,27.71428571,27.75,27.75,27.75,q1b,period_data_q1b.csv,0,0,0,0,0.217629136
0.85582658,27.71428571,27.75,27.75,27.75,q1b,period_data_q1b.csv,0,0,0,0,0.23939205
0.94140923,27.71428571,27.75,27.75,27.75,q1b,period_data_q1b.csv,0,0,0,0,0.263331253
1.03555016,27.71428571,27.75,27.75,27.75,q1b,period_data_q1b.csv,0,0,0,0,0.28966438
1.13910517,27.71428571,27.75,27.75,27.75,q1b,period_data_q1b.csv,0,0,0,0,0.318630817
1.25301569,27.71428571,27.75,27.75,27.75,q1b,period_data_q1b.csv,0,0,0,0,0.350493899
1.37831726,27.71428571,27.75,27.75,27.75,q1b,period_data_q1b.csv,0,0,0,0,0.38554329
1.51614899,27.71428571,27.75,27.75,27.75,q1b,period_data_q1b.csv,0,0,0,0,0.42409762
1.66776388,27.71428571,27.75,27.75,27.75,q1b,period_data_q1b.csv,0,0,0,0,0.466507379
1.83454027,27.85714286,27.75,27.75,27.75,q1b,period_data_q1b.csv,0.142857143,0,0,0,0.513158117
2.0179943,27.85714286,27.75,27.75,27.75,q1b,period_data_q1b.csv,0.142857143,0,0,0,0.56447393
2.21979373,27.85714286,27.75,27.75,27.75,q1b,period_data_q1b.csv,0.142857143,0,0,0,0.620921323
2.4417731,27.71428571,27.75,27.75,27.75,q1b,period_data_q1b.csv,0,0,0,0,0.683013455
2.68595041,27.71428571,27.75,27.75,27.75,q1b,period_data_q1b.csv,0,0,0,0,0.7513148
2.95454545,27.71428571,27.75,27.75,27.75,q1b,period_data_q1b.csv,0,0,0,0,0.82644628
3.25,27.71428571,27.75,27.75,27.75,q1b,period_data_q1b.csv,0,0,0,0,0.909090909
3.575,27.71428571,27.75,27.75,27.75,q1b,period_data_q1b.csv,0,0,0,0,1
3.9325,27.71428571,27.75,27.75,27.75,q1b,period_data_q1b.csv,0,0,0,0,1.1
4.32575,27.85714286,27.75,27.75,27.75,q1b,period_data_q1b.csv,0.142857143,0,0,0,1.21
4.758325,27.85714286,27.75,27.75,27.75,q1b,period_data_q1b.csv,0.142857143,0,0,0,1.331
5.2341575,27.71428571,27.75,27.75,27.75,q1b,period_data_q1b.csv,0,0,0,0,1.4641
5.75757325,27.71428571,27.75,27.75,27.75,q1b,period_data_q1b.csv,0,0,0,0,1.61051
6.33333058,27.71428571,27.75,27.75,27.75,q1b,period_data_q1b.csv,0,0,0,0,1.771561001
6.96666363,27.71428571,27.75,27.75,27.75,q1b,period_data_q1b.csv,0,0,0,0,1.948717099
7.66333,27.85714286,27.75,27.75,27.75,q1b,period_data_q1b.csv,0.142857143,0,0,0,2.143588811
8.429663,27.85714286,27.75,27.75,27.75,q1b,period_data_q1b.csv,0.142857143,0,0,0,2.357947692
9.27262929,27.71428571,27.75,27.875,27.75,q1b,period_data_q1b.csv,0,0,0.125,0,2.593742459
10.19989222,27.71428571,27.75,27.75,27.75,q1b,period_data_q1b.csv,0,0,0,0,2.853116705
11.21988145,27.71428571,27.75,27.71428571,27.75,q1b,period_data_q1b.csv,0,0,-0.035714286,0,3.138428378
12.34186959,27.85714286,27.75,27.71428571,27.75,q1b,period_data_q1b.csv,0.142857143,0,-0.035714286,0,3.452271214
13.57605655,27.71428571,27.75,27.85714286,27.75,q1b,period_data_q1b.csv,0,0,0.107142857,0,3.797498336
14.93366221,27.71428571,27.75,27.71428571,27.75,q1b,period_data_q1b.csv,0,0,-0.035714286,0,4.177248171
16.42702843,27.71428571,27.75,27.71428571,27.75,q1b,period_data_q1b.csv,0,0,-0.035714286,0,4.594972987
18.06973127,27.85714286,27.75,27.71428571,27.75,q1b,period_data_q1b.csv,0.142857143,0,-0.035714286,0,5.054470285
19.8767044,27.71428571,27.75,27.85714286,27.75,q1b,period_data_q1b.csv,0,0,0.107142857,0,5.559917315
21.86437484,27.71428571,27.75,27.71428571,27.75,q1b,period_data_q1b.csv,0,0,-0.035714286,0,6.115909046
24.05081232,27.75,27.75,27.71428571,27.75,q1b,period_data_q1b.csv,0.035714286,0,-0.035714286,0,6.72749995
26.45589355,27.75,27.75,27.71428571,27.75,q1b,period_data_q1b.csv,0.035714286,0,-0.035714286,0,7.400249944
29.10148291,27.75,27.75,27.85714286,27.75,q1b,period_data_q1b.csv,0.035714286,0,0.107142857,0,8.14027494
32.0116312,27.75,27.75,27.71428571,27.75,q1b,period_data_q1b.csv,0.035714286,0,-0.035714286,0,8.954302434
35.21279432,27.75,27.75,27.71428571,27.75,q1b,period_data_q1b.csv,0.035714286,0,-0.035714286,0,9.849732677
0.05854981,27.71428571,27.75,27.75,27.75,q2,period_data_q2.csv,0,0,0,0,0.101525594
0.06440479,27.71428571,27.75,27.75,27.75,q2,period_data_q2.csv,0,0,0,0,0.111678152
0.07084527,27.71428571,27.75,27.75,27.75,q2,period_data_q2.csv,0,0,0,0,0.122845968
0.0779298,27.71428571,27.75,27.75,27.75,q2,period_data_q2.csv,0,0,0,0,0.13513057
0.08572278,27.71428571,27.75,27.75,27.75,q2,period_data_q2.csv,0,0,0,0,0.148643628
0.09429506,27.71428571,27.75,27.75,27.75,q2,period_data_q2.csv,0,0,0,0,0.163507994
0.10372456,27.71428571,27.75,27.75,27.75,q2,period_data_q2.csv,0,0,0,0,0.179858783
0.11409702,27.71428571,27.75,27.75,27.75,q2,period_data_q2.csv,0,0,0,0,0.197844668
0.12550672,27.71428571,27.75,27.875,27.875,q2,period_data_q2.csv,0,0,0.125,0.125,0.217629131
0.13805739,27.71428571,27.75,27.875,27.75,q2,period_data_q2.csv,0,0,0.125,0,0.239392041
0.15186313,27.71428571,27.75,27.75,27.75,q2,period_data_q2.csv,0,0,0,0,0.263331247
0.16704945,27.71428571,27.75,27.75,27.75,q2,period_data_q2.csv,0,0,0,0,0.289664384
0.18375439,27.71428571,27.75,27.75,27.75,q2,period_data_q2.csv,0,0,0,0,0.318630813
0.20212983,27.71428571,27.875,27.75,27.75,q2,period_data_q2.csv,0,0.125,0,0,0.350493896
0.22234282,27.85714286,27.75,27.75,27.75,q2,period_data_q2.csv,0.142857143,0,0,0,0.385543298
0.2445771,27.71428571,27.75,27.75,27.75,q2,period_data_q2.csv,0,0,0,0,0.424097624
0.26903481,27.85714286,27.75,27.75,27.75,q2,period_data_q2.csv,0.142857143,0,0,0,0.466507387
0.29593829,27.85714286,27.75,27.75,27.75,q2,period_data_q2.csv,0.142857143,0,0,0,0.513158124
0.32553212,27.85714286,27.75,27.75,27.75,q2,period_data_q2.csv,0.142857143,0,0,0,0.564473938
0.35808533,27.71428571,27.75,27.75,27.875,q2,period_data_q2.csv,0,0,0,0.125,0.620921328
0.39389386,27.71428571,27.75,27.75,27.75,q2,period_data_q2.csv,0,0,0,0,0.683013456
0.43328325,27.71428571,27.75,27.75,27.75,q2,period_data_q2.csv,0,0,0,0,0.751314808
0.47661157,27.71428571,27.75,27.75,27.75,q2,period_data_q2.csv,0,0,0,0,0.826446281
0.52427273,27.71428571,27.75,27.75,27.75,q2,period_data_q2.csv,0,0,0,0,0.909090914
0.5767,27.71428571,27.75,27.75,27.75,q2,period_data_q2.csv,0,0,0,0,1
0.63437,27.71428571,27.75,27.75,27.75,q2,period_data_q2.csv,0,0,0,0,1.1
0.697807,27.71428571,27.75,27.75,27.75,q2,period_data_q2.csv,0,0,0,0,1.21
0.7675877,27.71428571,27.75,27.75,27.75,q2,period_data_q2.csv,0,0,0,0,1.331
0.84434647,27.71428571,27.75,27.75,27.75,q2,period_data_q2.csv,0,0,0,0,1.4641
0.92878112,27.71428571,27.75,27.75,27.875,q2,period_data_q2.csv,0,0,0,0.125,1.610510005
1.02165923,27.71428571,27.75,27.75,27.75,q2,period_data_q2.csv,0,0,0,0,1.771561002
1.12382515,27.71428571,27.75,27.75,27.75,q2,period_data_q2.csv,0,0,0,0,1.948717097
1.23620767,27.71428571,27.875,27.75,27.75,q2,period_data_q2.csv,0,0.125,0,0,2.143588816
1.35982843,27.85714286,27.75,27.75,27.75,q2,period_data_q2.csv,0.142857143,0,0,0,2.357947685
1.49581128,27.85714286,27.75,27.75,27.75,q2,period_data_q2.csv,0.142857143,0,0,0,2.593742466
1.6453924,27.85714286,27.75,27.75,27.75,q2,period_data_q2.csv,0.142857143,0,0,0,2.853116698
1.80993164,27.71428571,27.75,27.75,27.75,q2,period_data_q2.csv,0,0,0,0,3.138428368
1.99092481,27.71428571,27.75,27.75,27.75,q2,period_data_q2.csv,0,0,0,0,3.452271216
2.19001729,27.71428571,27.75,27.75,27.75,q2,period_data_q2.csv,0,0,0,0,3.797498335
2.40901902,27.71428571,27.75,27.875,27.75,q2,period_data_q2.csv,0,0,0.125,0,4.177248171
2.64992092,27.71428571,27.75,27.75,27.75,q2,period_data_q2.csv,0,0,0,0,4.594972984
2.91491301,27.71428571,27.75,27.75,27.75,q2,period_data_q2.csv,0,0,0,0,5.054470279
3.20640431,27.71428571,27.875,27.75,27.75,q2,period_data_q2.csv,0,0.125,0,0,5.559917305
3.52704475,27.71428571,27.75,27.75,27.75,q2,period_data_q2.csv,0,0,0,0,6.115909051
3.87974922,27.71428571,27.75,27.75,27.75,q2,period_data_q2.csv,0,0,0,0,6.727499948
4.26772414,27.71428571,27.75,27.75,27.75,q2,period_data_q2.csv,0,0,0,0,7.400249939
4.69449656,27.71428571,27.75,27.75,27.75,q2,period_data_q2.csv,0,0,0,0,8.140274944
5.16394621,27.71428571,27.75,27.875,27.875,q2,period_data_q2.csv,0,0,0.125,0.125,8.954302428
5.68034083,27.71428571,27.75,27.75,27.75,q2,period_data_q2.csv,0,0,0,0,9.849732669
0.90796373,27.71428571,27.75,27.75,27.75,q3a,period_data_q3a.csv,0,0,0,0,0.101525598
0.9987601,27.71428571,27.75,27.75,27.75,q3a,period_data_q3a.csv,0,0,0,0,0.111678158
1.09863611,27.71428571,27.75,27.75,27.75,q3a,period_data_q3a.csv,0,0,0,0,0.122845973
1.20849972,27.71428571,27.75,27.75,27.75,q3a,period_data_q3a.csv,0,0,0,0,0.135130571
1.32934969,27.71428571,27.75,27.75,27.75,q3a,period_data_q3a.csv,0,0,0,0,0.148643628
1.46228466,27.71428571,27.75,27.75,27.75,q3a,period_data_q3a.csv,0,0,0,0,0.16350799
1.60851313,27.71428571,27.75,27.75,27.75,q3a,period_data_q3a.csv,0,0,0,0,0.17985879
1.76936444,27.71428571,27.75,27.75,27.75,q3a,period_data_q3a.csv,0,0,0,0,0.197844669
1.94630089,27.71428571,27.75,27.75,27.75,q3a,period_data_q3a.csv,0,0,0,0,0.217629136
2.14093098,27.71428571,27.75,27.75,27.75,q3a,period_data_q3a.csv,0,0,0,0,0.23939205
2.35502407,27.71428571,27.75,27.75,27.75,q3a,period_data_q3a.csv,0,0,0,0,0.263331254
2.59052648,27.71428571,27.75,27.75,27.75,q3a,period_data_q3a.csv,0,0,0,0,0.28966438
2.84957913,27.71428571,27.75,27.75,27.75,q3a,period_data_q3a.csv,0,0,0,0,0.318630818
3.13453704,27.71428571,27.75,27.75,27.75,q3a,period_data_q3a.csv,0,0,0,0,0.350493899
3.44799075,27.71428571,27.75,27.75,27.75,q3a,period_data_q3a.csv,0,0,0,0,0.38554329
3.79278982,27.71428571,27.75,27.75,27.75,q3a,period_data_q3a.csv,0,0,0,0,0.424097618
4.1720688,27.71428571,27.75,27.75,27.75,q3a,period_data_q3a.csv,0,0,0,0,0.46650738
4.58927568,27.71428571,27.75,27.75,27.75,q3a,period_data_q3a.csv,0,0,0,0,0.513158118
5.04820325,27.71428571,27.75,27.75,27.75,q3a,period_data_q3a.csv,0,0,0,0,0.56447393
5.55302358,27.71428571,27.75,27.75,27.75,q3a,period_data_q3a.csv,0,0,0,0,0.620921323
6.10832593,27.71428571,27.75,27.75,27.75,q3a,period_data_q3a.csv,0,0,0,0,0.683013455
6.71915853,27.71428571,27.75,27.75,27.75,q3a,period_data_q3a.csv,0,0,0,0,0.751314801
7.39107438,27.71428571,27.75,27.75,27.75,q3a,period_data_q3a.csv,0,0,0,0,0.826446281
8.13018182,27.71428571,27.75,27.75,27.75,q3a,period_data_q3a.csv,0,0,0,0,0.909090909
8.9432,27.71428571,27.75,27.75,27.75,q3a,period_data_q3a.csv,0,0,0,0,1
8.9432,27.71428571,27.75,27.75,27.75,q3a,period_data_q3a.csv,0,0,0,0,1
9.83752,27.71428571,27.75,27.75,27.75,q3a,period_data_q3a.csv,0,0,0,0,1.1
10.821272,27.71428571,27.75,27.75,27.75,q3a,period_data_q3a.csv,0,0,0,0,1.21
11.9033992,27.71428571,27.75,27.75,27.75,q3a,period_data_q3a.csv,0,0,0,0,1.331
13.09373912,27.71428571,27.75,27.75,27.75,q3a,period_data_q3a.csv,0,0,0,0,1.4641
14.40311303,27.71428571,27.75,27.75,27.75,q3a,period_data_q3a.csv,0,0,0,0,1.61051
15.84342434,27.71428571,27.75,27.75,27.75,q3a,period_data_q3a.csv,0,0,0,0,1.771561001
17.42776677,27.71428571,27.75,27.75,27.75,q3a,period_data_q3a.csv,0,0,0,0,1.9487171
19.17054345,27.71428571,27.75,27.75,27.75,q3a,period_data_q3a.csv,0,0,0,0,2.14358881
21.08759779,27.71428571,27.75,27.75,27.75,q3a,period_data_q3a.csv,0,0,0,0,2.357947691
23.19635757,27.85714286,27.75,27.75,27.75,q3a,period_data_q3a.csv,0.142857143,0,0,0,2.59374246
25.51599333,27.85714286,27.75,27.75,27.75,q3a,period_data_q3a.csv,0.142857143,0,0,0,2.853116707
28.06759266,27.85714286,27.75,27.75,27.75,q3a,period_data_q3a.csv,0.142857143,0,0,0,3.138428377
30.87435192,27.85714286,27.75,27.75,27.75,q3a,period_data_q3a.csv,0.142857143,0,0,0,3.452271214
33.96178712,27.85714286,27.75,27.75,27.75,q3a,period_data_q3a.csv,0.142857143,0,0,0,3.797498336
37.35796583,27.71428571,27.75,27.75,27.75,q3a,period_data_q3a.csv,0,0,0,0,4.17724817
41.09376241,27.71428571,27.75,27.875,27.75,q3a,period_data_q3a.csv,0,0,0.125,0,4.594972986
45.20313865,27.71428571,27.75,27.75,27.75,q3a,period_data_q3a.csv,0,0,0,0,5.054470285
49.72345252,27.71428571,27.75,27.75,27.75,q3a,period_data_q3a.csv,0,0,0,0,5.559917314
54.69579777,27.71428571,27.75,27.75,27.75,q3a,period_data_q3a.csv,0,0,0,0,6.115909045
60.16537755,27.85714286,27.75,27.75,27.75,q3a,period_data_q3a.csv,0.142857143,0,0,0,6.72749995
66.1819153,27.85714286,27.75,27.75,27.75,q3a,period_data_q3a.csv,0.142857143,0,0,0,7.400249944
72.80010683,27.71428571,27.75,27.875,27.75,q3a,period_data_q3a.csv,0,0,0.125,0,8.140274939
80.08011751,27.71428571,27.75,27.71428571,27.75,q3a,period_data_q3a.csv,0,0,-0.035714286,0,8.954302432
88.08812927,27.71428571,27.75,27.71428571,27.75,q3a,period_data_q3a.csv,0,0,-0.035714286,0,9.849732676
0.56751794,27.71428571,27.75,27.75,27.75,q3b,period_data_q3b.csv,0,0,0,0,0.101525598
0.62426973,27.71428571,27.75,27.75,27.75,q3b,period_data_q3b.csv,0,0,0,0,0.111678157
0.68669671,27.71428571,27.75,27.75,27.75,q3b,period_data_q3b.csv,0,0,0,0,0.122845974
0.75536638,27.71428571,27.75,27.75,27.75,q3b,period_data_q3b.csv,0,0,0,0,0.135130571
0.83090302,27.71428571,27.75,27.75,27.75,q3b,period_data_q3b.csv,0,0,0,0,0.148643629
0.91399332,27.71428571,27.75,27.75,27.75,q3b,period_data_q3b.csv,0,0,0,0,0.163507991
1.00539265,27.71428571,27.75,27.875,27.75,q3b,period_data_q3b.csv,0,0,0.125,0,0.17985879
1.10593191,27.71428571,27.75,27.875,27.75,q3b,period_data_q3b.csv,0,0,0.125,0,0.197844668
1.21652511,27.71428571,27.75,27.875,27.875,q3b,period_data_q3b.csv,0,0,0.125,0.125,0.217629136
1.33817762,27.71428571,27.75,27.875,27.875,q3b,period_data_q3b.csv,0,0,0.125,0.125,0.23939205
1.47199538,27.71428571,27.75,27.875,27.875,q3b,period_data_q3b.csv,0,0,0.125,0.125,0.263331255
1.61919492,27.71428571,27.75,27.875,27.875,q3b,period_data_q3b.csv,0,0,0.125,0.125,0.28966438
1.78111441,27.71428571,27.75,27.75,27.875,q3b,period_data_q3b.csv,0,0,0,0.125,0.318630818
1.95922585,27.71428571,27.75,27.75,27.75,q3b,period_data_q3b.csv,0,0,0,0,0.3504939
2.15514843,27.71428571,27.75,27.75,27.75,q3b,period_data_q3b.csv,0,0,0,0,0.385543289
2.37066328,27.71428571,27.75,27.75,27.75,q3b,period_data_q3b.csv,0,0,0,0,0.424097619
2.6077296,27.71428571,27.75,27.75,27.75,q3b,period_data_q3b.csv,0,0,0,0,0.466507379
2.86850257,27.71428571,27.75,27.75,27.75,q3b,period_data_q3b.csv,0,0,0,0,0.513158119
3.15535282,27.71428571,27.75,27.75,27.75,q3b,period_data_q3b.csv,0,0,0,0,0.56447393
3.4708881,27.71428571,27.75,27.75,27.75,q3b,period_data_q3b.csv,0,0,0,0,0.620921322
3.81797691,27.71428571,27.75,27.75,27.75,q3b,period_data_q3b.csv,0,0,0,0,0.683013455
4.19977461,27.71428571,27.75,27.75,27.75,q3b,period_data_q3b.csv,0,0,0,0,0.751314802
4.61975207,27.71428571,27.75,27.75,27.75,q3b,period_data_q3b.csv,0,0,0,0,0.826446282
5.08172727,27.71428571,27.75,27.75,27.75,q3b,period_data_q3b.csv,0,0,0,0,0.909090909
5.5899,27.71428571,27.75,27.75,27.75,q3b,period_data_q3b.csv,0,0,0,0,1
6.14889,27.71428571,27.75,27.75,27.75,q3b,period_data_q3b.csv,0,0,0,0,1.1
6.763779,27.71428571,27.75,27.75,27.75,q3b,period_data_q3b.csv,0,0,0,0,1.21
7.4401569,27.71428571,27.75,27.75,27.75,q3b,period_data_q3b.csv,0,0,0,0,1.331
8.18417259,27.71428571,27.75,27.75,27.75,q3b,period_data_q3b.csv,0,0,0,0,1.4641
9.00258985,27.71428571,27.75,27.75,27.75,q3b,period_data_q3b.csv,0,0,0,0,1.61051
9.90284883,27.85714286,27.75,27.75,27.75,q3b,period_data_q3b.csv,0.142857143,0,0,0,1.771560999
10.89313372,27.85714286,27.75,27.75,27.75,q3b,period_data_q3b.csv,0.142857143,0,0,0,1.9487171
11.98244709,27.85714286,27.75,27.75,27.75,q3b,period_data_q3b.csv,0.142857143,0,0,0,2.14358881
13.1806918,27.71428571,27.75,27.75,27.75,q3b,period_data_q3b.csv,0,0,0,0,2.357947691
14.49876098,27.71428571,27.75,27.75,27.75,q3b,period_data_q3b.csv,0,0,0,0,2.593742461
15.94863708,27.71428571,27.75,27.75,27.75,q3b,period_data_q3b.csv,0,0,0,0,2.853116707
17.54350078,27.71428571,27.75,27.75,27.75,q3b,period_data_q3b.csv,0,0,0,0,3.138428376
19.29785086,27.71428571,27.75,27.75,27.75,q3b,period_data_q3b.csv,0,0,0,0,3.452271214
21.22763595,27.71428571,27.75,27.75,27.75,q3b,period_data_q3b.csv,0,0,0,0,3.797498336
23.35039954,27.71428571,27.75,27.75,27.75,q3b,period_data_q3b.csv,0,0,0,0,4.177248169
25.6854395,27.71428571,27.75,27.75,27.75,q3b,period_data_q3b.csv,0,0,0,0,4.594972987
28.25398345,27.71428571,27.75,27.75,27.75,q3b,period_data_q3b.csv,0,0,0,0,5.054470286
31.07938179,27.85714286,27.75,27.75,27.75,q3b,period_data_q3b.csv,0.142857143,0,0,0,5.559917313
34.18731997,27.71428571,27.625,27.75,27.75,q3b,period_data_q3b.csv,0,-0.125,0,0,6.115909045
37.60605197,27.71428571,27.75,27.625,27.625,q3b,period_data_q3b.csv,0,0,-0.125,-0.125,6.72749995
41.36665716,27.71428571,27.75,27.75,27.75,q3b,period_data_q3b.csv,0,0,0,0,7.400249944
45.50332288,27.71428571,27.75,27.75,27.75,q3b,period_data_q3b.csv,0,0,0,0,8.140274939
50.05365517,27.71428571,27.75,27.71428571,27.75,q3b,period_data_q3b.csv,0,0,-0.035714286,0,8.954302433
55.05902068,27.71428571,27.75,27.71428571,27.75,q3b,period_data_q3b.csv,0,0,-0.035714286,0,9.849732675
0.60181329,27.71428571,27.75,27.75,27.75,q4a,period_data_q4a.csv,0,0,0,0,0.101525598
0.66199462,27.71428571,27.75,27.75,27.75,q4a,period_data_q4a.csv,0,0,0,0,0.111678158
0.72819408,27.71428571,27.75,27.75,27.75,q4a,period_data_q4a.csv,0,0,0,0,0.122845974
0.80101349,27.71428571,27.75,27.75,27.75,q4a,period_data_q4a.csv,0,0,0,0,0.135130572
0.88111483,27.71428571,27.75,27.75,27.75,q4a,period_data_q4a.csv,0,0,0,0,0.148643627
0.96922632,27.71428571,27.75,27.75,27.75,q4a,period_data_q4a.csv,0,0,0,0,0.163507991
1.06614895,27.71428571,27.75,27.75,27.75,q4a,period_data_q4a.csv,0,0,0,0,0.17985879
1.17276384,27.71428571,27.75,27.75,27.75,q4a,period_data_q4a.csv,0,0,0,0,0.197844668
1.29004023,27.71428571,27.75,27.75,27.75,q4a,period_data_q4a.csv,0,0,0,0,0.217629136
1.41904425,27.71428571,27.75,27.75,27.75,q4a,period_data_q4a.csv,0,0,0,0,0.239392049
1.56094868,27.71428571,27.75,27.75,27.75,q4a,period_data_q4a.csv,0,0,0,0,0.263331255
1.71704354,27.71428571,27.75,27.75,27.75,q4a,period_data_q4a.csv,0,0,0,0,0.289664379
1.8887479,27.71428571,27.75,27.75,27.75,q4a,period_data_q4a.csv,0,0,0,0,0.318630818
2.07762269,27.71428571,27.75,27.75,27.75,q4a,period_data_q4a.csv,0,0,0,0,0.3504939
2.28538496,27.71428571,27.75,27.75,27.75,q4a,period_data_q4a.csv,0,0,0,0,0.38554329
2.51392345,27.71428571,27.75,27.75,27.75,q4a,period_data_q4a.csv,0,0,0,0,0.424097618
2.7653158,27.71428571,27.75,27.75,27.75,q4a,period_data_q4a.csv,0,0,0,0,0.466507381
3.04184738,27.71428571,27.75,27.75,27.75,q4a,period_data_q4a.csv,0,0,0,0,0.513158119
3.34603212,27.71428571,27.75,27.75,27.75,q4a,period_data_q4a.csv,0,0,0,0,0.564473931
3.68063533,27.71428571,27.75,27.75,27.75,q4a,period_data_q4a.csv,0,0,0,0,0.620921324
4.04869886,27.71428571,27.75,27.75,27.75,q4a,period_data_q4a.csv,0,0,0,0,0.683013455
4.45356875,27.71428571,27.75,27.75,27.75,q4a,period_data_q4a.csv,0,0,0,0,0.751314802
4.89892562,27.71428571,27.75,27.75,27.75,q4a,period_data_q4a.csv,0,0,0,0,0.826446281
5.38881818,27.71428571,27.75,27.75,27.75,q4a,period_data_q4a.csv,0,0,0,0,0.909090909
5.9277,27.71428571,27.75,27.75,27.75,q4a,period_data_q4a.csv,0,0,0,0,1
5.9277,27.71428571,27.75,27.75,27.75,q4a,period_data_q4a.csv,0,0,0,0,1
6.52047,27.71428571,27.75,27.75,27.75,q4a,period_data_q4a.csv,0,0,0,0,1.1
7.172517,27.71428571,27.75,27.75,27.75,q4a,period_data_q4a.csv,0,0,0,0,1.21
7.8897687,27.71428571,27.75,27.75,27.75,q4a,period_data_q4a.csv,0,0,0,0,1.331
8.67874557,27.71428571,27.75,27.75,27.75,q4a,period_data_q4a.csv,0,0,0,0,1.4641
9.54662013,27.71428571,27.75,27.75,27.75,q4a,period_data_q4a.csv,0,0,0,0,1.610510001
10.50128214,27.71428571,27.75,27.75,27.75,q4a,period_data_q4a.csv,0,0,0,0,1.771561
11.55141035,27.71428571,27.75,27.75,27.75,q4a,period_data_q4a.csv,0,0,0,0,1.948717099
12.70655139,27.71428571,27.75,27.75,27.75,q4a,period_data_q4a.csv,0,0,0,0,2.14358881
13.97720653,27.71428571,27.75,27.75,27.75,q4a,period_data_q4a.csv,0,0,0,0,2.357947691
15.37492718,27.71428571,27.75,27.75,27.75,q4a,period_data_q4a.csv,0,0,0,0,2.59374246
16.9124199,27.71428571,27.75,27.75,27.75,q4a,period_data_q4a.csv,0,0,0,0,2.853116706
18.60366189,27.71428571,27.75,27.75,27.75,q4a,period_data_q4a.csv,0,0,0,0,3.138428377
20.46402808,27.71428571,27.75,27.75,27.75,q4a,period_data_q4a.csv,0,0,0,0,3.452271215
22.51043089,27.71428571,27.75,27.75,27.75,q4a,period_data_q4a.csv,0,0,0,0,3.797498337
24.76147397,27.71428571,27.75,27.75,27.75,q4a,period_data_q4a.csv,0,0,0,0,4.177248169
27.23762137,27.71428571,27.75,27.75,27.75,q4a,period_data_q4a.csv,0,0,0,0,4.594972986
29.96138351,27.85714286,27.75,27.75,27.75,q4a,period_data_q4a.csv,0.142857143,0,0,0,5.054470285
32.95752186,27.85714286,27.75,27.75,27.75,q4a,period_data_q4a.csv,0.142857143,0,0,0,5.559917314
36.25327405,27.85714286,27.75,27.75,27.75,q4a,period_data_q4a.csv,0.142857143,0,0,0,6.115909046
39.87860145,27.85714286,27.75,27.75,27.75,q4a,period_data_q4a.csv,0.142857143,0,0,0,6.727499949
43.86646159,27.85714286,27.75,27.75,27.75,q4a,period_data_q4a.csv,0.142857143,0,0,0,7.400249943
48.25310775,27.85714286,27.75,27.75,27.75,q4a,period_data_q4a.csv,0.142857143,0,0,0,8.140274938
53.07841853,27.85714286,27.875,27.75,27.75,q4a,period_data_q4a.csv,0.142857143,0.125,0,0,8.954302433
58.38626038,27.71428571,27.75,27.75,27.75,q4a,period_data_q4a.csv,0,0,0,0,9.849732675
0.9090602,27.71428571,27.75,27.875,27.875,q4b,period_data_q4b.csv,0,0,0.125,0.125,0.101525597
0.99996622,27.71428571,27.75,27.875,27.875,q4b,period_data_q4b.csv,0,0,0.125,0.125,0.111678157
1.09996285,27.71428571,27.75,27.875,27.875,q4b,period_data_q4b.csv,0,0,0.125,0.125,0.122845974
1.20995913,27.71428571,27.75,27.875,27.875,q4b,period_data_q4b.csv,0,0,0.125,0.125,0.135130571
1.33095505,27.71428571,27.75,27.875,27.875,q4b,period_data_q4b.csv,0,0,0.125,0.125,0.148643629
1.46405055,27.71428571,27.75,27.875,27.875,q4b,period_data_q4b.csv,0,0,0.125,0.125,0.163507991
1.6104556,27.71428571,27.75,27.75,27.875,q4b,period_data_q4b.csv,0,0,0,0.125,0.179858789
1.77150117,27.71428571,27.75,27.75,27.875,q4b,period_data_q4b.csv,0,0,0,0.125,0.197844669
1.94865128,27.71428571,27.75,27.75,27.875,q4b,period_data_q4b.csv,0,0,0,0.125,0.217629136
2.14351641,27.71428571,27.75,27.75,27.75,q4b,period_data_q4b.csv,0,0,0,0,0.239392049
2.35786805,27.71428571,27.75,27.75,27.75,q4b,period_data_q4b.csv,0,0,0,0,0.263331254
2.59365486,27.71428571,27.75,27.75,27.75,q4b,period_data_q4b.csv,0,0,0,0,0.28966438
2.85302034,27.71428571,27.75,27.75,27.75,q4b,period_data_q4b.csv,0,0,0,0,0.318630818
3.13832238,27.71428571,27.75,27.75,27.75,q4b,period_data_q4b.csv,0,0,0,0,0.3504939
3.45215461,27.71428571,27.75,27.75,27.75,q4b,period_data_q4b.csv,0,0,0,0,0.385543289
3.79737007,27.71428571,27.75,27.75,27.75,q4b,period_data_q4b.csv,0,0,0,0,0.424097618
4.17710708,27.71428571,27.75,27.75,27.75,q4b,period_data_q4b.csv,0,0,0,0,0.46650738
4.59481779,27.71428571,27.75,27.75,27.75,q4b,period_data_q4b.csv,0,0,0,0,0.513158118
5.05429957,27.71428571,27.75,27.75,27.75,q4b,period_data_q4b.csv,0,0,0,0,0.56447393
5.55972953,27.71428571,27.75,27.75,27.75,q4b,period_data_q4b.csv,0,0,0,0,0.620921323
6.11570248,27.71428571,27.75,27.75,27.75,q4b,period_data_q4b.csv,0,0,0,0,0.683013455
6.72727273,27.71428571,27.75,27.75,27.75,q4b,period_data_q4b.csv,0,0,0,0,0.751314801
7.4,27.71428571,27.75,27.75,27.75,q4b,period_data_q4b.csv,0,0,0,0,0.826446281
8.14,27.71428571,27.75,27.75,27.75,q4b,period_data_q4b.csv,0,0,0,0,0.909090909
8.954,27.71428571,27.75,27.75,27.75,q4b,period_data_q4b.csv,0,0,0,0,1
9.8494,27.71428571,27.75,27.75,27.75,q4b,period_data_q4b.csv,0,0,0,0,1.1
10.83434,27.71428571,27.75,27.75,27.75,q4b,period_data_q4b.csv,0,0,0,0,1.21
11.917774,27.71428571,27.75,27.75,27.75,q4b,period_data_q4b.csv,0,0,0,0,1.331
13.1095514,27.71428571,27.75,27.75,27.75,q4b,period_data_q4b.csv,0,0,0,0,1.4641
14.42050654,27.71428571,27.75,27.75,27.75,q4b,period_data_q4b.csv,0,0,0,0,1.61051
15.86255719,27.85714286,27.75,27.75,27.75,q4b,period_data_q4b.csv,0.142857143,0,0,0,1.771561
17.44881291,27.85714286,27.75,27.75,27.75,q4b,period_data_q4b.csv,0.142857143,0,0,0,1.9487171
19.1936942,27.85714286,27.75,27.75,27.75,q4b,period_data_q4b.csv,0.142857143,0,0,0,2.143588809
21.11306363,27.85714286,27.75,27.75,27.75,q4b,period_data_q4b.csv,0.142857143,0,0,0,2.357947692
23.22436999,27.71428571,27.75,27.75,27.75,q4b,period_data_q4b.csv,0,0,0,0,2.59374246
25.54680699,27.71428571,27.75,27.75,27.75,q4b,period_data_q4b.csv,0,0,0,0,2.853116706
28.10148769,27.71428571,27.75,27.75,27.75,q4b,period_data_q4b.csv,0,0,0,0,3.138428377
30.91163645,27.71428571,27.75,27.75,27.625,q4b,period_data_q4b.csv,0,0,0,-0.125,3.452271214
34.0028001,27.71428571,27.75,27.75,27.75,q4b,period_data_q4b.csv,0,0,0,0,3.797498336
37.40308011,27.71428571,27.75,27.75,27.75,q4b,period_data_q4b.csv,0,0,0,0,4.17724817
41.14338812,27.71428571,27.75,27.75,27.75,q4b,period_data_q4b.csv,0,0,0,0,4.594972986
45.25772693,27.71428571,27.75,27.75,27.75,q4b,period_data_q4b.csv,0,0,0,0,5.054470285
49.78349963,27.71428571,27.75,27.75,27.75,q4b,period_data_q4b.csv,0,0,0,0,5.559917314
54.76184959,27.85714286,27.75,27.75,27.75,q4b,period_data_q4b.csv,0.142857143,0,0,0,6.115909045
60.23803455,27.71428571,27.625,27.75,27.75,q4b,period_data_q4b.csv,0,-0.125,0,0,6.72749995
66.261838,27.71428571,27.625,27.75,27.75,q4b,period_data_q4b.csv,0,-0.125,0,0,7.400249944
72.8880218,27.71428571,27.75,27.625,27.625,q4b,period_data_q4b.csv,0,0,-0.125,-0.125,8.140274939
80.17682398,27.71428571,27.75,27.75,27.75,q4b,period_data_q4b.csv,0,0,0,0,8.954302432
88.19450638,27.71428571,27.75,27.75,27.75,q4b,period_data_q4b.csv,0,0,0,0,9.849732676
0.49055138,,,,,v1,period_data_v1.csv,,,,,0.101525597
0.53960652,,,,,v1,period_data_v1.csv,,,,,0.111678157
0.59356718,,,,,v1,period_data_v1.csv,,,,,0.122845975
0.65292389,,,,,v1,period_data_v1.csv,,,,,0.13513057
0.71821628,,,,,v1,period_data_v1.csv,,,,,0.148643628
0.79003791,,,,,v1,period_data_v1.csv,,,,,0.163507991
0.8690417,,,,,v1,period_data_v1.csv,,,,,0.17985879
0.95594587,25.42857143,25.42857143,25.42857143,,v1,period_data_v1.csv,-2.285714286,-2.321428571,-2.321428571,,0.197844669
1.05154046,25.25,25.25,25.22222222,25.25,v1,period_data_v1.csv,-2.464285714,-2.5,-2.527777778,-2.5,0.217629136
1.1566945,25,25,25,25,v1,period_data_v1.csv,-2.714285714,-2.75,-2.75,-2.75,0.239392049
1.27236395,24.88888889,24.875,24.875,24.875,v1,period_data_v1.csv,-2.825396825,-2.875,-2.875,-2.875,0.263331253
1.39960035,24.88888889,25,24.875,25,v1,period_data_v1.csv,-2.825396825,-2.75,-2.875,-2.75,0.28966438
1.53956039,25.22222222,25.125,25.25,25.125,v1,period_data_v1.csv,-2.492063492,-2.625,-2.5,-2.625,0.318630819
1.69351642,25.375,25.375,25.375,25.375,v1,period_data_v1.csv,-2.339285714,-2.375,-2.375,-2.375,0.350493899
1.86286807,25.625,25.625,25.66666667,25.625,v1,period_data_v1.csv,-2.089285714,-2.125,-2.083333333,-2.125,0.38554329
2.04915487,25.875,25.875,25.77777778,25.875,v1,period_data_v1.csv,-1.839285714,-1.875,-1.972222222,-1.875,0.424097618
2.25407036,26,26.125,26.125,26.125,v1,period_data_v1.csv,-1.714285714,-1.625,-1.625,-1.625,0.46650738
2.4794774,26.375,26.375,26.375,26.375,v1,period_data_v1.csv,-1.339285714,-1.375,-1.375,-1.375,0.513158119
2.72742514,26.625,26.625,26.625,26.5,v1,period_data_v1.csv,-1.089285714,-1.125,-1.125,-1.25,0.564473931
3.00016765,26.75,26.71428571,26.75,26.75,v1,period_data_v1.csv,-0.964285714,-1.035714286,-1,-1,0.620921323
3.30018441,27,27,27,27,v1,period_data_v1.csv,-0.714285714,-0.75,-0.75,-0.75,0.683013455
3.63020285,27.14285714,27.25,27.125,27.125,v1,period_data_v1.csv,-0.571428571,-0.5,-0.625,-0.625,0.7513148
3.99322314,27.42857143,27.375,27.375,27.375,v1,period_data_v1.csv,-0.285714286,-0.375,-0.375,-0.375,0.826446281
4.39254545,27.57142857,27.625,27.625,27.5,v1,period_data_v1.csv,-0.142857143,-0.125,-0.125,-0.25,0.909090908
4.8318,27.71428571,27.75,27.75,27.75,v1,period_data_v1.csv,0,0,0,0,1
4.8318,27.71428571,27.75,27.75,27.75,v1,period_data_v1.csv,0,0,0,0,1
5.31498,27.85714286,27.875,27.85714286,27.875,v1,period_data_v1.csv,0.142857143,0.125,0.107142857,0.125,1.1
5.846478,28.14285714,28.125,28.14285714,28.125,v1,period_data_v1.csv,0.428571429,0.375,0.392857143,0.375,1.21
6.4311258,28.28571429,28.25,28.28571429,28.375,v1,period_data_v1.csv,0.571428571,0.5,0.535714286,0.625,1.331
7.07423838,28.42857143,28.375,28.42857143,28.42857143,v1,period_data_v1.csv,0.714285714,0.625,0.678571429,0.678571429,1.4641
7.78166222,28.71428571,28.75,28.71428571,28.71428571,v1,period_data_v1.csv,1,1,0.964285714,0.964285714,1.61051
8.55982844,28.85714286,28.875,28.85714286,28.85714286,v1,period_data_v1.csv,1.142857143,1.125,1.107142857,1.107142857,1.771561
9.41581128,29,29,29,29,v1,period_data_v1.csv,1.285714286,1.25,1.25,1.25,1.948717099
10.35739241,29.14285714,29.25,29.14285714,29.28571429,v1,period_data_v1.csv,1.428571429,1.5,1.392857143,1.535714286,2.14358881
11.39313165,29.57142857,29.42857143,29.57142857,29.42857143,v1,period_data_v1.csv,1.857142857,1.678571429,1.821428571,1.678571429,2.35794769
12.53244482,29.71428571,29.57142857,29.71428571,29.71428571,v1,period_data_v1.csv,2,1.821428571,1.964285714,1.964285714,2.59374246
13.7856893,30,30,30,30,v1,period_data_v1.csv,2.285714286,2.25,2.25,2.25,2.853116706
15.16425823,30.16666667,30.28571429,30.28571429,30.28571429,v1,period_data_v1.csv,2.452380952,2.535714286,2.535714286,2.535714286,3.138428377
16.68068405,30.57142857,30.57142857,30.57142857,30.57142857,v1,period_data_v1.csv,2.857142857,2.821428571,2.821428571,2.821428571,3.452271214
18.34875246,30.85714286,30.85714286,30.83333333,31,v1,period_data_v1.csv,3.142857143,3.107142857,3.083333333,3.25,3.797498336
20.1836277,31.28571429,31.33333333,31.16666667,31.33333333,v1,period_data_v1.csv,3.571428571,3.583333333,3.416666667,3.583333333,4.177248168
22.20199048,31.71428571,31.83333333,31.85714286,31.83333333,v1,period_data_v1.csv,4,4.083333333,4.107142857,4.083333333,4.594972987
24.42218952,32.33333333,32.33333333,32.42857143,32.42857143,v1,period_data_v1.csv,4.619047619,4.583333333,4.678571429,4.678571429,5.054470284
26.86440848,33,32.85714286,33,32.83333333,v1,period_data_v1.csv,5.285714286,5.107142857,5.25,5.083333333,5.559917314
29.55084932,33.66666667,33.66666667,33.66666667,33.66666667,v1,period_data_v1.csv,5.952380952,5.916666667,5.916666667,5.916666667,6.115909044
32.50593426,34.4,34.5,34.5,34.5,v1,period_data_v1.csv,6.685714286,6.75,6.75,6.75,6.72749995
35.75652768,35.5,35.5,35.4,35.4,v1,period_data_v1.csv,7.785714286,7.75,7.65,7.65,7.400249944
39.33218045,36.5,36.6,36.5,36.5,v1,period_data_v1.csv,8.785714286,8.85,8.75,8.75,8.140274939
43.26539849,37.8,37.83333333,37.8,37.83333333,v1,period_data_v1.csv,10.08571429,10.08333333,10.05,10.08333333,8.954302432
47.59193834,39.4,39.6,39.4,39.4,v1,period_data_v1.csv,11.68571429,11.85,11.65,11.65,9.849732675
0.17078636,,,,,v2,period_data_v2.csv,,,,,0.101525597
0.187865,,,,,v2,period_data_v2.csv,,,,,0.11167816
0.2066515,,,,,v2,period_data_v2.csv,,,,,0.122845976
0.22731665,,,,,v2,period_data_v2.csv,,,,,0.135130573
0.25004831,,,,,v2,period_data_v2.csv,,,,,0.148643627
0.27505314,,,,,v2,period_data_v2.csv,,,,,0.16350799
0.30255846,,,,,v2,period_data_v2.csv,,,,,0.179858792
0.3328143,,,,,v2,period_data_v2.csv,,,,,0.197844668
0.36609573,36.5,36.6,36.6,36.4,v2,period_data_v2.csv,8.785714286,8.85,8.85,8.65,0.217629134
0.40270531,36.4,36.33333333,36.4,36.4,v2,period_data_v2.csv,8.685714286,8.583333333,8.65,8.65,0.239392052
0.44297584,35.6,35.83333333,35.66666667,35.66666667,v2,period_data_v2.csv,7.885714286,8.083333333,7.916666667,7.916666667,0.263331257
0.48727342,34.66666667,34.8,34.83333333,34.66666667,v2,period_data_v2.csv,6.952380952,7.05,7.083333333,6.916666667,0.28966438
0.53600076,33.66666667,33.66666667,33.66666667,33.66666667,v2,period_data_v2.csv,5.952380952,5.916666667,5.916666667,5.916666667,0.318630817
0.58960084,32.71428571,32.83333333,32.66666667,32.83333333,v2,period_data_v2.csv,5,5.083333333,4.916666667,5.083333333,0.350493901
0.64856092,31.83333333,31.85714286,31.83333333,31.85714286,v2,period_data_v2.csv,4.119047619,4.107142857,4.083333333,4.107142857,0.385543289
0.71341701,31.16666667,31.14285714,31.14285714,31.14285714,v2,period_data_v2.csv,3.452380952,3.392857143,3.392857143,3.392857143,0.424097616
0.78475871,30.57142857,30.66666667,30.57142857,30.57142857,v2,period_data_v2.csv,2.857142857,2.916666667,2.821428571,2.821428571,0.466507377
0.86323459,30.14285714,30,30.14285714,30,v2,period_data_v2.csv,2.428571429,2.25,2.392857143,2.25,0.51315812
0.94955805,29.57142857,29.57142857,29.57142857,29.71428571,v2,period_data_v2.csv,1.857142857,1.821428571,1.821428571,1.964285714,0.564473933
1.04451385,29.28571429,29.14285714,29.28571429,29.28571429,v2,period_data_v2.csv,1.571428571,1.392857143,1.535714286,1.535714286,0.620921323
1.14896523,28.875,28.85714286,29,28.85714286,v2,period_data_v2.csv,1.160714286,1.107142857,1.25,1.107142857,0.683013453
1.26386176,28.625,28.57142857,28.57142857,28.57142857,v2,period_data_v2.csv,0.910714286,0.821428571,0.821428571,0.821428571,0.751314802
1.39024793,28.375,28.25,28.42857143,28.42857143,v2,period_data_v2.csv,0.660714286,0.5,0.678571429,0.678571429,0.826446279
1.52927273,28.14285714,28.125,28,28.125,v2,period_data_v2.csv,0.428571429,0.375,0.25,0.375,0.909090911
1.6822,27.71428571,27.75,27.75,27.75,v2,period_data_v2.csv,0,0,0,0,1
1.85042,27.42857143,27.375,27.375,27.375,v2,period_data_v2.csv,-0.285714286,-0.375,-0.375,-0.375,1.1
2.035462,27.125,27,27.125,27.125,v2,period_data_v2.csv,-0.589285714,-0.75,-0.625,-0.625,1.21
2.2390082,26.75,26.75,26.75,26.75,v2,period_data_v2.csv,-0.964285714,-1,-1,-1,1.331
2.46290902,26.375,26.375,26.25,26.375,v2,period_data_v2.csv,-1.339285714,-1.375,-1.5,-1.375,1.4641
2.70919992,25.875,26,25.88888889,25.875,v2,period_data_v2.csv,-1.839285714,-1.75,-1.861111111,-1.875,1.610509999
2.98011991,25.5,25.375,25.5,25.375,v2,period_data_v2.csv,-2.214285714,-2.375,-2.25,-2.375,1.771560998
3.27813191,25,25,25,25,v2,period_data_v2.csv,-2.714285714,-2.75,-2.75,-2.75,1.948717103
3.6059451,24.55555556,24.55555556,24.625,24.5,v2,period_data_v2.csv,-3.158730159,-3.194444444,-3.125,-3.25,2.143588812
3.96653961,24.44444444,24.44444444,24.375,24.5,v2,period_data_v2.csv,-3.26984127,-3.305555556,-3.375,-3.25,2.357947693
4.36319357,24.66666667,24.75,24.75,24.75,v2,period_data_v2.csv,-3.047619048,-3,-3,-3,2.593742462
4.79951292,,,,,v2,period_data_v2.csv,,,,,2.853116704
5.27946422,,,,,v2,period_data_v2.csv,,,,,3.13842838
5.80741064,,,,,v2,period_data_v2.csv,,,,,3.452271216
6.3881517,,,,,v2,period_data_v2.csv,,,,,3.797498336
7.02696687,,,,,v2,period_data_v2.csv,,,,,4.177248169
7.72966356,,,,,v2,period_data_v2.csv,,,,,4.594972988
8.50262991,,,,,v2,period_data_v2.csv,,,,,5.054470283
9.3528929,,,,,v2,period_data_v2.csv,,,,,5.559917311
10.2881822,,,,,v2,period_data_v2.csv,,,,,6.115909048
11.31700041,,,,,v2,period_data_v2.csv,,,,,6.727499946
12.44870046,,,,,v2,period_data_v2.csv,,,,,7.400249946
13.6935705,,,,,v2,period_data_v2.csv,,,,,8.140274938
15.06292755,,,,,v2,period_data_v2.csv,,,,,8.954302431
16.56922031,,,,,v2,period_data_v2.csv,,,,,9.849732677
0.11299799,27,27.14285714,27.125,27.125,v3,period_data_v3.csv,-0.714285714,-0.607142857,-0.625,-0.625,0.101525597
0.12429779,27,27.14285714,27,27.125,v3,period_data_v3.csv,-0.714285714,-0.607142857,-0.75,-0.625,0.111678158
0.13672757,27,27.14285714,27,27.125,v3,period_data_v3.csv,-0.714285714,-0.607142857,-0.75,-0.625,0.122845975
0.15040033,27,27.14285714,27,27.125,v3,period_data_v3.csv,-0.714285714,-0.607142857,-0.75,-0.625,0.135130575
0.16544036,27,27.14285714,27,27.125,v3,period_data_v3.csv,-0.714285714,-0.607142857,-0.75,-0.625,0.14864363
0.18198439,27,27.14285714,27,27.125,v3,period_data_v3.csv,-0.714285714,-0.607142857,-0.75,-0.625,0.163507987
0.20018283,27.125,27.14285714,27,27.125,v3,period_data_v3.csv,-0.589285714,-0.607142857,-0.75,-0.625,0.179858787
0.22020112,27.125,27.14285714,27.125,27.125,v3,period_data_v3.csv,-0.589285714,-0.607142857,-0.625,-0.625,0.197844672
0.24222123,27.125,27.14285714,27.125,27.125,v3,period_data_v3.csv,-0.589285714,-0.607142857,-0.625,-0.625,0.217629137
0.26644335,27.125,27.14285714,27.125,27.125,v3,period_data_v3.csv,-0.589285714,-0.607142857,-0.625,-0.625,0.239392049
0.29308769,27.125,27.14285714,27.125,27.125,v3,period_data_v3.csv,-0.589285714,-0.607142857,-0.625,-0.625,0.263331258
0.32239645,27.125,27.14285714,27.125,27.25,v3,period_data_v3.csv,-0.589285714,-0.607142857,-0.625,-0.5,0.289664376
0.3546361,27.25,27.14285714,27.125,27.125,v3,period_data_v3.csv,-0.464285714,-0.607142857,-0.625,-0.625,0.318630818
0.39009971,27.25,27.14285714,27.25,27.125,v3,period_data_v3.csv,-0.464285714,-0.607142857,-0.5,-0.625,0.350493899
0.42910968,27.125,27.28571429,27.25,27.25,v3,period_data_v3.csv,-0.589285714,-0.464285714,-0.5,-0.5,0.385543288
0.47202065,27.28571429,27.25,27.25,27.25,v3,period_data_v3.csv,-0.428571429,-0.5,-0.5,-0.5,0.424097619
0.51922271,27.28571429,27.375,27.25,27.375,v3,period_data_v3.csv,-0.428571429,-0.375,-0.5,-0.375,0.466507376
0.57114499,27.42857143,27.25,27.375,27.25,v3,period_data_v3.csv,-0.285714286,-0.5,-0.375,-0.5,0.513158122
0.62825948,27.28571429,27.375,27.375,27.375,v3,period_data_v3.csv,-0.428571429,-0.375,-0.375,-0.375,0.564473926
0.69108543,27.42857143,27.5,27.375,27.5,v3,period_data_v3.csv,-0.285714286,-0.25,-0.375,-0.25,0.620921321
0.76019398,27.42857143,27.5,27.5,27.375,v3,period_data_v3.csv,-0.285714286,-0.25,-0.25,-0.375,0.683013459
0.83621337,27.57142857,27.625,27.625,27.5,v3,period_data_v3.csv,-0.142857143,-0.125,-0.125,-0.25,0.751314798
0.91983471,27.57142857,27.625,27.625,27.5,v3,period_data_v3.csv,-0.142857143,-0.125,-0.125,-0.25,0.82644628
1.01181818,27.71428571,27.75,27.75,27.75,v3,period_data_v3.csv,0,0,0,0,0.909090907
1.113,27.71428571,27.75,27.75,27.75,v3,period_data_v3.csv,0,0,0,0,1
1.2243,27.85714286,27.75,27.875,27.875,v3,period_data_v3.csv,0.142857143,0,0.125,0.125,1.1
1.34673,28,28,27.85714286,27.875,v3,period_data_v3.csv,0.285714286,0.25,0.107142857,0.125,1.21
1.481403,28,28,28.14285714,28,v3,period_data_v3.csv,0.285714286,0.25,0.392857143,0.25,1.331
1.6295433,28.14285714,28.125,28.14285714,28,v3,period_data_v3.csv,0.428571429,0.375,0.392857143,0.25,1.4641
1.79249763,28.14285714,28.125,28.14285714,28.28571429,v3,period_data_v3.csv,0.428571429,0.375,0.392857143,0.535714286,1.61051
1.97174739,28.25,28.375,28.28571429,28.28571429,v3,period_data_v3.csv,0.535714286,0.625,0.535714286,0.535714286,1.771560997
2.16892213,28.375,28.375,28.42857143,28.42857143,v3,period_data_v3.csv,0.660714286,0.625,0.678571429,0.678571429,1.948717098
2.38581435,28.5,28.5,28.42857143,28.42857143,v3,period_data_v3.csv,0.785714286,0.75,0.678571429,0.678571429,2.143588814
2.62439578,28.5,28.57142857,28.57142857,28.57142857,v3,period_data_v3.csv,0.785714286,0.821428571,0.821428571,0.821428571,2.357947691
2.88683536,28.625,28.57142857,28.71428571,28.57142857,v3,period_data_v3.csv,0.910714286,0.821428571,0.964285714,0.821428571,2.593742462
3.17551889,28.75,28.71428571,28.71428571,28.71428571,v3,period_data_v3.csv,1.035714286,0.964285714,0.964285714,0.964285714,2.853116703
3.49307078,28.75,28.85714286,28.71428571,28.85714286,v3,period_data_v3.csv,1.035714286,1.107142857,0.964285714,1.107142857,3.138428374
3.84237786,28.85714286,28.85714286,28.85714286,28.85714286,v3,period_data_v3.csv,1.142857143,1.107142857,1.107142857,1.107142857,3.452271213
4.22661565,29,29,29.14285714,29,v3,period_data_v3.csv,1.285714286,1.25,1.392857143,1.25,3.797498338
4.64927721,29.14285714,29.14285714,29,29.14285714,v3,period_data_v3.csv,1.428571429,1.392857143,1.25,1.392857143,4.177248167
5.11420493,29.28571429,29.28571429,29.14285714,29.28571429,v3,period_data_v3.csv,1.571428571,1.535714286,1.392857143,1.535714286,4.594972983
5.62562543,29.42857143,29.42857143,29.28571429,29.28571429,v3,period_data_v3.csv,1.714285714,1.678571429,1.535714286,1.535714286,5.054470288
6.18818797,29.42857143,29.42857143,29.57142857,29.57142857,v3,period_data_v3.csv,1.714285714,1.678571429,1.821428571,1.821428571,5.559917314
6.80700677,29.71428571,29.71428571,29.57142857,29.57142857,v3,period_data_v3.csv,2,1.964285714,1.821428571,1.821428571,6.115909048
7.48770744,29.85714286,29.85714286,29.71428571,29.66666667,v3,period_data_v3.csv,2.142857143,2.107142857,1.964285714,1.916666667,6.727499946
8.23647819,30,30,30,30.14285714,v3,period_data_v3.csv,2.285714286,2.25,2.25,2.392857143,7.400249946
9.06012601,30.14285714,30.16666667,30.28571429,30.28571429,v3,period_data_v3.csv,2.428571429,2.416666667,2.535714286,2.535714286,8.140274942
9.96613861,30.42857143,30.5,30.42857143,30.42857143,v3,period_data_v3.csv,2.714285714,2.75,2.678571429,2.678571429,8.954302435
10.96275247,30.66666667,30.71428571,30.71428571,30.71428571,v3,period_data_v3.csv,2.952380952,2.964285714,2.964285714,2.964285714,9.849732677
0.25393583,25.25,25.25,25.22222222,25.33333333,v4,period_data_v4.csv,-2.464285714,-2.5,-2.527777778,-2.416666667,0.1015256
0.27932941,25.25,25.25,25.22222222,25.22222222,v4,period_data_v4.csv,-2.464285714,-2.5,-2.527777778,-2.527777778,0.111678158
0.30726235,25.125,25.125,25.11111111,25.22222222,v4,period_data_v4.csv,-2.589285714,-2.625,-2.638888889,-2.527777778,0.122845974
0.33798858,25.125,25.125,25.11111111,25.11111111,v4,period_data_v4.csv,-2.589285714,-2.625,-2.638888889,-2.638888889,0.135130569
0.37178744,25.125,25,25.11111111,25.11111111,v4,period_data_v4.csv,-2.589285714,-2.75,-2.638888889,-2.638888889,0.148643627
0.40896619,25,25.125,25.11111111,25.11111111,v4,period_data_v4.csv,-2.714285714,-2.625,-2.638888889,-2.638888889,0.163507992
0.44986281,25.25,25.125,25.22222222,25.22222222,v4,period_data_v4.csv,-2.464285714,-2.625,-2.527777778,-2.527777778,0.179858792
0.49484909,25.375,25.25,25.33333333,25.22222222,v4,period_data_v4.csv,-2.339285714,-2.5,-2.416666667,-2.527777778,0.197844671
0.54433399,25.375,25.5,25.44444444,25.44444444,v4,period_data_v4.csv,-2.339285714,-2.25,-2.305555556,-2.305555556,0.217629134
0.59876739,25.625,25.5,25.55555556,25.55555556,v4,period_data_v4.csv,-2.089285714,-2.25,-2.194444444,-2.194444444,0.239392048
0.65864413,25.75,25.75,25.66666667,25.66666667,v4,period_data_v4.csv,-1.964285714,-2,-2.083333333,-2.083333333,0.263331253
0.72450855,25.875,25.75,25.875,25.88888889,v4,period_data_v4.csv,-1.839285714,-2,-1.875,-1.861111111,0.289664381
0.7969594,26,26,26,26,v4,period_data_v4.csv,-1.714285714,-1.75,-1.75,-1.75,0.318630817
0.87665534,26.25,26.25,26.125,26.125,v4,period_data_v4.csv,-1.464285714,-1.5,-1.625,-1.625,0.350493899
0.96432088,26.25,26.25,26.25,26.25,v4,period_data_v4.csv,-1.464285714,-1.5,-1.5,-1.5,0.385543291
1.06075296,26.5,26.5,26.5,26.5,v4,period_data_v4.csv,-1.214285714,-1.25,-1.25,-1.25,0.424097617
1.16682826,26.625,26.5,26.625,26.625,v4,period_data_v4.csv,-1.089285714,-1.25,-1.125,-1.125,0.46650738
1.28351109,26.75,26.75,26.75,26.625,v4,period_data_v4.csv,-0.964285714,-1,-1,-1.125,0.51315812
1.41186219,26.875,26.85714286,26.875,26.875,v4,period_data_v4.csv,-0.839285714,-0.892857143,-0.875,-0.875,0.564473929
1.55304841,27,27.14285714,27,27,v4,period_data_v4.csv,-0.714285714,-0.607142857,-0.75,-0.75,0.620921322
1.70835325,27.125,27.28571429,27.125,27.25,v4,period_data_v4.csv,-0.589285714,-0.464285714,-0.625,-0.5,0.683013454
1.87918858,27.28571429,27.375,27.25,27.375,v4,period_data_v4.csv,-0.428571429,-0.375,-0.5,-0.375,0.751314801
2.06710744,27.42857143,27.5,27.5,27.5,v4,period_data_v4.csv,-0.285714286,-0.25,-0.25,-0.25,0.826446282
2.27381818,27.57142857,27.5,27.625,27.625,v4,period_data_v4.csv,-0.142857143,-0.25,-0.125,-0.125,0.909090908
2.5012,27.71428571,27.75,27.75,27.75,v4,period_data_v4.csv,0,0,0,0,1
2.75132,28,28,28,27.875,v4,period_data_v4.csv,0.285714286,0.25,0.25,0.125,1.1
3.026452,28,28,28,28,v4,period_data_v4.csv,0.285714286,0.25,0.25,0.25,1.21
3.3290972,28.25,28.25,28.28571429,28.28571429,v4,period_data_v4.csv,0.535714286,0.5,0.535714286,0.535714286,1.331
3.66200692,28.375,28.375,28.42857143,28.28571429,v4,period_data_v4.csv,0.660714286,0.625,0.678571429,0.535714286,1.4641
4.02820761,28.625,28.57142857,28.42857143,28.57142857,v4,period_data_v4.csv,0.910714286,0.821428571,0.678571429,0.821428571,1.610509999
4.43102837,28.625,28.71428571,28.71428571,28.71428571,v4,period_data_v4.csv,0.910714286,0.964285714,0.964285714,0.964285714,1.771560999
4.87413121,28.875,28.85714286,28.85714286,29,v4,period_data_v4.csv,1.160714286,1.107142857,1.107142857,1.25,1.9487171
5.36154433,29,29.14285714,29,29.14285714,v4,period_data_v4.csv,1.285714286,1.392857143,1.25,1.392857143,2.143588809
5.89769876,29.28571429,29.28571429,29.28571429,29.28571429,v4,period_data_v4.csv,1.571428571,1.535714286,1.535714286,1.535714286,2.357947689
6.48746864,29.42857143,29.42857143,29.42857143,29.42857143,v4,period_data_v4.csv,1.714285714,1.678571429,1.678571429,1.678571429,2.59374246
7.13621551,29.57142857,29.57142857,29.71428571,29.71428571,v4,period_data_v4.csv,1.857142857,1.821428571,1.964285714,1.964285714,2.853116708
7.84983706,29.85714286,29.71428571,29.85714286,29.85714286,v4,period_data_v4.csv,2.142857143,1.964285714,2.107142857,2.107142857,3.138428378
8.63482076,30,29.85714286,30,30,v4,period_data_v4.csv,2.285714286,2.107142857,2.25,2.25,3.452271214
9.49830284,30.14285714,30.33333333,30.14285714,30.14285714,v4,period_data_v4.csv,2.428571429,2.583333333,2.392857143,2.392857143,3.797498337
10.44813312,30.42857143,30.5,30.42857143,30.42857143,v4,period_data_v4.csv,2.714285714,2.75,2.678571429,2.678571429,4.177248169
11.49294643,30.71428571,30.57142857,30.57142857,30.57142857,v4,period_data_v4.csv,3,2.821428571,2.821428571,2.821428571,4.594972985
12.64224108,30.83333333,30.85714286,30.85714286,30.71428571,v4,period_data_v4.csv,3.119047619,3.107142857,3.107142857,2.964285714,5.054470286
13.90646518,31,31,31,31,v4,period_data_v4.csv,3.285714286,3.25,3.25,3.25,5.559917312
15.2971117,31.33333333,31.28571429,31.28571429,31.14285714,v4,period_data_v4.csv,3.619047619,3.535714286,3.535714286,3.392857143,6.115909044
16.82682287,31.5,31.42857143,31.5,31.42857143,v4,period_data_v4.csv,3.785714286,3.678571429,3.75,3.678571429,6.727499948
18.50950516,31.83333333,31.71428571,31.83333333,31.66666667,v4,period_data_v4.csv,4.119047619,3.964285714,4.083333333,3.916666667,7.400249944
20.36045568,32,32,32,32,v4,period_data_v4.csv,4.285714286,4.25,4.25,4.25,8.14027494
22.39650124,32.14285714,32.16666667,32.16666667,32.16666667,v4,period_data_v4.csv,4.428571429,4.416666667,4.416666667,4.416666667,8.954302431
24.63615137,32.42857143,32.5,32.5,32.5,v4,period_data_v4.csv,4.714285714,4.75,4.75,4.75,9.849732676
0.01146224,27.71428571,27.75,27.75,27.75,v5,period_data_v5.csv,0,0,0,0,0.101525598
0.01260846,27.71428571,27.75,27.75,27.75,v5,period_data_v5.csv,0,0,0,0,0.111678122
0.01386931,27.71428571,27.75,27.75,27.75,v5,period_data_v5.csv,0,0,0,0,0.12284597
0.01525624,27.71428571,27.75,27.75,27.75,v5,period_data_v5.csv,0,0,0,0,0.135130558
0.01678187,27.71428571,27.75,27.75,27.75,v5,period_data_v5.csv,0,0,0,0,0.148643667
0.01846005,27.71428571,27.75,27.75,27.75,v5,period_data_v5.csv,0,0,0,0,0.163507972
0.02030606,27.71428571,27.75,27.75,27.75,v5,period_data_v5.csv,0,0,0,0,0.179858813
0.02233666,27.71428571,27.75,27.75,27.75,v5,period_data_v5.csv,0,0,0,0,0.197844641
0.02457033,27.71428571,27.75,27.75,27.75,v5,period_data_v5.csv,0,0,0,0,0.217629141
0.02702736,27.71428571,27.75,27.75,27.75,v5,period_data_v5.csv,0,0,0,0,0.239392028
0.0297301,27.71428571,27.75,27.75,27.75,v5,period_data_v5.csv,0,0,0,0,0.263331267
0.03270311,27.71428571,27.75,27.75,27.75,v5,period_data_v5.csv,0,0,0,0,0.289664393
0.03597342,27.71428571,27.75,27.75,27.75,v5,period_data_v5.csv,0,0,0,0,0.318630824
0.03957076,27.71428571,27.75,27.75,27.75,v5,period_data_v5.csv,0,0,0,0,0.350493888
0.04352784,27.71428571,27.75,27.75,27.75,v5,period_data_v5.csv,0,0,0,0,0.385543313
0.04788062,27.71428571,27.75,27.75,27.75,v5,period_data_v5.csv,0,0,0,0,0.424097609
0.05266868,27.71428571,27.75,27.75,27.75,v5,period_data_v5.csv,0,0,0,0,0.466507352
0.05793555,27.71428571,27.75,27.75,27.75,v5,period_data_v5.csv,0,0,0,0,0.513158105
0.06372911,27.71428571,27.75,27.75,27.75,v5,period_data_v5.csv,0,0,0,0,0.564473959
0.07010202,27.71428571,27.75,27.75,27.75,v5,period_data_v5.csv,0,0,0,0,0.620921346
0.07711222,27.71428571,27.75,27.75,27.75,v5,period_data_v5.csv,0,0,0,0,0.683013463
0.08482344,27.71428571,27.75,27.75,27.75,v5,period_data_v5.csv,0,0,0,0,0.751314792
0.09330579,27.71428571,27.75,27.75,27.75,v5,period_data_v5.csv,0,0,0,0,0.826446324
0.10263636,27.71428571,27.75,27.75,27.75,v5,period_data_v5.csv,0,0,0,0,0.909090877
0.1129,27.71428571,27.75,27.75,27.75,v5,period_data_v5.csv,0,0,0,0,1
0.12419,27.71428571,27.75,27.75,27.75,v5,period_data_v5.csv,0,0,0,0,1.1
0.136609,27.71428571,27.75,27.75,27.75,v5,period_data_v5.csv,0,0,0,0,1.21
0.1502699,27.71428571,27.75,27.75,27.75,v5,period_data_v5.csv,0,0,0,0,1.331
0.16529689,27.71428571,27.75,27.75,27.75,v5,period_data_v5.csv,0,0,0,0,1.4641
0.18182658,27.71428571,27.75,27.75,27.75,v5,period_data_v5.csv,0,0,0,0,1.610510009
0.20000924,27.71428571,27.75,27.75,27.75,v5,period_data_v5.csv,0,0,0,0,1.771561027
0.22001016,27.71428571,27.75,27.75,27.75,v5,period_data_v5.csv,0,0,0,0,1.948717095
0.24201118,27.71428571,27.75,27.75,27.75,v5,period_data_v5.csv,0,0,0,0,2.14358884
0.26621229,27.71428571,27.75,27.75,27.75,v5,period_data_v5.csv,0,0,0,0,2.357947653
0.29283352,27.71428571,27.75,27.75,27.75,v5,period_data_v5.csv,0,0,0,0,2.593742427
0.32211688,27.71428571,27.75,27.75,27.75,v5,period_data_v5.csv,0,0,0,0,2.85311674
0.35432856,27.71428571,27.75,27.75,27.75,v5,period_data_v5.csv,0,0,0,0,3.138428344
0.38976142,27.71428571,27.75,27.75,27.75,v5,period_data_v5.csv,0,0,0,0,3.452271213
0.42873756,27.71428571,27.75,27.75,27.75,v5,period_data_v5.csv,0,0,0,0,3.797498317
0.47161132,27.71428571,27.75,27.75,27.75,v5,period_data_v5.csv,0,0,0,0,4.177248184
0.51877245,27.71428571,27.75,27.75,27.75,v5,period_data_v5.csv,0,0,0,0,4.594972985
0.5706497,27.71428571,27.75,27.75,27.75,v5,period_data_v5.csv,0,0,0,0,5.054470328
0.62771466,27.71428571,27.75,27.75,27.75,v5,period_data_v5.csv,0,0,0,0,5.559917272
0.69048613,27.71428571,27.75,27.75,27.75,v5,period_data_v5.csv,0,0,0,0,6.115909035
0.75953474,27.71428571,27.75,27.75,27.75,v5,period_data_v5.csv,0,0,0,0,6.727499911
0.83548822,27.71428571,27.75,27.75,27.75,v5,period_data_v5.csv,0,0,0,0,7.400249956
0.91903704,27.71428571,27.75,27.75,27.75,v5,period_data_v5.csv,0,0,0,0,8.140274934
1.01094074,27.71428571,27.75,27.75,27.75,v5,period_data_v5.csv,0,0,0,0,8.954302391
1.11203482,27.71428571,27.75,27.75,27.75,v5,period_data_v5.csv,0,0,0,0,9.849732684